/usr/bin/ld: cannot find -lmpi_cxx: No such file or directory
/usr/bin/ld: cannot find -lmpi: No such file or directory
/usr/bin/ld: cannot find -lopen-rte: No such file or directory
/usr/bin/ld: cannot find -lopen-pal: No such file or directory
/usr/bin/ld: cannot find -lhwloc: No such file or directory
/usr/bin/ld: cannot find -levent_core: No such file or directory
/usr/bin/ld: cannot find -levent_pthreads: No such file or directory
/usr/bin/ld: cannot find -lz: No such file or directory
collect2: error: ld returned 1 exit status
JIT compile failed.
/usr/bin/ld: cannot find -lmpi_cxx: /usr/bin/ld: cannot find -lmpi_cxx: No such file or directoryNo such file or directory

/usr/bin/ld: cannot find -lmpi: No such file or directory
/usr/bin/ld: cannot find -lmpi/usr/bin/ld: cannot find -lopen-rte: No such file or directory
: No such file or directory
/usr/bin/ld: cannot find -lopen-pal: No such file or directory
/usr/bin/ld: cannot find -lopen-rte: No such file or directory
/usr/bin/ld: cannot find /usr/bin/ld: cannot find -lhwloc: No such file or directory
-lopen-pal: No such file or directory
/usr/bin/ld: cannot find -levent_core: No such file or directory
/usr/bin/ld/usr/bin/ld: cannot find -lhwloc: No such file or directory
: cannot find -levent_pthreads: No such file or directory
/usr/bin/ld: cannot find -levent_core: No such file or directory
/usr/bin/ld: cannot find -lz: No such file or directory
/usr/bin/ld: cannot find -levent_pthreads: No such file or directory
/usr/bin/ld: cannot find -lz: No such file or directory
/usr/bin/ld: cannot find -lmpi_cxx: No such file or directory
/usr/bin/ld: cannot find -lmpi: No such file or directory
/usr/bin/ld: cannot find -lopen-rte: No such file or directory
/usr/bin/ld: cannot find -lopen-pal: No such file or directory
/usr/bin/ld: cannot find -lhwloc: No such file or directory
/usr/bin/ld: cannot find -levent_core: No such file or directory
/usr/bin/ld: cannot find -levent_pthreads: No such file or directory
/usr/bin/ld: cannot find -lz: No such file or directory
/usr/bin/ld: cannot find -lmpi_cxx: No such file or directory
/usr/bin/ld: cannot find -lmpi: No such file or directory
/usr/bin/ld: cannot find -lopen-rte: No such file or directory
/usr/bin/ld: cannot find -lopen-pal: No such file or directory
/usr/bin/ld: cannot find -lhwloc: No such file or directory
/usr/bin/ld: cannot find -levent_core: No such file or directory
/usr/bin/ld: cannot find -levent_pthreads: No such file or directory
/usr/bin/ld: cannot find -lz: No such file or directory
/usr/bin/ld: cannot find -lmpi_cxx: No such file or directory
/usr/bin/ld: cannot find -lmpi: No such file or directory
/usr/bin/ld: cannot find -lopen-rte: No such file or directory
/usr/bin/ld: cannot find -lopen-pal: No such file or directory
/usr/bin/ld: cannot find -lhwloc: No such file or directory
/usr/bin/ld: cannot find -levent_core: No such file or directory
/usr/bin/ld: cannot find -levent_pthreads: No such file or directory
/usr/bin/ld: cannot find -lz: No such file or directory
collect2: error: ld returned 1 exit status
JIT compile failed.
collect2: error: ld returned 1 exit status
JIT compile failed.
collect2: error: ld returned 1 exit status
collect2: error: ld returned 1 exit status
JIT compile failed.
JIT compile failed.
collect2: error: ld returned 1 exit status
JIT compile failed.
/usr/bin/ld: cannot find -lmpi_cxx: No such file or directory
/usr/bin/ld: cannot find -lmpi: No such file or directory
/usr/bin/ld: cannot find -lopen-rte: No such file or directory
/usr/bin/ld: cannot find -lopen-pal: No such file or directory
/usr/bin/ld: cannot find -lhwloc: No such file or directory
/usr/bin/ld: cannot find -levent_core: No such file or directory
/usr/bin/ld: cannot find -levent_pthreads: No such file or directory
/usr/bin/ld: cannot find -lz: No such file or directory
/usr/bin/ld: cannot find -lmpi_cxx: No such file or directory
/usr/bin/ld: cannot find -lmpi: No such file or directory
/usr/bin/ld: cannot find -lopen-rte: No such file or directory
/usr/bin/ld: cannot find -lopen-pal: No such file or directory
/usr/bin/ld: cannot find -lhwloc: No such file or directory
/usr/bin/ld: cannot find -levent_core: No such file or directory
/usr/bin/ld: cannot find -levent_pthreads: No such file or directory
/usr/bin/ld: cannot find -lz: No such file or directory
collect2: error: ld returned 1 exit status
JIT compile failed.
collect2: error: ld returned 1 exit status
JIT compile failed.
/usr/bin/ld: cannot find -lmpi_cxx: No such file or directory
/usr/bin/ld: cannot find -lmpi: No such file or directory
/usr/bin/ld: cannot find -lopen-rte: No such file or directory
/usr/bin/ld: cannot find -lopen-pal: No such file or directory
/usr/bin/ld: cannot find -lhwloc: No such file or directory
/usr/bin/ld: cannot find -levent_core: No such file or directory
/usr/bin/ld: cannot find -levent_pthreads: No such file or directory
/usr/bin/ld: cannot find -lz: No such file or directory
collect2: error: ld returned 1 exit status
JIT compile failed.
/usr/bin/ld: cannot find -lmpi_cxx: No such file or directory
/usr/bin/ld: cannot find -lmpi_cxx: No such file or directory
/usr/bin/ld/usr/bin/ld: cannot find -lmpi_cxx: : cannot find -lmpi_cxx: No such file or directory/usr/bin/ld: cannot find -lmpi: No such file or directory
No such file or directory
/usr/bin/ld
/usr/bin/ld: cannot find -lmpi: No such file or directory
: cannot find -lmpi: No such file or directory/usr/bin/ld: cannot find -lopen-rte: No such file or directory

/usr/bin/ld/usr/bin/ld: cannot find -lmpi: No such file or directory
: cannot find /usr/bin/ld: cannot find -lopen-pal: No such file or directory
/usr/bin/ld: cannot find -lopen-rte: No such file or directory
-lopen-rte: /usr/bin/ld: cannot find -lhwloc: No such file or directory
No such file or directory
/usr/bin/ld: cannot find -lopen-pal: No such file or directory
/usr/bin/ld: cannot find -lopen-rte: No such file or directory
/usr/bin/ld: cannot find -levent_core: No such file or directory
/usr/bin/ld: cannot find -lopen-pal: No such file or directory
/usr/bin/ld: cannot find -lhwloc: No such file or directory
/usr/bin/ld: cannot find -lopen-pal: No such file or directory
/usr/bin/ld: cannot find -lhwloc: No such file or directory
/usr/bin/ld: cannot find -levent_core: No such file or directory
/usr/bin/ld: cannot find -levent_pthreads: No such file or directory
/usr/bin/ld: cannot find -lhwloc: No such file or directory
/usr/bin/ld: cannot find -lmpi_cxx: No such file or directory
/usr/bin/ld: cannot find -lmpi: No such file or directory
/usr/bin/ld: cannot find -lopen-rte: No such file or directory
/usr/bin/ld: cannot find -lopen-pal: No such file or directory
/usr/bin/ld: cannot find -lhwloc: No such file or directory
/usr/bin/ld: cannot find -levent_core: No such file or directory
/usr/bin/ld: cannot find -levent_pthreads: No such file or directory
/usr/bin/ld: cannot find -lz: No such file or directory
/usr/bin/ld: cannot find -levent_pthreads: No such file or directory
/usr/bin/ld: cannot find -lz: No such file or directory
/usr/bin/ld: cannot find -lz: No such file or directory
/usr/bin/ld: cannot find -levent_core: No such file or directory
/usr/bin/ld: cannot find -levent_pthreads: No such file or directory
/usr/bin/ld: cannot find -lz: No such file or directory
/usr/bin/ld: cannot find -levent_core: No such file or directory
/usr/bin/ld: cannot find -levent_pthreads: No such file or directory
/usr/bin/ld: cannot find -lz: No such file or directory
/usr/bin/ld: cannot find -lmpi_cxx: No such file or directory
/usr/bin/ld: cannot find -lmpi: No such file or directory
/usr/bin/ld: cannot find -lopen-rte: No such file or directory
/usr/bin/ld: cannot find -lopen-pal: No such file or directory
/usr/bin/ld: cannot find -lhwloc: No such file or directory
/usr/bin/ld: cannot find -levent_core: No such file or directory
/usr/bin/ld: cannot find -levent_pthreads: No such file or directory
/usr/bin/ld: cannot find -lz: No such file or directory
collect2: error: ld returned 1 exit status
collect2: error: ld returned 1 exit status
collect2: error: ld returned 1 exit status
collect2: error: ld returned 1 exit status
JIT compile failed.
collect2: error: ld returned 1 exit status
JIT compile failed.
JIT compile failed.
JIT compile failed.
JIT compile failed.
/usr/bin/ld: cannot find -lmpi_cxx: No such file or directory
/usr/bin/ld: cannot find -lmpi: No such file or directory
/usr/bin/ld: cannot find -lopen-rte: No such file or directory
/usr/bin/ld: cannot find -lopen-pal: No such file or directory
/usr/bin/ld: cannot find -lhwloc: No such file or directory
/usr/bin/ld: cannot find -levent_core: No such file or directory
/usr/bin/ld: cannot find -levent_pthreads: No such file or directory
/usr/bin/ld: cannot find -lz: No such file or directory
collect2: error: ld returned 1 exit status
JIT compile failed.
/usr/bin/ld: cannot find -lmpi_cxx: No such file or directory
/usr/bin/ld: cannot find -lmpi: No such file or directory
/usr/bin/ld: cannot find -lopen-rte: No such file or directory
/usr/bin/ld: cannot find -lopen-pal: No such file or directory
/usr/bin/ld: cannot find -lhwloc: No such file or directory
/usr/bin/ld: cannot find -levent_core: No such file or directory
/usr/bin/ld: cannot find -levent_pthreads: No such file or directory
/usr/bin/ld: cannot find -lz: No such file or directory
collect2: error: ld returned 1 exit status
JIT compile failed.
collect2: error: ld returned 1 exit status
JIT compile failed.
/usr/bin/ld: cannot find -lmpi_cxx: No such file or directory
/usr/bin/ld: cannot find -lmpi: No such file or directory
/usr/bin/ld: cannot find -lopen-rte: No such file or directory
/usr/bin/ld: cannot find -lopen-pal: No such file or directory
/usr/bin/ld: cannot find -lhwloc: No such file or directory
/usr/bin/ld: cannot find -levent_core: No such file or directory
/usr/bin/ld: cannot find -levent_pthreads: No such file or directory
/usr/bin/ld: cannot find -lz: No such file or directory
/usr/bin/ld: cannot find -lmpi_cxx: No such file or directory
/usr/bin/ld: cannot find -lmpi: No such file or directory
/usr/bin/ld: cannot find -lopen-rte: No such file or directory
/usr/bin/ld: cannot find -lopen-pal: No such file or directory
/usr/bin/ld: cannot find -lhwloc: No such file or directory
/usr/bin/ld: cannot find -levent_core: No such file or directory
/usr/bin/ld: cannot find -levent_pthreads: No such file or directory
/usr/bin/ld: cannot find -lz: No such file or directory
/usr/bin/ld: cannot find -lmpi_cxx: No such file or directory
/usr/bin/ld: cannot find -lmpi: No such file or directory
/usr/bin/ld: cannot find -lopen-rte: No such file or directory
/usr/bin/ld: cannot find -lopen-pal: No such file or directory
/usr/bin/ld: cannot find -lhwloc: No such file or directory
/usr/bin/ld: cannot find -levent_core: No such file or directory
/usr/bin/ld: cannot find -levent_pthreads: No such file or directory
/usr/bin/ld: cannot find -lz: No such file or directory
/usr/bin/ld: cannot find -lmpi_cxx: No such file or directory
/usr/bin/ld: cannot find -lmpi: No such file or directory
/usr/bin/ld: cannot find -lopen-rte: No such file or directory
/usr/bin/ld: cannot find -lopen-pal: No such file or directory
/usr/bin/ld: cannot find -lhwloc: No such file or directory
/usr/bin/ld: cannot find -levent_core: No such file or directory
/usr/bin/ld: cannot find -levent_pthreads: No such file or directory
/usr/bin/ld: cannot find -lz: No such file or directory
/usr/bin/ld: cannot find -lmpi_cxx: No such file or directory
/usr/bin/ld: cannot find -lmpi: No such file or directory
/usr/bin/ld: cannot find -lopen-rte: No such file or directory
/usr/bin/ld: cannot find -lopen-pal: No such file or directory
/usr/bin/ld: cannot find -lhwloc: No such file or directory
/usr/bin/ld: cannot find -levent_core: No such file or directory
/usr/bin/ld: cannot find -levent_pthreads: No such file or directory
/usr/bin/ld: cannot find -lz: No such file or directory
/usr/bin/ld: cannot find -lmpi_cxx: No such file or directory
/usr/bin/ld: cannot find -lmpi: No such file or directory
/usr/bin/ld: cannot find -lopen-rte: No such file or directory
/usr/bin/ld: cannot find -lopen-pal: No such file or directory
/usr/bin/ld: cannot find -lhwloc: No such file or directory
/usr/bin/ld: cannot find -levent_core: No such file or directory
/usr/bin/ld: cannot find -levent_pthreads: No such file or directory
/usr/bin/ld: cannot find -lz: No such file or directory
collect2: error: ld returned 1 exit status
collect2: error: ld returned 1 exit status
collect2: error: ld returned 1 exit status
collect2: error: ld returned 1 exit status
collect2: error: ld returned 1 exit status
JIT compile failed.
JIT compile failed.
JIT compile failed.
JIT compile failed.
JIT compile failed.
collect2: error: ld returned 1 exit status
/usr/bin/ld: cannot find -lmpi_cxx: No such file or directory
/usr/bin/ld: cannot find -lmpi: No such file or directory
/usr/bin/ld: cannot find -lopen-rte: No such file or directory
JIT compile failed.
/usr/bin/ld: cannot find -lopen-pal: No such file or directory
/usr/bin/ld: cannot find -lhwloc: No such file or directory
/usr/bin/ld: cannot find -levent_core: No such file or directory
/usr/bin/ld: cannot find -levent_pthreads: No such file or directory
/usr/bin/ld: cannot find -lz: No such file or directory
/usr/bin/ld: cannot find -lmpi_cxx: No such file or directory
/usr/bin/ld: cannot find -lmpi: No such file or directory
/usr/bin/ld: cannot find -lopen-rte: No such file or directory
/usr/bin/ld: cannot find -lopen-pal: No such file or directory
/usr/bin/ld: cannot find -lhwloc: No such file or directory
/usr/bin/ld: cannot find -levent_core: No such file or directory
/usr/bin/ld: cannot find -levent_pthreads: No such file or directory
/usr/bin/ld: cannot find -lz: No such file or directory
collect2: error: ld returned 1 exit status
JIT compile failed.
collect2: error: ld returned 1 exit status
JIT compile failed.
/usr/bin/ld: cannot find -lmpi_cxx: No such file or directory
/usr/bin/ld: cannot find -lmpi: No such file or directory
/usr/bin/ld: cannot find -lopen-rte: No such file or directory
/usr/bin/ld: cannot find -lopen-pal: No such file or directory
/usr/bin/ld: cannot find -lhwloc: No such file or directory
/usr/bin/ld: cannot find -levent_core: No such file or directory
/usr/bin/ld: cannot find -levent_pthreads: No such file or directory
/usr/bin/ld: cannot find -lz: No such file or directory
/usr/bin/ld: cannot find -lmpi_cxx: No such file or directory
/usr/bin/ld: cannot find -lmpi: No such file or directory
/usr/bin/ld: cannot find -lopen-rte: No such file or directory
/usr/bin/ld: cannot find -lopen-pal: No such file or directory
/usr/bin/ld: cannot find -lhwloc: No such file or directory
/usr/bin/ld: cannot find -levent_core: No such file or directory
/usr/bin/ld: cannot find -levent_pthreads: No such file or directory
/usr/bin/ld: cannot find -lz: No such file or directory
/usr/bin/ld: cannot find -lmpi_cxx: No such file or directory
/usr/bin/ld: cannot find -lmpi: No such file or directory
/usr/bin/ld: cannot find -lopen-rte: No such file or directory
/usr/bin/ld: cannot find -lopen-pal: No such file or directory
/usr/bin/ld: cannot find -lhwloc: No such file or directory
/usr/bin/ld: cannot find -levent_core: No such file or directory
/usr/bin/ld: cannot find -levent_pthreads: No such file or directory
/usr/bin/ld: cannot find -lz: No such file or directory
/usr/bin/ld: cannot find -lmpi_cxx: No such file or directory
/usr/bin/ld: cannot find -lmpi: No such file or directory
/usr/bin/ld: cannot find -lopen-rte: No such file or directory
/usr/bin/ld: cannot find -lopen-pal: No such file or directory
/usr/bin/ld: cannot find -lhwloc: No such file or directory
/usr/bin/ld: cannot find -levent_core: No such file or directory
/usr/bin/ld: cannot find -levent_pthreads: No such file or directory
/usr/bin/ld: cannot find -lz: No such file or directory
/usr/bin/ld: cannot find -lmpi_cxx: No such file or directory
/usr/bin/ld: cannot find -lmpi: No such file or directory
/usr/bin/ld: cannot find -lopen-rte: No such file or directory
/usr/bin/ld: cannot find -lopen-pal: No such file or directory
/usr/bin/ld: cannot find -lhwloc: No such file or directory
/usr/bin/ld: cannot find -levent_core: No such file or directory
/usr/bin/ld: cannot find -levent_pthreads: No such file or directory
/usr/bin/ld: cannot find -lz: No such file or directory
/usr/bin/ld: cannot find -lmpi_cxx: No such file or directory
/usr/bin/ld: cannot find -lmpi: No such file or directory
/usr/bin/ld: cannot find -lopen-rte: No such file or directory
/usr/bin/ld: cannot find -lopen-pal: No such file or directory
/usr/bin/ld: cannot find -lhwloc: No such file or directory
/usr/bin/ld: cannot find -levent_core: No such file or directory
/usr/bin/ld: cannot find -levent_pthreads: No such file or directory
/usr/bin/ld: cannot find -lz: No such file or directory
/usr/bin/ld: cannot find -lmpi_cxx: No such file or directory
/usr/bin/ld: cannot find -lmpi: No such file or directory
/usr/bin/ld: cannot find -lopen-rte: No such file or directory
/usr/bin/ld: cannot find -lopen-pal: No such file or directory
/usr/bin/ld: cannot find -lhwloc: No such file or directory
/usr/bin/ld: cannot find -levent_core: No such file or directory
/usr/bin/ld: cannot find -levent_pthreads: No such file or directory
/usr/bin/ld: cannot find -lz: No such file or directory
/usr/bin/ld: cannot find -lmpi_cxx: No such file or directory
/usr/bin/ld: cannot find -lmpi: No such file or directory
/usr/bin/ld: cannot find -lopen-rte: No such file or directory
/usr/bin/ld: cannot find -lopen-pal: No such file or directory
/usr/bin/ld: cannot find -lhwloc: No such file or directory
/usr/bin/ld: cannot find -levent_core: No such file or directory
/usr/bin/ld: cannot find -levent_pthreads: No such file or directory
/usr/bin/ld: cannot find -lz: No such file or directory
collect2: error: ld returned 1 exit status
collect2: error: ld returned 1 exit status
collect2: error: ld returned 1 exit status
collect2: error: ld returned 1 exit status
collect2: error: ld returned 1 exit status
collect2: error: ld returned 1 exit status
collect2: error: ld returned 1 exit status
collect2: error: ld returned 1 exit status
JIT compile failed.
JIT compile failed.
JIT compile failed.
JIT compile failed.
JIT compile failed.
JIT compile failed.
JIT compile failed.
JIT compile failed.
/usr/bin/ld: cannot find -lmpi_cxx: No such file or directory
/usr/bin/ld: cannot find -lmpi_cxx: No such file or directory
/usr/bin/ld: cannot find -lmpi: No such file or directory
/usr/bin/ld: cannot find -lmpi: No such file or directory
/usr/bin/ld: cannot find -lopen-rte: No such file or directory
/usr/bin/ld: cannot find -lopen-rte: No such file or directory
/usr/bin/ld: cannot find -lopen-pal: No such file or directory
/usr/bin/ld: cannot find -lopen-pal: No such file or directory
/usr/bin/ld: cannot find -lhwloc: No such file or directory
/usr/bin/ld: cannot find -lhwloc: No such file or directory
/usr/bin/ld: cannot find -levent_core: No such file or directory
/usr/bin/ld: cannot find -levent_core: No such file or directory
/usr/bin/ld: cannot find -levent_pthreads: No such file or directory
/usr/bin/ld: cannot find -levent_pthreads: No such file or directory
/usr/bin/ld: cannot find -lz: No such file or directory
/usr/bin/ld: cannot find -lz: No such file or directory
/usr/bin/ld: cannot find -lmpi_cxx: /usr/bin/ld: cannot find -lmpi_cxx: No such file or directory
/usr/bin/ld: cannot find -lmpi_cxx: /usr/bin/ld: cannot find -lmpi_cxx: No such file or directory
/usr/bin/ld: cannot find -lmpi_cxx: No such file or directory
No such file or directory
No such file or directory
/usr/bin/ld: cannot find -lmpi: No such file or directory
/usr/bin/ld: cannot find -lmpi: No such file or directory
/usr/bin/ld: cannot find -lmpi: No such file or directory
/usr/bin/ld: cannot find -lmpi: No such file or directory
/usr/bin/ld: cannot find -lopen-rte: No such file or directory
/usr/bin/ld: cannot find -lmpi: No such file or directory
/usr/bin/ld: cannot find -lopen-rte: No such file or directory
/usr/bin/ld: cannot find -lopen-rte: No such file or directory
/usr/bin/ld: cannot find -lopen-rte: No such file or directory
/usr/bin/ld: cannot find -lopen-pal: No such file or directory
/usr/bin/ld: cannot find -lopen-pal: No such file or directory
/usr/bin/ld: cannot find -lopen-pal: No such file or directory
/usr/bin/ld: cannot find -lopen-pal: No such file or directory
/usr/bin/ld: cannot find -lopen-rte: No such file or directory
/usr/bin/ld: cannot find -lhwloc: No such file or directory
/usr/bin/ld: cannot find -lhwloc: No such file or directory
/usr/bin/ld: cannot find -lhwloc: No such file or directory
/usr/bin/ld: cannot find -lhwloc: No such file or directory
/usr/bin/ld: cannot find -lopen-pal: No such file or directory
/usr/bin/ld: cannot find -levent_core: No such file or directory
/usr/bin/ld: cannot find -levent_core: No such file or directory
/usr/bin/ld: cannot find -levent_core: No such file or directory
/usr/bin/ld: cannot find -levent_core: No such file or directory
/usr/bin/ld: cannot find -levent_pthreads: No such file or directory
/usr/bin/ld: cannot find -lhwloc: No such file or directory
/usr/bin/ld: cannot find -levent_pthreads: No such file or directory
/usr/bin/ld: cannot find -levent_pthreads: No such file or directory
/usr/bin/ld: cannot find -levent_pthreads: No such file or directory
/usr/bin/ld: cannot find -lz: No such file or directory
/usr/bin/ld: cannot find -lz: No such file or directory
/usr/bin/ld: cannot find -lz: No such file or directory
/usr/bin/ld: cannot find -levent_core: No such file or directory
/usr/bin/ld: cannot find -lz: No such file or directory
/usr/bin/ld: cannot find -levent_pthreads: No such file or directory
/usr/bin/ld: cannot find -lz: No such file or directory
/usr/bin/ld: cannot find -lmpi_cxx: No such file or directory
/usr/bin/ld: cannot find -lmpi: No such file or directory
/usr/bin/ld: cannot find -lopen-rte: No such file or directory
/usr/bin/ld: cannot find -lopen-pal: No such file or directory
/usr/bin/ld: cannot find -lhwloc: No such file or directory
/usr/bin/ld: cannot find -levent_core: No such file or directory
/usr/bin/ld: cannot find -levent_pthreads: No such file or directory
/usr/bin/ld: cannot find -lz: No such file or directory
collect2: error: ld returned 1 exit status
collect2: error: ld returned 1 exit status
JIT compile failed.
JIT compile failed.
collect2: error: ld returned 1 exit status
collect2: error: ld returned 1 exit status
collect2: error: ld returned 1 exit status
collect2: error: ld returned 1 exit status
collect2: error: ld returned 1 exit status
JIT compile failed.
JIT compile failed.
JIT compile failed.
JIT compile failed.
collect2: error: ld returned 1 exit status
JIT compile failed.
JIT compile failed.
/usr/bin/ld: cannot find -lmpi_cxx: No such file or directory
/usr/bin/ld: cannot find -lmpi: No such file or directory
/usr/bin/ld: cannot find -lopen-rte: No such file or directory
/usr/bin/ld: cannot find -lopen-pal: No such file or directory
/usr/bin/ld: cannot find -lhwloc: No such file or directory
/usr/bin/ld: cannot find -levent_core: No such file or directory
/usr/bin/ld: cannot find -levent_pthreads: No such file or directory
/usr/bin/ld: cannot find -lz: No such file or directory
/usr/bin/ld: cannot find -lmpi_cxx: No such file or directory
/usr/bin/ld: cannot find -lmpi: No such file or directory
/usr/bin/ld: cannot find -lopen-rte: No such file or directory
/usr/bin/ld: cannot find -lopen-pal: No such file or directory
/usr/bin/ld: cannot find -lhwloc: No such file or directory
/usr/bin/ld: cannot find -levent_core: No such file or directory
/usr/bin/ld: cannot find -levent_pthreads: No such file or directory
/usr/bin/ld: cannot find -lz: No such file or directory
/usr/bin/ld: cannot find -lmpi_cxx: No such file or directory
/usr/bin/ld: cannot find -lmpi: No such file or directory
/usr/bin/ld: cannot find -lopen-rte: No such file or directory
/usr/bin/ld: cannot find -lopen-pal: No such file or directory
/usr/bin/ld: cannot find -lhwloc: No such file or directory
/usr/bin/ld: cannot find -levent_core: No such file or directory
/usr/bin/ld: cannot find -levent_pthreads: No such file or directory
/usr/bin/ld: cannot find -lz: No such file or directory
/usr/bin/ld: cannot find -lmpi_cxx: No such file or directory
/usr/bin/ld: cannot find -lmpi: No such file or directory
/usr/bin/ld: cannot find -lopen-rte: No such file or directory
/usr/bin/ld: cannot find -lopen-pal: No such file or directory
/usr/bin/ld: cannot find -lhwloc: No such file or directory
/usr/bin/ld: cannot find -levent_core: No such file or directory
/usr/bin/ld: cannot find -levent_pthreads: No such file or directory
/usr/bin/ld: cannot find -lz: No such file or directory
/usr/bin/ld: cannot find -lmpi_cxx: No such file or directory
/usr/bin/ld: cannot find -lmpi: No such file or directory
/usr/bin/ld: cannot find -lopen-rte: No such file or directory
/usr/bin/ld: cannot find -lopen-pal: No such file or directory
/usr/bin/ld: cannot find -lhwloc: No such file or directory
/usr/bin/ld: cannot find -levent_core: No such file or directory
/usr/bin/ld: cannot find -levent_pthreads: No such file or directory
/usr/bin/ld: cannot find -lz: No such file or directory
/usr/bin/ld: cannot find -lmpi_cxx: No such file or directory
/usr/bin/ld: cannot find -lmpi: No such file or directory
/usr/bin/ld: cannot find -lopen-rte: No such file or directory
/usr/bin/ld: cannot find -lopen-pal: No such file or directory
/usr/bin/ld: cannot find -lhwloc: No such file or directory
/usr/bin/ld: cannot find -levent_core: No such file or directory
/usr/bin/ld: cannot find -levent_pthreads: No such file or directory
/usr/bin/ld: cannot find -lz: No such file or directory
/usr/bin/ld: cannot find -lmpi_cxx: No such file or directory
/usr/bin/ld: cannot find -lmpi: No such file or directory
/usr/bin/ld: cannot find -lopen-rte: No such file or directory
/usr/bin/ld: cannot find -lopen-pal: No such file or directory
/usr/bin/ld: cannot find -lhwloc: No such file or directory
/usr/bin/ld: cannot find -levent_core: No such file or directory
/usr/bin/ld: cannot find -levent_pthreads: No such file or directory
/usr/bin/ld: cannot find -lz: No such file or directory
/usr/bin/ld: cannot find -lmpi_cxx: No such file or directory
/usr/bin/ld: cannot find -lmpi: No such file or directory
/usr/bin/ld: cannot find -lopen-rte: No such file or directory
/usr/bin/ld: cannot find -lopen-pal: No such file or directory
/usr/bin/ld: cannot find -lhwloc: No such file or directory
/usr/bin/ld: cannot find -levent_core: No such file or directory
/usr/bin/ld: cannot find -levent_pthreads: No such file or directory
/usr/bin/ld: cannot find -lz: No such file or directory
collect2: error: ld returned 1 exit status
collect2: error: ld returned 1 exit status
collect2: error: ld returned 1 exit status
collect2: error: ld returned 1 exit status
collect2: error: ld returned 1 exit status
collect2: error: ld returned 1 exit status
collect2: error: ld returned 1 exit status
collect2: error: ld returned 1 exit status
JIT compile failed.
JIT compile failed.
JIT compile failed.
JIT compile failed.
JIT compile failed.
JIT compile failed.
JIT compile failed.
JIT compile failed.
/usr/bin/ld: cannot find -lmpi_cxx: /usr/bin/ld: cannot find -lmpi_cxx: No such file or directory
/usr/bin/ld: cannot find -lmpi_cxx: No such file or directory
/usr/bin/ld: cannot find -lmpi_cxx: No such file or directory
/usr/bin/ld: cannot find -lmpi_cxx: No such file or directory
/usr/bin/ld/usr/bin/ld: cannot find -lmpi_cxx: No such file or directory
/usr/bin/ld: cannot find -lmpi_cxx: No such file or directory
No such file or directory
: cannot find /usr/bin/ld: cannot find -lmpi: /usr/bin/ld: cannot find -lmpi: No such file or directory
/usr/bin/ld: cannot find -lmpi: No such file or directory
/usr/bin/ld: cannot find -lmpi: No such file or directory
/usr/bin/ld: cannot find -lmpi: No such file or directory
/usr/bin/ld: cannot find -lmpi: No such file or directory
No such file or directory
/usr/bin/ld-lmpi_cxx: : cannot find /usr/bin/ld: cannot find -lopen-rte: No such file or directory
/usr/bin/ld: cannot find -lopen-rte: No such file or directory
/usr/bin/ld: cannot find -lopen-rte: No such file or directory
/usr/bin/ld: cannot find -lopen-rte: No such file or directory
No such file or directory
/usr/bin/ld: cannot find -lopen-rte: No such file or directory
/usr/bin/ld: cannot find -lopen-rte: No such file or directory
/usr/bin/ld: cannot find -lopen-pal: No such file or directory
/usr/bin/ld: cannot find -lopen-pal: No such file or directory
/usr/bin/ld: cannot find -lopen-pal: No such file or directory
/usr/bin/ld: cannot find -lopen-pal: No such file or directory
/usr/bin/ld: cannot find -lopen-pal: No such file or directory
/usr/bin/ld: cannot find -lmpi: No such file or directory
/usr/bin/ld: cannot find -lopen-rte: No such file or directory
/usr/bin/ld: cannot find -lopen-pal: No such file or directory
/usr/bin/ld: cannot find -lhwloc: No such file or directory
/usr/bin/ld: cannot find -lhwloc: No such file or directory
/usr/bin/ld: cannot find -lhwloc: No such file or directory
/usr/bin/ld: cannot find -lhwloc: No such file or directory
/usr/bin/ld: cannot find -lhwloc: No such file or directory
/usr/bin/ld: cannot find -lhwloc: No such file or directory
/usr/bin/ld: cannot find -levent_core: No such file or directory
/usr/bin/ld: cannot find -levent_core: No such file or directory
/usr/bin/ld: cannot find -levent_core: No such file or directory
/usr/bin/ld: cannot find -levent_core: No such file or directory
/usr/bin/ld: cannot find -levent_core: No such file or directory
/usr/bin/ld: cannot find -lopen-pal: No such file or directory
/usr/bin/ld: cannot find -lhwloc: No such file or directory
/usr/bin/ld: cannot find -levent_core: No such file or directory
/usr/bin/ld: cannot find -levent_pthreads: No such file or directory
/usr/bin/ld: cannot find -levent_pthreads: No such file or directory
/usr/bin/ld: cannot find -levent_pthreads: No such file or directory
/usr/bin/ld: cannot find -levent_pthreads: No such file or directory
/usr/bin/ld: cannot find -levent_pthreads: No such file or directory
/usr/bin/ld: cannot find -levent_pthreads: No such file or directory
/usr/bin/ld: cannot find -lz: No such file or directory
/usr/bin/ld: cannot find -lz: No such file or directory
/usr/bin/ld: cannot find -lz: No such file or directory
/usr/bin/ld: cannot find -lz: No such file or directory
/usr/bin/ld: cannot find -lz: No such file or directory
/usr/bin/ld: cannot find -levent_core: No such file or directory
/usr/bin/ld: cannot find -levent_pthreads: No such file or directory
/usr/bin/ld: cannot find -lz: No such file or directory
-lmpi/usr/bin/ld: No such file or directory
: cannot find -lz: No such file or directory
/usr/bin/ld: cannot find -lopen-rte: No such file or directory
/usr/bin/ld: cannot find -lopen-pal: No such file or directory
/usr/bin/ld: cannot find -lhwloc: No such file or directory
/usr/bin/ld: cannot find -levent_core: No such file or directory
/usr/bin/ld: cannot find -levent_pthreads: No such file or directory
/usr/bin/ld: cannot find -lz: No such file or directory
collect2: error: ld returned 1 exit status
collect2: error: ld returned 1 exit status
collect2: error: ld returned 1 exit status
collect2: error: ld returned 1 exit status
collect2: error: ld returned 1 exit status
collect2: error: ld returned 1 exit status
collect2: error: ld returned 1 exit status
JIT compile failed.
JIT compile failed.
JIT compile failed.
JIT compile failed.
JIT compile failed.
JIT compile failed.
collect2: error: ld returned 1 exit status
JIT compile failed.
JIT compile failed.
/usr/bin/ld: cannot find -lmpi_cxx: No such file or directory
/usr/bin/ld: cannot find -lmpi: No such file or directory
/usr/bin/ld: cannot find -lopen-rte: No such file or directory
/usr/bin/ld: cannot find -lopen-pal: No such file or directory
/usr/bin/ld: cannot find -lhwloc: No such file or directory
/usr/bin/ld: cannot find -levent_core: No such file or directory
/usr/bin/ld: cannot find -levent_pthreads: No such file or directory
/usr/bin/ld: cannot find -lz: No such file or directory
/usr/bin/ld: cannot find -lmpi_cxx: No such file or directory
/usr/bin/ld: cannot find -lmpi: No such file or directory
/usr/bin/ld: cannot find -lopen-rte: No such file or directory
/usr/bin/ld: cannot find -lopen-pal: No such file or directory
/usr/bin/ld: cannot find -lhwloc: No such file or directory
/usr/bin/ld: cannot find -levent_core: No such file or directory
/usr/bin/ld: cannot find -levent_pthreads: No such file or directory
/usr/bin/ld: cannot find -lz: No such file or directory
/usr/bin/ld: cannot find -lmpi_cxx: No such file or directory
/usr/bin/ld: cannot find -lmpi: No such file or directory
/usr/bin/ld: cannot find -lopen-rte: No such file or directory
/usr/bin/ld: cannot find -lopen-pal: No such file or directory
/usr/bin/ld: cannot find -lhwloc: No such file or directory
/usr/bin/ld: cannot find -levent_core: No such file or directory
/usr/bin/ld: cannot find -levent_pthreads: No such file or directory
/usr/bin/ld: cannot find -lz: No such file or directory
/usr/bin/ld: cannot find -lmpi_cxx: No such file or directory
/usr/bin/ld: cannot find -lmpi: No such file or directory
/usr/bin/ld: cannot find -lopen-rte: No such file or directory
/usr/bin/ld: cannot find -lopen-pal: No such file or directory
/usr/bin/ld: cannot find -lhwloc: No such file or directory
/usr/bin/ld: cannot find -levent_core: No such file or directory
/usr/bin/ld: cannot find -levent_pthreads: No such file or directory
/usr/bin/ld: cannot find -lz: No such file or directory
/usr/bin/ld: cannot find -lmpi_cxx: No such file or directory
/usr/bin/ld: cannot find -lmpi: No such file or directory
/usr/bin/ld: cannot find -lopen-rte: No such file or directory
/usr/bin/ld: cannot find -lopen-pal: No such file or directory
/usr/bin/ld: cannot find -lhwloc: No such file or directory
/usr/bin/ld: cannot find -levent_core: No such file or directory
/usr/bin/ld: cannot find -levent_pthreads: No such file or directory
/usr/bin/ld: cannot find -lz: No such file or directory
/usr/bin/ld: cannot find -lmpi_cxx: No such file or directory
/usr/bin/ld: cannot find -lmpi: No such file or directory
/usr/bin/ld: cannot find -lopen-rte: No such file or directory
/usr/bin/ld: cannot find -lopen-pal: No such file or directory
/usr/bin/ld: cannot find -lhwloc: No such file or directory
/usr/bin/ld: cannot find -levent_core: No such file or directory
/usr/bin/ld: cannot find -levent_pthreads: No such file or directory
/usr/bin/ld: cannot find -lz: No such file or directory
/usr/bin/ld: cannot find -lmpi_cxx: No such file or directory
/usr/bin/ld: cannot find -lmpi: No such file or directory
/usr/bin/ld: cannot find -lopen-rte: No such file or directory
/usr/bin/ld: cannot find -lopen-pal: No such file or directory
/usr/bin/ld: cannot find -lhwloc: No such file or directory
/usr/bin/ld: cannot find -levent_core: No such file or directory
/usr/bin/ld: cannot find -levent_pthreads: No such file or directory
/usr/bin/ld: cannot find -lz: No such file or directory
/usr/bin/ld: cannot find -lmpi_cxx: No such file or directory
/usr/bin/ld: cannot find -lmpi: No such file or directory
/usr/bin/ld: cannot find -lopen-rte: No such file or directory
/usr/bin/ld: cannot find -lopen-pal: No such file or directory
/usr/bin/ld: cannot find -lhwloc: No such file or directory
/usr/bin/ld: cannot find -levent_core: No such file or directory
/usr/bin/ld: cannot find -levent_pthreads: No such file or directory
/usr/bin/ld: cannot find -lz: No such file or directory
collect2: error: ld returned 1 exit status
collect2: error: ld returned 1 exit status
collect2: error: ld returned 1 exit status
collect2: error: ld returned 1 exit status
JIT compile failed.
JIT compile failed.
collect2: error: ld returned 1 exit status
JIT compile failed.
collect2: error: ld returned 1 exit status
collect2: error: ld returned 1 exit status
collect2: error: ld returned 1 exit status
JIT compile failed.
JIT compile failed.
JIT compile failed.
JIT compile failed.
JIT compile failed.
/usr/bin/ld/usr/bin/ld: cannot find -lmpi_cxx: No such file or directory
/usr/bin/ld: cannot find -lmpi_cxx: No such file or directory
: cannot find -lmpi_cxx: No such file or directory
/usr/bin/ld/usr/bin/ld: cannot find -lmpi: No such file or directory
: cannot find -lmpi: No such file or directory
/usr/bin/ld: cannot find -lmpi: No such file or directory
/usr/bin/ld: cannot find /usr/bin/ld: cannot find -lmpi_cxx: /usr/bin/ld: cannot find -lopen-rte: No such file or directory
No such file or directory
/usr/bin/ld: cannot find -lopen-rte: No such file or directory
/usr/bin/ld: cannot find -lmpi_cxx: No such file or directory
/usr/bin/ld-lopen-rte: No such file or directory
/usr/bin/ld: cannot find -lmpi: No such file or directory
/usr/bin/ld: cannot find -lopen-pal: No such file or directory
: cannot find /usr/bin/ld: cannot find -lmpi: No such file or directory
-lopen-pal/usr/bin/ld: cannot find -lopen-rte: No such file or directory
/usr/bin/ld: cannot find -lopen-pal: No such file or directory
/usr/bin/ld: cannot find -lhwloc: No such file or directory
/usr/bin/ld: cannot find -lmpi_cxx: /usr/bin/ld: cannot find -lopen-rte: No such file or directory
No such file or directory
/usr/bin/ld: cannot find -lopen-pal: No such file or directory
/usr/bin/ld: cannot find -lhwloc: No such file or directory
/usr/bin/ld: cannot find -levent_core: No such file or directory
: /usr/bin/ld: cannot find -lopen-pal: No such file or directory
/usr/bin/ld: cannot find -lmpi: No such file or directory
No such file or directory/usr/bin/ld: cannot find -lhwloc: No such file or directory
/usr/bin/ld: cannot find -levent_core: No such file or directory
/usr/bin/ld: cannot find -levent_pthreads: No such file or directory
/usr/bin/ld: cannot find -lhwloc: No such file or directory

/usr/bin/ld: cannot find -lopen-rte: No such file or directory
/usr/bin/ld: cannot find -lmpi_cxx: No such file or directory
/usr/bin/ld: cannot find -levent_core: No such file or directory
/usr/bin/ld: cannot find -levent_pthreads: No such file or directory
/usr/bin/ld: cannot find -lz: No such file or directory
/usr/bin/ld/usr/bin/ld: cannot find -lopen-pal: No such file or directory
/usr/bin/ld: cannot find -lmpi: No such file or directory
/usr/bin/ld: cannot find -levent_pthreads: No such file or directory
/usr/bin/ld: cannot find -lz: No such file or directory
/usr/bin/ld: cannot find -lhwloc: No such file or directory
/usr/bin/ld: cannot find -lhwloc: No such file or directory
/usr/bin/ld: cannot find -lopen-rte: No such file or directory
: cannot find /usr/bin/ld: cannot find -lz: No such file or directory
-levent_core: No such file or directory
/usr/bin/ld/usr/bin/ld: cannot find -levent_core: No such file or directory
: cannot find -levent_core/usr/bin/ld: cannot find -lopen-pal: No such file or directory
: No such file or directory
/usr/bin/ld: cannot find -levent_pthreads: No such file or directory
/usr/bin/ld: cannot find -lz: No such file or directory
/usr/bin/ld: cannot find -lhwloc: No such file or directory
/usr/bin/ld: cannot find -levent_core: No such file or directory
/usr/bin/ld: cannot find -levent_pthreads: No such file or directory
/usr/bin/ld: cannot find -lz: No such file or directory
/usr/bin/ld: cannot find -levent_pthreads: No such file or directory
/usr/bin/ld: cannot find -lz: No such file or directory
/usr/bin/ld: cannot find -levent_pthreads: No such file or directory
/usr/bin/ld: cannot find -lz: No such file or directory
collect2: error: ld returned 1 exit status
collect2: error: ld returned 1 exit status
collect2: error: ld returned 1 exit status
collect2: error: ld returned 1 exit status
collect2: error: ld returned 1 exit status
JIT compile failed.
collect2: error: ld returned 1 exit status
JIT compile failed.
collect2: error: ld returned 1 exit status
JIT compile failed.
JIT compile failed.
JIT compile failed.
JIT compile failed.
JIT compile failed.
/usr/bin/ld: cannot find -lmpi_cxx: No such file or directory
/usr/bin/ld: cannot find -lmpi: No such file or directory
/usr/bin/ld: cannot find -lopen-rte: No such file or directory
/usr/bin/ld: cannot find -lopen-pal: No such file or directory
/usr/bin/ld: cannot find -lhwloc: No such file or directory
/usr/bin/ld: cannot find -levent_core: No such file or directory
/usr/bin/ld: cannot find -levent_pthreads: No such file or directory
/usr/bin/ld: cannot find -lz: No such file or directory
collect2: error: ld returned 1 exit status
JIT compile failed.
/usr/bin/ld: cannot find -lmpi_cxx: /usr/bin/ld: cannot find -lmpi_cxx: No such file or directory
/usr/bin/ld: cannot find -lmpi_cxx: No such file or directory
/usr/bin/ld: cannot find -lmpi_cxx: No such file or directory
/usr/bin/ld/usr/bin/ld: cannot find -lmpi_cxx: No such file or directory
No such file or directory
/usr/bin/ld: cannot find -lmpi: No such file or directory
/usr/bin/ld: cannot find -lmpi: No such file or directory
/usr/bin/ld: cannot find -lmpi: No such file or directory
/usr/bin/ld: cannot find -lmpi: No such file or directory
/usr/bin/ld: cannot find -lmpi: No such file or directory
/usr/bin/ld: cannot find -lmpi_cxx: No such file or directory
: cannot find /usr/bin/ld: cannot find -lopen-rte: No such file or directory
/usr/bin/ld: cannot find -lopen-rte: No such file or directory
/usr/bin/ld: cannot find -lopen-rte: No such file or directory
/usr/bin/ld: cannot find -lopen-rte: No such file or directory
/usr/bin/ld-lmpi_cxx: No such file or directory
/usr/bin/ld: cannot find -lopen-rte: No such file or directory
/usr/bin/ld: cannot find -lopen-pal: No such file or directory
/usr/bin/ld: cannot find -lopen-pal: No such file or directory
/usr/bin/ld: cannot find -lopen-pal: No such file or directory
/usr/bin/ld: cannot find -lopen-pal: No such file or directory
: cannot find /usr/bin/ld: cannot find -lmpi_cxx: /usr/bin/ld: cannot find -lmpi: No such file or directory
No such file or directory
/usr/bin/ld: cannot find -lhwloc: No such file or directory
/usr/bin/ld: cannot find -lhwloc: No such file or directory
/usr/bin/ld: cannot find -lhwloc: No such file or directory
/usr/bin/ld: cannot find -lhwloc: No such file or directory
/usr/bin/ld: cannot find -lopen-pal: No such file or directory
/usr/bin/ld: cannot find -lopen-rte: No such file or directory
/usr/bin/ld: cannot find -levent_core: No such file or directory
/usr/bin/ld: cannot find -levent_core: No such file or directory
/usr/bin/ld: cannot find -levent_core: No such file or directory
/usr/bin/ld: cannot find -levent_core: No such file or directory
/usr/bin/ld: cannot find -lmpi: No such file or directory
-lmpi/usr/bin/ld: cannot find -lopen-pal: No such file or directory
/usr/bin/ld: cannot find -lhwloc: No such file or directory
/usr/bin/ld: cannot find -lopen-rte: No such file or directory
/usr/bin/ld: cannot find -levent_pthreads: No such file or directory
/usr/bin/ld: cannot find -levent_pthreads: No such file or directory
/usr/bin/ld: cannot find -levent_pthreads: No such file or directory
/usr/bin/ld: cannot find -levent_pthreads: No such file or directory
/usr/bin/ld: cannot find -lhwloc: No such file or directory
: /usr/bin/ld: cannot find -lopen-pal: No such file or directory
/usr/bin/ld: cannot find -lz: No such file or directory
/usr/bin/ld: cannot find -lz: No such file or directory
/usr/bin/ld: cannot find -lz: No such file or directory
/usr/bin/ld: cannot find -lz: No such file or directory
/usr/bin/ld: cannot find -levent_core: No such file or directory
/usr/bin/ld: cannot find -levent_core: No such file or directory
/usr/bin/ld: cannot find -lhwloc: No such file or directory
No such file or directory
/usr/bin/ld/usr/bin/ld: cannot find -levent_pthreads: No such file or directory
/usr/bin/ld: cannot find -levent_pthreads: No such file or directory
/usr/bin/ld: cannot find -lopen-rte: No such file or directory
: cannot find /usr/bin/ld: cannot find -lz: No such file or directory
-levent_core/usr/bin/ld: cannot find -lz: No such file or directory
/usr/bin/ld: cannot find -lopen-pal: No such file or directory
: No such file or directory
/usr/bin/ld: cannot find -lhwloc: No such file or directory/usr/bin/ld: cannot find -levent_pthreads: No such file or directory

/usr/bin/ld: cannot find -lz: No such file or directory
/usr/bin/ld: cannot find -levent_core: No such file or directory
/usr/bin/ld: cannot find -levent_pthreads: No such file or directory
/usr/bin/ld: cannot find -lz: No such file or directory
collect2: error: ld returned 1 exit status
collect2: error: ld returned 1 exit status
collect2: error: ld returned 1 exit status
collect2: error: ld returned 1 exit status
collect2: error: ld returned 1 exit status
collect2: error: ld returned 1 exit status
JIT compile failed.
JIT compile failed.
JIT compile failed.
collect2: error: ld returned 1 exit status
JIT compile failed.
JIT compile failed.
JIT compile failed.
collect2: error: ld returned 1 exit status
JIT compile failed.
JIT compile failed.
/usr/bin/ld: cannot find -lmpi_cxx: No such file or directory
/usr/bin/ld/usr/bin/ld: cannot find -lmpi_cxx: No such file or directory
/usr/bin/ld: cannot find -lmpi_cxx: No such file or directory
/usr/bin/ld: cannot find -lmpi_cxx: No such file or directory
/usr/bin/ld: cannot find -lmpi: No such file or directory
: cannot find /usr/bin/ld: cannot find -lmpi: No such file or directory
/usr/bin/ld: cannot find -lmpi_cxx: No such file or directory
/usr/bin/ld: cannot find -lmpi: No such file or directory
/usr/bin/ld: cannot find -lmpi_cxx: No such file or directory
/usr/bin/ld: cannot find -lopen-rte: No such file or directory
/usr/bin/ld: cannot find -lmpi: No such file or directory
/usr/bin/ld: cannot find -lopen-rte: No such file or directory
-lmpi_cxx/usr/bin/ld: cannot find -lopen-rte: No such file or directory
/usr/bin/ld: cannot find -lmpi: No such file or directory
/usr/bin/ld: cannot find -lmpi: No such file or directory
/usr/bin/ld: cannot find -lopen-pal: No such file or directory
: /usr/bin/ld: cannot find -lopen-pal: No such file or directory
/usr/bin/ld: cannot find -lopen-rte: No such file or directory
/usr/bin/ld: cannot find -lopen-rte: No such file or directory
/usr/bin/ld/usr/bin/ld: cannot find -lhwloc: No such file or directory
/usr/bin/ld: cannot find -lopen-rte: No such file or directory
No such file or directory
/usr/bin/ld: cannot find -lhwloc: No such file or directory
/usr/bin/ld: cannot find -lopen-pal: No such file or directory
/usr/bin/ld: cannot find -lopen-pal: No such file or directory
/usr/bin/ld: cannot find -lmpi: No such file or directory
/usr/bin/ld: cannot find -lopen-pal: No such file or directory
/usr/bin/ld: cannot find -levent_core: No such file or directory
/usr/bin/ld: cannot find -levent_core: No such file or directory
/usr/bin/ld: cannot find -lopen-pal: No such file or directory
/usr/bin/ld: cannot find -lhwloc: No such file or directory
/usr/bin/ld: cannot find -lopen-rte: No such file or directory
/usr/bin/ld: cannot find -levent_pthreads: No such file or directory
/usr/bin/ld: cannot find -levent_pthreads: No such file or directory
/usr/bin/ld: cannot find -lhwloc: No such file or directory
/usr/bin/ld: cannot find -lhwloc: No such file or directory
/usr/bin/ld: cannot find -levent_core: No such file or directory
/usr/bin/ld: cannot find -lopen-pal: No such file or directory
/usr/bin/ld: cannot find -lz: No such file or directory
/usr/bin/ld: cannot find -lz: No such file or directory
: cannot find /usr/bin/ld: cannot find -levent_core: No such file or directory
/usr/bin/ld: cannot find -levent_pthreads: No such file or directory
/usr/bin/ld: cannot find -levent_core: No such file or directory
/usr/bin/ld: cannot find -lhwloc: No such file or directory
-lhwloc: No such file or directory/usr/bin/ld: cannot find -levent_pthreads: No such file or directory
/usr/bin/ld: cannot find -lz: No such file or directory
/usr/bin/ld: cannot find -levent_core: No such file or directory
/usr/bin/ld: cannot find -levent_pthreads: No such file or directory

/usr/bin/ld/usr/bin/ld: cannot find -levent_pthreads: No such file or directory
: cannot find -lz: /usr/bin/ld: cannot find -lz: No such file or directory
/usr/bin/ld: cannot find -levent_core: No such file or directory
/usr/bin/ld: cannot find -lz: No such file or directory
No such file or directory
/usr/bin/ld: cannot find -levent_pthreads: No such file or directory
/usr/bin/ld/usr/bin/ld: cannot find -lz: No such file or directory
: cannot find -lmpi_cxx: No such file or directory
/usr/bin/ld: cannot find -lmpi: No such file or directory
/usr/bin/ld: cannot find -lopen-rte: No such file or directory
/usr/bin/ld: cannot find -lopen-pal: No such file or directory
/usr/bin/ld: cannot find -lhwloc: No such file or directory
/usr/bin/ld: cannot find -levent_core: No such file or directory
/usr/bin/ld: cannot find -levent_pthreads: No such file or directory
/usr/bin/ld: cannot find -lz: No such file or directory
collect2: error: ld returned 1 exit status
collect2: error: ld returned 1 exit status
collect2: error: ld returned 1 exit status
collect2: error: ld returned 1 exit status
collect2: error: ld returned 1 exit status
JIT compile failed.
JIT compile failed.
collect2: error: ld returned 1 exit status
collect2: error: ld returned 1 exit status
JIT compile failed.
JIT compile failed.
JIT compile failed.
JIT compile failed.
JIT compile failed.
collect2: error: ld returned 1 exit status
JIT compile failed.
/usr/bin/ld/usr/bin/ld: cannot find -lmpi_cxx: No such file or directory
/usr/bin/ld: cannot find -lmpi: No such file or directory
/usr/bin/ld: cannot find -lopen-rte: No such file or directory
: cannot find -lmpi_cxx: No such file or directory
/usr/bin/ld: cannot find -lmpi: No such file or directory
/usr/bin/ld: cannot find -lopen-rte: No such file or directory
/usr/bin/ld: cannot find -lopen-pal: No such file or directory
/usr/bin/ld: cannot find -lhwloc: No such file or directory
/usr/bin/ld: cannot find -levent_core: No such file or directory
/usr/bin/ld: cannot find -levent_pthreads: No such file or directory
/usr/bin/ld: cannot find -lz: No such file or directory
/usr/bin/ld: cannot find -lmpi_cxx: No such file or directory
/usr/bin/ld: cannot find -lmpi: No such file or directory
/usr/bin/ld: cannot find -lopen-rte: No such file or directory
/usr/bin/ld: cannot find -lopen-pal: No such file or directory
/usr/bin/ld: cannot find -lopen-pal: No such file or directory
/usr/bin/ld: cannot find -lmpi_cxx: No such file or directory
/usr/bin/ld/usr/bin/ld: cannot find -lhwloc: No such file or directory
: cannot find -lhwloc: No such file or directory
/usr/bin/ld: cannot find /usr/bin/ld: cannot find -levent_core: No such file or directory
-lmpi: No such file or directory
/usr/bin/ld: cannot find -levent_core: /usr/bin/ld: cannot find -levent_pthreads: No such file or directory
No such file or directory/usr/bin/ld: cannot find -lmpi_cxx: 
/usr/bin/ldNo such file or directory
: cannot find -lopen-rte: No such file or directory
/usr/bin/ld/usr/bin/ld: cannot find -levent_pthreads: No such file or directory
: cannot find /usr/bin/ld: cannot find -lmpi: No such file or directory
-lz: No such file or directory
/usr/bin/ld: cannot find -lopen-pal: No such file or directory
/usr/bin/ld/usr/bin/ld: cannot find -lopen-rte: No such file or directory
: cannot find -lz: No such file or directory
/usr/bin/ld/usr/bin/ld: cannot find -lopen-pal: No such file or directory
/usr/bin/ld: cannot find -lhwloc: No such file or directory
/usr/bin/ld: cannot find -levent_core: No such file or directory
/usr/bin/ld: cannot find -levent_pthreads: No such file or directory
/usr/bin/ld: cannot find -lz: No such file or directory
: cannot find -lhwloc: No such file or directory
/usr/bin/ld: cannot find -levent_core: No such file or directory
/usr/bin/ld: cannot find -levent_pthreads: No such file or directory
/usr/bin/ld: cannot find -lz: No such file or directory
/usr/bin/ld: cannot find -lmpi_cxx: No such file or directory
/usr/bin/ld: cannot find -lmpi_cxx: No such file or directory
/usr/bin/ld: cannot find -lmpi: No such file or directory
/usr/bin/ld: cannot find -lmpi: No such file or directory
/usr/bin/ld: cannot find -lopen-rte: No such file or directory
/usr/bin/ld: cannot find -lopen-rte: No such file or directory
/usr/bin/ld: cannot find -lopen-pal: No such file or directory
/usr/bin/ld: cannot find -lopen-pal: No such file or directory
/usr/bin/ld: cannot find -lhwloc: No such file or directory
/usr/bin/ld: cannot find -lhwloc: No such file or directory
/usr/bin/ld: cannot find -levent_core: No such file or directory
/usr/bin/ld: cannot find -levent_core: No such file or directory
/usr/bin/ld: cannot find -levent_pthreads: No such file or directory
/usr/bin/ld: cannot find -levent_pthreads: No such file or directory
/usr/bin/ld: cannot find -lz: No such file or directory
/usr/bin/ld: cannot find -lz: No such file or directory
/usr/bin/ld: cannot find -lmpi_cxx: No such file or directory
/usr/bin/ld: cannot find -lmpi: No such file or directory
/usr/bin/ld: cannot find -lopen-rte: No such file or directory
/usr/bin/ld: cannot find -lopen-pal: No such file or directory
/usr/bin/ld: cannot find -lhwloc: No such file or directory
/usr/bin/ld: cannot find -levent_core: No such file or directory
/usr/bin/ld: cannot find -levent_pthreads: No such file or directory
/usr/bin/ld: cannot find -lz: No such file or directory
collect2: error: ld returned 1 exit status
JIT compile failed.
collect2: error: ld returned 1 exit status
collect2: error: ld returned 1 exit status
collect2: error: ld returned 1 exit status
collect2: error: ld returned 1 exit status
JIT compile failed.
JIT compile failed.
JIT compile failed.
collect2: error: ld returned 1 exit status
JIT compile failed.
collect2: error: ld returned 1 exit status
JIT compile failed.
collect2: error: ld returned 1 exit status
JIT compile failed.
JIT compile failed.
/usr/bin/ld: cannot find -lmpi_cxx: No such file or directory
/usr/bin/ld: cannot find -lmpi_cxx: No such file or directory
/usr/bin/ld: cannot find -lmpi: No such file or directory
/usr/bin/ld/usr/bin/ld: cannot find -lmpi: No such file or directory
: cannot find -lopen-rte: No such file or directory
/usr/bin/ld/usr/bin/ld: cannot find -lopen-rte: No such file or directory
: cannot find -lmpi_cxx: /usr/bin/ld/usr/bin/ld: cannot find -lopen-pal: No such file or directory
No such file or directory
: cannot find -lmpi_cxx: /usr/bin/ld: cannot find -lopen-palNo such file or directory
: No such file or directory
/usr/bin/ld/usr/bin/ld: cannot find -lmpi: No such file or directory
: cannot find -lhwloc: No such file or directory
/usr/bin/ld: cannot find -lmpi: /usr/bin/ld: cannot find -lhwloc: No such file or directory
/usr/bin/ld: cannot find -lopen-rte: No such file or directory
No such file or directory
/usr/bin/ld: cannot find -levent_core: No such file or directory/usr/bin/ld: cannot find -levent_core: No such file or directory
/usr/bin/ld: cannot find -lopen-pal: No such file or directory

/usr/bin/ld: cannot find -lopen-rte: No such file or directory
/usr/bin/ld/usr/bin/ld: cannot find -lhwloc: No such file or directory
: cannot find /usr/bin/ld: cannot find -levent_pthreads: No such file or directory
-levent_pthreads: No such file or directory
/usr/bin/ld: cannot find -lopen-pal: /usr/bin/ld: cannot find -levent_core: No such file or directory
No such file or directory/usr/bin/ld: cannot find -lz: No such file or directory

/usr/bin/ld: cannot find -lz: No such file or directory
/usr/bin/ld: cannot find -levent_pthreads/usr/bin/ld: cannot find -lhwloc: No such file or directory
: No such file or directory
/usr/bin/ld: cannot find -levent_core: /usr/bin/ld: cannot find -lmpi_cxx: No such file or directory/usr/bin/ld: cannot find -lz: No such file or directory

No such file or directory
/usr/bin/ld: cannot find -levent_pthreads: /usr/bin/ld: cannot find -lmpi_cxx: No such file or directory
No such file or directory
/usr/bin/ld: cannot find -lmpi: No such file or directory
/usr/bin/ld: cannot find -lz: No such file or directory
/usr/bin/ld: cannot find -lmpi: No such file or directory
/usr/bin/ld/usr/bin/ld: cannot find -lmpi_cxx: : cannot find -lopen-rteNo such file or directory: No such file or directory
/usr/bin/ld: cannot find -lopen-rte: No such file or directory

/usr/bin/ld: cannot find -lmpi_cxx: /usr/bin/ld/usr/bin/ld: cannot find -lopen-pal: No such file or directory
: cannot find -lopen-pal: /usr/bin/ld: cannot find -lmpi: No such file or directory
No such file or directory
No such file or directory
/usr/bin/ld/usr/bin/ld: cannot find -lhwloc: No such file or directory
: cannot find -lopen-rte: No such file or directory
/usr/bin/ld: cannot find -lhwloc: No such file or directory
/usr/bin/ld/usr/bin/ld: cannot find -levent_core: No such file or directory
: cannot find -lopen-pal/usr/bin/ld: cannot find -lmpi: : No such file or directoryNo such file or directory
/usr/bin/ld: cannot find -levent_core: No such file or directory

/usr/bin/ld: cannot find /usr/bin/ld: cannot find -levent_pthreads: No such file or directory
-levent_pthreads/usr/bin/ld: cannot find -lhwloc: No such file or directory
: No such file or directory
/usr/bin/ld: cannot find /usr/bin/ld: cannot find -lz: No such file or directory
/usr/bin/ld: cannot find -levent_core: No such file or directory
-lopen-rte: No such file or directory/usr/bin/ld: cannot find -lz: No such file or directory
/usr/bin/ld: cannot find -levent_pthreads: No such file or directory

/usr/bin/ld: cannot find -lz: No such file or directory
/usr/bin/ld: cannot find -lopen-pal: No such file or directory
/usr/bin/ld: cannot find -lhwloc: No such file or directory
/usr/bin/ld: cannot find -levent_core: No such file or directory
/usr/bin/ld: cannot find -levent_pthreads: No such file or directory
/usr/bin/ld: cannot find -lz: No such file or directory
collect2: error: ld returned 1 exit status
collect2: error: ld returned 1 exit status
collect2: error: ld returned 1 exit status
collect2: error: ld returned 1 exit status
JIT compile failed.
JIT compile failed.
JIT compile failed.
JIT compile failed.
collect2: error: ld returned 1 exit status
collect2: error: ld returned 1 exit status
collect2: error: ld returned 1 exit status
JIT compile failed.
JIT compile failed.
JIT compile failed.
collect2: error: ld returned 1 exit status
JIT compile failed.
/usr/bin/ld/usr/bin/ld: cannot find -lmpi_cxx: No such file or directory
/usr/bin/ld: cannot find -lmpi_cxx: No such file or directory
: cannot find -lmpi_cxx: /usr/bin/ld/usr/bin/ld: cannot find -lmpi_cxx: : cannot find No such file or directory
-lmpiNo such file or directory
/usr/bin/ld: cannot find -lmpi: No such file or directory
: No such file or directory/usr/bin/ld: cannot find -lmpi: No such file or directory
/usr/bin/ld: cannot find -lopen-rte: No such file or directory
/usr/bin/ld: cannot find -lopen-pal: No such file or directory
/usr/bin/ld: cannot find -lhwloc: No such file or directory
/usr/bin/ld: cannot find -levent_core: No such file or directory
/usr/bin/ld: cannot find -levent_pthreads: No such file or directory
/usr/bin/ld: cannot find -lz: No such file or directory
/usr/bin/ld: cannot find -lmpi_cxx: No such file or directory
/usr/bin/ld: cannot find -lmpi: No such file or directory
/usr/bin/ld: cannot find -lopen-rte: No such file or directory
/usr/bin/ld: cannot find -lopen-pal: No such file or directory
/usr/bin/ld: cannot find -lhwloc: No such file or directory
/usr/bin/ld: cannot find -levent_core: No such file or directory
/usr/bin/ld: cannot find -levent_pthreads: No such file or directory
/usr/bin/ld: cannot find -lz: No such file or directory
/usr/bin/ld: cannot find -lmpi_cxx: No such file or directory
/usr/bin/ld: cannot find -lmpi: No such file or directory
/usr/bin/ld: cannot find -lopen-rte: No such file or directory
/usr/bin/ld: cannot find -lopen-pal: No such file or directory
/usr/bin/ld: cannot find -lhwloc: No such file or directory
/usr/bin/ld: cannot find -levent_core: No such file or directory
/usr/bin/ld: cannot find -levent_pthreads: No such file or directory
/usr/bin/ld: cannot find -lz: No such file or directory
/usr/bin/ld: cannot find -lmpi_cxx: No such file or directory
/usr/bin/ld: cannot find -lmpi: No such file or directory
/usr/bin/ld: cannot find -lopen-rte: No such file or directory
/usr/bin/ld: cannot find -lopen-pal: No such file or directory
/usr/bin/ld: cannot find -lhwloc: No such file or directory
/usr/bin/ld: cannot find -levent_core: No such file or directory
/usr/bin/ld: cannot find -levent_pthreads: No such file or directory
/usr/bin/ld: cannot find -lz: No such file or directory
/usr/bin/ld: cannot find -lopen-rte: No such file or directory
/usr/bin/ld: cannot find -lopen-pal: No such file or directory
/usr/bin/ld: cannot find -lhwloc: No such file or directory
/usr/bin/ld: cannot find -levent_core: No such file or directory
/usr/bin/ld: cannot find -levent_pthreads: No such file or directory
/usr/bin/ld: cannot find -lz: No such file or directory

/usr/bin/ld: cannot find -lopen-rte: No such file or directory
/usr/bin/ld: cannot find -lopen-pal: No such file or directory
/usr/bin/ld: cannot find -lhwloc: No such file or directory
/usr/bin/ld: cannot find -levent_core: No such file or directory
/usr/bin/ld: cannot find -levent_pthreads: No such file or directory
/usr/bin/ld: cannot find -lz: No such file or directory
/usr/bin/ld: cannot find -lmpi: No such file or directory
/usr/bin/ld: cannot find -lopen-rte: No such file or directory
/usr/bin/ld: cannot find -lopen-pal: No such file or directory
/usr/bin/ld: cannot find -lhwloc: No such file or directory
/usr/bin/ld: cannot find -levent_core: No such file or directory
/usr/bin/ld: cannot find -levent_pthreads: No such file or directory
/usr/bin/ld: cannot find -lz: No such file or directory
/usr/bin/ld: cannot find -lmpi_cxx: No such file or directory
/usr/bin/ld: cannot find -lmpi: No such file or directory
/usr/bin/ld: cannot find -lopen-rte: No such file or directory
/usr/bin/ld: cannot find -lopen-pal: No such file or directory
/usr/bin/ld: cannot find -lhwloc: No such file or directory
/usr/bin/ld: cannot find -levent_core: No such file or directory
/usr/bin/ld: cannot find -levent_pthreads: No such file or directory
/usr/bin/ld: cannot find -lz: No such file or directory
collect2: error: ld returned 1 exit status
collect2: error: ld returned 1 exit status
collect2: error: ld returned 1 exit status
collect2: error: ld returned 1 exit status
collect2: error: ld returned 1 exit status
collect2: error: ld returned 1 exit status
JIT compile failed.
collect2: error: ld returned 1 exit status
JIT compile failed.
JIT compile failed.
JIT compile failed.
JIT compile failed.
JIT compile failed.
collect2: error: ld returned 1 exit status
JIT compile failed.
JIT compile failed.
/usr/bin/ld: cannot find -lmpi_cxx: /usr/bin/ld/usr/bin/ld: cannot find -lmpi_cxx: : cannot find -lmpi_cxx: /usr/bin/ld: cannot find -lmpi_cxx: No such file or directoryNo such file or directory
No such file or directory
No such file or directory
/usr/bin/ld
: cannot find -lmpi_cxx/usr/bin/ld: cannot find -lmpi_cxx: : No such file or directory
/usr/bin/ld/usr/bin/ld: cannot find -lmpi: No such file or directory
No such file or directory: cannot find -lmpi: No such file or directory
/usr/bin/ld: cannot find -lmpi: No such file or directory

/usr/bin/ld/usr/bin/ld: cannot find -lmpi: No such file or directory
/usr/bin/ld: cannot find -lopen-rte: No such file or directory
/usr/bin/ld: cannot find -lopen-rte: No such file or directory
/usr/bin/ld: cannot find -lopen-rte: No such file or directory
/usr/bin/ld: cannot find -lmpi: No such file or directory
: cannot find /usr/bin/ld: cannot find -lopen-rte: No such file or directory
/usr/bin/ld: cannot find -lopen-pal: No such file or directory
/usr/bin/ld: cannot find -lopen-pal: No such file or directory
/usr/bin/ld: cannot find -lopen-rte: No such file or directory
/usr/bin/ld: cannot find -lopen-pal: No such file or directory
/usr/bin/ld: cannot find -lopen-pal: No such file or directory
/usr/bin/ld: cannot find -lhwloc: No such file or directory
/usr/bin/ld: cannot find -lhwloc: No such file or directory
/usr/bin/ld: cannot find -lopen-pal: No such file or directory
/usr/bin/ld: cannot find -lhwloc: No such file or directory
/usr/bin/ld: cannot find -lhwloc: No such file or directory
-lmpi: No such file or directory/usr/bin/ld
: cannot find /usr/bin/ld: cannot find -lhwloc: No such file or directory
/usr/bin/ld: cannot find -levent_core: No such file or directory
-levent_core: No such file or directory/usr/bin/ld: cannot find -levent_core: No such file or directory
/usr/bin/ld: cannot find -levent_core: No such file or directory

/usr/bin/ld: cannot find -levent_core: /usr/bin/ld: cannot find -levent_pthreads: No such file or directory
/usr/bin/ld: cannot find -levent_pthreads: No such file or directory
/usr/bin/ld: cannot find -levent_pthreads: No such file or directory
No such file or directory
/usr/bin/ld: cannot find -levent_pthreads: No such file or directory
/usr/bin/ld/usr/bin/ld: cannot find -lopen-rte: No such file or directory
/usr/bin/ld: cannot find -lz: No such file or directory
/usr/bin/ld: cannot find -lz: No such file or directory
/usr/bin/ld: cannot find -lz: No such file or directory
/usr/bin/ld: cannot find -levent_pthreads: No such file or directory
: cannot find -lz: No such file or directory
/usr/bin/ld: cannot find -lmpi_cxx: No such file or directory/usr/bin/ld: cannot find -lz: No such file or directory

/usr/bin/ld: cannot find -lopen-pal/usr/bin/ld: cannot find -lmpi: No such file or directory
: No such file or directory
/usr/bin/ld: cannot find -lopen-rte/usr/bin/ld: cannot find -lmpi_cxx: /usr/bin/ld: cannot find -lhwloc: No such file or directory
/usr/bin/ld: cannot find -levent_core: No such file or directory
/usr/bin/ld: cannot find -levent_pthreads: No such file or directory
/usr/bin/ld: cannot find -lz: No such file or directory
No such file or directory
/usr/bin/ld: cannot find -lmpi: No such file or directory
/usr/bin/ld: cannot find -lopen-rte: No such file or directory
/usr/bin/ld: cannot find -lopen-pal: No such file or directory
/usr/bin/ld: cannot find -lhwloc: No such file or directory
/usr/bin/ld: cannot find -levent_core: No such file or directory
/usr/bin/ld: cannot find -levent_pthreads: No such file or directory
/usr/bin/ld: cannot find -lz: No such file or directory
: No such file or directory
/usr/bin/ld: cannot find -lopen-pal: No such file or directory
/usr/bin/ld: cannot find -lhwloc: No such file or directory
/usr/bin/ld: cannot find -levent_core: No such file or directory
/usr/bin/ld: cannot find -levent_pthreads: No such file or directory
/usr/bin/ld: cannot find -lz: No such file or directory
collect2: error: ld returned 1 exit status
collect2: error: ld returned 1 exit status
collect2: error: ld returned 1 exit status
collect2: error: ld returned 1 exit status
collect2: error: ld returned 1 exit status
JIT compile failed.
collect2: error: ld returned 1 exit status
JIT compile failed.
JIT compile failed.
JIT compile failed.
JIT compile failed.
collect2: error: ld returned 1 exit status
collect2: error: ld returned 1 exit status
JIT compile failed.
JIT compile failed.
JIT compile failed.
/usr/bin/ld: cannot find -lmpi_cxx: /usr/bin/ld: cannot find -lmpi_cxx: No such file or directory
/usr/bin/ld/usr/bin/ld: cannot find -lmpi_cxx: No such file or directory
No such file or directory
: cannot find -lmpi_cxx: No such file or directory
/usr/bin/ld: cannot find -lmpi: No such file or directory
/usr/bin/ld/usr/bin/ld: cannot find -lmpi: No such file or directory
: cannot find -lmpi: No such file or directory
/usr/bin/ld/usr/bin/ld: cannot find -lopen-rte: No such file or directory
: cannot find /usr/bin/ld: cannot find -lmpi_cxx: -lmpi/usr/bin/ld: No such file or directory
No such file or directory
: cannot find /usr/bin/ld: cannot find -lopen-rte: No such file or directory
-lopen-rte: No such file or directory
/usr/bin/ld/usr/bin/ld: cannot find -lmpi: No such file or directory
: cannot find -lopen-pal/usr/bin/ld: cannot find -lopen-pal: No such file or directory
/usr/bin/ld: cannot find -lopen-rte: No such file or directory
: No such file or directory
/usr/bin/ld: cannot find -lopen-pal: /usr/bin/ld: cannot find -lopen-rte: No such file or directory
No such file or directory
/usr/bin/ld: cannot find -lhwloc: No such file or directory
/usr/bin/ld: cannot find -lhwloc: No such file or directory
/usr/bin/ld: cannot find -lopen-pal: No such file or directory
/usr/bin/ld: cannot find -levent_core: No such file or directory
/usr/bin/ld: cannot find -levent_pthreads: No such file or directory
/usr/bin/ld: cannot find -lz: No such file or directory
/usr/bin/ld: cannot find -lopen-pal: No such file or directory
/usr/bin/ld: cannot find -lhwloc: No such file or directory
/usr/bin/ld: cannot find -levent_core: No such file or directory
/usr/bin/ld: cannot find -levent_pthreads: No such file or directory
/usr/bin/ld: cannot find -lz: No such file or directory
/usr/bin/ld: cannot find -lhwloc: No such file or directory
/usr/bin/ld: cannot find -levent_core: No such file or directory
/usr/bin/ld: cannot find -levent_pthreads: No such file or directory
/usr/bin/ld: cannot find -lz: No such file or directory
/usr/bin/ld: cannot find -lhwloc: No such file or directory
/usr/bin/ld: cannot find -levent_core: No such file or directory
/usr/bin/ld: cannot find -levent_pthreads: No such file or directory
/usr/bin/ld: cannot find -lz: No such file or directory
/usr/bin/ld: cannot find -levent_core: No such file or directory
/usr/bin/ld: cannot find -levent_pthreads: No such file or directory
/usr/bin/ld: cannot find -lz: No such file or directory
/usr/bin/ld: cannot find -lmpi_cxx: No such file or directory
/usr/bin/ld: cannot find -lmpi: No such file or directory
/usr/bin/ld: cannot find -lopen-rte: No such file or directory
/usr/bin/ld: cannot find -lopen-pal: No such file or directory
/usr/bin/ld: cannot find -lhwloc: No such file or directory
/usr/bin/ld: cannot find -levent_core: No such file or directory
/usr/bin/ld: cannot find -levent_pthreads: No such file or directory
/usr/bin/ld: cannot find -lz: No such file or directory
collect2: error: ld returned 1 exit status
collect2: error: ld returned 1 exit status
collect2: error: ld returned 1 exit status
collect2: error: ld returned 1 exit status
collect2: error: ld returned 1 exit status
JIT compile failed.
collect2: error: ld returned 1 exit status
JIT compile failed.
JIT compile failed.
JIT compile failed.
JIT compile failed.
JIT compile failed.
/usr/bin/ld: cannot find -lmpi_cxx: No such file or directory
/usr/bin/ld: cannot find -lmpi: No such file or directory
/usr/bin/ld: cannot find -lopen-rte: No such file or directory
/usr/bin/ld: cannot find -lopen-pal: No such file or directory
/usr/bin/ld: cannot find -lhwloc: No such file or directory
/usr/bin/ld: cannot find -levent_core: No such file or directory
/usr/bin/ld: cannot find -levent_pthreads: No such file or directory
/usr/bin/ld/usr/bin/ld: cannot find -lz: No such file or directory
: cannot find -lmpi_cxx: No such file or directory
/usr/bin/ld: cannot find -lmpi: No such file or directory
/usr/bin/ld: cannot find -lopen-rte: No such file or directory
/usr/bin/ld: cannot find -lopen-pal: No such file or directory
/usr/bin/ld: cannot find -lhwloc: No such file or directory
/usr/bin/ld: cannot find -levent_core: No such file or directory
/usr/bin/ld: cannot find -levent_pthreads: No such file or directory
/usr/bin/ld: cannot find -lz: No such file or directory
collect2: error: ld returned 1 exit status
collect2: error: ld returned 1 exit status
JIT compile failed.
JIT compile failed.
/usr/bin/ld: cannot find -lmpi_cxx: No such file or directory
/usr/bin/ld: cannot find -lmpi: No such file or directory
/usr/bin/ld: cannot find -lopen-rte: No such file or directory
/usr/bin/ld: cannot find -lopen-pal: No such file or directory
/usr/bin/ld: cannot find -lhwloc: No such file or directory
/usr/bin/ld: cannot find -levent_core: No such file or directory
/usr/bin/ld: cannot find -levent_pthreads: No such file or directory
/usr/bin/ld: cannot find -lz: No such file or directory
/usr/bin/ld: cannot find -lmpi_cxx: No such file or directory
/usr/bin/ld: cannot find -lmpi: No such file or directory
/usr/bin/ld: cannot find -lopen-rte: No such file or directory
/usr/bin/ld: cannot find -lopen-pal: No such file or directory
/usr/bin/ld: cannot find -lhwloc: No such file or directory
/usr/bin/ld: cannot find -levent_core: No such file or directory
/usr/bin/ld: cannot find -levent_pthreads: No such file or directory
/usr/bin/ld: cannot find -lz: No such file or directory
/usr/bin/ld: cannot find -lmpi_cxx: No such file or directory
/usr/bin/ld: cannot find -lmpi: No such file or directory
/usr/bin/ld: cannot find -lopen-rte: No such file or directory
/usr/bin/ld: cannot find -lopen-pal: No such file or directory
/usr/bin/ld: cannot find -lhwloc: No such file or directory
/usr/bin/ld: cannot find -levent_core: No such file or directory
/usr/bin/ld: cannot find -levent_pthreads: No such file or directory
/usr/bin/ld: cannot find -lz: No such file or directory
/usr/bin/ld: cannot find -lmpi_cxx: No such file or directory
/usr/bin/ld: cannot find -lmpi: No such file or directory
/usr/bin/ld: cannot find -lopen-rte: No such file or directory
/usr/bin/ld: cannot find -lopen-pal: No such file or directory
/usr/bin/ld: cannot find -lhwloc: No such file or directory
/usr/bin/ld: cannot find -levent_core: No such file or directory
/usr/bin/ld: cannot find -lmpi_cxx: No such file or directory
/usr/bin/ld: cannot find -lmpi: No such file or directory
/usr/bin/ld: cannot find -lopen-rte: No such file or directory
/usr/bin/ld: cannot find -lopen-pal: No such file or directory
/usr/bin/ld: cannot find -lhwloc: No such file or directory
/usr/bin/ld: cannot find -levent_core: No such file or directory
/usr/bin/ld: cannot find -levent_pthreads: No such file or directory
/usr/bin/ld: cannot find -levent_pthreads: No such file or directory
/usr/bin/ld: cannot find -lz: No such file or directory
/usr/bin/ld: cannot find -lz: No such file or directory
/usr/bin/ld: cannot find -lmpi_cxx: No such file or directory
/usr/bin/ld: cannot find -lmpi: No such file or directory
/usr/bin/ld: cannot find -lopen-rte: No such file or directory
/usr/bin/ld: cannot find -lopen-pal: No such file or directory
/usr/bin/ld: cannot find -lmpi_cxx/usr/bin/ld: cannot find -lhwloc: No such file or directory
: No such file or directory
/usr/bin/ld: cannot find -levent_core: No such file or directory
/usr/bin/ld: cannot find -lmpi: No such file or directory
/usr/bin/ld: cannot find -levent_pthreads: No such file or directory
/usr/bin/ld: cannot find -lopen-rte: No such file or directory
/usr/bin/ld: cannot find -lz: No such file or directory
/usr/bin/ld: cannot find -lopen-pal: No such file or directory
/usr/bin/ld: cannot find -lhwloc: No such file or directory
/usr/bin/ld: cannot find -levent_core: No such file or directory
/usr/bin/ld: cannot find -levent_pthreads: No such file or directory
/usr/bin/ld: cannot find -lz: No such file or directory/usr/bin/ld: cannot find -lmpi_cxx: 
No such file or directory
/usr/bin/ld: cannot find -lmpi: No such file or directory
/usr/bin/ld: cannot find -lopen-rte: No such file or directory
/usr/bin/ld: cannot find -lopen-pal: No such file or directory
/usr/bin/ld: cannot find -lhwloc: No such file or directory
/usr/bin/ld: cannot find -levent_core: No such file or directory
/usr/bin/ld: cannot find -levent_pthreads: No such file or directory
/usr/bin/ld: cannot find -lz: No such file or directory
collect2: error: ld returned 1 exit status
collect2: error: ld returned 1 exit status
collect2: error: ld returned 1 exit status
collect2: error: ld returned 1 exit status
collect2: error: ld returned 1 exit status
JIT compile failed.
JIT compile failed.
JIT compile failed.
JIT compile failed.
collect2: error: ld returned 1 exit status
JIT compile failed.
collect2: error: ld returned 1 exit status
JIT compile failed.
collect2: error: ld returned 1 exit status
JIT compile failed.
JIT compile failed.
/usr/bin/ld: cannot find -lmpi_cxx: /usr/bin/ld: cannot find -lmpi_cxx: No such file or directory
/usr/bin/ld/usr/bin/ld: cannot find -lmpi_cxx: No such file or directory
/usr/bin/ld: cannot find -lmpi_cxx: No such file or directory
/usr/bin/ld: cannot find -lmpi_cxx: No such file or directory
No such file or directory
: cannot find -lmpi_cxx: No such file or directory
/usr/bin/ld: cannot find -lmpi: No such file or directory
/usr/bin/ld: cannot find -lmpi: No such file or directory
/usr/bin/ld: cannot find -lmpi: No such file or directory
/usr/bin/ld/usr/bin/ld: cannot find -lmpi: No such file or directory
: cannot find -lmpi: No such file or directory
/usr/bin/ld/usr/bin/ld: cannot find -lopen-rte: No such file or directory
/usr/bin/ld: cannot find -lmpi: No such file or directory
/usr/bin/ld: cannot find -lopen-rte: No such file or directory
/usr/bin/ld: cannot find -lopen-rte: No such file or directory
: cannot find -lopen-rte: No such file or directory
/usr/bin/ld: cannot find -lopen-rte/usr/bin/ld: cannot find -lopen-rte: No such file or directory
/usr/bin/ld: cannot find -lopen-pal: No such file or directory
/usr/bin/ld: cannot find -lopen-pal: No such file or directory
/usr/bin/ld: cannot find -lopen-pal: No such file or directory
: No such file or directory
/usr/bin/ld/usr/bin/ld: cannot find -lopen-pal: No such file or directory
/usr/bin/ld: cannot find -lopen-pal: No such file or directory
/usr/bin/ld: cannot find -lhwloc: No such file or directory
: cannot find -lmpi_cxx: /usr/bin/ld/usr/bin/ld: cannot find -lhwloc: No such file or directory
No such file or directory
/usr/bin/ld: cannot find -lopen-pal: No such file or directory
: cannot find -lhwloc: No such file or directory
/usr/bin/ld: cannot find -lhwloc: No such file or directory
/usr/bin/ld: cannot find -lhwloc/usr/bin/ld: cannot find -levent_core: No such file or directory
/usr/bin/ld: cannot find -levent_core: No such file or directory
: /usr/bin/ld: cannot find -lhwloc: No such file or directory
/usr/bin/ld: cannot find -lmpi: No such file or directory
No such file or directory
/usr/bin/ld: cannot find -levent_core: No such file or directory
/usr/bin/ld: cannot find -levent_core/usr/bin/ld: cannot find -levent_pthreads: No such file or directory
/usr/bin/ld: cannot find -levent_pthreads: No such file or directory
: /usr/bin/ld: cannot find -levent_core: No such file or directory
/usr/bin/ld: cannot find -lopen-rte: No such file or directory
No such file or directory
/usr/bin/ld: cannot find -levent_core: No such file or directory
/usr/bin/ld: cannot find -levent_pthreads: No such file or directory
/usr/bin/ld: cannot find -lz: No such file or directory
/usr/bin/ld: cannot find -lopen-pal: No such file or directory
/usr/bin/ld: cannot find -levent_pthreads: No such file or directory
/usr/bin/ld/usr/bin/ld: cannot find -lz: No such file or directory
: cannot find -levent_pthreads: No such file or directory
/usr/bin/ld: cannot find -lz: No such file or directory
/usr/bin/ld: cannot find -levent_pthreads/usr/bin/ld: cannot find -lz: No such file or directory
/usr/bin/ld: cannot find -lhwloc: No such file or directory
: No such file or directory
/usr/bin/ld: cannot find -lz/usr/bin/ld: cannot find -levent_core: No such file or directory
: No such file or directory
/usr/bin/ld: cannot find -lz: No such file or directory
/usr/bin/ld: cannot find -levent_pthreads: No such file or directory
/usr/bin/ld: cannot find -lz: No such file or directory
/usr/bin/ld: cannot find -lmpi_cxx: No such file or directory
/usr/bin/ld: cannot find -lmpi: No such file or directory
/usr/bin/ld: cannot find -lopen-rte: No such file or directory
/usr/bin/ld: cannot find -lopen-pal: No such file or directory
/usr/bin/ld: cannot find -lhwloc: No such file or directory
/usr/bin/ld: cannot find -levent_core: No such file or directory
/usr/bin/ld: cannot find -levent_pthreads: No such file or directory
/usr/bin/ld: cannot find -lz: No such file or directory
collect2: error: ld returned 1 exit status
collect2: error: ld returned 1 exit status
collect2: error: ld returned 1 exit status
collect2: error: ld returned 1 exit status
collect2: error: ld returned 1 exit status
collect2: error: ld returned 1 exit status
collect2: error: ld returned 1 exit status
JIT compile failed.
JIT compile failed.
JIT compile failed.
JIT compile failed.
JIT compile failed.
JIT compile failed.
JIT compile failed.
collect2: error: ld returned 1 exit status
JIT compile failed.
/usr/bin/ld: cannot find -lmpi_cxx: /usr/bin/ld: cannot find -lmpi_cxx: No such file or directory
/usr/bin/ldNo such file or directory
: cannot find -lmpi_cxx: No such file or directory
/usr/bin/ld/usr/bin/ld: cannot find -lmpi: No such file or directory
: cannot find -lmpi: No such file or directory
/usr/bin/ld: cannot find -lmpi_cxx: /usr/bin/ld/usr/bin/ld: cannot find -lopen-rte: No such file or directory
No such file or directory
: cannot find -lmpi/usr/bin/ld: cannot find -lopen-rte: No such file or directory
: No such file or directory
/usr/bin/ld/usr/bin/ld: cannot find -lmpi: No such file or directory
/usr/bin/ld: cannot find -lopen-pal: No such file or directory
: cannot find -lopen-pal: /usr/bin/ld: cannot find -lopen-rte: No such file or directory
No such file or directory
/usr/bin/ld: cannot find -lopen-rte/usr/bin/ld: cannot find -lhwloc: No such file or directory
: No such file or directory/usr/bin/ld: cannot find -lopen-pal: No such file or directory

/usr/bin/ld: cannot find -lhwloc: No such file or directory
/usr/bin/ld: cannot find -levent_core: No such file or directory
/usr/bin/ld: cannot find /usr/bin/ld: cannot find -lopen-pal: No such file or directory
-lhwloc: No such file or directory
/usr/bin/ld/usr/bin/ld: cannot find -levent_core: No such file or directory
: cannot find /usr/bin/ld: cannot find -levent_pthreads: No such file or directory
-lmpi_cxx/usr/bin/ld: cannot find -lhwloc: No such file or directory
: /usr/bin/ldNo such file or directory
/usr/bin/ld: cannot find -levent_core: No such file or directory
/usr/bin/ld: cannot find -levent_pthreads: No such file or directory
: cannot find -lmpi_cxx: /usr/bin/ld/usr/bin/ld: cannot find -levent_core: No such file or directory
: cannot find -lz: No such file or directory
No such file or directory
/usr/bin/ld/usr/bin/ld: cannot find -levent_pthreads: No such file or directory
: cannot find /usr/bin/ld: cannot find -lz: No such file or directory
-lmpi: No such file or directory
/usr/bin/ld: cannot find -levent_pthreads: No such file or directory/usr/bin/ld
/usr/bin/ld: cannot find -lz: No such file or directory
: cannot find -lmpi: No such file or directory
/usr/bin/ld: cannot find -lopen-rte: No such file or directory
/usr/bin/ld: cannot find -lz: No such file or directory
/usr/bin/ld/usr/bin/ld: cannot find -lmpi_cxx: : cannot find -lopen-rte: No such file or directory
No such file or directory
/usr/bin/ld: cannot find -lopen-pal: No such file or directory
/usr/bin/ld: cannot find -lmpi: No such file or directory
/usr/bin/ld: cannot find -lopen-pal: No such file or directory
/usr/bin/ld: cannot find -lhwloc/usr/bin/ld: cannot find -lopen-rte: No such file or directory
: No such file or directory
/usr/bin/ld: cannot find -lhwloc: No such file or directory
/usr/bin/ld: cannot find -lopen-pal: No such file or directory
/usr/bin/ld: cannot find -levent_core: No such file or directory
/usr/bin/ld/usr/bin/ld: cannot find -lhwloc: No such file or directory
: cannot find -levent_core: No such file or directory
/usr/bin/ld: cannot find -levent_pthreads: No such file or directory/usr/bin/ld: cannot find -levent_core: No such file or directory

/usr/bin/ld/usr/bin/ld: cannot find -levent_pthreads: No such file or directory
: cannot find /usr/bin/ld: cannot find -levent_pthreads: No such file or directory
/usr/bin/ld: cannot find -lz: No such file or directory
/usr/bin/ld: cannot find -lz: No such file or directory
-lmpi_cxx: /usr/bin/ld: cannot find -lz: No such file or directory
No such file or directory
/usr/bin/ld: cannot find -lmpi: No such file or directory
/usr/bin/ld: cannot find -lopen-rte: No such file or directory
/usr/bin/ld: cannot find -lopen-pal: No such file or directory
/usr/bin/ld: cannot find -lhwloc: No such file or directory
/usr/bin/ld: cannot find -levent_core: No such file or directory
/usr/bin/ld: cannot find -levent_pthreads: No such file or directory
/usr/bin/ld: cannot find -lz: No such file or directory
collect2: error: ld returned 1 exit status
collect2: error: ld returned 1 exit status
collect2: error: ld returned 1 exit status
JIT compile failed.
collect2: error: ld returned 1 exit status
JIT compile failed.
JIT compile failed.
collect2: error: ld returned 1 exit status
collect2: error: ld returned 1 exit status
collect2: error: ld returned 1 exit status
JIT compile failed.
JIT compile failed.
JIT compile failed.
collect2: error: ld returned 1 exit status
JIT compile failed.
JIT compile failed.
/usr/bin/ld: cannot find -lmpi_cxx: /usr/bin/ld/usr/bin/ld: cannot find -lmpi_cxx: No such file or directory
/usr/bin/ld: cannot find -lmpi_cxx: No such file or directory
No such file or directory
: cannot find -lmpi_cxx: No such file or directory
/usr/bin/ld: cannot find -lmpi: No such file or directory
/usr/bin/ld/usr/bin/ld: cannot find -lmpi: No such file or directory
: cannot find -lmpi: No such file or directory
/usr/bin/ld: cannot find -lmpi_cxx: /usr/bin/ld: cannot find -lmpi_cxx: /usr/bin/ld: cannot find -lmpi: No such file or directory
No such file or directory/usr/bin/ld: cannot find -lopen-rte: No such file or directory
/usr/bin/ld: cannot find -lopen-rte: No such file or directory
No such file or directory

/usr/bin/ld: cannot find -lmpi: No such file or directory
/usr/bin/ld: cannot find -lopen-rte: No such file or directory
/usr/bin/ld/usr/bin/ld: cannot find -lopen-pal: No such file or directory
/usr/bin/ld: cannot find -lopen-pal: No such file or directory
: cannot find -lopen-rte: /usr/bin/ld: cannot find -lmpi: No such file or directory
No such file or directory
/usr/bin/ld: cannot find -lopen-rte: No such file or directory
/usr/bin/ld: cannot find -lhwloc: No such file or directory
/usr/bin/ld: cannot find -lopen-pal: No such file or directory
/usr/bin/ld/usr/bin/ld: cannot find -lhwloc: No such file or directory
: cannot find -lmpi_cxx: /usr/bin/ld: cannot find -lopen-rte: No such file or directory/usr/bin/ld: cannot find -lopen-pal: No such file or directory

/usr/bin/ld: cannot find -lopen-pal: No such file or directory
/usr/bin/ld: cannot find -levent_core: No such file or directory
/usr/bin/ld: cannot find -levent_core: No such file or directory
/usr/bin/ld: cannot find -lhwloc: No such file or directory
No such file or directory
/usr/bin/ld: cannot find -lhwloc: No such file or directory
/usr/bin/ld: cannot find -lhwloc: No such file or directory
/usr/bin/ld: cannot find -lopen-pal: No such file or directory
/usr/bin/ld: cannot find -levent_pthreads: No such file or directory
/usr/bin/ld: cannot find -levent_core: No such file or directory
/usr/bin/ld: cannot find -levent_pthreads: No such file or directory
/usr/bin/ld/usr/bin/ld: cannot find -levent_core: No such file or directory
/usr/bin/ld: cannot find -lhwloc: No such file or directory
/usr/bin/ld: cannot find -lz: No such file or directory
/usr/bin/ld: cannot find -levent_pthreads: No such file or directory
/usr/bin/ld: cannot find -lz: No such file or directory
/usr/bin/ld: cannot find -levent_core: No such file or directory
: cannot find -lmpi_cxx: /usr/bin/ld: cannot find -levent_pthreads: No such file or directory
/usr/bin/ld: cannot find -levent_core: No such file or directory
/usr/bin/ld: cannot find -lz: No such file or directory
No such file or directory/usr/bin/ld: cannot find -levent_pthreads: No such file or directory

/usr/bin/ld/usr/bin/ld: cannot find -lz: No such file or directory
: cannot find /usr/bin/ld: cannot find -levent_pthreads: No such file or directory
-lmpi: No such file or directory
/usr/bin/ld: cannot find -lz: No such file or directory
/usr/bin/ld: cannot find -lmpi: No such file or directory
/usr/bin/ld: cannot find -lz: No such file or directory/usr/bin/ld: cannot find -lopen-rte: No such file or directory
/usr/bin/ld: cannot find -lopen-pal: No such file or directory
/usr/bin/ld: cannot find -lhwloc: No such file or directory
/usr/bin/ld: cannot find -levent_core: No such file or directory
/usr/bin/ld: cannot find -levent_pthreads: No such file or directory
/usr/bin/ld: cannot find -lz: No such file or directory
/usr/bin/ld: cannot find -lopen-rte: No such file or directory
/usr/bin/ld: cannot find -lopen-pal: No such file or directory
/usr/bin/ld: cannot find -lhwloc: No such file or directory
/usr/bin/ld: cannot find -levent_core: No such file or directory
/usr/bin/ld: cannot find -levent_pthreads: No such file or directory
/usr/bin/ld: cannot find -lz: No such file or directory

collect2: error: ld returned 1 exit status
collect2: error: ld returned 1 exit status
collect2: error: ld returned 1 exit status
collect2: error: ld returned 1 exit status
collect2: error: ld returned 1 exit status
collect2: error: ld returned 1 exit status
JIT compile failed.
JIT compile failed.
JIT compile failed.
JIT compile failed.
collect2: error: ld returned 1 exit status
collect2: error: ld returned 1 exit status
JIT compile failed.
JIT compile failed.
JIT compile failed.
JIT compile failed.
/usr/bin/ld: cannot find -lmpi_cxx: /usr/bin/ldNo such file or directory
: cannot find /usr/bin/ld: cannot find -lmpi_cxx: -lmpi_cxx: No such file or directory
No such file or directory
/usr/bin/ld: cannot find -lmpi: No such file or directory
/usr/bin/ld: cannot find -lmpi: No such file or directory
/usr/bin/ld/usr/bin/ld: cannot find -lmpi: No such file or directory
: cannot find -lopen-rte: No such file or directory
/usr/bin/ld: cannot find -lopen-rte: No such file or directory
/usr/bin/ld: cannot find -lopen-rte: No such file or directory
/usr/bin/ld: cannot find -lopen-pal: No such file or directory
/usr/bin/ld: cannot find -lopen-pal: No such file or directory
/usr/bin/ld: cannot find -lhwloc: No such file or directory
/usr/bin/ld/usr/bin/ld: cannot find -lhwloc: No such file or directory
: cannot find -lopen-pal: No such file or directory
/usr/bin/ld/usr/bin/ld: cannot find -levent_core: No such file or directory
: cannot find -levent_core: No such file or directory
/usr/bin/ld: cannot find -lhwloc: No such file or directory
/usr/bin/ld: cannot find -levent_pthreads: No such file or directory
/usr/bin/ld: cannot find -levent_pthreads: No such file or directory
/usr/bin/ld: cannot find -lz: No such file or directory
/usr/bin/ld: cannot find -levent_core: No such file or directory
/usr/bin/ld/usr/bin/ld: cannot find -lz: No such file or directory
: cannot find -levent_pthreads: No such file or directory
/usr/bin/ld: cannot find -lz: No such file or directory
/usr/bin/ld: cannot find -lmpi_cxx: /usr/bin/ldNo such file or directory
: cannot find -lmpi_cxx: No such file or directory
/usr/bin/ld: cannot find -lmpi: No such file or directory
/usr/bin/ld: cannot find -lmpi: No such file or directory/usr/bin/ld: cannot find -lmpi_cxx: 
No such file or directory/usr/bin/ld: cannot find -lopen-rte: No such file or directory

/usr/bin/ld: cannot find -lopen-rte/usr/bin/ld: cannot find -lopen-pal: No such file or directory
: No such file or directory
/usr/bin/ld: cannot find -lmpi: No such file or directory
/usr/bin/ld/usr/bin/ld: cannot find /usr/bin/ld: cannot find -lopen-rte: No such file or directory
-lhwloc/usr/bin/ld: No such file or directory
: cannot find -lopen-pal: No such file or directory
/usr/bin/ld: cannot find -lopen-pal: No such file or directory
/usr/bin/ld: cannot find -levent_core: No such file or directory
/usr/bin/ld: cannot find -lhwloc: No such file or directory
/usr/bin/ld: cannot find -lhwloc: No such file or directory
/usr/bin/ld: cannot find -levent_pthreads/usr/bin/ld: No such file or directory
/usr/bin/ld: cannot find -levent_core: No such file or directory
: cannot find /usr/bin/ld: cannot find -levent_core: No such file or directory
-lmpi_cxx: : cannot find No such file or directory
-lmpi_cxx: /usr/bin/ld: cannot find -lz: No such file or directory
/usr/bin/ld/usr/bin/ld: cannot find -levent_pthreads: No such file or directory
: cannot find -levent_pthreads: No such file or directory
No such file or directory/usr/bin/ld
: cannot find -lmpi/usr/bin/ld: cannot find -lz: No such file or directory
: No such file or directory
/usr/bin/ld: cannot find -lz: No such file or directory
/usr/bin/ld: cannot find -lopen-rte: No such file or directory
/usr/bin/ld: cannot find /usr/bin/ld: cannot find -lopen-pal: No such file or directory
-lmpi: No such file or directory
/usr/bin/ld: cannot find -lhwloc: No such file or directory
/usr/bin/ld: cannot find -levent_core: No such file or directory
/usr/bin/ld: cannot find -lopen-rte/usr/bin/ld: cannot find -levent_pthreads: No such file or directory
: No such file or directory
/usr/bin/ld: cannot find -lz: No such file or directory
/usr/bin/ld: cannot find -lopen-pal: No such file or directory
/usr/bin/ld: cannot find -lhwloc: No such file or directory
/usr/bin/ld: cannot find -levent_core: No such file or directory
/usr/bin/ld: cannot find -levent_pthreads: No such file or directory
/usr/bin/ld: cannot find -lz: No such file or directory
collect2: error: ld returned 1 exit status
collect2: error: ld returned 1 exit status
collect2: error: ld returned 1 exit status
JIT compile failed.
JIT compile failed.
JIT compile failed.
collect2: error: ld returned 1 exit status
collect2: error: ld returned 1 exit status
collect2: error: ld returned 1 exit status
JIT compile failed.
collect2: error: ld returned 1 exit status
JIT compile failed.
JIT compile failed.
collect2: error: ld returned 1 exit status
JIT compile failed.
JIT compile failed.
/usr/bin/ld: cannot find -lmpi_cxx: No such file or directory
/usr/bin/ld: cannot find -lmpi: No such file or directory
/usr/bin/ld: cannot find -lopen-rte: No such file or directory
/usr/bin/ld: cannot find -lopen-pal: No such file or directory
/usr/bin/ld: cannot find -lhwloc: No such file or directory
/usr/bin/ld: cannot find -levent_core: No such file or directory
/usr/bin/ld: cannot find -levent_pthreads: No such file or directory
/usr/bin/ld: cannot find -lz: No such file or directory
/usr/bin/ld: cannot find -lmpi_cxx: No such file or directory
/usr/bin/ld: cannot find -lmpi: No such file or directory
/usr/bin/ld: cannot find -lopen-rte: No such file or directory
/usr/bin/ld: cannot find -lopen-pal: No such file or directory
/usr/bin/ld: cannot find -lhwloc: No such file or directory
/usr/bin/ld: cannot find -levent_core: No such file or directory
/usr/bin/ld: cannot find -levent_pthreads: No such file or directory
/usr/bin/ld: cannot find -lmpi_cxx: No such file or directory
/usr/bin/ld: cannot find -lmpi: No such file or directory
/usr/bin/ld: cannot find -lopen-rte: No such file or directory
/usr/bin/ld: cannot find -lopen-pal: No such file or directory
/usr/bin/ld: cannot find -lhwloc: No such file or directory
/usr/bin/ld: cannot find -levent_core: No such file or directory
/usr/bin/ld: cannot find -levent_pthreads: No such file or directory
/usr/bin/ld: cannot find -lmpi_cxx: No such file or directory
/usr/bin/ld: cannot find -lmpi: No such file or directory
/usr/bin/ld: cannot find -lopen-rte: No such file or directory
/usr/bin/ld: cannot find -lopen-pal: No such file or directory
/usr/bin/ld: cannot find -lhwloc: No such file or directory
/usr/bin/ld: cannot find -levent_core: No such file or directory
/usr/bin/ld: cannot find -lmpi_cxx: No such file or directory
/usr/bin/ld: cannot find -lmpi: No such file or directory
/usr/bin/ld: cannot find -lopen-rte: No such file or directory
/usr/bin/ld: cannot find -lopen-pal: No such file or directory
/usr/bin/ld: cannot find -lhwloc: No such file or directory
/usr/bin/ld: cannot find -levent_core: No such file or directory
/usr/bin/ld: cannot find -levent_pthreads: No such file or directory
/usr/bin/ld: cannot find -lz: No such file or directory
/usr/bin/ld: cannot find -levent_pthreads: No such file or directory
/usr/bin/ld: cannot find -lz: No such file or directory
/usr/bin/ld: cannot find -lz: No such file or directory
/usr/bin/ld: cannot find -lz: No such file or directory
/usr/bin/ld: cannot find -lmpi_cxx: No such file or directory
/usr/bin/ld: cannot find -lmpi: No such file or directory
/usr/bin/ld: cannot find -lopen-rte: No such file or directory
/usr/bin/ld: cannot find -lopen-pal: No such file or directory
/usr/bin/ld: cannot find -lhwloc: No such file or directory
/usr/bin/ld: cannot find -levent_core: No such file or directory
/usr/bin/ld: cannot find -levent_pthreads: No such file or directory
/usr/bin/ld: cannot find -lz: No such file or directory
/usr/bin/ld: cannot find -lmpi_cxx: No such file or directory
/usr/bin/ld: cannot find -lmpi: No such file or directory
/usr/bin/ld: cannot find -lopen-rte: No such file or directory
/usr/bin/ld: cannot find -lopen-pal: No such file or directory
/usr/bin/ld: cannot find -lhwloc: No such file or directory
/usr/bin/ld: cannot find -levent_core: No such file or directory
/usr/bin/ld: cannot find -levent_pthreads: No such file or directory
/usr/bin/ld: cannot find -lz: No such file or directory
collect2: error: ld returned 1 exit status
collect2: error: ld returned 1 exit status
collect2: error: ld returned 1 exit status
collect2: error: ld returned 1 exit status
collect2: error: ld returned 1 exit status
JIT compile failed.
JIT compile failed.
JIT compile failed.
JIT compile failed.
JIT compile failed.
collect2: error: ld returned 1 exit status
JIT compile failed.
collect2: error: ld returned 1 exit status
JIT compile failed.
/usr/bin/ld: cannot find -lmpi_cxx: No such file or directory
/usr/bin/ld: cannot find -lmpi: No such file or directory
/usr/bin/ld: cannot find -lopen-rte: No such file or directory
/usr/bin/ld: cannot find -lopen-pal: No such file or directory
/usr/bin/ld: cannot find -lhwloc: No such file or directory
/usr/bin/ld: cannot find -levent_core: No such file or directory
/usr/bin/ld: cannot find -levent_pthreads: No such file or directory
/usr/bin/ld: cannot find -lz: No such file or directory
collect2: error: ld returned 1 exit status
JIT compile failed.
/usr/bin/ld/usr/bin/ld: cannot find -lmpi_cxx: No such file or directory
/usr/bin/ld: cannot find -lmpi_cxx: No such file or directory
/usr/bin/ld: cannot find -lmpi_cxx: : cannot find -lmpi_cxx: No such file or directory
No such file or directory
/usr/bin/ld: cannot find -lmpi: No such file or directory
/usr/bin/ld: cannot find -lmpi: No such file or directory
/usr/bin/ld: cannot find -lmpi: No such file or directory
/usr/bin/ld: cannot find -lmpi/usr/bin/ld: cannot find -lopen-rte: No such file or directory
: No such file or directory
/usr/bin/ld: cannot find /usr/bin/ld: cannot find -lopen-rte: No such file or directory
-lopen-rte: /usr/bin/ld: cannot find -lopen-pal: No such file or directory
No such file or directory
/usr/bin/ld: cannot find -lopen-rte: No such file or directory
/usr/bin/ld: cannot find /usr/bin/ld: cannot find -lmpi_cxx: -lopen-pal/usr/bin/ld: cannot find -lopen-pal: No such file or directory
/usr/bin/ld: cannot find -lhwloc: No such file or directory
: No such file or directory
/usr/bin/ld: cannot find -lmpi_cxx: No such file or directory
No such file or directory
/usr/bin/ld/usr/bin/ld: cannot find -lmpi_cxx: : cannot find -lopen-pal: No such file or directory
No such file or directory/usr/bin/ld: cannot find -lhwloc: No such file or directory
/usr/bin/ld: cannot find -lmpi: No such file or directory
/usr/bin/ld: cannot find -levent_core: No such file or directory
/usr/bin/ld/usr/bin/ld: cannot find -lhwloc: No such file or directory

: cannot find -lmpi: /usr/bin/ld: cannot find -lhwloc: No such file or directory
/usr/bin/ld: cannot find -levent_core: No such file or directory
No such file or directory
/usr/bin/ld/usr/bin/ld: cannot find -lopen-rte: No such file or directory
/usr/bin/ld: cannot find -levent_core: No such file or directory
: cannot find -levent_pthreads: No such file or directory
/usr/bin/ld/usr/bin/ld: cannot find -lmpi: No such file or directory
/usr/bin/ld: cannot find -levent_pthreads: No such file or directory
: cannot find /usr/bin/ld: cannot find -lopen-rte: No such file or directory
-levent_core: /usr/bin/ld: cannot find -lopen-pal: No such file or directory
No such file or directory
/usr/bin/ld: cannot find -levent_pthreads: No such file or directory
/usr/bin/ld: cannot find -lz: No such file or directory
/usr/bin/ld/usr/bin/ld: cannot find -lopen-pal: No such file or directory
: cannot find -lz: /usr/bin/ld: cannot find -lhwloc: No such file or directory
No such file or directory/usr/bin/ld: cannot find -lz: No such file or directory
/usr/bin/ld: cannot find -lopen-rte: No such file or directory

/usr/bin/ld: cannot find -levent_pthreads: No such file or directory
/usr/bin/ld: cannot find -lhwloc: No such file or directory
/usr/bin/ld: cannot find -levent_core: No such file or directory
/usr/bin/ld: cannot find -lz: No such file or directory
/usr/bin/ld: cannot find -levent_core: No such file or directory
/usr/bin/ld: cannot find -levent_pthreads: No such file or directory
/usr/bin/ld/usr/bin/ld: cannot find -lopen-pal: No such file or directory
: cannot find -lmpi_cxx: /usr/bin/ld: cannot find -levent_pthreads: No such file or directory
/usr/bin/ld: cannot find -lz: No such file or directory
/usr/bin/ld: cannot find -lz: No such file or directory
/usr/bin/ld: cannot find -lhwloc: No such file or directoryNo such file or directory
/usr/bin/ld: cannot find -lmpi: No such file or directory

/usr/bin/ld: cannot find -levent_core: No such file or directory
/usr/bin/ld: cannot find -lopen-rte: No such file or directory
/usr/bin/ld: cannot find -levent_pthreads: No such file or directory
/usr/bin/ld: cannot find -lopen-pal: No such file or directory
/usr/bin/ld: cannot find -lhwloc: No such file or directory
/usr/bin/ld: cannot find -lz: No such file or directory
collect2: error: ld returned 1 exit status
/usr/bin/ld: cannot find -levent_core: No such file or directory
/usr/bin/ld: cannot find -levent_pthreads: No such file or directory
/usr/bin/ld: cannot find -lz: No such file or directory
collect2: error: ld returned 1 exit status
collect2: error: ld returned 1 exit status
collect2: error: ld returned 1 exit status
collect2: error: ld returned 1 exit status
JIT compile failed.
collect2: error: ld returned 1 exit status
JIT compile failed.
JIT compile failed.
JIT compile failed.
collect2: error: ld returned 1 exit status
JIT compile failed.
JIT compile failed.
JIT compile failed.
collect2: error: ld returned 1 exit status
JIT compile failed.
/usr/bin/ld: cannot find -lmpi_cxx: No such file or directory
/usr/bin/ld: cannot find -lmpi: No such file or directory
/usr/bin/ld: cannot find -lopen-rte: No such file or directory
/usr/bin/ld: cannot find -lopen-pal: No such file or directory
/usr/bin/ld: cannot find -lhwloc: No such file or directory
/usr/bin/ld: cannot find -levent_core: No such file or directory
/usr/bin/ld: cannot find -levent_pthreads: No such file or directory
/usr/bin/ld: cannot find -lmpi_cxx: No such file or directory
/usr/bin/ld: cannot find -lmpi: No such file or directory
/usr/bin/ld: cannot find -lopen-rte: No such file or directory
/usr/bin/ld: cannot find -lopen-pal: No such file or directory
/usr/bin/ld: cannot find -lhwloc: No such file or directory
/usr/bin/ld: cannot find -levent_core: No such file or directory
/usr/bin/ld: cannot find -levent_pthreads: No such file or directory
/usr/bin/ld: cannot find -lz: No such file or directory
/usr/bin/ld: cannot find -lmpi_cxx: No such file or directory
/usr/bin/ld: cannot find -lmpi: No such file or directory
/usr/bin/ld: cannot find -lopen-rte: No such file or directory
/usr/bin/ld: cannot find -lopen-pal: No such file or directory
/usr/bin/ld: cannot find -lhwloc: No such file or directory
/usr/bin/ld: cannot find -levent_core: No such file or directory
/usr/bin/ld: cannot find -levent_pthreads: No such file or directory
/usr/bin/ld: cannot find -lz: No such file or directory
/usr/bin/ld: cannot find -lmpi_cxx: No such file or directory
/usr/bin/ld: cannot find -lmpi: No such file or directory
/usr/bin/ld: cannot find -lopen-rte: No such file or directory
/usr/bin/ld: cannot find -lopen-pal: No such file or directory
/usr/bin/ld: cannot find -lhwloc: No such file or directory
/usr/bin/ld: cannot find -levent_core: No such file or directory
/usr/bin/ld: cannot find -levent_pthreads: No such file or directory
/usr/bin/ld: cannot find -lz: No such file or directory
/usr/bin/ld: cannot find -lmpi_cxx: No such file or directory
/usr/bin/ld: cannot find -lmpi: No such file or directory
/usr/bin/ld: cannot find -lopen-rte: No such file or directory
/usr/bin/ld: cannot find -lopen-pal: No such file or directory
/usr/bin/ld: cannot find -lhwloc: No such file or directory
/usr/bin/ld: cannot find -levent_core: No such file or directory
/usr/bin/ld: cannot find -levent_pthreads: No such file or directory
/usr/bin/ld: cannot find -lz: No such file or directory
/usr/bin/ld: cannot find -lmpi_cxx: No such file or directory
/usr/bin/ld: cannot find -lmpi: No such file or directory
/usr/bin/ld: cannot find -lopen-rte: No such file or directory
/usr/bin/ld: cannot find -lopen-pal: No such file or directory
/usr/bin/ld: cannot find -lhwloc: No such file or directory
/usr/bin/ld: cannot find -levent_core: No such file or directory
/usr/bin/ld: cannot find -levent_pthreads: No such file or directory
/usr/bin/ld: cannot find -lz: No such file or directory
/usr/bin/ld: cannot find -lmpi_cxx: No such file or directory
/usr/bin/ld: cannot find -lmpi: No such file or directory
/usr/bin/ld: cannot find -lopen-rte: No such file or directory
/usr/bin/ld: cannot find -lopen-pal: No such file or directory
/usr/bin/ld: cannot find -lhwloc: No such file or directory
/usr/bin/ld: cannot find -levent_core: No such file or directory
/usr/bin/ld: cannot find -levent_pthreads: No such file or directory
/usr/bin/ld: cannot find -lz: No such file or directory
/usr/bin/ld: cannot find -lz: No such file or directory
/usr/bin/ld: cannot find -lmpi_cxx: No such file or directory
/usr/bin/ld: cannot find -lmpi: No such file or directory
/usr/bin/ld: cannot find -lopen-rte: No such file or directory
/usr/bin/ld: cannot find -lopen-pal: No such file or directory
/usr/bin/ld: cannot find -lhwloc: No such file or directory
/usr/bin/ld: cannot find -levent_core: No such file or directory
/usr/bin/ld: cannot find -levent_pthreads: No such file or directory
/usr/bin/ld: cannot find -lz: No such file or directory
collect2: error: ld returned 1 exit status
collect2: error: ld returned 1 exit status
collect2: error: ld returned 1 exit status
collect2: error: ld returned 1 exit status
collect2: error: ld returned 1 exit status
JIT compile failed.
collect2: error: ld returned 1 exit status
collect2: error: ld returned 1 exit status
JIT compile failed.
JIT compile failed.
JIT compile failed.
JIT compile failed.
JIT compile failed.
JIT compile failed.
collect2: error: ld returned 1 exit status
JIT compile failed.
/usr/bin/ld: cannot find -lmpi_cxx: No such file or directory
/usr/bin/ld: cannot find -lmpi: No such file or directory
/usr/bin/ld: cannot find -lopen-rte: No such file or directory
/usr/bin/ld: cannot find -lmpi_cxx: No such file or directory
/usr/bin/ld: cannot find -lmpi: No such file or directory
/usr/bin/ld: cannot find -lopen-rte: No such file or directory
/usr/bin/ld: cannot find -lopen-pal: No such file or directory
/usr/bin/ld: cannot find -lhwloc: No such file or directory
/usr/bin/ld: cannot find -levent_core: No such file or directory
/usr/bin/ld: cannot find -levent_pthreads: No such file or directory
/usr/bin/ld: cannot find -lz: No such file or directory
/usr/bin/ld: cannot find -lmpi_cxx: No such file or directory
/usr/bin/ld: cannot find -lmpi: No such file or directory
/usr/bin/ld: cannot find -lopen-rte: No such file or directory
/usr/bin/ld: cannot find -lopen-pal: No such file or directory
/usr/bin/ld: cannot find -lhwloc: No such file or directory
/usr/bin/ld: cannot find -levent_core: No such file or directory
/usr/bin/ld: cannot find -levent_pthreads: No such file or directory
/usr/bin/ld: cannot find -lz: No such file or directory
/usr/bin/ld: cannot find -lmpi_cxx: No such file or directory
/usr/bin/ld: cannot find -lmpi: No such file or directory
/usr/bin/ld: cannot find -lopen-rte: No such file or directory
/usr/bin/ld: cannot find -lopen-pal: No such file or directory
/usr/bin/ld: cannot find -lhwloc: No such file or directory
/usr/bin/ld: cannot find -levent_core: No such file or directory
/usr/bin/ld: cannot find -levent_pthreads: No such file or directory
/usr/bin/ld: cannot find -lz: No such file or directory
/usr/bin/ld: cannot find -lmpi_cxx: No such file or directory
/usr/bin/ld: cannot find -lmpi: No such file or directory
/usr/bin/ld: cannot find -lopen-rte: No such file or directory
/usr/bin/ld: cannot find -lopen-pal: No such file or directory
/usr/bin/ld: cannot find -lhwloc: No such file or directory
/usr/bin/ld: cannot find -levent_core: No such file or directory
/usr/bin/ld: cannot find -levent_pthreads: No such file or directory
/usr/bin/ld: cannot find -lmpi_cxx: No such file or directory
/usr/bin/ld: cannot find -lmpi: No such file or directory
/usr/bin/ld: cannot find -lopen-rte: No such file or directory
/usr/bin/ld: cannot find -lopen-pal: No such file or directory
/usr/bin/ld: cannot find -lhwloc: No such file or directory
/usr/bin/ld: cannot find -lmpi_cxx: No such file or directory
/usr/bin/ld: cannot find -lmpi: No such file or directory
/usr/bin/ld: cannot find -lopen-rte: No such file or directory
/usr/bin/ld: cannot find -lopen-pal: No such file or directory
/usr/bin/ld: cannot find -lhwloc: No such file or directory
/usr/bin/ld: cannot find -levent_core: No such file or directory
/usr/bin/ld: cannot find -levent_pthreads: No such file or directory
/usr/bin/ld: cannot find -lz: No such file or directory
/usr/bin/ld: cannot find -lmpi_cxx: No such file or directory
/usr/bin/ld: cannot find -lmpi: No such file or directory
/usr/bin/ld: cannot find -lopen-rte: No such file or directory
/usr/bin/ld: cannot find -lopen-pal: No such file or directory
/usr/bin/ld: cannot find -lhwloc: No such file or directory
/usr/bin/ld: cannot find -levent_core: No such file or directory
/usr/bin/ld: cannot find -lopen-pal: No such file or directory
/usr/bin/ld/usr/bin/ld: cannot find -levent_pthreads: No such file or directory
: cannot find -lz: No such file or directory
/usr/bin/ld: cannot find /usr/bin/ld: cannot find -lhwloc: No such file or directory
/usr/bin/ld: cannot find -lz: No such file or directory
-levent_core: No such file or directory/usr/bin/ld: cannot find -levent_core: No such file or directory

/usr/bin/ld: cannot find -levent_pthreads: No such file or directory
/usr/bin/ld: cannot find -levent_pthreads: No such file or directory/usr/bin/ld: cannot find -lz: No such file or directory

/usr/bin/ld: cannot find -lz: No such file or directory
collect2: error: ld returned 1 exit status
collect2: error: ld returned 1 exit status
collect2: error: ld returned 1 exit status
collect2: error: ld returned 1 exit status
collect2: error: ld returned 1 exit status
collect2: error: ld returned 1 exit status
JIT compile failed.
collect2: error: ld returned 1 exit status
JIT compile failed.
collect2: error: ld returned 1 exit status
JIT compile failed.
JIT compile failed.
JIT compile failed.
JIT compile failed.
JIT compile failed.
JIT compile failed.
/usr/bin/ld: cannot find -lmpi_cxx: /usr/bin/ld/usr/bin/ld: cannot find -lmpi_cxx: No such file or directory
/usr/bin/ld: cannot find -lmpi_cxx: No such file or directory
/usr/bin/ld: cannot find -lmpi_cxx: No such file or directory
No such file or directory
/usr/bin/ld: cannot find -lmpi_cxx: No such file or directory
: cannot find -lmpi_cxx: No such file or directory
/usr/bin/ld: cannot find -lmpi: No such file or directory
/usr/bin/ld: cannot find -lmpi: No such file or directory
/usr/bin/ld/usr/bin/ld: cannot find -lmpi: No such file or directory
: cannot find -lmpi: No such file or directory
/usr/bin/ld/usr/bin/ld: cannot find -lmpi: No such file or directory
/usr/bin/ld/usr/bin/ld: cannot find -lopen-rte: No such file or directory
/usr/bin/ld: cannot find -lopen-rte: No such file or directory
: cannot find -lopen-rte: No such file or directory/usr/bin/ld: cannot find -lopen-rte: No such file or directory

/usr/bin/ld: cannot find -lmpi: No such file or directory
/usr/bin/ld: cannot find -lopen-rte: No such file or directory
: cannot find /usr/bin/ld: cannot find -lopen-pal: No such file or directory
/usr/bin/ld: cannot find -lmpi_cxx: -lopen-pal: No such file or directory/usr/bin/ld: cannot find -lopen-pal: No such file or directory
No such file or directory

/usr/bin/ld: cannot find -lopen-pal: No such file or directory
/usr/bin/ld/usr/bin/ld: cannot find -lopen-pal: No such file or directory
/usr/bin/ld: cannot find -lhwloc: No such file or directory
/usr/bin/ld: cannot find -lmpi: No such file or directory
/usr/bin/ld: cannot find /usr/bin/ld: cannot find -lhwloc: No such file or directory
/usr/bin/ld: cannot find -lhwloc: No such file or directory
-lhwloc: No such file or directory/usr/bin/ld: cannot find -lhwloc: No such file or directory

/usr/bin/ld: cannot find -levent_core: No such file or directory
: cannot find -lopen-rte/usr/bin/ld: cannot find -lopen-rte: No such file or directory
: /usr/bin/ld: cannot find -levent_core: No such file or directory
No such file or directory/usr/bin/ld: cannot find -levent_core: No such file or directory

/usr/bin/ld: cannot find /usr/bin/ld: cannot find -levent_core: No such file or directory
/usr/bin/ld: cannot find -levent_pthreads: No such file or directory
-levent_core: No such file or directory
/usr/bin/ld/usr/bin/ld: cannot find -levent_pthreads: No such file or directory
/usr/bin/ld: cannot find -levent_pthreads: No such file or directory
/usr/bin/ld: cannot find -lopen-pal: No such file or directory
: cannot find -lopen-pal: No such file or directory
/usr/bin/ld/usr/bin/ld: cannot find -lz: No such file or directory
: cannot find -levent_pthreads: No such file or directory/usr/bin/ld: cannot find -levent_pthreads: No such file or directory

/usr/bin/ld: cannot find -lz: No such file or directory
/usr/bin/ld/usr/bin/ld: cannot find -lz: No such file or directory
/usr/bin/ld: cannot find -lhwloc: No such file or directory/usr/bin/ld: cannot find -lz: No such file or directory

/usr/bin/ld: cannot find -lz: No such file or directory
/usr/bin/ld: cannot find -levent_core: No such file or directory
/usr/bin/ld: cannot find -lhwloc: No such file or directory
: cannot find -lmpi_cxx: No such file or directory
/usr/bin/ld: cannot find -levent_pthreads: No such file or directory/usr/bin/ld
: cannot find /usr/bin/ld: cannot find -lmpi: No such file or directory
/usr/bin/ld: cannot find -lz: No such file or directory-levent_core: No such file or directory

/usr/bin/ld: cannot find -lopen-rte: No such file or directory
/usr/bin/ld: cannot find -levent_pthreads: No such file or directory
/usr/bin/ld/usr/bin/ld: cannot find -lopen-pal: No such file or directory
: cannot find -lz/usr/bin/ld: No such file or directory
: cannot find -lhwloc: No such file or directory
/usr/bin/ld: cannot find -levent_core: No such file or directory
/usr/bin/ld: cannot find -levent_pthreads: No such file or directory
/usr/bin/ld: cannot find -lz: No such file or directory
collect2: error: ld returned 1 exit status
collect2: error: ld returned 1 exit status
collect2: error: ld returned 1 exit status
collect2: error: ld returned 1 exit status
collect2: error: ld returned 1 exit status
JIT compile failed.
JIT compile failed.
JIT compile failed.
JIT compile failed.
JIT compile failed.
collect2: error: ld returned 1 exit status
collect2: error: ld returned 1 exit status
collect2: error: ld returned 1 exit status
JIT compile failed.
JIT compile failed.
JIT compile failed.
/usr/bin/ld/usr/bin/ld: cannot find -lmpi_cxx: No such file or directory
: cannot find /usr/bin/ld: cannot find -lmpi_cxx: -lmpi_cxx: No such file or directory
No such file or directory
/usr/bin/ld: cannot find /usr/bin/ld: cannot find -lmpi: No such file or directory
/usr/bin/ld: cannot find -lopen-rte: No such file or directory
/usr/bin/ld: cannot find -lopen-pal: No such file or directory
/usr/bin/ld: cannot find -lhwloc: No such file or directory
/usr/bin/ld: cannot find -levent_core: No such file or directory
/usr/bin/ld: cannot find -levent_pthreads: No such file or directory
/usr/bin/ld: cannot find -lz: No such file or directory
/usr/bin/ld: cannot find -lmpi_cxx: No such file or directory
/usr/bin/ld: cannot find -lmpi: No such file or directory
/usr/bin/ld: cannot find -lopen-rte: No such file or directory
/usr/bin/ld: cannot find -lopen-pal: No such file or directory
/usr/bin/ld: cannot find -lhwloc: No such file or directory
/usr/bin/ld: cannot find -levent_core: No such file or directory
/usr/bin/ld: cannot find -levent_pthreads: No such file or directory
/usr/bin/ld: cannot find -lz: No such file or directory
/usr/bin/ld: cannot find -lmpi_cxx: No such file or directory
/usr/bin/ld: cannot find -lmpi: No such file or directory
/usr/bin/ld: cannot find -lopen-rte: No such file or directory
/usr/bin/ld: cannot find -lopen-pal: No such file or directory
/usr/bin/ld: cannot find -lhwloc: No such file or directory
/usr/bin/ld: cannot find -levent_core: No such file or directory
/usr/bin/ld: cannot find -levent_pthreads: No such file or directory
/usr/bin/ld: cannot find -lz: No such file or directory
/usr/bin/ld: cannot find -lmpi_cxx: No such file or directory
/usr/bin/ld: cannot find -lmpi: No such file or directory
/usr/bin/ld: cannot find -lopen-rte: No such file or directory
/usr/bin/ld: cannot find -lopen-pal: No such file or directory
/usr/bin/ld: cannot find -lhwloc: No such file or directory
/usr/bin/ld: cannot find -levent_core: No such file or directory
/usr/bin/ld: cannot find -levent_pthreads: No such file or directory
/usr/bin/ld: cannot find -lz: No such file or directory
/usr/bin/ld: cannot find -lmpi: No such file or directory
/usr/bin/ld: cannot find -lopen-rte: No such file or directory
/usr/bin/ld: cannot find -lopen-pal: No such file or directory
/usr/bin/ld: cannot find -lhwloc: No such file or directory
/usr/bin/ld: cannot find -levent_core: No such file or directory
/usr/bin/ld: cannot find -levent_pthreads: No such file or directory
/usr/bin/ld: cannot find -lz: No such file or directory
/usr/bin/ld: cannot find -lmpi_cxx: No such file or directory
/usr/bin/ld: cannot find -lmpi: No such file or directory
/usr/bin/ld: cannot find -lopen-rte: No such file or directory
/usr/bin/ld: cannot find -lopen-pal: No such file or directory
/usr/bin/ld: cannot find -lhwloc: No such file or directory
/usr/bin/ld: cannot find -levent_core: No such file or directory
/usr/bin/ld: cannot find -levent_pthreads: No such file or directory
/usr/bin/ld: cannot find -lz: No such file or directory
-lmpi: No such file or directory
/usr/bin/ld: cannot find -lopen-rte: No such file or directory
/usr/bin/ld: cannot find -lopen-pal: No such file or directory
/usr/bin/ld: cannot find -lhwloc: No such file or directory
/usr/bin/ld: cannot find -levent_core: No such file or directory
/usr/bin/ld: cannot find -levent_pthreads: No such file or directory
/usr/bin/ld: cannot find -lz: No such file or directory
/usr/bin/ld: cannot find -lmpi_cxx: No such file or directory
/usr/bin/ld: cannot find -lmpi: No such file or directory
/usr/bin/ld: cannot find -lopen-rte: No such file or directory
/usr/bin/ld: cannot find -lopen-pal: No such file or directory
/usr/bin/ld: cannot find -lhwloc: No such file or directory
/usr/bin/ld: cannot find -levent_core: No such file or directory
/usr/bin/ld: cannot find -levent_pthreads: No such file or directory
/usr/bin/ld: cannot find -lz: No such file or directory
collect2: error: ld returned 1 exit status
collect2: error: ld returned 1 exit status
collect2: error: ld returned 1 exit status
collect2: error: ld returned 1 exit status
collect2: error: ld returned 1 exit status
collect2: error: ld returned 1 exit status
collect2: error: ld returned 1 exit status
JIT compile failed.
JIT compile failed.
JIT compile failed.
JIT compile failed.
JIT compile failed.
JIT compile failed.
collect2: error: ld returned 1 exit status
JIT compile failed.
JIT compile failed.
/usr/bin/ld: cannot find -lmpi_cxx: /usr/bin/ld: cannot find -lmpi_cxx: No such file or directory
/usr/bin/ld: cannot find -lmpi_cxx: No such file or directory
No such file or directory
/usr/bin/ld: cannot find -lmpi_cxx: /usr/bin/ld: cannot find -lmpi: No such file or directory
/usr/bin/ld: cannot find -lmpi: No such file or directory
No such file or directory
/usr/bin/ld: cannot find -lmpi: No such file or directory
/usr/bin/ld: cannot find -lmpi_cxx: /usr/bin/ld: cannot find -lopen-rte: No such file or directory
/usr/bin/ld: cannot find -lopen-rte: No such file or directory
No such file or directory
/usr/bin/ld: cannot find -lopen-rte: No such file or directory
/usr/bin/ld: cannot find -lmpi_cxx: /usr/bin/ld: cannot find -lopen-pal: No such file or directory
/usr/bin/ld: cannot find -lopen-pal: No such file or directory
/usr/bin/ld: cannot find -lmpi: No such file or directory
/usr/bin/ld: cannot find -lmpi: No such file or directory
/usr/bin/ld: cannot find -lopen-pal: No such file or directory
No such file or directory
/usr/bin/ld: cannot find -lmpi: /usr/bin/ld: cannot find -lopen-rte: No such file or directory
No such file or directory/usr/bin/ld: cannot find -lopen-rte: No such file or directory
/usr/bin/ld/usr/bin/ld: cannot find -lhwloc: No such file or directory
/usr/bin/ld: cannot find -lhwloc: No such file or directory

: cannot find -lhwloc: No such file or directory
/usr/bin/ld: cannot find -lopen-pal: No such file or directory
/usr/bin/ld: cannot find -lopen-rte: No such file or directory
/usr/bin/ld: cannot find -levent_core: No such file or directory
/usr/bin/ld: cannot find -lopen-pal: No such file or directory
/usr/bin/ld: cannot find -levent_core: No such file or directory
/usr/bin/ld: cannot find -levent_core: No such file or directory
/usr/bin/ld: cannot find -lhwloc: No such file or directory
/usr/bin/ld: cannot find -lopen-pal: No such file or directory
/usr/bin/ld: cannot find -levent_pthreads: No such file or directory
/usr/bin/ld: cannot find -levent_pthreads: No such file or directory
/usr/bin/ld: cannot find -lhwloc: No such file or directory
/usr/bin/ld: cannot find -levent_pthreads: No such file or directory
/usr/bin/ld: cannot find -levent_core: No such file or directory
/usr/bin/ld: cannot find -lz: No such file or directory
/usr/bin/ld: cannot find -lhwloc: No such file or directory
/usr/bin/ld: cannot find -lz: No such file or directory
/usr/bin/ld: cannot find -lz: No such file or directory
/usr/bin/ld: cannot find -levent_core: No such file or directory
/usr/bin/ld: cannot find -levent_pthreads: No such file or directory
/usr/bin/ld: cannot find -levent_core: No such file or directory
/usr/bin/ld: cannot find -levent_pthreads: No such file or directory
/usr/bin/ld: cannot find -lz: No such file or directory
/usr/bin/ld: cannot find -levent_pthreads: No such file or directory
/usr/bin/ld: cannot find -lz: No such file or directory
/usr/bin/ld: cannot find -lz: No such file or directory
/usr/bin/ld: cannot find -lmpi_cxx: No such file or directory
/usr/bin/ld: cannot find -lmpi: No such file or directory
/usr/bin/ld: cannot find -lopen-rte: No such file or directory
/usr/bin/ld: cannot find -lopen-pal: No such file or directory
/usr/bin/ld: cannot find -lmpi_cxx: No such file or directory
/usr/bin/ld: cannot find -lmpi: No such file or directory
/usr/bin/ld: cannot find -lopen-rte: No such file or directory
/usr/bin/ld: cannot find -lopen-pal: No such file or directory
/usr/bin/ld: cannot find -lhwloc: No such file or directory
/usr/bin/ld: cannot find -levent_core: No such file or directory
/usr/bin/ld: cannot find -levent_pthreads: No such file or directory
/usr/bin/ld: cannot find -lz: No such file or directory
/usr/bin/ld: cannot find -lhwloc: No such file or directory
/usr/bin/ld: cannot find -levent_core: No such file or directory
/usr/bin/ld: cannot find -levent_pthreads: No such file or directory
/usr/bin/ld: cannot find -lz: No such file or directory
collect2: error: ld returned 1 exit status
collect2: error: ld returned 1 exit status
collect2: error: ld returned 1 exit status
collect2: error: ld returned 1 exit status
collect2: error: ld returned 1 exit status
JIT compile failed.
JIT compile failed.
JIT compile failed.
JIT compile failed.
JIT compile failed.
collect2: error: ld returned 1 exit status
JIT compile failed.
collect2: error: ld returned 1 exit status
JIT compile failed.
collect2: error: ld returned 1 exit status
JIT compile failed.
/usr/bin/ld: cannot find -lmpi_cxx: /usr/bin/ld: cannot find -lmpi_cxx: No such file or directory
/usr/bin/ld: cannot find -lmpi_cxx: No such file or directory
No such file or directory
/usr/bin/ld: cannot find -lmpi: No such file or directory
/usr/bin/ld: cannot find -lmpi: No such file or directory
/usr/bin/ld: cannot find -lmpi: No such file or directory
/usr/bin/ld: cannot find -lopen-rte: No such file or directory
/usr/bin/ld: cannot find -lopen-rte: No such file or directory
/usr/bin/ld: cannot find -lopen-rte: No such file or directory
/usr/bin/ld: cannot find -lopen-pal: No such file or directory
/usr/bin/ld: cannot find -lopen-pal: No such file or directory
/usr/bin/ld: cannot find -lopen-pal: No such file or directory
/usr/bin/ld: cannot find -lhwloc: No such file or directory
/usr/bin/ld: cannot find -lhwloc: No such file or directory
/usr/bin/ld: cannot find -lhwloc: No such file or directory
/usr/bin/ld: cannot find -levent_core: No such file or directory
/usr/bin/ld: cannot find -levent_core: No such file or directory
/usr/bin/ld: cannot find -levent_core: No such file or directory
/usr/bin/ld: cannot find -levent_pthreads: No such file or directory
/usr/bin/ld: cannot find -levent_pthreads: No such file or directory
/usr/bin/ld: cannot find -levent_pthreads: No such file or directory
/usr/bin/ld: cannot find -lz: No such file or directory
/usr/bin/ld: cannot find -lz: No such file or directory
/usr/bin/ld: cannot find -lz: No such file or directory
/usr/bin/ld: cannot find -lmpi_cxx: No such file or directory
/usr/bin/ld: cannot find -lmpi: No such file or directory
/usr/bin/ld: cannot find -lmpi_cxx: /usr/bin/ld: cannot find -lopen-rte: No such file or directory
No such file or directory
/usr/bin/ld: cannot find -lopen-pal: No such file or directory
/usr/bin/ld: cannot find -lmpi: No such file or directory
/usr/bin/ld: cannot find -lhwloc: No such file or directory
/usr/bin/ld: cannot find -lopen-rte: No such file or directory
/usr/bin/ld: cannot find -levent_core: No such file or directory
/usr/bin/ld: cannot find -lopen-pal: No such file or directory
/usr/bin/ld: cannot find -levent_pthreads: No such file or directory
/usr/bin/ld: cannot find -lhwloc: No such file or directory
/usr/bin/ld: cannot find -lz: No such file or directory
/usr/bin/ld: cannot find -levent_core: No such file or directory
/usr/bin/ld: cannot find -levent_pthreads: No such file or directory
/usr/bin/ld: cannot find -lz: No such file or directory
/usr/bin/ld: cannot find -lmpi_cxx: No such file or directory
/usr/bin/ld: cannot find -lmpi: No such file or directory
/usr/bin/ld: cannot find -lopen-rte: No such file or directory
/usr/bin/ld: cannot find -lopen-pal: No such file or directory
/usr/bin/ld: cannot find -lhwloc: No such file or directory
/usr/bin/ld: cannot find -levent_core: No such file or directory
/usr/bin/ld: cannot find -levent_pthreads: No such file or directory
/usr/bin/ld: cannot find -lz: No such file or directory
collect2: error: ld returned 1 exit status
collect2: error: ld returned 1 exit status
collect2: error: ld returned 1 exit status
JIT compile failed.
JIT compile failed.
JIT compile failed.
collect2: error: ld returned 1 exit status
collect2: error: ld returned 1 exit status
JIT compile failed.
/usr/bin/ld: cannot find -lmpi_cxx: No such file or directory
/usr/bin/ld: cannot find -lmpi: No such file or directory
/usr/bin/ld: cannot find -lopen-rte: No such file or directory
/usr/bin/ld: cannot find -lopen-pal: No such file or directory
collect2: error: ld returned 1 exit status
/usr/bin/ld: cannot find -lhwloc: No such file or directory
/usr/bin/ld: cannot find -levent_core: No such file or directory
/usr/bin/ld: cannot find -levent_pthreads: No such file or directory
/usr/bin/ld: cannot find -lz: No such file or directory
JIT compile failed.
JIT compile failed.
/usr/bin/ld: cannot find -lmpi_cxx: No such file or directory
/usr/bin/ld: cannot find -lmpi: No such file or directory
/usr/bin/ld: cannot find -lopen-rte: No such file or directory
/usr/bin/ld: cannot find -lopen-pal: No such file or directory
/usr/bin/ld: cannot find -lhwloc: No such file or directory
/usr/bin/ld: cannot find -levent_core: No such file or directory
/usr/bin/ld: cannot find -levent_pthreads: No such file or directory
/usr/bin/ld: cannot find -lz: No such file or directory
collect2: error: ld returned 1 exit status
JIT compile failed.
collect2: error: ld returned 1 exit status
JIT compile failed.
/usr/bin/ld: cannot find -lmpi_cxx: No such file or directory
/usr/bin/ld: cannot find -lmpi: No such file or directory
/usr/bin/ld: cannot find -lopen-rte: No such file or directory
/usr/bin/ld: cannot find -lopen-pal: No such file or directory
/usr/bin/ld: cannot find -lhwloc: No such file or directory
/usr/bin/ld: cannot find -levent_core: No such file or directory
/usr/bin/ld: cannot find -levent_pthreads: No such file or directory
/usr/bin/ld: cannot find -lz: No such file or directory
/usr/bin/ld: cannot find -lmpi_cxx: No such file or directory
/usr/bin/ld: cannot find -lmpi: No such file or directory
/usr/bin/ld: cannot find -lopen-rte: No such file or directory
/usr/bin/ld: cannot find -lopen-pal: No such file or directory
/usr/bin/ld: cannot find -lhwloc: No such file or directory
/usr/bin/ld: cannot find -levent_core: No such file or directory
/usr/bin/ld: cannot find -levent_pthreads: No such file or directory
/usr/bin/ld: cannot find -lz: No such file or directory
/usr/bin/ld: cannot find -lmpi_cxx: No such file or directory
/usr/bin/ld: cannot find -lmpi: No such file or directory
/usr/bin/ld: cannot find -lopen-rte: No such file or directory
/usr/bin/ld: cannot find -lopen-pal: No such file or directory
/usr/bin/ld: cannot find -lhwloc: No such file or directory
/usr/bin/ld: cannot find -levent_core: No such file or directory
/usr/bin/ld: cannot find -levent_pthreads: No such file or directory
/usr/bin/ld: cannot find -lz: No such file or directory
/usr/bin/ld: cannot find -lmpi_cxx: No such file or directory
/usr/bin/ld: cannot find -lmpi: No such file or directory
/usr/bin/ld: cannot find -lopen-rte: No such file or directory
/usr/bin/ld: cannot find -lopen-pal: No such file or directory
/usr/bin/ld: cannot find -lhwloc: No such file or directory
/usr/bin/ld: cannot find -levent_core: No such file or directory
/usr/bin/ld: cannot find -levent_pthreads: No such file or directory
/usr/bin/ld: cannot find -lz: No such file or directory
/usr/bin/ld: cannot find -lmpi_cxx: No such file or directory
/usr/bin/ld: cannot find -lmpi: No such file or directory
/usr/bin/ld: cannot find -lopen-rte: No such file or directory
/usr/bin/ld: cannot find -lopen-pal: No such file or directory
/usr/bin/ld: cannot find -lhwloc: No such file or directory
/usr/bin/ld: cannot find -levent_core: No such file or directory
/usr/bin/ld: cannot find -levent_pthreads: No such file or directory
/usr/bin/ld: cannot find -lz: No such file or directory
/usr/bin/ld: cannot find -lmpi_cxx: No such file or directory
/usr/bin/ld: cannot find -lmpi: No such file or directory
/usr/bin/ld: cannot find -lopen-rte: No such file or directory
/usr/bin/ld: cannot find -lopen-pal: No such file or directory
/usr/bin/ld: cannot find -lhwloc: No such file or directory
/usr/bin/ld: cannot find -levent_core: No such file or directory
/usr/bin/ld: cannot find -levent_pthreads: No such file or directory
/usr/bin/ld: cannot find -lz: No such file or directory
/usr/bin/ld: cannot find -lmpi_cxx: No such file or directory
/usr/bin/ld: cannot find -lmpi: No such file or directory
/usr/bin/ld: cannot find -lopen-rte: No such file or directory
/usr/bin/ld: cannot find -lopen-pal: No such file or directory
/usr/bin/ld: cannot find -lhwloc: No such file or directory
/usr/bin/ld: cannot find -levent_core: No such file or directory
/usr/bin/ld: cannot find -levent_pthreads: No such file or directory
/usr/bin/ld: cannot find -lz: No such file or directory
/usr/bin/ld: cannot find -lmpi_cxx: No such file or directory
/usr/bin/ld: cannot find -lmpi: No such file or directory
/usr/bin/ld: cannot find -lopen-rte: No such file or directory
/usr/bin/ld: cannot find -lopen-pal: No such file or directory
/usr/bin/ld: cannot find -lhwloc: No such file or directory
/usr/bin/ld: cannot find -levent_core: No such file or directory
/usr/bin/ld: cannot find -levent_pthreads: No such file or directory
/usr/bin/ld: cannot find -lz: No such file or directory
collect2: error: ld returned 1 exit status
collect2: error: ld returned 1 exit status
collect2: error: ld returned 1 exit status
collect2: error: ld returned 1 exit status
collect2: error: ld returned 1 exit status
collect2: error: ld returned 1 exit status
collect2: error: ld returned 1 exit status
JIT compile failed.
JIT compile failed.
JIT compile failed.
JIT compile failed.
collect2: error: ld returned 1 exit status
JIT compile failed.
JIT compile failed.
JIT compile failed.
JIT compile failed.
/usr/bin/ld: cannot find -lmpi_cxx: No such file or directory
/usr/bin/ld: cannot find -lmpi: No such file or directory
/usr/bin/ld: cannot find -lopen-rte: No such file or directory
/usr/bin/ld: cannot find -lopen-pal: No such file or directory
/usr/bin/ld: cannot find -lhwloc: No such file or directory
/usr/bin/ld: cannot find -levent_core: No such file or directory
/usr/bin/ld: cannot find -levent_pthreads: No such file or directory
/usr/bin/ld: cannot find -lz: No such file or directory
/usr/bin/ld: cannot find -lmpi_cxx: No such file or directory
/usr/bin/ld: cannot find -lmpi: No such file or directory
/usr/bin/ld: cannot find -lopen-rte: No such file or directory
/usr/bin/ld: cannot find -lopen-pal: No such file or directory
/usr/bin/ld: cannot find -lhwloc: No such file or directory
/usr/bin/ld: cannot find -levent_core: No such file or directory
/usr/bin/ld: cannot find -levent_pthreads: No such file or directory
/usr/bin/ld: cannot find -lz: No such file or directory
/usr/bin/ld: cannot find -lmpi_cxx: No such file or directory
/usr/bin/ld: cannot find -lmpi: No such file or directory
/usr/bin/ld: cannot find -lopen-rte: No such file or directory
/usr/bin/ld: cannot find -lopen-pal: No such file or directory
/usr/bin/ld: cannot find -lhwloc: No such file or directory
/usr/bin/ld: cannot find -levent_core: No such file or directory
/usr/bin/ld: cannot find -levent_pthreads: No such file or directory
/usr/bin/ld: cannot find -lz: No such file or directory
/usr/bin/ld: cannot find -lmpi_cxx: No such file or directory
/usr/bin/ld: cannot find -lmpi: No such file or directory
/usr/bin/ld: cannot find -lopen-rte: No such file or directory
/usr/bin/ld: cannot find -lopen-pal: No such file or directory
/usr/bin/ld: cannot find -lhwloc: No such file or directory
/usr/bin/ld: cannot find -levent_core: No such file or directory
/usr/bin/ld: cannot find -levent_pthreads: No such file or directory
/usr/bin/ld: cannot find -lz: No such file or directory
/usr/bin/ld: cannot find -lmpi_cxx: No such file or directory
/usr/bin/ld: cannot find -lmpi: No such file or directory
/usr/bin/ld: cannot find -lopen-rte: No such file or directory
/usr/bin/ld: cannot find -lopen-pal: No such file or directory
/usr/bin/ld: cannot find -lhwloc: No such file or directory
/usr/bin/ld: cannot find -levent_core: No such file or directory
/usr/bin/ld: cannot find -levent_pthreads: No such file or directory
/usr/bin/ld: cannot find -lz: No such file or directory
/usr/bin/ld: cannot find -lmpi_cxx: No such file or directory
/usr/bin/ld: cannot find -lmpi: No such file or directory
/usr/bin/ld: cannot find -lopen-rte: No such file or directory
/usr/bin/ld: cannot find -lopen-pal: No such file or directory
/usr/bin/ld: cannot find -lhwloc: No such file or directory
/usr/bin/ld: cannot find -levent_core: No such file or directory
/usr/bin/ld: cannot find -levent_pthreads: No such file or directory
/usr/bin/ld: cannot find -lz: No such file or directory
/usr/bin/ld: cannot find -lmpi_cxx: No such file or directory
/usr/bin/ld: cannot find -lmpi: No such file or directory
/usr/bin/ld: cannot find -lopen-rte: No such file or directory
/usr/bin/ld: cannot find -lopen-pal: No such file or directory
/usr/bin/ld: cannot find -lhwloc: No such file or directory
/usr/bin/ld: cannot find -levent_core: No such file or directory
/usr/bin/ld: cannot find -levent_pthreads: No such file or directory
/usr/bin/ld: cannot find -lz: No such file or directory
/usr/bin/ld: cannot find -lmpi_cxx: No such file or directory
/usr/bin/ld: cannot find -lmpi: No such file or directory
/usr/bin/ld: cannot find -lopen-rte: No such file or directory
/usr/bin/ld: cannot find -lopen-pal: No such file or directory
/usr/bin/ld: cannot find -lhwloc: No such file or directory
/usr/bin/ld: cannot find -levent_core: No such file or directory
/usr/bin/ld: cannot find -levent_pthreads: No such file or directory
/usr/bin/ld: cannot find -lz: No such file or directory
collect2: error: ld returned 1 exit status
collect2: error: ld returned 1 exit status
collect2: error: ld returned 1 exit status
collect2: error: ld returned 1 exit status
JIT compile failed.
JIT compile failed.
collect2: error: ld returned 1 exit status
JIT compile failed.
collect2: error: ld returned 1 exit status
JIT compile failed.
JIT compile failed.
collect2: error: ld returned 1 exit status
JIT compile failed.
collect2: error: ld returned 1 exit status
JIT compile failed.
JIT compile failed.
/usr/bin/ld: cannot find -lmpi_cxx: No such file or directory
/usr/bin/ld: cannot find -lmpi: No such file or directory
/usr/bin/ld: cannot find -lopen-rte: No such file or directory
/usr/bin/ld: cannot find -lopen-pal: No such file or directory
/usr/bin/ld: cannot find -lhwloc: No such file or directory
/usr/bin/ld: cannot find -levent_core: No such file or directory
/usr/bin/ld: cannot find -levent_pthreads: No such file or directory
/usr/bin/ld: cannot find -lz: No such file or directory
/usr/bin/ld: cannot find -lmpi_cxx: No such file or directory
/usr/bin/ld: cannot find -lmpi: No such file or directory
/usr/bin/ld: cannot find -lopen-rte: No such file or directory
/usr/bin/ld: cannot find -lopen-pal: No such file or directory
/usr/bin/ld: cannot find -lhwloc: No such file or directory
/usr/bin/ld: cannot find -levent_core: No such file or directory
/usr/bin/ld: cannot find -levent_pthreads: No such file or directory
/usr/bin/ld: cannot find -lz: No such file or directory
/usr/bin/ld: cannot find -lmpi_cxx: No such file or directory
/usr/bin/ld: cannot find -lmpi: No such file or directory
/usr/bin/ld: cannot find -lopen-rte: No such file or directory
/usr/bin/ld: cannot find -lopen-pal: No such file or directory
/usr/bin/ld: cannot find -lhwloc: No such file or directory
/usr/bin/ld: cannot find -levent_core: No such file or directory
/usr/bin/ld: cannot find -levent_pthreads: No such file or directory
/usr/bin/ld: cannot find -lz: No such file or directory
/usr/bin/ld: cannot find -lmpi_cxx: No such file or directory
/usr/bin/ld: cannot find -lmpi: No such file or directory
/usr/bin/ld: cannot find -lopen-rte: No such file or directory
/usr/bin/ld: cannot find -lopen-pal: No such file or directory
/usr/bin/ld: cannot find -lhwloc: No such file or directory
/usr/bin/ld: cannot find -levent_core: No such file or directory
/usr/bin/ld: cannot find -levent_pthreads: No such file or directory
/usr/bin/ld: cannot find -lz: No such file or directory
/usr/bin/ld: cannot find -lmpi_cxx: No such file or directory
/usr/bin/ld: cannot find -lmpi: No such file or directory
/usr/bin/ld: cannot find -lopen-rte: No such file or directory
/usr/bin/ld: cannot find -lopen-pal: No such file or directory
/usr/bin/ld: cannot find -lhwloc: No such file or directory
/usr/bin/ld: cannot find -levent_core: No such file or directory
/usr/bin/ld: cannot find -levent_pthreads: No such file or directory
/usr/bin/ld: cannot find -lz: No such file or directory
/usr/bin/ld: cannot find -lmpi_cxx: No such file or directory
/usr/bin/ld: cannot find -lmpi: No such file or directory
/usr/bin/ld: cannot find -lopen-rte: No such file or directory
/usr/bin/ld: cannot find -lopen-pal: No such file or directory
/usr/bin/ld: cannot find -lhwloc: No such file or directory
/usr/bin/ld: cannot find -levent_core: No such file or directory
/usr/bin/ld: cannot find -levent_pthreads: No such file or directory
/usr/bin/ld: cannot find -lz: No such file or directory
/usr/bin/ld: cannot find -lmpi_cxx: No such file or directory
/usr/bin/ld: cannot find -lmpi: No such file or directory
/usr/bin/ld: cannot find -lopen-rte: No such file or directory
/usr/bin/ld: cannot find -lopen-pal: No such file or directory
/usr/bin/ld: cannot find -lhwloc: No such file or directory
/usr/bin/ld: cannot find -levent_core: No such file or directory
/usr/bin/ld: cannot find -levent_pthreads: No such file or directory
/usr/bin/ld: cannot find -lz: No such file or directory
/usr/bin/ld: cannot find -lmpi_cxx: No such file or directory
/usr/bin/ld: cannot find -lmpi: No such file or directory
/usr/bin/ld: cannot find -lopen-rte: No such file or directory
/usr/bin/ld: cannot find -lopen-pal: No such file or directory
collect2: error: ld returned 1 exit status
collect2: error: ld returned 1 exit status
/usr/bin/ld: cannot find -lhwloc: No such file or directory
collect2: error: ld returned 1 exit status
JIT compile failed.
collect2: error: ld returned 1 exit status
/usr/bin/ld: cannot find -levent_core: No such file or directory
/usr/bin/ld: cannot find -levent_pthreads: No such file or directory
/usr/bin/ld: cannot find -lz: No such file or directory
JIT compile failed.
collect2: error: ld returned 1 exit status
JIT compile failed.
collect2: error: ld returned 1 exit status
JIT compile failed.
JIT compile failed.
JIT compile failed.
collect2: error: ld returned 1 exit status
collect2: error: ld returned 1 exit status
JIT compile failed.
JIT compile failed.
/usr/bin/ld: cannot find -lmpi_cxx: No such file or directory
/usr/bin/ld: cannot find -lmpi_cxx: No such file or directory
/usr/bin/ld: cannot find -lmpi: No such file or directory
/usr/bin/ld: cannot find -lopen-rte: No such file or directory
/usr/bin/ld: cannot find -lopen-pal: No such file or directory
/usr/bin/ld: cannot find -lhwloc: No such file or directory
/usr/bin/ld: cannot find -levent_core: No such file or directory
/usr/bin/ld: cannot find -levent_pthreads: No such file or directory
/usr/bin/ld: cannot find -lz: No such file or directory
/usr/bin/ld: cannot find -lmpi_cxx: No such file or directory
/usr/bin/ld: cannot find -lmpi: No such file or directory
/usr/bin/ld: cannot find -lopen-rte: No such file or directory
/usr/bin/ld: cannot find -lopen-pal: No such file or directory
/usr/bin/ld: cannot find -lhwloc: No such file or directory
/usr/bin/ld: cannot find -levent_core: No such file or directory
/usr/bin/ld: cannot find -levent_pthreads: No such file or directory
/usr/bin/ld: cannot find -lz: No such file or directory
/usr/bin/ld: cannot find -lmpi_cxx: No such file or directory
/usr/bin/ld: cannot find -lmpi: No such file or directory
/usr/bin/ld: cannot find -lopen-rte: No such file or directory
/usr/bin/ld: cannot find -lopen-pal: No such file or directory
/usr/bin/ld: cannot find -lhwloc: No such file or directory
/usr/bin/ld: cannot find -levent_core: No such file or directory
/usr/bin/ld: cannot find -levent_pthreads: No such file or directory
/usr/bin/ld: cannot find -lz: No such file or directory
/usr/bin/ld: cannot find -lmpi: No such file or directory
/usr/bin/ld: cannot find -lopen-rte: No such file or directory
/usr/bin/ld: cannot find -lopen-pal: No such file or directory
/usr/bin/ld: cannot find -lhwloc: No such file or directory
/usr/bin/ld: cannot find -levent_core: No such file or directory
/usr/bin/ld: cannot find -levent_pthreads: No such file or directory
/usr/bin/ld: cannot find -lz: No such file or directory
/usr/bin/ld: cannot find -lmpi_cxx: No such file or directory
/usr/bin/ld: cannot find -lmpi: No such file or directory
/usr/bin/ld: cannot find -lopen-rte: No such file or directory
/usr/bin/ld: cannot find -lopen-pal: No such file or directory
/usr/bin/ld: cannot find -lhwloc: No such file or directory
/usr/bin/ld: cannot find -levent_core: No such file or directory
/usr/bin/ld: cannot find -levent_pthreads: No such file or directory
/usr/bin/ld: cannot find -lz: No such file or directory
/usr/bin/ld: cannot find -lmpi_cxx: No such file or directory
/usr/bin/ld: cannot find -lmpi: No such file or directory
/usr/bin/ld: cannot find -lopen-rte: No such file or directory
/usr/bin/ld: cannot find -lopen-pal: No such file or directory
/usr/bin/ld: cannot find -lhwloc: No such file or directory
/usr/bin/ld: cannot find -levent_core: No such file or directory
/usr/bin/ld: cannot find -levent_pthreads: No such file or directory
/usr/bin/ld: cannot find -lz: No such file or directory
/usr/bin/ld: cannot find -lmpi_cxx: No such file or directory
/usr/bin/ld: cannot find -lmpi: No such file or directory
/usr/bin/ld: cannot find -lopen-rte: No such file or directory
/usr/bin/ld: cannot find -lopen-pal: No such file or directory
/usr/bin/ld: cannot find -lhwloc: No such file or directory
/usr/bin/ld: cannot find -levent_core: No such file or directory
/usr/bin/ld: cannot find -levent_pthreads: No such file or directory
/usr/bin/ld: cannot find -lz: No such file or directory
/usr/bin/ld: cannot find -lmpi_cxx: No such file or directory
/usr/bin/ld: cannot find -lmpi: No such file or directory
/usr/bin/ld: cannot find -lopen-rte: No such file or directory
/usr/bin/ld: cannot find -lopen-pal: No such file or directory
/usr/bin/ld: cannot find -lhwloc: No such file or directory
/usr/bin/ld: cannot find -levent_core: No such file or directory
/usr/bin/ld: cannot find -levent_pthreads: No such file or directory
/usr/bin/ld: cannot find -lz: No such file or directory
collect2: error: ld returned 1 exit status
collect2: error: ld returned 1 exit status
collect2: error: ld returned 1 exit status
collect2: error: ld returned 1 exit status
JIT compile failed.
JIT compile failed.
JIT compile failed.
collect2: error: ld returned 1 exit status
JIT compile failed.
collect2: error: ld returned 1 exit status
JIT compile failed.
collect2: error: ld returned 1 exit status
JIT compile failed.
collect2: error: ld returned 1 exit status
JIT compile failed.
JIT compile failed.
/usr/bin/ld: cannot find -lmpi_cxx: /usr/bin/ld: cannot find -lmpi_cxx: No such file or directory
/usr/bin/ld/usr/bin/ld: cannot find -lmpi_cxx: No such file or directory
/usr/bin/ld: cannot find -lmpi_cxx: No such file or directory
No such file or directory
/usr/bin/ld: cannot find -lmpi_cxx: cannot find -lmpi_cxx: : /usr/bin/ld: cannot find -lmpi: No such file or directory
/usr/bin/ld: cannot find -lmpi: No such file or directory
/usr/bin/ld: cannot find -lmpi: No such file or directory
/usr/bin/ld: cannot find -lmpi: No such file or directory
No such file or directoryNo such file or directory

/usr/bin/ld/usr/bin/ld: cannot find -lopen-rte: No such file or directory
/usr/bin/ld: cannot find -lopen-rte: No such file or directory
/usr/bin/ld: cannot find -lopen-rte: No such file or directory
/usr/bin/ld: cannot find -lopen-rte: No such file or directory
: cannot find -lmpi_cxx: /usr/bin/ld: cannot find No such file or directory-lmpi: No such file or directory

/usr/bin/ld/usr/bin/ld: cannot find -lopen-pal: No such file or directory
/usr/bin/ld: cannot find -lopen-pal: No such file or directory
/usr/bin/ld: cannot find -lopen-pal: No such file or directory
/usr/bin/ld: cannot find -lmpi: No such file or directory
/usr/bin/ld: cannot find -lopen-rte: No such file or directory
/usr/bin/ld: cannot find -lhwloc: No such file or directory
/usr/bin/ld: cannot find -lmpi: No such file or directory
/usr/bin/ld: cannot find -lhwloc: No such file or directory
/usr/bin/ld: cannot find -lopen-rte: No such file or directory
/usr/bin/ld: cannot find -lhwloc: No such file or directory
: cannot find /usr/bin/ld: cannot find -lopen-pal: No such file or directory
/usr/bin/ld: cannot find -lmpi_cxx: /usr/bin/ld: cannot find -levent_core: No such file or directory
/usr/bin/ld: cannot find -lopen-rte: No such file or directory
/usr/bin/ld: cannot find -levent_core: No such file or directory
No such file or directory
/usr/bin/ld: cannot find -lopen-pal: No such file or directory
/usr/bin/ld: cannot find -levent_core: No such file or directory
/usr/bin/ld: cannot find -lhwloc: No such file or directory
/usr/bin/ld: cannot find -lopen-pal: No such file or directory
/usr/bin/ld: cannot find -levent_pthreads: No such file or directory
/usr/bin/ld: cannot find -levent_pthreads: No such file or directory
/usr/bin/ld: cannot find -lhwloc: No such file or directory
/usr/bin/ld: cannot find -levent_pthreads: No such file or directory
/usr/bin/ld: cannot find -levent_core: No such file or directory
/usr/bin/ld: cannot find -lmpi: No such file or directory
-lopen-pal/usr/bin/ld: cannot find -lz: No such file or directory
/usr/bin/ld: cannot find -lhwloc: No such file or directory
/usr/bin/ld: cannot find -lz: No such file or directory
/usr/bin/ld: cannot find -levent_core: No such file or directory
/usr/bin/ld: cannot find -lz: No such file or directory
/usr/bin/ld: cannot find -levent_pthreads: No such file or directory
: /usr/bin/ld: cannot find -levent_core: No such file or directory
/usr/bin/ld: cannot find -lopen-rte: No such file or directory
No such file or directory/usr/bin/ld: cannot find -levent_pthreads: No such file or directory
/usr/bin/ld: cannot find -lz: No such file or directory

/usr/bin/ld: cannot find -levent_pthreads: No such file or directory
/usr/bin/ld: cannot find /usr/bin/ld: cannot find -lopen-pal: No such file or directory
-lz/usr/bin/ld: cannot find -lz: No such file or directory
/usr/bin/ld: cannot find -lhwloc: No such file or directory
: No such file or directory
/usr/bin/ld: cannot find -lhwloc: No such file or directory
/usr/bin/ld: cannot find -levent_core: No such file or directory
/usr/bin/ld: cannot find -levent_core/usr/bin/ld: cannot find -levent_pthreads: No such file or directory
: No such file or directory
/usr/bin/ld: cannot find -lz: No such file or directory
/usr/bin/ld: cannot find -levent_pthreads: No such file or directory
/usr/bin/ld: cannot find -lz: No such file or directory
collect2: error: ld returned 1 exit status
collect2: error: ld returned 1 exit status
collect2: error: ld returned 1 exit status
collect2: error: ld returned 1 exit status
collect2: error: ld returned 1 exit status
collect2: error: ld returned 1 exit status
collect2: error: ld returned 1 exit status
collect2: error: ld returned 1 exit status
JIT compile failed.
JIT compile failed.
JIT compile failed.
JIT compile failed.
JIT compile failed.
JIT compile failed.
JIT compile failed.
JIT compile failed.
/usr/bin/ld: cannot find -lmpi_cxx: No such file or directory
/usr/bin/ld: cannot find -lmpi: No such file or directory
/usr/bin/ld: cannot find -lopen-rte: No such file or directory
/usr/bin/ld: cannot find -lopen-pal: No such file or directory
/usr/bin/ld: cannot find -lhwloc: No such file or directory
/usr/bin/ld: cannot find -levent_core: No such file or directory
/usr/bin/ld: cannot find -levent_pthreads: No such file or directory
/usr/bin/ld: cannot find -lz: No such file or directory
/usr/bin/ld: cannot find -lmpi_cxx: No such file or directory
/usr/bin/ld: cannot find -lmpi: No such file or directory
/usr/bin/ld: cannot find -lopen-rte: No such file or directory
/usr/bin/ld: cannot find -lopen-pal: No such file or directory
/usr/bin/ld: cannot find -lhwloc: No such file or directory
/usr/bin/ld: cannot find -levent_core: No such file or directory
/usr/bin/ld: cannot find -levent_pthreads: No such file or directory
/usr/bin/ld: cannot find -lz: No such file or directory
/usr/bin/ld: cannot find -lmpi_cxx: No such file or directory
/usr/bin/ld: cannot find -lmpi: No such file or directory
/usr/bin/ld: cannot find -lopen-rte: No such file or directory
/usr/bin/ld: cannot find -lopen-pal: No such file or directory
/usr/bin/ld: cannot find -lhwloc: No such file or directory
/usr/bin/ld: cannot find -levent_core: No such file or directory
/usr/bin/ld: cannot find -levent_pthreads: No such file or directory
/usr/bin/ld: cannot find -lz: No such file or directory
/usr/bin/ld: cannot find -lmpi_cxx: No such file or directory
/usr/bin/ld: cannot find -lmpi: No such file or directory
/usr/bin/ld: cannot find -lopen-rte: No such file or directory
/usr/bin/ld: cannot find -lopen-pal: No such file or directory
/usr/bin/ld: cannot find -lhwloc: No such file or directory
/usr/bin/ld: cannot find -levent_core: No such file or directory
/usr/bin/ld: cannot find -levent_pthreads: No such file or directory
/usr/bin/ld: cannot find -lz: No such file or directory
/usr/bin/ld: cannot find -lmpi_cxx: No such file or directory
/usr/bin/ld: cannot find -lmpi: No such file or directory
/usr/bin/ld: cannot find -lopen-rte: No such file or directory
/usr/bin/ld: cannot find -lopen-pal: No such file or directory
/usr/bin/ld: cannot find -lhwloc: No such file or directory
/usr/bin/ld: cannot find -levent_core: No such file or directory
/usr/bin/ld: cannot find -levent_pthreads: No such file or directory
/usr/bin/ld: cannot find -lz: No such file or directory
/usr/bin/ld: cannot find -lmpi_cxx: No such file or directory
/usr/bin/ld: cannot find -lmpi: No such file or directory
/usr/bin/ld: cannot find -lopen-rte: No such file or directory
/usr/bin/ld: cannot find -lopen-pal: No such file or directory
/usr/bin/ld: cannot find -lhwloc: No such file or directory
/usr/bin/ld: cannot find -levent_core: No such file or directory
/usr/bin/ld: cannot find -levent_pthreads: No such file or directory
/usr/bin/ld: cannot find -lz: No such file or directory
/usr/bin/ld: cannot find -lmpi_cxx: No such file or directory
/usr/bin/ld: cannot find -lmpi: No such file or directory
/usr/bin/ld: cannot find -lopen-rte: No such file or directory
/usr/bin/ld: cannot find -lopen-pal: No such file or directory
/usr/bin/ld: cannot find -lhwloc: No such file or directory
/usr/bin/ld: cannot find -levent_core: No such file or directory
/usr/bin/ld: cannot find -levent_pthreads: No such file or directory
/usr/bin/ld: cannot find -lz: No such file or directory
/usr/bin/ld: cannot find -lmpi_cxx: No such file or directory
/usr/bin/ld: cannot find -lmpi: No such file or directory
/usr/bin/ld: cannot find -lopen-rte: No such file or directory
/usr/bin/ld: cannot find -lopen-pal: No such file or directory
/usr/bin/ld: cannot find -lhwloc: No such file or directory
/usr/bin/ld: cannot find -levent_core: No such file or directory
/usr/bin/ld: cannot find -levent_pthreads: No such file or directory
/usr/bin/ld: cannot find -lz: No such file or directory
collect2: error: ld returned 1 exit status
collect2: error: ld returned 1 exit status
collect2: error: ld returned 1 exit status
collect2: error: ld returned 1 exit status
collect2: error: ld returned 1 exit status
collect2: error: ld returned 1 exit status
collect2: error: ld returned 1 exit status
collect2: error: ld returned 1 exit status
JIT compile failed.
JIT compile failed.
JIT compile failed.
JIT compile failed.
JIT compile failed.
JIT compile failed.
JIT compile failed.
JIT compile failed.
/usr/bin/ld: cannot find -lmpi_cxx: /usr/bin/ld: cannot find -lmpi_cxx: No such file or directory
/usr/bin/ld: cannot find -lmpi_cxx: No such file or directory
/usr/bin/ld: cannot find -lmpi_cxx: No such file or directory
/usr/bin/ld: cannot find -lmpi_cxx: No such file or directory
/usr/bin/ld: cannot find -lmpi_cxx: No such file or directory
No such file or directory
/usr/bin/ld: cannot find -lmpi_cxx: No such file or directory
/usr/bin/ld: cannot find -lmpi: No such file or directory
/usr/bin/ld: cannot find -lmpi: No such file or directory
/usr/bin/ld: cannot find -lmpi: No such file or directory
/usr/bin/ld: cannot find -lmpi: No such file or directory
/usr/bin/ld: cannot find -lmpi: No such file or directory
/usr/bin/ld: cannot find -lmpi: No such file or directory
/usr/bin/ld: cannot find -lmpi: No such file or directory
/usr/bin/ld: cannot find -lopen-rte: No such file or directory
/usr/bin/ld: cannot find -lopen-rte: No such file or directory
/usr/bin/ld: cannot find -lopen-rte: No such file or directory
/usr/bin/ld: cannot find -lopen-rte: No such file or directory
/usr/bin/ld: cannot find -lopen-rte: No such file or directory
/usr/bin/ld: cannot find -lopen-rte: No such file or directory
/usr/bin/ld: cannot find -lopen-rte: No such file or directory
/usr/bin/ld: cannot find -lopen-pal: No such file or directory
/usr/bin/ld: cannot find -lopen-pal: No such file or directory
/usr/bin/ld: cannot find -lopen-pal: No such file or directory
/usr/bin/ld: cannot find -lopen-pal: No such file or directory
/usr/bin/ld: cannot find -lopen-pal: No such file or directory
/usr/bin/ld: cannot find -lopen-pal: No such file or directory
/usr/bin/ld: cannot find -lopen-pal: No such file or directory
/usr/bin/ld: cannot find -lhwloc: No such file or directory
/usr/bin/ld: cannot find -lhwloc: No such file or directory
/usr/bin/ld: cannot find -lhwloc: No such file or directory
/usr/bin/ld: cannot find -lhwloc: No such file or directory
/usr/bin/ld: cannot find -lhwloc: No such file or directory
/usr/bin/ld: cannot find -lhwloc: No such file or directory
/usr/bin/ld: cannot find -lhwloc: No such file or directory
/usr/bin/ld: cannot find -levent_core: No such file or directory
/usr/bin/ld: cannot find -levent_core: No such file or directory
/usr/bin/ld: cannot find -levent_core: No such file or directory
/usr/bin/ld: cannot find -levent_core: No such file or directory
/usr/bin/ld: cannot find -levent_core: No such file or directory
/usr/bin/ld: cannot find -levent_core: No such file or directory
/usr/bin/ld: cannot find -levent_core: No such file or directory
/usr/bin/ld: cannot find -levent_pthreads: No such file or directory
/usr/bin/ld: cannot find -levent_pthreads: No such file or directory
/usr/bin/ld: cannot find -levent_pthreads: No such file or directory
/usr/bin/ld: cannot find -levent_pthreads: No such file or directory
/usr/bin/ld: cannot find -levent_pthreads: No such file or directory
/usr/bin/ld: cannot find -levent_pthreads: No such file or directory
/usr/bin/ld: cannot find -levent_pthreads: No such file or directory
/usr/bin/ld: cannot find -lz: No such file or directory
/usr/bin/ld: cannot find -lz: No such file or directory
/usr/bin/ld: cannot find -lz: No such file or directory
/usr/bin/ld: cannot find -lz: No such file or directory
/usr/bin/ld: cannot find -lz: No such file or directory
/usr/bin/ld: cannot find -lz: No such file or directory
/usr/bin/ld: cannot find -lz: No such file or directory
/usr/bin/ld: cannot find -lmpi_cxx: No such file or directory
/usr/bin/ld: cannot find -lmpi: No such file or directory
/usr/bin/ld: cannot find -lopen-rte: No such file or directory
/usr/bin/ld: cannot find -lopen-pal: No such file or directory
/usr/bin/ld: cannot find -lhwloc: No such file or directory
/usr/bin/ld: cannot find -levent_core: No such file or directory
/usr/bin/ld: cannot find -levent_pthreads: No such file or directory
/usr/bin/ld: cannot find -lz: No such file or directory
collect2: error: ld returned 1 exit status
collect2: error: ld returned 1 exit status
collect2: error: ld returned 1 exit status
collect2: error: ld returned 1 exit status
collect2: error: ld returned 1 exit status
collect2: error: ld returned 1 exit status
collect2: error: ld returned 1 exit status
collect2: error: ld returned 1 exit status
JIT compile failed.
JIT compile failed.
JIT compile failed.
JIT compile failed.
JIT compile failed.
JIT compile failed.
JIT compile failed.
JIT compile failed.
/usr/bin/ld: cannot find -lmpi_cxx: No such file or directory
/usr/bin/ld: cannot find -lmpi: No such file or directory
/usr/bin/ld: cannot find -lopen-rte: No such file or directory
/usr/bin/ld: cannot find -lopen-pal: No such file or directory
/usr/bin/ld: cannot find -lhwloc: No such file or directory
/usr/bin/ld: cannot find -levent_core: No such file or directory
/usr/bin/ld: cannot find -levent_pthreads: No such file or directory
/usr/bin/ld: cannot find -lz: No such file or directory
/usr/bin/ld: cannot find -lmpi_cxx: No such file or directory
/usr/bin/ld: cannot find -lmpi: No such file or directory
/usr/bin/ld: cannot find -lopen-rte: No such file or directory
/usr/bin/ld: cannot find -lopen-pal: No such file or directory
/usr/bin/ld: cannot find -lhwloc: No such file or directory
/usr/bin/ld: cannot find -levent_core: No such file or directory
/usr/bin/ld: cannot find -levent_pthreads: No such file or directory
/usr/bin/ld: cannot find -lz: No such file or directory
/usr/bin/ld: cannot find -lmpi_cxx: No such file or directory
/usr/bin/ld: cannot find -lmpi: No such file or directory
/usr/bin/ld: cannot find -lopen-rte: No such file or directory
/usr/bin/ld: cannot find -lopen-pal: No such file or directory
/usr/bin/ld: cannot find -lhwloc: No such file or directory
/usr/bin/ld: cannot find -levent_core: No such file or directory
/usr/bin/ld: cannot find -levent_pthreads: No such file or directory
/usr/bin/ld: cannot find -lz: No such file or directory
/usr/bin/ld: cannot find -lmpi_cxx: No such file or directory
/usr/bin/ld: cannot find -lmpi: No such file or directory
/usr/bin/ld: cannot find -lopen-rte: No such file or directory
/usr/bin/ld: cannot find -lopen-pal: No such file or directory
/usr/bin/ld: cannot find -lhwloc: No such file or directory
/usr/bin/ld: cannot find -levent_core: No such file or directory
/usr/bin/ld: cannot find -levent_pthreads: No such file or directory
/usr/bin/ld: cannot find -lz: No such file or directory
/usr/bin/ld: cannot find -lmpi_cxx: No such file or directory
/usr/bin/ld: cannot find -lmpi: No such file or directory
/usr/bin/ld: cannot find -lopen-rte: No such file or directory
/usr/bin/ld: cannot find -lopen-pal: No such file or directory
/usr/bin/ld: cannot find -lhwloc: No such file or directory
/usr/bin/ld: cannot find -levent_core: No such file or directory
/usr/bin/ld: cannot find -levent_pthreads: No such file or directory
/usr/bin/ld: cannot find -lz: No such file or directory
/usr/bin/ld: cannot find -lmpi_cxx: No such file or directory
/usr/bin/ld: cannot find -lmpi: No such file or directory
/usr/bin/ld: cannot find -lopen-rte: No such file or directory
/usr/bin/ld: cannot find -lopen-pal: No such file or directory
/usr/bin/ld: cannot find -lhwloc: No such file or directory
/usr/bin/ld: cannot find -levent_core: No such file or directory
/usr/bin/ld: cannot find -levent_pthreads: No such file or directory
/usr/bin/ld: cannot find -lz: No such file or directory
/usr/bin/ld: cannot find -lmpi_cxx: No such file or directory
/usr/bin/ld: cannot find -lmpi: No such file or directory
/usr/bin/ld: cannot find -lopen-rte: No such file or directory
/usr/bin/ld: cannot find -lopen-pal: No such file or directory
/usr/bin/ld: cannot find -lhwloc: No such file or directory
/usr/bin/ld: cannot find -levent_core: No such file or directory
/usr/bin/ld: cannot find -levent_pthreads: No such file or directory
/usr/bin/ld: cannot find -lz: No such file or directory
/usr/bin/ld: cannot find -lmpi_cxx: No such file or directory
/usr/bin/ld: cannot find -lmpi: No such file or directory
/usr/bin/ld: cannot find -lopen-rte: No such file or directory
/usr/bin/ld: cannot find -lopen-pal: No such file or directory
/usr/bin/ld: cannot find -lhwloc: No such file or directory
/usr/bin/ld: cannot find -levent_core: No such file or directory
/usr/bin/ld: cannot find -levent_pthreads: No such file or directory
/usr/bin/ld: cannot find -lz: No such file or directory
collect2: error: ld returned 1 exit status
collect2: error: ld returned 1 exit status
collect2: error: ld returned 1 exit status
collect2: error: ld returned 1 exit status
collect2: error: ld returned 1 exit status
collect2: error: ld returned 1 exit status
collect2: error: ld returned 1 exit status
collect2: error: ld returned 1 exit status
JIT compile failed.
JIT compile failed.
JIT compile failed.
JIT compile failed.
JIT compile failed.
JIT compile failed.
JIT compile failed.
JIT compile failed.
/usr/bin/ld: cannot find -lmpi_cxx: No such file or directory
/usr/bin/ld: cannot find -lmpi: No such file or directory
/usr/bin/ld: cannot find -lopen-rte: No such file or directory
/usr/bin/ld: cannot find -lopen-pal: No such file or directory
/usr/bin/ld: cannot find -lhwloc: No such file or directory
/usr/bin/ld: cannot find -levent_core: No such file or directory
/usr/bin/ld: cannot find -levent_pthreads: No such file or directory
/usr/bin/ld: cannot find -lz: No such file or directory
/usr/bin/ld: cannot find -lmpi_cxx: No such file or directory
/usr/bin/ld: cannot find -lmpi: No such file or directory
/usr/bin/ld: cannot find -lopen-rte: No such file or directory
/usr/bin/ld: cannot find -lopen-pal: No such file or directory
/usr/bin/ld: cannot find -lhwloc: No such file or directory
/usr/bin/ld: cannot find -levent_core: No such file or directory
/usr/bin/ld: cannot find -levent_pthreads: No such file or directory
/usr/bin/ld: cannot find -lz: No such file or directory
/usr/bin/ld: cannot find -lmpi_cxx: No such file or directory
/usr/bin/ld: cannot find -lmpi: No such file or directory
/usr/bin/ld: cannot find -lopen-rte: No such file or directory
/usr/bin/ld: cannot find -lopen-pal: No such file or directory
/usr/bin/ld: cannot find -lhwloc: No such file or directory
/usr/bin/ld: cannot find -levent_core: No such file or directory
/usr/bin/ld: cannot find -levent_pthreads: No such file or directory
/usr/bin/ld: cannot find -lz: No such file or directory
/usr/bin/ld: cannot find -lmpi_cxx: No such file or directory
/usr/bin/ld: cannot find -lmpi: No such file or directory
/usr/bin/ld: cannot find -lopen-rte: No such file or directory
/usr/bin/ld: cannot find -lopen-pal: No such file or directory
/usr/bin/ld: cannot find -lhwloc: No such file or directory
/usr/bin/ld: cannot find -levent_core: No such file or directory
/usr/bin/ld: cannot find -levent_pthreads: No such file or directory
/usr/bin/ld: cannot find -lz: No such file or directory
/usr/bin/ld: cannot find -lmpi_cxx: No such file or directory
/usr/bin/ld: cannot find -lmpi: No such file or directory
/usr/bin/ld: cannot find -lopen-rte: No such file or directory
/usr/bin/ld: cannot find -lopen-pal: No such file or directory
/usr/bin/ld: cannot find -lhwloc: No such file or directory
/usr/bin/ld: cannot find -levent_core: No such file or directory
/usr/bin/ld: cannot find -levent_pthreads: No such file or directory
/usr/bin/ld: cannot find -lz: No such file or directory
/usr/bin/ld: cannot find -lmpi_cxx: No such file or directory
/usr/bin/ld: cannot find -lmpi: No such file or directory
/usr/bin/ld: cannot find -lopen-rte: No such file or directory
/usr/bin/ld: cannot find -lopen-pal: No such file or directory
/usr/bin/ld: cannot find -lhwloc: No such file or directory
/usr/bin/ld: cannot find -levent_core: No such file or directory
/usr/bin/ld: cannot find -levent_pthreads: No such file or directory
/usr/bin/ld: cannot find -lz: No such file or directory
/usr/bin/ld: cannot find -lmpi_cxx: No such file or directory
/usr/bin/ld: cannot find -lmpi: No such file or directory
/usr/bin/ld: cannot find -lopen-rte: No such file or directory
/usr/bin/ld: cannot find -lopen-pal: No such file or directory
/usr/bin/ld: cannot find -lhwloc: No such file or directory
/usr/bin/ld: cannot find -levent_core: No such file or directory
/usr/bin/ld: cannot find -levent_pthreads: No such file or directory
/usr/bin/ld: cannot find -lz: No such file or directory
/usr/bin/ld: cannot find -lmpi_cxx: No such file or directory
/usr/bin/ld: cannot find -lmpi: No such file or directory
/usr/bin/ld: cannot find -lopen-rte: No such file or directory
/usr/bin/ld: cannot find -lopen-pal: No such file or directory
/usr/bin/ld: cannot find -lhwloc: No such file or directory
/usr/bin/ld: cannot find -levent_core: No such file or directory
/usr/bin/ld: cannot find -levent_pthreads: No such file or directory
/usr/bin/ld: cannot find -lz: No such file or directory
collect2: error: ld returned 1 exit status
collect2: error: ld returned 1 exit status
collect2: error: ld returned 1 exit status
collect2: error: ld returned 1 exit status
collect2: error: ld returned 1 exit status
collect2: error: ld returned 1 exit status
collect2: error: ld returned 1 exit status
collect2: error: ld returned 1 exit status
JIT compile failed.
JIT compile failed.
JIT compile failed.
JIT compile failed.
JIT compile failed.
JIT compile failed.
JIT compile failed.
JIT compile failed.
/usr/bin/ld: cannot find -lmpi_cxx: No such file or directory
/usr/bin/ld: cannot find -lmpi: No such file or directory
/usr/bin/ld: cannot find -lopen-rte: No such file or directory
/usr/bin/ld: cannot find -lopen-pal: No such file or directory
/usr/bin/ld: cannot find -lhwloc: No such file or directory
/usr/bin/ld: cannot find -levent_core: No such file or directory
/usr/bin/ld: cannot find -levent_pthreads: No such file or directory
/usr/bin/ld: cannot find -lz: No such file or directory
/usr/bin/ld: cannot find -lmpi_cxx: No such file or directory
/usr/bin/ld: cannot find -lmpi: No such file or directory
/usr/bin/ld: cannot find -lopen-rte: No such file or directory
/usr/bin/ld: cannot find -lopen-pal: No such file or directory
/usr/bin/ld: cannot find -lhwloc: No such file or directory
/usr/bin/ld: cannot find -levent_core: No such file or directory
/usr/bin/ld: cannot find -levent_pthreads: No such file or directory
/usr/bin/ld: cannot find -lz: No such file or directory
/usr/bin/ld: cannot find -lmpi_cxx: No such file or directory
/usr/bin/ld: cannot find -lmpi: No such file or directory
/usr/bin/ld: cannot find -lopen-rte: No such file or directory
/usr/bin/ld: cannot find -lopen-pal: No such file or directory
/usr/bin/ld: cannot find -lhwloc: No such file or directory
/usr/bin/ld: cannot find -levent_core: No such file or directory
/usr/bin/ld: cannot find -levent_pthreads: No such file or directory
/usr/bin/ld: cannot find -lz: No such file or directory
/usr/bin/ld: cannot find -lmpi_cxx: No such file or directory
/usr/bin/ld: cannot find -lmpi: No such file or directory
/usr/bin/ld: cannot find -lopen-rte: No such file or directory
/usr/bin/ld: cannot find -lopen-pal: No such file or directory
/usr/bin/ld: cannot find -lhwloc: No such file or directory
/usr/bin/ld: cannot find -levent_core: No such file or directory
/usr/bin/ld: cannot find -levent_pthreads: No such file or directory
/usr/bin/ld: cannot find -lz: No such file or directory
/usr/bin/ld: cannot find -lmpi_cxx: No such file or directory
/usr/bin/ld: cannot find -lmpi: No such file or directory
/usr/bin/ld: cannot find -lopen-rte: No such file or directory
/usr/bin/ld: cannot find -lopen-pal: No such file or directory
/usr/bin/ld: cannot find -lhwloc: No such file or directory
/usr/bin/ld: cannot find -levent_core: No such file or directory
/usr/bin/ld: cannot find -levent_pthreads: No such file or directory
/usr/bin/ld: cannot find -lz: No such file or directory
/usr/bin/ld: cannot find -lmpi_cxx: No such file or directory
/usr/bin/ld: cannot find -lmpi: No such file or directory
/usr/bin/ld: cannot find -lopen-rte: No such file or directory
/usr/bin/ld: cannot find -lopen-pal: No such file or directory
/usr/bin/ld: cannot find -lhwloc: No such file or directory
/usr/bin/ld: cannot find -levent_core: No such file or directory
/usr/bin/ld: cannot find -levent_pthreads: No such file or directory
/usr/bin/ld: cannot find -lz: No such file or directory
/usr/bin/ld: cannot find -lmpi_cxx: No such file or directory
/usr/bin/ld: cannot find -lmpi: No such file or directory
/usr/bin/ld: cannot find -lopen-rte: No such file or directory
/usr/bin/ld: cannot find -lopen-pal: No such file or directory
/usr/bin/ld: cannot find -lhwloc: No such file or directory
/usr/bin/ld: cannot find -levent_core: No such file or directory
/usr/bin/ld: cannot find -levent_pthreads: No such file or directory
/usr/bin/ld: cannot find -lz: No such file or directory
/usr/bin/ld: cannot find -lmpi_cxx: No such file or directory
/usr/bin/ld: cannot find -lmpi: No such file or directory
/usr/bin/ld: cannot find -lopen-rte: No such file or directory
/usr/bin/ld: cannot find -lopen-pal: No such file or directory
/usr/bin/ld: cannot find -lhwloc: No such file or directory
/usr/bin/ld: cannot find -levent_core: No such file or directory
/usr/bin/ld: cannot find -levent_pthreads: No such file or directory
/usr/bin/ld: cannot find -lz: No such file or directory
collect2: error: ld returned 1 exit status
collect2: error: ld returned 1 exit status
collect2: error: ld returned 1 exit status
collect2: error: ld returned 1 exit status
collect2: error: ld returned 1 exit status
collect2: error: ld returned 1 exit status
collect2: error: ld returned 1 exit status
collect2: error: ld returned 1 exit status
JIT compile failed.
JIT compile failed.
JIT compile failed.
JIT compile failed.
JIT compile failed.
JIT compile failed.
JIT compile failed.
JIT compile failed.
/usr/bin/ld: cannot find -lmpi_cxx: No such file or directory
/usr/bin/ld: cannot find -lmpi/usr/bin/ld: cannot find -lmpi_cxx: No such file or directory
/usr/bin/ld: cannot find -lmpi_cxx: /usr/bin/ld: cannot find -lmpi_cxx: No such file or directory
No such file or directory
/usr/bin/ld: cannot find -lmpi_cxx: /usr/bin/ld: cannot find -lmpi_cxx: No such file or directory
No such file or directory
/usr/bin/ld: cannot find -lmpi: No such file or directory
/usr/bin/ld: cannot find -lmpi: No such file or directory
: No such file or directory/usr/bin/ld: cannot find -lmpi: No such file or directory

/usr/bin/ld: cannot find -lmpi: No such file or directory
/usr/bin/ld/usr/bin/ld: cannot find -lopen-rte: No such file or directory
/usr/bin/ld: cannot find -lopen-rte: No such file or directory
/usr/bin/ld: cannot find -lmpi_cxx: No such file or directory
/usr/bin/ld: cannot find -lmpi_cxx: No such file or directory
/usr/bin/ld: cannot find -lopen-rte: No such file or directory
/usr/bin/ld: cannot find -lopen-pal: No such file or directory
/usr/bin/ld: cannot find -lopen-pal: No such file or directory
/usr/bin/ld: cannot find -lopen-rte: No such file or directory
/usr/bin/ld: cannot find -lopen-pal: No such file or directory
/usr/bin/ld: cannot find -lopen-rte: No such file or directory
/usr/bin/ld: cannot find -lopen-pal: No such file or directory
/usr/bin/ld: cannot find -lmpi: No such file or directory
/usr/bin/ld: cannot find -lopen-rte: No such file or directory
/usr/bin/ld: cannot find -lmpi: No such file or directory
/usr/bin/ld: cannot find -lopen-pal: No such file or directory
/usr/bin/ld: cannot find -lhwloc: No such file or directory
/usr/bin/ld: cannot find -lhwloc: No such file or directory
/usr/bin/ld: cannot find -lopen-rte: No such file or directory
/usr/bin/ld: cannot find -lhwloc: No such file or directory
/usr/bin/ld: cannot find -levent_core: No such file or directory
/usr/bin/ld: cannot find -levent_core: No such file or directory
/usr/bin/ld: cannot find -lhwloc: No such file or directory
/usr/bin/ld: cannot find -levent_core: No such file or directory
/usr/bin/ld: cannot find -lhwloc: No such file or directory
/usr/bin/ld: cannot find -levent_core: No such file or directory
/usr/bin/ld: cannot find -lopen-pal: No such file or directory
/usr/bin/ld: cannot find -levent_core: No such file or directory
/usr/bin/ld: cannot find -levent_pthreads: No such file or directory
/usr/bin/ld: cannot find -levent_pthreads: No such file or directory
/usr/bin/ld: cannot find -lhwloc: No such file or directory
/usr/bin/ld: cannot find -lopen-pal: No such file or directory
/usr/bin/ld: cannot find -lhwloc: No such file or directory
/usr/bin/ld: cannot find -levent_pthreads: No such file or directory
/usr/bin/ld: cannot find -levent_pthreads: No such file or directory
/usr/bin/ld: cannot find -levent_pthreads: No such file or directory
/usr/bin/ld: cannot find -lz: No such file or directory
/usr/bin/ld: cannot find -lz: No such file or directory
/usr/bin/ld: cannot find -levent_core: No such file or directory
/usr/bin/ld: cannot find -lz: No such file or directory
/usr/bin/ld: cannot find -lz: No such file or directory
/usr/bin/ld: cannot find -lz: No such file or directory
/usr/bin/ld: cannot find -levent_core: No such file or directory
/usr/bin/ld: cannot find -levent_pthreads: No such file or directory
/usr/bin/ld: cannot find -levent_pthreads: No such file or directory
: cannot find /usr/bin/ld: cannot find -lz: No such file or directory
-lmpi: No such file or directory/usr/bin/ld: cannot find -lz: No such file or directory

/usr/bin/ld: cannot find -lopen-rte: No such file or directory
/usr/bin/ld: cannot find -lopen-pal: No such file or directory
/usr/bin/ld: cannot find -lhwloc: No such file or directory
/usr/bin/ld: cannot find -levent_core: No such file or directory
/usr/bin/ld: cannot find -levent_pthreads: No such file or directory
/usr/bin/ld: cannot find -lz: No such file or directory
collect2: error: ld returned 1 exit status
collect2: error: ld returned 1 exit status
collect2: error: ld returned 1 exit status
collect2: error: ld returned 1 exit status
collect2: error: ld returned 1 exit status
collect2: error: ld returned 1 exit status
collect2: error: ld returned 1 exit status
collect2: error: ld returned 1 exit status
JIT compile failed.
JIT compile failed.
JIT compile failed.
JIT compile failed.
JIT compile failed.
JIT compile failed.
JIT compile failed.
JIT compile failed.
/usr/bin/ld: cannot find -lmpi_cxx: No such file or directory
/usr/bin/ld: cannot find -lmpi: No such file or directory
/usr/bin/ld: cannot find -lopen-rte: No such file or directory
/usr/bin/ld: cannot find -lopen-pal: No such file or directory
/usr/bin/ld: cannot find -lhwloc: No such file or directory
/usr/bin/ld: cannot find -levent_core: No such file or directory
/usr/bin/ld: cannot find -levent_pthreads: No such file or directory
/usr/bin/ld: cannot find -lz: No such file or directory
/usr/bin/ld: cannot find -lmpi_cxx: No such file or directory
/usr/bin/ld: cannot find -lmpi: No such file or directory
/usr/bin/ld: cannot find -lopen-rte: No such file or directory
/usr/bin/ld: cannot find -lopen-pal: No such file or directory
/usr/bin/ld: cannot find -lhwloc: No such file or directory
/usr/bin/ld: cannot find -levent_core: No such file or directory
/usr/bin/ld: cannot find -levent_pthreads: No such file or directory
/usr/bin/ld: cannot find -lz: No such file or directory
/usr/bin/ld: cannot find -lmpi_cxx: No such file or directory
/usr/bin/ld: cannot find -lmpi: No such file or directory
/usr/bin/ld: cannot find -lopen-rte: No such file or directory
/usr/bin/ld: cannot find -lopen-pal: No such file or directory
/usr/bin/ld: cannot find -lhwloc: No such file or directory
/usr/bin/ld: cannot find -levent_core: No such file or directory
/usr/bin/ld: cannot find -levent_pthreads: No such file or directory
/usr/bin/ld: cannot find -lz: No such file or directory
/usr/bin/ld: cannot find -lmpi_cxx: No such file or directory
/usr/bin/ld: cannot find -lmpi: No such file or directory
/usr/bin/ld: cannot find -lopen-rte: No such file or directory
/usr/bin/ld: cannot find -lopen-pal: No such file or directory
/usr/bin/ld: cannot find -lhwloc: No such file or directory
/usr/bin/ld: cannot find -levent_core: No such file or directory
/usr/bin/ld: cannot find -levent_pthreads: No such file or directory
/usr/bin/ld: cannot find -lz: No such file or directory
/usr/bin/ld: cannot find -lmpi_cxx: No such file or directory
/usr/bin/ld: cannot find -lmpi: No such file or directory
/usr/bin/ld: cannot find -lopen-rte: No such file or directory
/usr/bin/ld: cannot find -lopen-pal: No such file or directory
/usr/bin/ld: cannot find -lhwloc: No such file or directory
/usr/bin/ld: cannot find -levent_core: No such file or directory
/usr/bin/ld: cannot find -levent_pthreads: No such file or directory
/usr/bin/ld: cannot find -lz: No such file or directory
/usr/bin/ld: cannot find -lmpi_cxx: No such file or directory
/usr/bin/ld: cannot find -lmpi: No such file or directory
/usr/bin/ld: cannot find -lopen-rte: No such file or directory
/usr/bin/ld: cannot find -lopen-pal: No such file or directory
/usr/bin/ld: cannot find -lhwloc: No such file or directory
/usr/bin/ld: cannot find -levent_core: No such file or directory
/usr/bin/ld: cannot find -levent_pthreads: No such file or directory
/usr/bin/ld: cannot find -lz: No such file or directory
/usr/bin/ld: cannot find -lmpi_cxx: No such file or directory
/usr/bin/ld: cannot find -lmpi: No such file or directory
/usr/bin/ld: cannot find -lopen-rte: No such file or directory
/usr/bin/ld: cannot find -lopen-pal: No such file or directory
/usr/bin/ld: cannot find -lhwloc: No such file or directory
/usr/bin/ld: cannot find -levent_core: No such file or directory
/usr/bin/ld: cannot find -levent_pthreads: No such file or directory
/usr/bin/ld: cannot find -lz: No such file or directory
collect2: error: ld returned 1 exit status
collect2: error: ld returned 1 exit status
collect2: error: ld returned 1 exit status
collect2: error: ld returned 1 exit status
collect2: error: ld returned 1 exit status
collect2: error: ld returned 1 exit status
collect2: error: ld returned 1 exit status
JIT compile failed.
JIT compile failed.
JIT compile failed.
JIT compile failed.
JIT compile failed.
JIT compile failed.
JIT compile failed.
/usr/bin/ld: cannot find -lmpi_cxx: No such file or directory
/usr/bin/ld: cannot find -lmpi: No such file or directory
/usr/bin/ld: cannot find -lopen-rte: No such file or directory
/usr/bin/ld: cannot find -lopen-pal: No such file or directory
/usr/bin/ld: cannot find -lhwloc: No such file or directory
/usr/bin/ld: cannot find -levent_core: No such file or directory
/usr/bin/ld: cannot find -levent_pthreads: No such file or directory
/usr/bin/ld: cannot find -lz: No such file or directory
collect2: error: ld returned 1 exit status
JIT compile failed.
/usr/bin/ld: cannot find -lmpi_cxx: /usr/bin/ld: cannot find -lmpi_cxx: No such file or directory
/usr/bin/ld: cannot find -lmpi_cxx: No such file or directory
/usr/bin/ld: cannot find -lmpi_cxx: No such file or directory
/usr/bin/ld: cannot find -lmpi_cxx: No such file or directory
/usr/bin/ld: cannot find -lmpi_cxx: No such file or directory
/usr/bin/ldNo such file or directory
: cannot find -lmpi_cxx: No such file or directory/usr/bin/ld: cannot find -lmpi: No such file or directory
/usr/bin/ld: cannot find -lmpi: No such file or directory
/usr/bin/ld: cannot find -lmpi: No such file or directory
/usr/bin/ld: cannot find -lmpi: No such file or directory

/usr/bin/ld: cannot find -lmpi: No such file or directory
/usr/bin/ld: cannot find -lmpi: No such file or directory
/usr/bin/ld: cannot find -lopen-rte: No such file or directory
/usr/bin/ld: cannot find -lopen-rte: No such file or directory
/usr/bin/ld: cannot find -lopen-rte: No such file or directory
/usr/bin/ld: cannot find -lopen-rte: No such file or directory
/usr/bin/ld: cannot find -lopen-rte: No such file or directory
/usr/bin/ld/usr/bin/ld: cannot find -lmpi: No such file or directory
: cannot find -lopen-rte: No such file or directory
/usr/bin/ld: cannot find -lopen-pal: No such file or directory
/usr/bin/ld/usr/bin/ld: cannot find -lopen-pal: No such file or directory
/usr/bin/ld: cannot find -lopen-pal: No such file or directory
/usr/bin/ld: cannot find -lopen-pal: No such file or directory
/usr/bin/ld: cannot find -lopen-rte: No such file or directory
: cannot find -lopen-pal: No such file or directory/usr/bin/ld: cannot find -lopen-pal: No such file or directory

/usr/bin/ld/usr/bin/ld: cannot find -lhwloc: No such file or directory
/usr/bin/ld: cannot find -lhwloc: No such file or directory
/usr/bin/ld: cannot find -lhwloc: No such file or directory
/usr/bin/ld: cannot find -lhwloc: No such file or directory
: cannot find -lopen-pal: No such file or directory
/usr/bin/ld: cannot find /usr/bin/ld: cannot find -lhwloc: No such file or directory
-lhwloc: No such file or directory/usr/bin/ld: cannot find -levent_core: No such file or directory
/usr/bin/ld: cannot find -levent_core: No such file or directory
/usr/bin/ld: cannot find -levent_core: No such file or directory
/usr/bin/ld: cannot find -levent_core: No such file or directory

/usr/bin/ld: cannot find /usr/bin/ld: cannot find -levent_core: No such file or directory
-lhwloc: No such file or directory
/usr/bin/ld: cannot find -levent_pthreads: No such file or directory
/usr/bin/ld: cannot find -levent_pthreads: No such file or directory
/usr/bin/ld: cannot find -levent_pthreads: No such file or directory
/usr/bin/ld: cannot find -levent_pthreads: No such file or directory
/usr/bin/ld: cannot find /usr/bin/ld: cannot find -levent_pthreads: No such file or directory
-levent_core: No such file or directory/usr/bin/ld: cannot find -lz: No such file or directory
/usr/bin/ld: cannot find -lz: No such file or directory
/usr/bin/ld: cannot find -lz: No such file or directory
/usr/bin/ld: cannot find -lz: No such file or directory
/usr/bin/ld: cannot find -levent_core: No such file or directory

/usr/bin/ld: cannot find -lz: No such file or directory
/usr/bin/ld: cannot find -levent_pthreads: No such file or directory
/usr/bin/ld: cannot find -levent_pthreads: /usr/bin/ld: cannot find -lz: No such file or directory
No such file or directory
/usr/bin/ld: cannot find -lz: No such file or directory
collect2: error: ld returned 1 exit status
collect2: error: ld returned 1 exit status
collect2: error: ld returned 1 exit status
collect2: error: ld returned 1 exit status
collect2: error: ld returned 1 exit status
collect2: error: ld returned 1 exit status
collect2: error: ld returned 1 exit status
JIT compile failed.
JIT compile failed.
JIT compile failed.
JIT compile failed.
JIT compile failed.
JIT compile failed.
JIT compile failed.
