time,aperture_open_pp,axial_command_m_pp,bb_dilation_angle_pp,bb_effective_normal_stress_pp,bb_jrc_mobilized_pp,bb_law_normal_stress_pp,bb_limit_tau_pp,bb_mu_peak_pp,bb_normal_closure_pp,bb_normal_closure_um_pp,bb_normal_stiffness_tangent_pp,bb_peak_friction_angle_pp,bulk_delta_x_pp,bulk_delta_z_pp,bulk_disp_x_lower_pp,bulk_disp_x_upper_pp,bulk_disp_z_lower_pp,bulk_disp_z_upper_pp,bulk_normal_dilation_paper_mm_pp,bulk_shear_slip_mm_pp,cohesion_effective_pp,cumulative_dilation_pp,cumulative_plastic_slip_pp,czm_dn_pp,czm_dn_total_pp,czm_ds_1_pp,czm_ds_2_pp,czm_normal_dilation_paper_mm_pp,czm_shear_slip_mm_pp,czm_sigma_n_pp,czm_tau_1_pp,czm_tau_2_pp,differential_stress_biot_corrected_injection_pp,differential_stress_biot_corrected_pp,differential_stress_mpa_pp,differential_stress_reaction_mpa_pp,differential_stress_skeleton_bulk_pp,dilation_jump_increment_pp,effective_normal_compression_mpa_pp,effective_normal_compression_pp,effective_normal_paper_frame_mpa_pp,flow_mass_imbalance_fraction_pp,flow_rate_mesh_geometry_ml_min_pp,flow_rate_outlet_residual_volume_ml_min_pp,flow_rate_pp,flow_rate_reference_area_ml_min_pp,flow_rate_residual_volume_ml_min_pp,flow_rate_validation_ml_min_pp,frac_normal_dilation_paper_mm,frac_normal_jump_avg,fracture_interface_area_pp,fracture_permeability_1e13_m2_pp,fracture_permeability_pp,fracture_pressure_mean_pp,friction_coefficient_effective_pp,hydraulic_aperture_pp,hydraulic_aperture_um_pp,inj_reaction_sum_pp,inj_saveiin_sum_legacy_pp,injection_pressure_pp,interface_pressure_pp,limit_tau_pp,machine_spring_gap_m_pp,machine_spring_sigma1_mpa_pp,mechanical_aperture_pp,mechanical_aperture_raw_pp,normal_stress_aperture_pp,normal_stress_aperture_um_pp,plastic_slip_increment_pp,pp_drop_pp,pp_outlet_pp,prod_reaction_sum_pp,prod_saveiin_sum_legacy_pp,reaction_vs_machine_spring_mpa_pp,reported_czm_shear_slip_mm_pp,roughness_state_pp,shear_stress_paper_frame_mpa_pp,shear_traction_magnitude_pa,sigma1_fault_mpa_pp,sigma1_pp,sigma1_reaction_mpa_pp,sigma3_bulk_mpa_pp,sigma3_fault_mpa_pp,slip_damage_aperture_pp,slip_damage_aperture_um_pp,stress_xx_bulk_pp,stress_xx_fault_pp,stress_zz_fault_pp,stress_zz_top_pp,top_boundary_area_pp,top_disp_z_mean_m_pp,top_reaction_z_abs,top_reaction_z_raw
0,0,0,0,0,0,0,0,0,0,0,0,0,0,0,0,0,0,0,0,0,0,0,0,0,0,0,0,0,0,0,0,0,0,0,0,0,0,0,0,0,0,0,0,0,0,0,0,0,0,0,0,0,0,0,0,0,0,0,0,0,0,0,0,0,0,0,0,0,0,0,0,0,0,0,0,0,0,0,0,0,0,0,0,0,0,0,0,0,0,0,0,0,0
0.75,9.7982063223047e-07,-7.5187969924812e-05,16.44200364,26574246.865116,15.32,26574246.865116,50202201.421368,0.8776245869075,4.3350179944468e-05,43.350179944468,3352004202558.6,41.270982804595,-2.4637654047784e-09,7.1257994120352e-08,3.5223098797085e-07,3.4976722256607e-07,-1.1723587569403e-07,-4.5977881573682e-08,3.985037537589e-05,5.9124609499147e-05,26880000,0,0,9.7982063223047e-07,9.7982063223047e-07,8.802144080922e-12,4.6444201019438e-08,-0.00097982063223047,4.6444201853533e-05,-26574246.865116,88.02144080922,464442.01019438,3.0841040619365,2.3098770205408,0.084104061936532,0.91995934503548,1.2381120156255,0,0,0,25.258337855976,1.9968142839188,0,0.043495299255801,7.2723842942284e-07,0,0.04363430576537,0,-0.00097982063223047,9.7982063223047e-07,0.0037702730355659,2.2568777073276,2.2568777073276e-13,3709621.5976739,0.8776245869075,1.6463609450689e-06,1.6463609450689,7.2723842942284e-07,9.1404023000818e-09,5000000,3709621.5976739,50202201.421368,7.5208433278944e-05,31.008437040909,9.7982063223047e-07,9.7982063223047e-07,0,0,0,0,5000000,7.2492165426335e-07,9.0831864621578e-09,-0.088477695873287,4.6444201853533e-05,1,0.41342699107758,464442.01853533,29.060052747141,30084104.061937,30.919959345035,28.845992046311,27.948044296149,0,0,-28845992.046311,-27948044.296149,-29060052.747141,-30084104.061937,0.0019988288209677,2.0463354132375e-08,61980.55765053,-61980.55765053
1.5,9.7982063223047e-07,-7.5187969924812e-05,16.44200364,26574246.865116,15.32,26574246.865116,50202201.421368,0.8776245869075,4.3350179944468e-05,43.350179944468,3352004202558.6,41.270982804595,-2.4637654047784e-09,7.1257994120352e-08,3.5223098797085e-07,3.4976722256607e-07,-1.1723587569403e-07,-4.5977881573682e-08,3.985037537589e-05,5.9124609499147e-05,26880000,0,0,9.7982063223047e-07,9.7982063223047e-07,8.802144080922e-12,4.6444201019438e-08,-0.00097982063223047,4.6444201853533e-05,-26574246.865116,88.02144080922,464442.01019438,3.0841040619365,2.3098770205408,0.084104061936532,0.91995934503548,1.2381120156255,0,0,0,25.258337855976,1.996825472569,0,0.043409987349511,7.2580387346433e-07,0,0.04354823240786,0,-0.00097982063223047,9.7982063223047e-07,0.0037702730355659,2.2568777073276,2.2568777073276e-13,3709621.5976739,0.8776245869075,1.6463609450689e-06,1.6463609450689,7.2580387346433e-07,9.1404023000818e-09,5000000,3709621.5976739,50202201.421368,7.5208433278944e-05,31.008437040909,9.7982063223047e-07,9.7982063223047e-07,0,0,0,0,5000000,7.2349978915851e-07,9.0831864621578e-09,-0.088477695873287,4.6444201853533e-05,1,0.41342699107758,464442.01853533,29.060052747141,30084104.061937,30.919959345035,28.845992046311,27.948044296149,0,0,-28845992.046311,-27948044.296149,-29060052.747141,-30084104.061937,0.0019988288209677,2.0463354132375e-08,61980.55765053,-61980.55765053
2.25,1.0783598783807e-06,-7.8282431805812e-05,16.44200364,26251702.795981,15.32,26251702.795981,49985113.015477,0.88013789133352,4.3251640699632e-05,43.251640699632,3195801178983.5,41.352228788699,3.1600592826023e-08,-8.7853421524109e-07,4.5031365449504e-07,4.8191424732107e-07,-2.7667215252818e-07,-1.1552063677693e-06,-0.00049235102752778,0.00072829350574378,26880000,0,0,1.0783598783807e-06,1.0783598783807e-06,-4.0372059904992e-11,8.0967395857792e-08,-0.0010783598783807,8.0967405922974e-05,-26251702.795981,-403.72059904992,809673.95857793,3.6879693993485,3.2424887749486,0.68796939934848,1.6801264998137,2.1258877179187,0,0,0,25.47180375967,1.9973087709509,0,0.02450728176031,4.0955690745177e-07,0,0.024573414447106,0,-0.0010783598783807,1.0783598783807e-06,0.0037702730355659,2.2612041336191,2.2612041336191e-13,4257532.2926668,0.88013789133352,1.6477701834244e-06,1.6477701834244,4.0955690745177e-07,5.1630051101308e-09,5000000,4257532.2926668,49985113.015477,7.7057432499901e-05,31.770779419709,1.0783598783807e-06,1.0783598783807e-06,0,0,0,0,5000000,4.0845469600517e-07,5.1342984391487e-09,-0.090652919895518,8.0967405922974e-05,1,0.75504384753101,809674.05922974,29.433660682816,30687969.399348,31.680126499814,28.56208168143,27.56725272641,0,0,-28562081.68143,-27567252.72641,-29433660.682816,-30687969.399348,0.0019988288209677,-1.2249993059112e-06,63504.349568722,-63504.349568722
3,1.0158915325898e-06,-8.7565817448813e-05,16.44200364,26454320.091344,15.32,26454320.091344,50121562.707243,0.87855460434754,4.3314109044589e-05,43.314109044589,3293185103982.1,41.301071344575,1.4724732808354e-07,-4.0224519281448e-06,7.0788986115225e-07,8.5513718923579e-07,-7.2169317645137e-07,-4.7441451045962e-06,-0.0022564475824213,0.0033332035037856,26880000,0,0,1.0158915325898e-06,1.0158915325898e-06,-5.5286760139934e-11,1.7958935630905e-07,-0.0010158915325898,0.00017958936481909,-26454320.091344,-552.86760139934,1795893.5630905,5.4208011634557,5.2222822829122,2.4208011634557,3.8603640320887,4.33439517087,0,0,0,26.084045912159,1.9943187198632,0,0.010753637198659,1.8025134503048e-07,0,0.010815080701829,0,-0.0010158915325898,1.0158915325898e-06,0.0037702730355659,2.258460924624,2.258460924624e-13,4669135.1990942,0.87855460434754,1.646557687129e-06,1.646557687129,1.8025134503048e-07,2.2213676596583e-09,5000000,4669135.1990942,50121562.707243,8.236055231156e-05,33.957255718056,1.0158915325898e-06,1.0158915325898e-06,0,0,0,0,5000000,1.7922728664432e-07,2.1939920621624e-09,-0.096891685967613,0.00017958936481909,1,1.7348361042944,1795893.6481909,31.270069874676,32420801.163456,33.860364032089,28.086405992586,27.245287939113,0,0,-28086405.992586,-27245287.939113,-31270069.874676,-32420801.163456,0.0019988288209677,-5.2052651372531e-06,67874.741410221,-67874.741410221
3.75,9.1341588649493e-07,-9.6849203091814e-05,16.44200364,26800457.314178,15.32,26800457.314178,50354075.227889,0.87588342039613,4.3416584689322e-05,43.416584689322,3465184134019.2,41.214580112383,2.5686118114786e-07,-7.204867614071e-06,9.6454562531884e-07,1.2214068064667e-06,-1.1629291979157e-06,-8.3677968119867e-06,-0.0040358287805951,0.0059739585750481,26880000,0,0,9.1341588649493e-07,9.1341588649493e-07,-5.4065571304783e-11,2.7754652530038e-07,-0.00091341588649493,0.00027754653056632,-26800457.314178,-540.65571304783,2775465.2530038,7.1418578800318,7.0994167579421,4.1418578800318,6.0281766693791,6.4802296659918,0,0,0,26.692798974888,1.975376244927,0,0.0022351986527165,3.8193785292972e-08,0,0.0022916271175783,0,-0.00091341588649493,9.1341588649493e-07,0.0037702730355659,2.2539644695989,2.2539644695989e-13,4929264.7965171,0.87588342039613,1.6447623771865e-06,1.6447623771865,3.8193785292972e-08,4.2856089355485e-10,5000000,4929264.7965171,50354075.227889,8.763345032134e-05,36.131271567489,9.1341588649493e-07,9.1341588649493e-07,0,0,0,0,5000000,3.7253310878608e-08,4.0218678445773e-10,-0.10309489810939,0.00027754653056632,1,2.7090446502388,2775465.3056632,33.203764599039,34141857.880032,36.028176669379,27.66162821404,27.031900453798,0,0,-27661628.21404,-27031900.453798,-33203764.599039,-34141857.880032,0.0019988288209677,-9.2157527704742e-06,72220.226947306,-72220.226947306
4.5,7.9830447236107e-07,-0.00010613258873482,16.44200364,27211414.912052,15.32,27211414.912052,50629181.316713,0.8727654366567,4.3531696101933e-05,43.531696101933,3678855058444.8,41.113331521226,3.5869079607526e-07,-1.040936469955e-05,1.2216917826194e-06,1.5803825786947e-06,-1.6021117703475e-06,-1.2011476469897e-05,-0.005820309929441,0.0086375647529077,26880000,0,0,7.9830447236107e-07,7.9830447236107e-07,-4.7035760551131e-11,3.7509164476685e-07,-0.00079830447236107,0.00037509164771594,-27211414.912052,-470.35760551131,3750916.4476685,8.8568805246365,8.9297505019616,5.8568805246365,8.1889119071142,8.5828787413745,0,0,0,27.299564601719,2.0135972119411,0,0.0040061425817701,6.5873349139975e-08,0,0.0039524009483985,0,-0.00079830447236107,7.9830447236107e-07,0.0037702730355659,2.2489189252466,2.2489189252466e-13,5121449.9622086,0.8727654366567,1.6428043044776e-06,1.6428043044776,-6.5873349139975e-08,-8.653042121075e-10,5000000,5121449.9622086,50629181.316713,9.2889133556472e-05,38.298189765333,7.9830447236107e-07,7.9830447236107e-07,0,0,0,0,5000000,-6.6769043029502e-08,-8.9155532943827e-10,-0.10927785821919,0.00037509164771594,1,3.6800726338913,3750916.4771594,35.186069421078,35856880.524636,38.188911907114,27.274001783262,26.871540285054,0,0,-27274001.783262,-26871540.285054,-35186069.421078,-35856880.524636,0.0019988288209677,-1.3243455178343e-05,76551.525493838,-76551.525493838
5.25,6.8031881457578e-07,-0.00011541597437782,16.44200364,27659654.147365,15.32,27659654.147365,50928090.760393,0.86942853718854,4.3649681758166e-05,43.649681758166,3924020734592.1,41.00462705982,4.5417452903622e-07,-1.3628329682983e-05,1.479189859676e-06,1.9333643887122e-06,-2.0399093497275e-06,-1.5668239032711e-05,-0.007607076283006,0.011316803209186,26880000,0,0,6.8031881457578e-07,6.8031881457578e-07,-3.7193042180555e-11,4.7235391041315e-07,-0.00068031881457578,0.00047235391187744,-27659654.147365,-371.93042180555,4723539.1041315,10.570376285348,10.735296421945,7.5703762853483,10.344878251373,10.654557295261,0,0,0,27.904991054463,2.0058395023498,0,0.0089640305597873,1.4853314965337e-07,0,0.0089119889792022,0,-0.00068031881457578,6.8031881457578e-07,0.0037702730355659,2.2437532658672,2.2437532658672e-13,5274866.8943275,0.86942853718854,1.6408289438676e-06,1.6408289438676,-1.4853314965337e-07,-1.8893601018804e-09,5000000,5274866.8943275,50928090.760393,9.8133217131888e-05,40.460325423478,6.8031881457578e-07,6.8031881457578e-07,0,0,0,0,5000000,-1.4940050932979e-07,-1.9158334253096e-09,-0.1154471721045,0.00047235391187744,1,4.6489574910119,4723539.1187744,37.197316423808,37570376.285348,40.344878251373,26.915818990088,26.742587605178,0,0,-26915818.990088,-26742587.605178,-37197316.423808,-37570376.285348,0.0019988288209677,-1.7282757245928e-05,80873.264562179,-80873.264562179
6,5.6384025202039e-07,-0.00012469936002082,16.44200364,28132287.753695,15.32,28132287.753695,51241987.544146,0.86597971892701,4.3766160319197e-05,43.766160319197,4196726250495.4,40.891898510202,5.4488379733971e-07,-1.6857464236152e-05,1.7366402124726e-06,2.2815240098123e-06,-2.4767349908242e-06,-1.9334199226976e-05,-0.0093951827118196,0.014007196030515,26880000,0,0,5.6384025202039e-07,5.6384025202039e-07,-2.5866943935874e-11,5.6941047685331e-07,-0.00056384025202039,0.00056941047744085,-28132287.753695,-258.66943935874,5694104.7685331,12.285780186005,12.527636563838,9.2857801860054,12.497325637432,12.703648111403,0,0,0,28.509429332977,2.0038804519487,0,0.013095361576525,2.1741236802824e-07,0,0.013044742081694,0,-0.00056384025202039,5.6384025202039e-07,0.0037702730355659,2.2386594168588,2.2386594168588e-13,5403093.9630539,0.86597971892701,1.6388992401956e-06,1.6388992401956,-2.1741236802824e-07,-2.7466230996381e-09,5000000,5403093.9630539,51241987.544146,0.00010336874133858,42.618932053896,5.6384025202039e-07,5.6384025202039e-07,0,0,0,0,5000000,-2.1825602627542e-07,-2.7733604715964e-09,-0.12160641646449,0.00056941047744085,1,5.6162609387929,5694104.7744085,39.227674729597,39285780.186005,42.497325637432,26.582132074603,26.634441617412,0,0,-26582132.074603,-26634441.617412,-39227674.729597,-39285780.186005,0.0019988288209677,-2.1330618682237e-05,85187.949708192,-85187.949708192
6.75,4.510314434816e-07,-0.00013398274566382,16.44200364,28622223.203378,15.32,28622223.203378,51566014.70636,0.8624773527628,4.3878969126267e-05,43.878969126267,4495397845510.6,40.777025185936,6.3206623088998e-07,-2.0094047819936e-05,1.9936581039754e-06,2.6257243348654e-06,-2.9129164513821e-06,-2.3006964271318e-05,-0.011184245599958,0.016705774925753,26880000,0,0,4.510314434816e-07,4.510314434816e-07,-1.3853086052874e-11,6.6631085972104e-07,-0.0004510314434816,0.00066631085986505,-28622223.203378,-138.53086052874,6663108.5972104,14.00566234903,14.3137939978,11.00566234903,14.647017546506,14.736178585216,0,0,0,29.113093833802,2.0029619547202,0,0.016647789163417,2.7664374647293e-07,0,0.016598624788376,0,-0.0004510314434816,4.510314434816e-07,0.0037702730355659,2.2337315718619,2.2337315718619e-13,5513552.7479511,0.8624773527628,1.6370447159542e-06,1.6370447159542,-2.7664374647293e-07,-3.4907906843716e-09,5000000,5513552.7479511,51566014.70636,0.00010859756323675,44.774775322512,4.510314434816e-07,4.510314434816e-07,0,0,0,0,5000000,-2.7746315272362e-07,-3.5176980631019e-09,-0.12775777600639,0.00066631085986505,1,6.5823260834195,6663108.5986505,41.271557683404,41005662.34903,44.647017546506,26.269483763814,26.541130448494,0,0,-26269483.763814,-26541130.448494,-41271557.683404,-41005662.34903,0.0019988288209677,-2.5385182427068e-05,89497.11136699,-89497.11136699
7.5,3.4297743749502e-07,-0.00014326613130682,16.44200364,29125126.441607,15.32,29125126.441607,51897205.940063,0.85895634690384,4.3987023130854e-05,43.987023130854,4819571351148.7,40.661138644424,7.1663949771538e-07,-2.3336223597162e-05,2.249934591735e-06,2.9665740894504e-06,-3.3487378099955e-06,-2.6684961407157e-05,-0.012974059200258,0.019410478917704,26880000,0,0,3.4297743749502e-07,3.4297743749502e-07,-1.6719103833121e-12,7.6308817056185e-07,-0.00034297743749502,0.00076308817056369,-29125126.441607,-16.719103833121,7630881.7056185,15.731931550379,16.098379608482,12.731931550379,16.794457187783,16.756619165133,0,0,0,29.716125865337,2.0024113882598,0,0.019770506830243,3.2871578578406e-07,0,0.019722947147044,0,-0.00034297743749502,3.4297743749502e-07,0.0037702730355659,2.2290165227537,2.2290165227537e-13,5610746.7635049,0.85895634690384,1.6352790028187e-06,1.6352790028187,-3.2871578578406e-07,-4.1528486898866e-09,5000000,5610746.7635049,51897205.940063,0.00011382090681167,46.92835987845,3.4297743749502e-07,3.4297743749502e-07,0,0,0,0,5000000,-3.2950844717072e-07,-4.1797820213021e-09,-0.13390269066708,0.00076308817056369,1,7.5473790656026,7630881.7056369,43.325500748329,42731931.550379,46.794457187783,25.975312385247,26.45896150171,0,0,-25975312.385247,-26458961.50171,-43325500.748329,-42731931.550379,0.0019988288209677,-2.9445224495154e-05,93801.758245789,-93801.758245789
8.25,2.4018583254401e-07,-0.00015254951694982,16.44200364,29638147.262393,15.32,29638147.262393,52233614.863354,0.85543886088847,4.408981473448e-05,44.08981473448,5169374674445.1,40.544964482799,7.9926113901535e-07,-2.6582658137875e-05,2.505240326131e-06,3.3045014651463e-06,-3.7844478244754e-06,-3.0367105962351e-05,-0.014764474529059,0.022119828749885,26880000,0,0,2.4018583254401e-07,2.4018583254401e-07,1.0342364845512e-11,8.5976523317103e-07,-0.00024018583254401,0.00085976523323323,-29638147.262393,103.42364845512,8597652.3317103,17.46599998913,17.88457142381,14.46599998913,18.939994338173,18.768363512735,0,0,0,30.318623649985,2.0020333655137,0,0.022560352857301,3.7524287503365e-07,0,0.022514572502019,0,-0.00024018583254401,2.4018583254401e-07,0.0037702730355659,2.2245357273964,2.2245357273964e-13,5697619.0578011,0.85543886088847,1.6336074237451e-06,1.6336074237451,-3.7524287503365e-07,-4.752081420232e-09,5000000,5697619.0578011,52233614.863354,0.00011903962284625,49.080036499509,2.4018583254401e-07,2.4018583254401e-07,0,0,0,0,5000000,-3.7600588095501e-07,-4.7788881163151e-09,-0.1400421613358,0.00085976523323323,1,8.511577074045,8597652.3323323,45.387212297899,44465999.98913,48.939994338173,25.697636476394,26.38549250704,0,0,-25697636.476394,-26385492.50704,-45387212.297899,-44465999.98913,0.0019988288209677,-3.350989410357e-05,98102.591489365,-98102.591489365
9,1.4283570603617e-07,-0.00016183290259282,16.44200364,30159306.603096,15.32,30159306.603096,52573895.356057,0.8519395235631,4.4187164859739e-05,44.187164859739,5545286159879.3,40.428988442637,8.8039787857904e-07,-2.9832360955336e-05,2.7594139179169e-06,3.6398117964959e-06,-4.2202605294162e-06,-3.4052621484753e-05,-0.01655536251258,0.024832737115975,26880000,0,0,1.4283570603617e-07,1.4283570603617e-07,2.1988473027892e-11,9.5635820633834e-07,-0.00014283570603617,0.00095635820659111,-30159306.603096,219.88473027892,9563582.0633834,19.208905796087,19.674627343266,16.208905796087,21.083882046475,20.774033566236,0,0,0,30.920658247498,2.0017509024644,0,0.025083793126443,4.1733251025337e-07,0,0.025039950615202,0,-0.00014283570603617,1.4283570603617e-07,0.0037702730355659,2.2202962881859,2.2202962881859e-13,5776202.5786316,0.8519395235631,1.6320307090016e-06,1.6320307090016,-4.1733251025337e-07,-5.3012271603326e-09,5000000,5776202.5786316,52573895.356057,0.00012425432684596,51.230058958589,1.4283570603617e-07,1.4283570603617e-07,0,0,0,0,5000000,-4.1806321877405e-07,-5.3277652829977e-09,-0.14617691211361,0.00095635820659111,1,9.475033828123,9563582.0659111,47.455098625998,46208905.796087,51.083882046475,25.434872229851,26.319023360015,0,0,-25434872.229851,-26319023.360015,-47455098.625998,-46208905.796087,0.0019988288209677,-3.7578575746862e-05,102400.1183463,-102400.1183463
9.75,5.0881824330765e-08,-0.00017111628823582,16.44200364,30687356.919157,15.32,30687356.919157,52917198.643306,0.84846702810294,4.4279118740269e-05,44.279118740269,5948155508659.4,40.313505235038,9.603861356113e-07,-3.3084616571164e-05,3.0123405670946e-06,3.9727267027059e-06,-4.6563510714011e-06,-3.7740967642565e-05,-0.018346629304709,0.027548418980878,26880000,0,0,5.0881824330765e-08,5.0881824330765e-08,3.3163740553909e-11,1.052878595137e-06,-5.0881824330765e-05,0.0010528785956593,-30687356.919157,331.63740553909,10528785.95137,20.961396548945,21.470059683221,17.961396548945,23.226301570983,22.77565340761,0,0,0,31.522280557821,2.0014925405073,0,0.027384330290725,4.5572531635057e-07,0,0.027343518981034,0,-5.0881824330765e-05,5.0881824330765e-08,0.0037702730355659,2.2162955599696,2.2162955599696e-13,5847771.8904611,0.84846702810294,1.6305955999981e-06,1.6305955999981,-4.5572531635057e-07,-5.8085628454072e-09,5000000,5847771.8904611,52917198.643306,0.00012946545969599,53.378609032655,5.0881824330765e-08,5.0881824330765e-08,0,0,0,0,5000000,-4.5640550484542e-07,-5.8337101499908e-09,-0.15230746167245,0.0010528785956593,1,10.437830784774,10528785.956593,49.528089516553,47961396.548945,53.226301570983,25.185743141335,26.25841920614,0,0,-25185743.141335,-26258419.20614,-49528089.516553,-47961396.548945,0.0019988288209677,-4.1650828539836e-05,106694.70215764,-106694.70215764
10.5,0,-0.00018039967387882,16.44200364,31224192.741188,15.32,31224192.741188,53264720.05793,0.84500932050641,4.436626413875e-05,44.36626413875,6381329310882.1,40.198120017243,1.039559682462e-06,-3.6339093647814e-05,3.2639018902785e-06,4.3034615727405e-06,-5.0928337058701e-06,-4.1431927353684e-05,-0.020138382378304,0.030266416482022,26880000,0,0,-3.626357525883e-08,-3.626357525883e-08,4.4057835150498e-11,1.1493315817477e-06,3.626357525883e-05,0.0011493315825921,-31224192.741188,440.57835150498,11493315.817477,22.723930910422,23.270118618205,19.723930910422,25.367297788116,24.774460013134,0,0,0,32.1235031829,2.0014270282105,0,0.029448391540121,4.9010712896946e-07,0,0.029406427738168,0,3.626357525883e-05,-3.626357525883e-08,0.0037702730355659,2.2140833333333,2.2140833333333e-13,5910312.8463044,0.84500932050641,1.63e-06,1.63,-4.9010712896946e-07,-6.2712922598315e-09,5000000,5910312.8463044,53264720.05793,0.00013467313055189,55.525731726543,0,-3.626357525883e-08,0,0,0,0,5000000,-4.9080652566868e-07,-6.2958118500028e-09,-0.15843393842657,0.0011493315825921,1,11.399988111328,11493315.825921,51.606428039819,49723930.910422,55.367297788116,24.949470897288,26.204092223835,0,0,-24949470.897288,-26204092.223835,-51606428.039819,-49723930.910422,0.0019988288209677,-4.5726543326937e-05,110986.43288033,-110986.43288033
11.25,0,-0.00018968305952182,16.44200364,31766477.734513,15.32,31766477.734513,53614269.923631,0.84158797345509,4.4448330952573e-05,44.448330952573,6844029723639.3,40.083560331345,1.1179755536973e-06,-3.9595143313606e-05,3.5141142801643e-06,4.6320898338615e-06,-5.529853859601e-06,-4.5124997173207e-05,-0.021930326251817,0.032986149121298,26880000,0,0,-1.1833039012176e-07,-1.1833039012176e-07,5.4459939493849e-11,1.2457257319363e-06,0.00011833039012176,0.0012457257331267,-31766477.734513,544.59939493849,12457257.319363,24.496926716669,25.077317238153,21.496926716669,27.507058962717,26.77192099604,0,0,0,32.724378990218,2.0014702505892,0,0.031374761952128,5.2214501518588e-07,0,0.031328700911153,0,0.00011833039012176,-1.1833039012176e-07,0.0037702730355659,2.2140833333333,2.2140833333333e-13,5967317.5358067,0.84158797345509,1.63e-06,1.63,-5.2214501518588e-07,-6.7025974304532e-09,5000000,5967317.5358067,53614269.923631,0.00013987779734129,57.671615843814,0,-1.1833039012176e-07,0,0,0,0,5000000,-5.2291269920213e-07,-6.7268689509074e-09,-0.16455688109721,0.0012457257331267,1,12.361590413445,12457257.331267,53.688593671853,51496926.716669,57.507058962717,24.725005720629,26.154281554229,0,0,-24725005.720629,-26154281.554229,-53688593.671853,-51496926.716669,0.0019988288209677,-4.9805262180534e-05,115275.68790039,-115275.68790039
12,0,-0.00019896644516483,16.44200364,32311193.819397,15.32,32311193.819397,53963899.376751,0.8382208696738,4.4525218926505e-05,44.525218926505,7335246372537.5,39.970439229832,1.1956324600407e-06,-4.2852248747595e-05,3.763018499447e-06,4.9586509594877e-06,-5.9675275864549e-06,-4.881977633405e-05,-0.023722185958504,0.035707179292901,26880000,0,0,-1.9521836502559e-07,-1.9521836502559e-07,6.422330242683e-11,1.3420689674359e-06,0.00019521836502559,0.0013420689689726,-32311193.819397,642.2330242683,13420689.674359,26.280662524363,26.893801046403,23.280662524363,29.645749260966,28.76935668802,0,0,0,33.324954080008,2.0013435893474,0,0.03321272981383,5.5280275700163e-07,0,0.033168165420098,0,0.00019521836502559,-1.9521836502559e-07,0.0037702730355659,2.2140833333333,2.2140833333333e-13,6021897.5367326,0.8382208696738,1.63e-06,1.63,-5.5280275700163e-07,-7.1105657824659e-09,5000000,6021897.5367326,53963899.376751,0.00014507985937525,59.816426020414,0,-1.9521836502559e-07,0,0,0,0,5000000,-5.5354549689717e-07,-7.1342468613272e-09,-0.1706767594471,0.0013420689689726,1,13.322711466917,13420689.689726,55.77322582602,53280662.524363,59.645749260966,24.511305836343,26.10739687665,0,0,-24511305.836343,-26107396.87665,-55773225.82602,-53280662.524363,0.0019988288209677,-5.388658578958e-05,119562.79629688,-119562.79629688
12.75,0,-0.00020824983080783,16.44200364,32859417.749512,15.32,32859417.749512,54314304.029586,0.83489986770963,4.4597439741133e-05,44.597439741133,7857440062039.9,39.858498996152,1.2727376463432e-06,-4.6110205327753e-05,4.0105674693733e-06,5.2833051157165e-06,-6.405904840345e-06,-5.2516110168098e-05,-0.025514028818813,0.038429223644471,26880000,0,0,-2.6743918056236e-07,-2.6743918056236e-07,7.3468317257313e-11,1.4383647409358e-06,0.00026743918056236,0.0014383647428121,-32859417.749512,734.68317257313,14383647.409358,28.075221248981,28.718973438462,25.075221248981,31.783407712356,30.767505083985,0,0,0,33.925239412313,2.0012260652588,0,0.034938242458285,5.8159097248525e-07,0,0.034895458349115,0,0.00026743918056236,-2.6743918056236e-07,0.0037702730355659,2.2140833333333,2.2140833333333e-13,6072920.3158025,0.83489986770963,1.63e-06,1.63,-5.8159097248525e-07,-7.4957859863727e-09,5000000,6072920.3158025,54314304.029586,0.00015027941158747,61.960201397515,0,-2.6743918056236e-07,0,0,0,0,5000000,-5.8230404097142e-07,-7.5187737034473e-09,-0.17679368515947,0.0014383647428121,1,14.283368811482,14383647.428121,57.860336295392,55075221.248981,61.783407712356,24.307716164996,26.063554254635,0,0,-24307716.164996,-26063554.254635,-57860336.295392,-55075221.248981,0.0019988288209677,-5.7970419220353e-05,123847.83630632,-123847.83630632
13.5,0,-0.00021753321645083,16.44200364,33410863.142171,15.32,33410863.142171,54665301.89116,0.83162542522257,4.4665276746354e-05,44.665276746354,8411950573169.2,39.747769430703,1.3493634745651e-06,-4.9368811125859e-05,4.2567710283873e-06,5.6061345029524e-06,-6.8450317910734e-06,-5.6213842916932e-05,-0.027305809193511,0.041152072585166,26880000,0,0,-3.3527618663489e-07,-3.3527618663489e-07,8.224820084133e-11,1.5346162656753e-06,0.00033527618663489,0.0015346162678793,-33410863.142171,822.4820084133,15346162.656753,29.88061656064,30.55301849324,26.88061656064,33.920092303172,32.766989400836,0,0,0,34.52525127052,2.0011205946284,0,0.036559817924231,6.0864825077677e-07,0,0.036518895046606,0,0.00033527618663489,-3.3527618663489e-07,0.0037702730355659,2.2140833333333,2.2140833333333e-13,6120669.8876667,0.83162542522257,1.63e-06,1.63,-6.0864825077677e-07,-7.859991151212e-09,5000000,6120669.8876667,54665301.89116,0.00015547659502143,64.103000127335,0,-3.3527618663489e-07,0,0,0,0,5000000,-6.0933029873718e-07,-7.8822432650869e-09,-0.18290782416248,0.0015346162678793,1,15.243588506005,15346162.678793,59.949659148368,56880616.56064,63.920092303172,24.113627159804,26.022476331465,0,0,-24113627.159804,-26022476.331465,-59949659.148368,-56880616.56064,0.0019988288209677,-6.2056621429399e-05,128130.92416501,-128130.92416501
14.25,0,-0.00022681660209383,16.44200364,33965203.519799,15.32,33965203.519799,55016688.470622,0.82839814808894,4.4728994250934e-05,44.728994250934,9000079189077.8,39.638285436834,1.4255609696443e-06,-5.2627902438537e-05,4.5016498457655e-06,5.9272108154098e-06,-7.2849398150386e-06,-5.9912842253576e-05,-0.029097483604628,0.043875560247554,26880000,0,0,-3.9899369201278e-07,-3.9899369201278e-07,9.0601570786706e-11,1.630826304095e-06,0.00039899369201278,0.0016308263066117,-33965203.519799,906.01570786706,16308263.04095,31.696790580701,32.396076049306,28.696790580701,36.05585499151,34.768303485408,0,0,0,35.125004245211,2.0010258142657,0,0.038087281414116,6.3413751625799e-07,0,0.038048250975479,0,0.00039899369201278,-3.9899369201278e-07,0.0037702730355659,2.2140833333333,2.2140833333333e-13,6165475.7810085,0.82839814808894,1.63e-06,1.63,-6.3413751625799e-07,-8.2049549981101e-09,5000000,6165475.7810085,55016688.470622,0.00016067153605783,66.244874316645,0,-3.9899369201278e-07,0,0,0,0,5000000,-6.3478802356859e-07,-8.2264517937578e-09,-0.18901932513464,0.0016308263066117,1,16.203393900298,16308263.066117,62.040933559863,58696790.580701,66.05585499151,23.928487095293,25.983883766358,0,0,-23928487.095293,-25983883.766358,-62040933.559863,-58696790.580701,0.0019988288209677,-6.6145066035995e-05,132412.16402549,-132412.16402549
15,0,-0.00023609998773683,16.44200364,34522148.244937,15.32,34522148.244937,55368285.04256,0.82521834633922,4.478884705864e-05,44.78884705864,9623159293616.6,39.530071954959,1.5013703218974e-06,-5.5887350058605e-05,4.7452304772432e-06,6.2466007991407e-06,-7.7256474227525e-06,-6.3612997481358e-05,-0.03088901766611,0.046599555760106,26880000,0,0,-4.5884650046497e-07,-4.5884650046497e-07,9.8563271256555e-11,1.7269972289712e-06,0.00045884650046497,0.0017269972317838,-34522148.244937,985.63271256555,17269972.289712,33.523627002357,34.248206227194,30.523627002357,38.19074139885,36.771830807629,0,0,0,35.724511147556,2.0009402827296,0,0.039529427132599,6.5820488685567e-07,0,0.03949229321134,0,0.00045884650046497,-4.5884650046497e-07,0.0037702730355659,2.2140833333333,2.2140833333333e-13,6207632.0413944,0.82521834633922,1.63e-06,1.63,-6.5820488685567e-07,-8.532262802484e-09,5000000,6207632.0413944,55368285.04256,0.0001658643456645,68.385869717473,0,-4.5884650046497e-07,0,0,0,0,5000000,-6.5882378554332e-07,-8.5529974954231e-09,-0.19512831862214,0.0017269972317838,1,17.162805496519,17269972.317838,64.133931838578,60523627.002357,68.19074139885,23.751796194728,25.947531281743,0,0,-23751796.194728,-25947531.281743,-64133931.838578,-60523627.002357,0.0019988288209677,-7.0235642072331e-05,136691.64733823,-136691.64733823
15.75,0,-0.00024538337337983,16.44200364,35081446.847935,15.32,35081446.847935,55719940.804536,0.82208603775388,4.4845079791445e-05,44.845079791445,10282566548999,39.423143919016,1.5768247380081e-06,-5.9147053179042e-05,4.9875432530251e-06,6.5643679910332e-06,-8.1671626270462e-06,-6.7314215806088e-05,-0.03268038611924,0.049323956036759,26880000,0,0,-5.1507923396997e-07,-5.1507923396997e-07,1.0616558872906e-10,1.8231311023563e-06,0.00051507923396997,0.0018231311054475,-35081446.847935,1061.6558872906,18231311.023563,35.360962875482,36.10939808401,32.360962875482,40.32479187456,38.777863293926,0,0,0,36.323783308239,2.0008627831264,0,0.040893862771364,6.809768441921e-07,0,0.040858610651526,0,0.00051507923396997,-5.1507923396997e-07,0.0037702730355659,2.2140833333333,2.2140833333333e-13,6247392.0142131,0.82208603775388,1.63e-06,1.63,-6.809768441921e-07,-8.8432969519442e-09,5000000,6247392.0142131,55719940.804536,0.00017105512198556,70.526026794645,0,-5.1507923396997e-07,0,0,0,0,5000000,-6.8156437952273e-07,-8.8632716942648e-09,-0.20123492008503,0.0018231311054475,1,18.121841427554,18231311.054475,66.228459273143,62360962.875482,70.32479187456,23.583099581556,25.913208201967,0,0,-23583099.581556,-25913208.201967,-66228459.273143,-62360962.875482,0.0019988288209677,-7.4328251394274e-05,140969.45498548,-140969.45498548
16.5,0,-0.00025466675902283,16.44200364,35642884.263748,15.32,35642884.263748,56071529.308597,0.81900100125123,4.4897925604761e-05,44.897925604761,10979720158206,39.317507928532,1.6519526600448e-06,-6.240693385475e-05,5.2286209297436e-06,6.8805735897883e-06,-8.6094850726536e-06,-7.1016418927404e-05,-0.034471571779651,0.052048679904322,26880000,0,0,-5.6792504794241e-07,-5.6792504794241e-07,1.1343802665251e-10,1.9192297413014e-06,0.00056792504794241,0.0019192297446539,-35642884.263748,1134.3802665251,19192297.413014,37.208598513475,37.979582300412,34.208598513475,42.458042529422,40.786617504106,0,0,0,36.92283086769,2.0007923135565,0,0.042187144201677,7.0256242029804e-07,0,0.042153745217883,0,0.00056792504794241,-5.6792504794241e-07,0.0037702730355659,2.2140833333333,2.2140833333333e-13,6284972.9782275,0.81900100125123,1.63e-06,1.63,-7.0256242029804e-07,-9.1392608772207e-09,5000000,6284972.9782275,56071529.308597,0.00017624395285539,72.665381762276,0,-5.6792504794241e-07,0,0,0,0,5000000,-7.0311907002796e-07,-9.15848442284e-09,-0.20733923285454,0.0019192297446539,1,19.08051792148,19192297.446539,68.324349789922,64208598.513475,72.458042529422,23.42198100937,25.880733856859,0,0,-23421981.00937,-25880733.856859,-68324349.789922,-64208598.513475,0.0019988288209677,-7.8422806167444e-05,145245.65935306,-145245.65935306
17.25,0,-0.00026395014466583,16.44200364,36206275.196212,15.32,36206275.196212,56422944.443074,0.81596282962066,4.4947605329534e-05,44.947605329534,11716082289360,39.213163936854,1.7267791968279e-06,-6.5666932374947e-05,5.4684977468554e-06,7.1952769436833e-06,-9.0526078458684e-06,-7.4719540220815e-05,-0.036262564298936,0.05477366341953,26880000,0,0,-6.1760477333082e-07,-6.1760477333082e-07,1.2040714203793e-10,2.0152947687583e-06,0.00061760477333082,0.0020152947723553,-36206275.196212,1204.0714203793,20152947.687583,39.066305763773,39.858642860525,36.066305763773,44.590526081523,42.798248180239,0,0,0,37.521663013619,2.0007280443045,0,0.043414941293615,7.23055938136e-07,0,0.04338335628816,0,0.00061760477333082,-6.1760477333082e-07,0.0037702730355659,2.2140833333333,2.2140833333333e-13,6320561.8279201,0.81596282962066,1.63e-06,1.63,-7.23055938136e-07,-9.4212072834296e-09,5000000,6320561.8279201,56422944.443074,0.00018143091785612,74.803967432077,0,-6.1760477333082e-07,0,0,0,0,5000000,-7.2358235489359e-07,-9.4396933480364e-09,-0.21344135055374,0.0020152947723553,1,20.03884968171,20152947.723553,70.421461409174,66066305.763773,74.590526081523,23.268057583534,25.849952694059,0,0,-23268057.583534,-25849952.694059,-70421461.409174,-66066305.763773,0.0019988288209677,-8.2519226809716e-05,149520.32602596,-149520.32602596
18,0,-0.00027323353030883,16.44200364,36771459.103005,15.32,36771459.103005,56774096.901755,0.81297097366727,4.4994327084502e-05,44.994327084502,12493157154471,39.110106679937,1.8013270689403e-06,-6.8927003492985e-05,5.7072087502578e-06,7.508535819198e-06,-9.4965189757173e-06,-7.8423522468702e-05,-0.038053358968172,0.057498856170977,26880000,0,0,-6.6432652887622e-07,-6.6432652887622e-07,1.2709659742026e-10,2.111327652482e-06,0.00066432652887622,0.0021113276563075,-36771459.103005,1270.9659742026,21113276.52482,40.933834903696,41.746427010669,37.933834903696,46.722272521621,44.812859527503,0,0,0,38.120288167863,2.00066927987,0,0.044582186730134,7.4253947877639e-07,0,0.044552368726584,0,0.00066432652887622,-6.6432652887622e-07,0.0037702730355659,2.2140833333333,2.2140833333333e-13,6354320.1782889,0.81297097366727,1.63e-06,1.63,-7.4253947877639e-07,-9.6900633632783e-09,5000000,6354320.1782889,56774096.901755,0.00018661608993602,76.941813880623,0,-6.6432652887622e-07,0,0,0,0,5000000,-7.4303644550224e-07,-9.707829372726e-09,-0.21954135900138,0.0021113276563075,1,20.996850186,21113276.563075,72.519672267243,67933834.903696,76.722272521621,23.120975376193,25.820730013157,0,0,-23120975.376193,-25820730.013157,-72519672.267243,-67933834.903696,0.0019988288209677,-8.6617440372809e-05,153793.51512212,-153793.51512212
18.75,0,-0.00028251691595183,16.44200364,37338296.012674,15.32,37338296.012674,57124911.25617,0.81002477760568,4.5038286256331e-05,45.038286256331,13312490116294,39.008326832603,1.8756172303708e-06,-7.2187113385999e-05,5.9447893041663e-06,7.8204065345371e-06,-9.9412026615578e-06,-8.2128316047557e-05,-0.039843955633962,0.060224218371324,26880000,0,0,-7.082857012475e-07,-7.082857012475e-07,1.3352735831212e-10,2.2073297347935e-06,0.0007082857012475,0.0022073297388322,-37338296.012674,1335.2735831212,22073297.347935,42.810920379687,43.642753566122,39.810920379687,48.853309630106,46.830514591112,0,0,0,38.718714131557,2.0006154299674,0,0.045693200501692,7.6108494721061e-07,0,0.045665096832636,0,0.0007082857012475,-7.082857012475e-07,0.0037702730355659,2.2140833333333,2.2140833333333e-13,6386388.644058,0.81002477760568,1.63e-06,1.63,-7.6108494721061e-07,-9.946651810915e-09,5000000,6386388.644058,57124911.25617,0.00019179953666698,79.078948967798,0,-7.082857012475e-07,0,0,0,0,5000000,-7.6155334169486e-07,-9.9637179140555e-09,-0.22563933769131,0.0022073297388322,1,21.954531918775,22073297.388322,74.618877290695,69810920.379687,78.853309630106,22.980405788575,25.792948423811,0,0,-22980405.788575,-25792948.423811,-74618877.290695,-69810920.379687,0.0019988288209677,-9.0717379284849e-05,158065.28232867,-158065.28232867
19.5,0,-0.00029180030159484,16.44200364,37906663.10159,15.32,37906663.10159,57475323.568837,0.80712350703939,4.5079665741551e-05,45.079665741551,14175666913505,38.907811931342,1.949669271156e-06,-7.5447237215371e-05,6.1812747385271e-06,8.1309440096831e-06,-1.038664026707e-05,-8.5833877482441e-05,-0.041634357747136,0.062949718575088,26880000,0,0,-7.4966518697732e-07,-7.4966518697732e-07,1.3971796168634e-10,2.3033022554499e-06,0.00074966518697732,0.0023033022596875,-37906663.10159,1397.1796168634,23033022.554499,44.697285569419,45.54741978178,41.697285569419,50.983663377026,48.851243044472,0,0,0,39.316948197465,2.0005659880254,0,0.046751791916615,7.7875576550558e-07,0,0.046725345930335,0,0.00074966518697732,-7.4966518697732e-07,0.0037702730355659,2.2140833333333,2.2140833333333e-13,6416890.3539341,0.80712350703939,1.63e-06,1.63,-7.7875576550558e-07,-1.0191707964018e-08,5000000,6416890.3539341,57475323.568837,0.00019698132121747,81.215398737963,0,-7.4966518697732e-07,0,0,0,0,5000000,-7.7919653194358e-07,-1.0208096245711e-08,-0.23173536093694,0.0023033022596875,1,22.911906550896,23033022.596875,76.718985452835,71697285.569419,80.983663377026,22.846042524947,25.766504948433,0,0,-22846042.524947,-25766504.948433,-76718985.452835,-71697285.569419,0.0019988288209677,-9.4818980377366e-05,162335.67970382,-162335.67970382
20.25,0,-0.00030108368723784,16.44200364,38476451.906105,15.32,38476451.906105,57825279.455235,0.80426637097013,4.5118636364911e-05,45.118636364911,15084313014174,38.808547107859,2.0235016719047e-06,-7.8707357175082e-05,6.416700094955e-06,8.4402017668597e-06,-1.0832811118996e-05,-8.9540168294079e-05,-0.043424571544388,0.065675331888682,26880000,0,0,-7.8863581081618e-07,-7.8863581081618e-07,1.4568480570983e-10,2.3992463693049e-06,0.00078863581081618,0.002399246373728,-38476451.906105,1456.8480570983,23992463.693049,46.59264671684,47.460207009297,43.59264671684,53.113358231243,50.875047652602,0,0,0,39.914997236797,2.0005205152118,0,0.047761342732383,7.9560825267488e-07,0,0.047736495160493,0,0.00078863581081618,-7.8863581081618e-07,0.0037702730355659,2.2140833333333,2.2140833333333e-13,6445933.8207618,0.80426637097013,1.63e-06,1.63,-7.9560825267488e-07,-1.0425893708649e-08,5000000,6445933.8207618,57825279.455235,0.00020216150310453,83.351187729999,0,-7.8863581081618e-07,0,0,0,0,5000000,-7.9602237887306e-07,-1.0441627561812e-08,-0.23782949875621,0.002399246373728,1,23.868985078598,23992463.73728,78.819917517029,73592646.71684,83.113358231243,22.717599064238,25.741308660278,0,0,-22717599.064238,-25741308.660278,-78819917.517029,-73592646.71684,0.0019988288209677,-9.8922184133302e-05,166604.75629661,-166604.75629661
21,0,-0.00031036707288084,16.44200364,39047566.050703,15.32,39047566.050703,58174732.508748,0.80145253908078,4.5155357410135e-05,45.155357410135,16040093085038,38.710515671922,2.0971319593269e-06,-8.1967460933739e-05,6.6510999447003e-06,8.7482319040272e-06,-1.1279693144839e-05,-9.3247154078578e-05,-0.045214605354567,0.068401038566747,26880000,0,0,-8.2535685649087e-07,-8.2535685649087e-07,1.5144243200047e-10,2.495163160008e-06,0.00082535685649087,0.0024951631646038,-39047566.050703,1514.4243200047,24951631.60008,48.496716167396,49.380885338725,45.496716167396,55.242417399355,52.901909630786,0,0,0,40.512867766299,2.0004786283974,0,0.048724874911477,8.1169274932483e-07,0,0.04870156495949,0,0.00082535685649087,-8.2535685649087e-07,0.0037702730355659,2.2140833333333,2.2140833333333e-13,6473615.2855475,0.80145253908078,1.63e-06,1.63,-8.1169274932483e-07,-1.0649808763362e-08,5000000,6473615.2855475,58174732.508748,0.00020734013877495,85.48633921691,0,-8.2535685649087e-07,0,0,0,0,5000000,-8.1208124852461e-07,-1.0664912389793e-08,-0.24392181755492,0.0024951631646038,1,24.825777930857,24951631.646038,80.921604178412,75496716.167396,85.242417399355,22.59480653661,25.717278756357,0,0,-22594806.53661,-25717278.756357,-80921604.178412,-75496716.167396,0.0019988288209677,-0.00010302693410589,170872.55862578,-170872.55862578
21.75,0,-0.00031965045852384,16.44200364,39619919.3915,15.32,39619919.3915,58523643.016897,0.79868115529519,4.5189977216507e-05,45.189977216507,17044710559350,38.613699574877,2.1705767969792e-06,-8.5227540393234e-05,6.884508259457e-06,9.0550850564362e-06,-1.1727263378909e-05,-9.6954803772143e-05,-0.047004469017828,0.07112682291136,26880000,0,0,-8.5997666328725e-07,-8.5997666328725e-07,1.5700378523209e-10,2.5910536506775e-06,0.00085997666328725,0.0025910536554342,-39619919.3915,1570.0378523209,25910536.506775,50.40920501206,51.309217393573,47.40920501206,57.370863010381,54.931793081786,0,0,0,41.110566000121,2.0004399909211,0,0.049645105976166,8.2705453644884e-07,0,0.04962327218693,0,0.00085997666328725,-8.5997666328725e-07,0.0037702730355659,2.2140833333333,2.2140833333333e-13,6500020.6358551,0.79868115529519,1.63e-06,1.63,-8.2705453644884e-07,-1.0863999863955e-08,5000000,6500020.6358551,58523643.016897,0.00021251728205442,87.620875391037,0,-8.5997666328725e-07,0,0,0,0,5000000,-8.2741843293609e-07,-1.0878497879996e-08,-0.25001238065539,0.0025910536554342,1,25.782295052388,25910536.554342,83.02398452972,77409205.01206,87.370863010381,22.477411930274,25.694342981126,0,0,-22477411.930274,-25694342.981126,-83023984.52972,-77409205.01206,0.0019988288209677,-0.00010713317646942,175139.13105002,-175139.13105002
22.5,0,-0.00032893384416684,16.44200364,40193434.493487,15.32,40193434.493487,58871976.911077,0.79595134840725,4.5222633807988e-05,45.222633807988,18099907286875,38.518079778664,2.2438520349904e-06,-8.8487590701652e-05,7.1169583210253e-06,9.3608103560156e-06,-1.2175498361411e-05,-0.00010066308906306,-0.048794173404719,0.073852672408575,26880000,0,0,-8.9263325516704e-07,-8.9263325516704e-07,1.62380443924e-10,2.6869188122522e-06,0.00089263325516704,0.0026869188171588,-40193434.493487,1623.80443924,26869188.122522,52.329825233103,53.244961421415,49.329825233103,59.49871625863,56.964648664621,0,0,0,41.708097889928,2.0004043053664,0,0.050524494379536,8.417345885144e-07,0,0.050504075310864,0,0.00089263325516704,-8.9263325516704e-07,0.0037702730355659,2.2140833333333,2.2140833333333e-13,6525226.9805214,0.79595134840725,1.63e-06,1.63,-8.417345885144e-07,-1.1068968269995e-08,5000000,6525226.9805214,58871976.911077,0.00021769298449511,89.754817507336,0,-8.9263325516704e-07,0,0,0,0,5000000,-8.4207490632561e-07,-1.1082885397488e-08,-0.25610124870535,0.0026869188171588,1,26.73854596785,26869188.171588,85.127004790827,79329825.233103,89.49871625863,22.365176568481,25.672436332993,0,0,-22365176.568481,-25672436.332993,-85127004.790827,-79329825.233103,0.0019988288209677,-0.00011124085967172,179404.51605436,-179404.51605436
23.25,0,-0.00033821722980984,16.44200364,40768041.376322,15.32,40768041.376322,59219704.903795,0.79326224039975,4.5253455531444e-05,45.253455531444,19207463251797,38.423636549916,2.3169727351384e-06,-9.1747609470135e-05,7.348482659568e-06,9.6654553947064e-06,-1.2624374451015e-05,-0.00010437198392115,-0.05058373002245,0.076578577050999,26880000,0,0,-9.2345497899966e-07,-9.2345497899966e-07,1.675828204139e-10,2.7827595700552e-06,0.00092345497899966,0.0027827595751012,-40768041.376322,1675.828204139,27827595.700552,54.258291431102,55.187873799005,51.258291431102,61.625997514316,59.000416622747,0,0,0,42.305469155972,2.0003713078036,0,0.051365276827978,8.5577019298223e-07,0,0.051346211578934,0,0.00092345497899966,-9.2345497899966e-07,0.0037702730355659,2.2140833333333,2.2140833333333e-13,6549303.9465049,0.79326224039975,1.63e-06,1.63,-8.5577019298223e-07,-1.1265175927782e-08,5000000,6549303.9465049,59219704.903795,0.0002228672956447,91.88818599431,0,-9.2345497899966e-07,0,0,0,0,5000000,-8.5608794713296e-07,-1.127853675418e-08,-0.26218847999432,0.0027827595751012,1,27.694539831557,27827595.751012,87.230617253351,81258291.431102,91.625997514316,22.257874808355,25.65149999926,0,0,-22257874.808355,-25651499.99926,-87230617.253351,-81258291.431102,0.0019988288209677,-0.00011534993416514,183668.75447187,-183668.75447187
24,0,-0.00034750061545284,16.44200364,41343676.47682,15.32,41343676.47682,59566801.776916,0.79061295293875,4.5282561687825e-05,45.282561687825,20369196346721,38.330349694481,2.3899531823913e-06,-9.5007596153212e-05,7.5791130129223e-06,9.9690661953136e-06,-1.3073868067708e-05,-0.00010808146422092,-0.052373150696306,0.079304528806165,26880000,0,0,-9.5256113573578e-07,-9.5256113573578e-07,1.7262033135145e-10,2.8785768089769e-06,0.00095256113573578,0.0028785768141527,-41343676.47682,1726.2033135145,28785768.089769,56.194322201015,57.13771105132,53.194322201015,63.752726409334,61.03902927846,0,0,0,42.902685311172,2.0003407631204,0,0.052169499098229,8.6919546187929e-07,0,0.052151727712757,0,0.00095256113573578,-9.5256113573578e-07,0.0037702730355659,2.2140833333333,2.2140833333333e-13,6572314.7505073,0.79061295293875,1.63e-06,1.63,-8.6919546187929e-07,-1.1453050554495e-08,5000000,6572314.7505073,59566801.776916,0.00022804026325499,94.021000540033,0,-9.5256113573578e-07,0,0,0,0,5000000,-8.6949165163715e-07,-1.1465879348798e-08,-0.26827413069901,0.0028785768141527,1,28.650285466024,28785768.141527,89.334779401194,83194322.201015,93.752726409334,22.155292922555,25.631480476129,0,0,-22155292.922555,-25631480.476129,-89334779.401194,-83194322.201015,0.0019988288209677,-0.00011946035219785,187931.88565564,-187931.88565564
24.75,0,-0.00035678400109584,16.44200364,41920281.78688,15.32,41920281.78688,59913245.791946,0.78800261242401,4.5310063145385e-05,45.310063145385,21586962193039,38.238198744458,2.4628068902908e-06,-9.8267551560067e-05,7.8088803014048e-06,1.0271687191696e-05,-1.3523955879615e-05,-0.00011179150743968,-0.054162447315221,0.082030521199217,26880000,0,0,-9.8006259363132e-07,-9.8006259363132e-07,1.7750154131716e-10,2.9743713775919e-06,0.00098006259363132,0.0029743713828883,-41920281.78688,1775.0154131716,29743713.775919,58.137641215039,59.094231467538,55.137641215039,65.878921903923,63.080413082847,0,0,0,43.499751679836,2.0003124611776,0,0.052939041580145,8.820417558634e-07,0,0.052922505351804,0,0.00098006259363132,-9.8006259363132e-07,0.0037702730355659,2.2140833333333,2.2140833333333e-13,6594317.0874983,0.78800261242401,1.63e-06,1.63,-8.820417558634e-07,-1.1632989853046e-08,5000000,6594317.0874983,59913245.791946,0.00023321193344409,96.153280158997,0,-9.8006259363132e-07,0,0,0,0,5000000,-8.8231735966909e-07,-1.16453104266e-08,-0.27435825507442,0.0029743713828883,1,29.605791391927,29743713.828883,91.439453175503,85137641.215039,95.878921903923,22.057228132192,25.612328839063,0,0,-22057228.132192,-25612328.839063,-91439453.175503,-85137641.215039,0.0019988288209677,-0.00012357206765176,192193.94761238,-192193.94761238
25.5,0,-0.00036606738673884,16.44200364,42497804.133989,15.32,42497804.133989,60259018.199321,0.78543035389418,4.5336062927899e-05,45.336062927899,22862653999730,38.147163107266,2.5355466049175e-06,-0.00010152747747061,8.0378146140117e-06,1.0573361218929e-05,-1.3974614944924e-05,-0.00011550209241554,-0.055951631631697,0.084756548985211,26880000,0,0,-1.0060623764612e-06,-1.0060623764612e-06,1.822342826183e-10,3.0701440914482e-06,0.0010060623764612,0.0030701440968567,-42497804.133989,1822.342826183,30701440.914482,60.08797806123,61.057196383193,57.08797806123,68.004602338657,65.12449029588,0,0,0,44.096673412262,2.0002862136012,0,0.053675640529916,8.9433803712161e-07,0,0.053660282227297,0,0.0010060623764612,-1.0060623764612e-06,0.0037702730355659,2.2140833333333,2.2140833333333e-13,6615363.869938,0.78543035389418,1.63e-06,1.63,-8.9433803712161e-07,-1.1805365023953e-08,5000000,6615363.869938,60259018.199321,0.00023838235082285,98.28504324426,0,-1.0060623764612e-06,0,0,0,0,5000000,-8.9459400883194e-07,-1.1817200627088e-08,-0.28044090560216,0.0030701440968567,1,30.561065851464,30701440.968567,93.544604358525,87087978.06123,98.004602338657,21.963487765351,25.594000135724,0,0,-21963487.765351,-25594000.135724,-93544604.358525,-87087978.06123,0.0019988288209677,-0.000127685035916,196454.97710668,-196454.97710668
26.25,0,-0.00037535077238184,16.44200364,43076194.57801,15.32,43076194.57801,60604102.828316,0.78289532402207,4.5360656773561e-05,45.360656773561,24198202454139,38.057222184273,2.6081843103193e-06,-0.00010478737633536,8.2659452029903e-06,1.087412951331e-05,-1.4425822817933e-05,-0.00011921319915329,-0.057740715107354,0.087482607891722,26880000,0,0,-1.0306562224225e-06,-1.0306562224225e-06,1.8682575473677e-10,3.1658957357157e-06,0.0010306562224225,0.0031658957412282,-43076194.57801,1868.2575473677,31658957.357157,62.045068879347,63.026371186289,59.045068879347,70.129785475211,67.171180359004,0,0,0,44.693455496185,2.0002618510785,0,0.05438090582389,9.0611116421255e-07,0,0.054366669852753,0,0.0010306562224225,-1.0306562224225e-06,0.0037702730355659,2.2140833333333,2.2140833333333e-13,6635503.8449027,0.78289532402207,1.63e-06,1.63,-9.0611116421255e-07,-1.1970523706621e-08,5000000,6635503.8449027,60604102.828316,0.00024355155859403,100.41630760832,0,-1.0306562224225e-06,0,0,0,0,5000000,-9.0634843039817e-07,-1.1981896953817e-08,-0.28652213310744,0.0031658957412282,1,31.516116826679,31658957.412282,95.650202055664,89045068.879347,100.12978547521,21.873888520343,25.576452879089,0,0,-21873888.520343,-25576452.879089,-95650202.055664,-89045068.879347,0.0019988288209677,-0.00013179921378781,200715.00974266,-200715.00974266
27,0,-0.00038463415802485,16.44200364,43655407.903202,15.32,43655407.903202,60948485.74287,0.78039668338594,4.5383933662259e-05,45.383933662259,25595575639483,37.968355464964,2.6807312370071e-06,-0.00010804725104222,8.4933004845547e-06,1.1174031721562e-05,-1.4877557626482e-05,-0.0001229248086687,-0.059529708796563,0.090208694416565,26880000,0,0,-1.0539331114036e-06,-1.0539331114036e-06,1.9128260663249e-10,3.2616270673371e-06,0.0010539331114036,0.0032616270729461,-43655407.903202,1912.8260663249,32616270.673371,64.008656828877,65.001526095525,61.008656828877,72.254488528554,69.220401012246,0,0,0,45.290102765817,2.0002392210552,0,0.055056335849164,9.1738613940574e-07,0,0.055043168364344,0,0.0010539331114036,-1.0539331114036e-06,0.0037702730355659,2.2140833333333,2.2140833333333e-13,6654782.1110807,0.78039668338594,1.63e-06,1.63,-9.1738613940574e-07,-1.2128792455881e-08,5000000,6654782.1110807,60948485.74287,0.00024871959863062,102.54709051541,0,-1.0539331114036e-06,0,0,0,0,5000000,-9.1760559748606e-07,-1.21397252735e-08,-0.29260198685103,0.0032616270729461,1,32.470952053928,32616270.729461,97.756218258864,91008656.828877,102.25448852855,21.78825581663,25.559648622716,0,0,-21788255.81663,-25559648.622716,-97756218.258864,-91008656.828877,0.0019988288209677,-0.00013591455939422,204974.08002857,-204974.08002857
27.75,0,-0.00039391754366785,16.44200364,44235402.188517,15.32,44235402.188517,61292154.951504,0.77793360816374,4.5405976310281e-05,45.405976310281,27056778974800,37.880542601384,2.7531978742453e-06,-0.00011130710473665,8.7199080441043e-06,1.147310591835e-05,-1.5329798126665e-05,-0.00012663690286331,-0.061318623261569,0.092934805668791,26880000,0,0,-1.0759757596927e-06,-1.0759757596927e-06,1.9561100481382e-10,3.3573388167933e-06,0.0010759757596927,0.0033573388224918,-44235402.188517,1956.1100481382,33573388.167933,65.978492418704,66.982436750764,62.978492418704,74.378728192662,71.272069199264,0,0,0,45.886619909066,2.0002181857622,0,0.055703330044766,9.2818631704042e-07,0,0.055691179022425,0,0.0010759757596927,-1.0759757596927e-06,0.0037702730355659,2.2140833333333,2.2140833333333e-13,6673240.5534347,0.77793360816374,1.63e-06,1.63,-9.2818631704042e-07,-1.2280478838654e-08,5000000,6673240.5534347,61292154.951504,0.00025388651153836,104.67740870727,0,-1.0759757596927e-06,0,0,0,0,5000000,-9.2838883407944e-07,-1.2290992430442e-08,-0.29868051460278,0.0033573388224918,1,33.425579035434,33573388.224918,99.862627477501,92978492.418704,104.37872819266,21.70642321944,25.543551603522,0,0,-21706423.21944,-25543551.603522,-99862627.477501,-92978492.418704,0.0019988288209677,-0.00014003103212949,209232.2214283,-209232.2214283
28.5,0,-0.00040320092931085,16.44200364,44816138.442503,15.32,44816138.442503,61635100.161818,0.77550529136748,4.5426861632514e-05,45.426861632514,28583855173872,37.793763466669,2.8255939862949e-06,-0.00011456694068436,8.945794644742e-06,1.1771388631037e-05,-1.5782523739538e-05,-0.0001303494644239,-0.063107468513492,0.095660939243596,26880000,0,0,-1.096861082179e-06,-1.096861082179e-06,1.9981668973271e-10,3.4530316895687e-06,0.001096861082179,0.0034530316953501,-44816138.442503,1998.1668973271,34530316.895687,67.954333723153,68.96888464915,64.954333723153,76.502520661323,73.326101796555,0,0,0,46.483011473382,2.000198620513,0,0.056323199509744,9.3853357980798e-07,0,0.056312014788479,0,0.001096861082179,-1.096861082179e-06,0.0037702730355659,2.2140833333333,2.2140833333333e-13,6690918.2099956,0.77550529136748,1.63e-06,1.63,-9.3853357980798e-07,-1.2425873219069e-08,5000000,6690918.2099956,61635100.161818,0.00025905233670634,106.80727842402,0,-1.096861082179e-06,0,0,0,0,5000000,-9.3871999182906e-07,-1.2435988045565e-08,-0.30475776270144,0.0034530316953501,1,34.380005048638,34530316.953501,101.96940642547,94954333.723153,106.50252066132,21.628231926597,25.528128440204,0,0,-21628231.926597,-25528128.440204,-101969406.42547,-94954333.723153,0.0019988288209677,-0.00014414859260451,213489.46640306,-213489.46640306
29.25,0,-0.00041248431495385,16.44200364,45397580.291729,15.32,45397580.291729,61977312.571866,0.7731109437107,4.544666117286e-05,45.44666117286,30178884220305,37.707998200692,2.8979286323971e-06,-0.00011782676216767,9.1709862382066e-06,1.2068914870604e-05,-1.6235714573633e-05,-0.00013406247674131,-0.064896253974375,0.09838709312389,26880000,0,0,-1.1166606227643e-06,-1.1166606227643e-06,2.0390502280424e-10,3.5487063673832e-06,0.0011166606227643,0.0035487063732412,-45397580.291729,2039.0502280424,35487063.673832,69.93594650514,70.960657454683,66.93594650514,78.625881645288,75.382416197016,0,0,0,47.07928187057,2.0001804122288,0,0.056917176016371,9.4844848856715e-07,0,0.056906909314029,0,0.0011166606227643,-1.1166606227643e-06,0.0037702730355659,2.2140833333333,2.2140833333333e-13,6707851.5825717,0.7731109437107,1.63e-06,1.63,-9.4844848856715e-07,-1.2565250287183e-08,5000000,6707851.5825717,61977312.571866,0.00026421711234875,108.93671542139,0,-1.1166606227643e-06,0,0,0,0,5000000,-9.4861960027285e-07,-1.2574986055957e-08,-0.31083377610339,0.0035487063732412,1,35.334237153904,35487063.732412,104.07653375515,96935946.50514,108.62588164529,21.553530308123,25.51334787761,0,0,-21553530.308123,-25513347.87761,-104076533.75515,-96935946.50514,0.0019988288209677,-0.00014826720260509,217745.84644583,-217745.84644583
30,0,-0.00042176770059685,16.44200364,45979693.713723,15.32,45979693.713723,62318784.69215,0.77074979418349,4.5465441504016e-05,45.465441504016,31843983356479,37.623227245267,2.9702101900731e-06,-0.00012108657240869,9.3955079775692e-06,1.2365718167642e-05,-1.6689351436342e-05,-0.00013777592384503,-0.066684988456209,0.10111326560275,26880000,0,0,-1.1354409541476e-06,-1.1354409541476e-06,2.0788102589634e-10,3.6443635092444e-06,0.0011354409541476,0.0036443635151734,-45979693.713723,2078.8102589634,36443635.092444,71.923104263782,72.957549204385,68.923104263782,80.748826386716,77.440930773,0,0,0,47.675435380849,2.0001634581539,0,0.057486419704021,9.5795041026138e-07,0,0.057477024615683,0,0.0011354409541476,-1.1354409541476e-06,0.0037702730355659,2.2140833333333,2.2140833333333e-13,6724074.9010037,0.77074979418349,1.63e-06,1.63,-9.5795041026138e-07,-1.2698870375949e-08,5000000,6724074.9010037,62318784.69215,0.00026938087553999,111.06573498514,0,-1.1354409541476e-06,0,0,0,0,5000000,-9.5810699506701e-07,-1.2708246040208e-08,-0.31690859842418,0.0036443635151734,1,36.288282201013,36443635.151734,106.18398983054,98923104.263782,110.74882638672,21.482173490782,25.499180569183,0,0,-21482173.490782,-25499180.569183,-106183989.83054,-98923104.263782,0.0019988288209677,-0.00015238682505685,222001.39211026,-222001.39211026
30.75,0,-0.00043105108623985,16.44200364,46562446.807069,15.32,46562446.807069,62659510.193131,0.76842109039461,4.5483264598077e-05,45.483264598077,33581307084484,37.539431370881,3.0424463812047e-06,-0.00012434637451349,9.6193842312205e-06,1.2661830612425e-05,-1.7143415836608e-05,-0.0001414897903501,-0.068473680153496,0.10383945522233,26880000,0,0,-1.1532640484241e-06,-1.1532640484241e-06,2.1174941470642e-10,3.7400037523591e-06,0.0011532640484241,0.0037400037583535,-46562446.807069,2117.4941470642,37400037.523591,73.915588220953,74.959360430262,70.915588220953,82.871369671632,79.501565239831,0,0,0,48.271476156349,2.0001476647353,0,0.058032025678674,9.6705762766927e-07,0,0.058023457660156,0,0.0011532640484241,-1.1532640484241e-06,0.0037702730355659,2.2140833333333,2.2140833333333e-13,6739620.3488488,0.76842109039461,1.63e-06,1.63,-9.6705762766927e-07,-1.2826980602715e-08,5000000,6739620.3488488,62659510.193131,0.00027454366224498,113.19435194361,0,-1.1532640484241e-06,0,0,0,0,5000000,-9.6720042797791e-07,-1.2836014366321e-08,-0.32298227197417,0.0037400037583535,1,37.24214683476,37400037.583535,108.2917565332,100915588.22095,112.87136967163,21.414022981121,25.485598890989,0,0,-21414022.981121,-25485598.890989,-108291756.5332,-100915588.22095,0.0019988288209677,-0.00015650742399487,226256.13303564,-226256.13303564
31.5,0,-0.00044033447188285,16.44200364,47145809.592651,15.32,47145809.592651,62999483.77411,0.76612409872862,4.5500188169548e-05,45.500188169548,35393047177573,37.456591696547,3.1146443003139e-06,-0.00012760617143297,9.8426385977966e-06,1.295728289811e-05,-1.7597889980917e-05,-0.00014520406141389,-0.070262336646463,0.10656566072557,26880000,0,0,-1.1701876200993e-06,-1.1701876200993e-06,2.1551462740206e-10,3.8356277129351e-06,0.0011701876200993,0.0038356277189897,-47145809.592651,2155.1462740206,38356277.129351,75.913187258849,76.965898213029,72.913187258849,84.993525840971,81.564240937215,0,0,0,48.867408224209,2.0001329466404,0,0.058555029702214,9.7578743404248e-07,0,0.058547246042549,0,0.0011701876200993,-1.1701876200993e-06,0.0037702730355659,2.2140833333333,2.2140833333333e-13,6754518.2569673,0.76612409872862,1.63e-06,1.63,-9.7578743404248e-07,-1.2949815864754e-08,5000000,6754518.2569673,62999483.77411,0.00027970550734601,115.32258067876,0,-1.1701876200993e-06,0,0,0,0,5000000,-9.7591716170357e-07,-1.2958525192122e-08,-0.32905483779005,0.0038356277189897,1,38.195837499919,38356277.189897,110.3998170958,102913187.25885,114.99352584097,21.348946321634,25.472576782026,0,0,-21348946.321634,-25472576.782026,-110399817.0958,-102913187.25885,0.0019988288209677,-0.00016062896453684,230510.09796908,-230510.09796908
32.25,0,-0.00044961785752585,16.44200364,47729753.841073,15.32,47729753.841073,63338701.050019,0.7638581043564,4.5516265992452e-05,45.516265992452,37281432700846,37.374689704059,3.1868104444694e-06,-0.00013086596593657,1.0065293921786e-05,1.3252104366255e-05,-1.8052756764135e-05,-0.00014891872270071,-0.072050964912519,0.1092918810182,26880000,0,0,-1.1862654431982e-06,-1.1862654431982e-06,2.1918084942121e-10,3.9312359868989e-06,0.0011862654431982,0.003931235993009,-47729753.841073,2191.8084942121,39312359.868989,77.915697818626,78.976976180824,74.915697818626,87.115308800614,83.628881043056,0,0,0,49.463235489402,2.0001192258956,0,0.059056413122518,9.8415621513579e-07,0,0.059049372908148,0,0.0011862654431982,-1.1862654431982e-06,0.0037702730355659,2.2140833333333,2.2140833333333e-13,6768797.2703306,0.7638581043564,1.63e-06,1.63,-9.8415621513579e-07,-1.3067599712926e-08,5000000,6768797.2703306,63338701.050019,0.00028486644466718,117.45043513628,0,-1.1862654431982e-06,0,0,0,0,5000000,-9.8427355204196e-07,-1.3076001342573e-08,-0.33512633566362,0.003931235993009,1,39.149360445753,39312359.93009,112.50815595884,104915697.81863,117.11530880061,21.28681677557,25.460089606462,0,0,-21286816.77557,-25460089.606462,-112508155.95884,-104915697.81863,0.0019988288209677,-0.00016475141285867,234763.31478559,-234763.31478559
33,0,-0.00045890124316885,16.44200364,48314252.922185,15.32,48314252.922185,63677158.453333,0.76162241113009,4.5531548193235e-05,45.531548193235,39248730040177,37.293707247712,3.2589507442792e-06,-0.00013412576059612,1.0287372309627e-05,1.3546323053906e-05,-1.850799975648e-05,-0.0001526337603526,-0.073839571343969,0.11201811513849,26880000,0,0,-1.2015476441651e-06,-1.2015476441651e-06,2.2275203516067e-10,4.0268291505478e-06,0.0012015476441651,0.0040268291567088,-48314252.922185,2227.5203516067,40268291.505478,79.922923768436,80.992414463898,76.922923768436,89.236732030748,85.695410731759,0,0,0,50.05896173736,2.0001064311283,0,0.059537107168475,9.9217952068868e-07,0,0.059530771241321,0,0.0012015476441651,-1.2015476441651e-06,0.0037702730355659,2.2140833333333,2.2140833333333e-13,6782484.4924366,0.76162241113009,1.63e-06,1.63,-9.9217952068868e-07,-1.3180545123191e-08,5000000,6782484.4924366,63677158.453333,0.00029002650699713,119.57792883492,0,-1.2015476441651e-06,0,0,0,0,5000000,-9.9228511947458e-07,-1.3188655083989e-08,-0.34119680416839,0.0040268291567088,1,40.102721730215,40268291.567088,114.61675864683,106922923.76844,119.23673203075,21.227513036677,25.448114034203,0,0,-21227513.036677,-25448114.034203,-114616758.64683,-106922923.76844,0.0019988288209677,-0.00016887473617172,239015.81050685,-239015.81050685
33.75,0,-0.00046818462881185,16.44200364,48899281.673311,15.32,48899281.673311,64014853.148744,0.75941634138762,4.5546081521121e-05,45.546081521121,41297242938527,37.213626560331,3.3310705954767e-06,-0.00013738555777743,1.0508895146156e-05,1.3839965741633e-05,-1.896360318761e-05,-0.00015634916096504,-0.075628161770341,0.11474436223347,26880000,0,0,-1.2160809722266e-06,-1.2160809722266e-06,2.262319272832e-10,4.1224077611495e-06,0.0012160809722266,0.0041224077673571,-48899281.673311,2262.319272832,41224077.611495,81.934676247777,83.012039614348,78.934676247777,91.357808594767,87.763757287045,0,0,0,50.654590636471,2.0000944968986,0,0.059997996712143,9.9987212705403e-07,0,0.059992327623242,0,0.0012160809722266,-1.2160809722266e-06,0.0037702730355659,2.2140833333333,2.2140833333333e-13,6795605.6109506,0.75941634138762,1.63e-06,1.63,-9.9987212705403e-07,-1.3288855182128e-08,5000000,6795605.6109506,64014853.148744,0.00029518572611073,121.70507487545,0,-1.2160809722266e-06,0,0,0,0,5000000,-9.9996661186905e-07,-1.3296688811502e-08,-0.34726628068556,0.0041224077673571,1,41.055927223958,41224077.673571,116.72561166109,108934676.24778,121.35780859477,21.170918960732,25.436627936827,0,0,-21170918.960732,-25436627.936827,-116725611.66109,-108934676.24778,0.0019988288209677,-0.00017299890270113,243267.61131908,-243267.61131908
34.5,0,-0.00047746801445485,16.44200364,49484816.283366,15.32,49484816.283366,64351782.958662,0.75723923568692,4.5559909597565e-05,45.559909597565,43429312538921,37.134430256321,3.403174890674e-06,-0.00014064535963776,1.0729883111284e-05,1.4133058001958e-05,-1.9419551928638e-05,-0.0001600649115664,-0.077416741483979,0.11747062153991,26880000,0,0,-1.2299090488367e-06,-1.2299090488367e-06,2.2962407387665e-10,4.2179723575027e-06,0.0012299090488367,0.004217972363753,-49484816.283366,2296.2407387665,42179723.575027,83.950773493869,85.035684498406,80.950773493869,93.478551147905,89.833850177623,0,0,0,51.250125740508,2.000083363109,0,0.060439923582363,1.0072480923736e-06,0,0.060434885542414,0,0.0012299090488367,-1.2299090488367e-06,0.0037702730355659,2.2140833333333,2.2140833333333e-13,6808185.0075623,0.75723923568692,1.63e-06,1.63,-1.0072480923736e-06,-1.3392723699762e-08,5000000,6808185.0075623,64351782.958662,0.00030034413279004,123.83188594933,0,-1.2299090488367e-06,0,0,0,0,5000000,-1.007332059706e-06,-1.3400295663259e-08,-0.35333480142801,0.004217972363753,1,42.008982614204,42179723.63753,118.83470238651,110950773.49387,123.4785511479,21.116923316245,25.425610296434,0,0,-21116923.316245,-25425610.296434,-118834702.38651,-110950773.49387,0.0019988288209677,-0.00017712388166482,247518.74259031,-247518.74259031
35.25,0,-0.00048675140009786,16.44200364,50070834.190511,15.32,50070834.190511,64687946.297924,0.75509045248633,4.5573073146325e-05,45.573073146325,45647317433489,37.056101332286,3.4752680509084e-06,-0.00014390516812776,1.0950356196838e-05,1.4425624247747e-05,-1.9875831472713e-05,-0.00016378099960047,-0.079205315267823,0.12019689236926,26880000,0,0,-1.2430725977554e-06,-1.2430725977554e-06,2.3293184400664e-10,4.3135234604659e-06,0.0012430725977554,0.0043135234667551,-50070834.190511,2329.3184400664,43135234.604659,85.971040654764,87.063188167488,82.971040654764,95.598971945711,91.905621102636,0,0,0,51.845570491007,2.0000729744822,0,0.060863689499549,1.0143208054569e-06,0,0.060859248327414,0,0.0012430725977554,-1.2430725977554e-06,0.0037702730355659,2.2140833333333,2.2140833333333e-13,6820245.8545388,0.75509045248633,1.63e-06,1.63,-1.0143208054569e-06,-1.3492335760653e-08,5000000,6820245.8545388,64687946.297924,0.00030550175684496,125.95837434718,0,-1.2430725977554e-06,0,0,0,0,5000000,-1.0143948249925e-06,-1.3499660072412e-08,-0.35940240146518,0.0043135234667551,1,42.961893408563,43135234.667551,120.94401901011,112971040.65476,125.59897194571,21.065419552129,25.415041125401,0,0,-21065419.552129,-25415041.125401,-120944019.01011,-112971040.65476,0.0019988288209677,-0.0001812496432529,251769.22888737,-251769.22888737
36,0,-0.00049603478574086,16.44200364,50657313.991368,15.32,50657313.991368,65023342.116366,0.75296936778444,4.5585610205647e-05,45.585610205647,47953673718024,36.978623165725,3.5473540566773e-06,-0.00014716498499666,1.1170333723482e-05,1.471768778016e-05,-2.0332427914652e-05,-0.00016749741291131,-0.08099388742448,0.12292317409562,26880000,0,0,-1.2556096572285e-06,-1.2556096572285e-06,2.3615844174834e-10,4.4090615734612e-06,0.0012556096572285,0.0044090615797858,-50657313.991368,2361.5844174834,44090615.734612,87.995309593074,89.094395713091,84.995309593074,97.719082852455,93.979004012629,0,0,0,52.440928219624,2.0000632800986,0,0.061270058689392,1.0211030293228e-06,0,0.06126618175937,0,0.0012556096572285,-1.2556096572285e-06,0.0037702730355659,2.2140833333333,2.2140833333333e-13,6831810.2000273,0.75296936778444,1.63e-06,1.63,-1.0211030293228e-06,-1.358786822229e-08,5000000,6831810.2000273,65023342.116366,0.00031065862713365,128.0845519672,0,-1.2556096572285e-06,0,0,0,0,5000000,-1.0211676448232e-06,-1.3594958266069e-08,-0.36546911474683,0.0044090615797858,1,43.914664938801,44090615.797858,123.05355044976,114995309.59307,127.71908285246,21.016305580445,25.404901395333,0,0,-21016305.580445,-25404901.395333,-123053550.44976,-114995309.59307,0.0019988288209677,-0.00018537615860721,256019.09399278,-256019.09399278
36.75,0,-0.00050531817138386,16.44200364,51244235.360139,15.32,51244235.360139,65357969.848101,0.75087537473003,4.5597556323927e-05,45.597556323927,50350835051586,36.901979512152,3.6194364782081e-06,-0.00015042481179986,1.1389834357673e-05,1.5009270835881e-05,-2.0789327930045e-05,-0.00017121413972991,-0.082782461805905,0.12564946614609,26880000,0,0,-1.2675557756518e-06,-1.2675557756518e-06,2.3930691900372e-10,4.5045871829586e-06,0.0012675557756518,0.0045045871893152,-51244235.360139,2393.0691900372,45045871.829586,90.023418683464,91.129158109754,87.023418683464,99.83889534952,96.053935110806,0,0,0,53.036202150498,2.0000542329849,0,0.06165976022338,1.027606940198e-06,0,0.061656416411882,0,0.0012675557756518,-1.2675557756518e-06,0.0037702730355659,2.2140833333333,2.2140833333333e-13,6842899.0438159,0.75087537473003,1.63e-06,1.63,-1.027606940198e-06,-1.3679490168304e-08,5000000,6842899.0438159,65357969.848101,0.00031581477158294,130.21043032365,0,-1.2675557756518e-06,0,0,0,0,5000000,-1.0276626703897e-06,-1.3686358718784e-08,-0.37153497412677,0.0045045871893152,1,44.867302364617,45045871.893152,125.16328629149,117023418.68346,129.83889534952,20.969483572658,25.395172973843,0,0,-20969483.572658,-25395172.973843,-125163286.29149,-117023418.68346,0.0019988288209677,-0.00018950339980092,260268.36092151,-260268.36092151
37.5,0,-0.00051460155702686,16.44200364,51831578.976245,15.32,51831578.976245,65691829.366579,0.74880788321098,4.5608944740149e-05,45.608944740149,52841292720720,36.826154500982,3.6915185047659e-06,-0.0001536846499081,1.1608876128599e-05,1.5300394633364e-05,-2.1246518754113e-05,-0.00017493116866221,-0.084571041843128,0.12837576799308,26880000,0,0,-1.2789441920109e-06,-1.2789441920109e-06,2.423801871328e-10,4.6001007589444e-06,0.0012789441920109,0.0046001007653299,-51831578.976245,2423.801871328,46001007.589444,92.055212606527,93.167332049512,89.055212606527,101.95842054382,98.130352838503,0,0,0,53.631395402611,2.0000457897487,0,0.062033490125975,1.0338441626352e-06,0,0.062030649758111,0,0.0012789441920109,-1.2789441920109e-06,0.0037702730355659,2.2140833333333,2.2140833333333e-13,6853532.4049749,0.74880788321098,1.63e-06,1.63,-1.0338441626352e-06,-1.3767363322713e-08,5000000,6853532.4049749,65691829.366579,0.00032097021720884,132.33602055521,0,-1.2789441920109e-06,0,0,0,0,5000000,-1.0338915020996e-06,-1.377402256687e-08,-0.37760001138787,0.0046001007653299,1,45.819810677425,46001007.653299,127.27321673417,119055212.60653,131.95842054382,20.924859768025,25.385838567981,0,0,-20924859.768025,-25385838.567981,-127273216.73417,-119055212.60653,0.0019988288209677,-0.00019363133981802,264517.05193792,-264517.05193792
38.25,0,-0.00052388494266986,16.44200364,52419326.459288,15.32,52419326.459288,66024920.944591,0.74676631942892,4.5619806550309e-05,45.619806550309,55427575707903,36.751132630443,3.7636029728457e-06,-0.0001569445005177,1.1827476445083e-05,1.5591079417928e-05,-2.170398816059e-05,-0.00017864848867829,-0.086359630575598,0.13110207914802,26880000,0,0,-1.2898060023019e-06,-1.2898060023019e-06,2.4538102760661e-10,4.6956027553765e-06,0.0012898060023019,0.004695602761788,-52419326.459288,2453.8102760661,46956027.553765,94.090542141129,95.208779770666,91.090542141129,104.07766917625,100.20819784816,0,0,0,54.226510992161,2.000037910253,0,0.062391913281635,1.0398258013014e-06,0,0.062389548078084,0,0.0012898060023019,-1.2898060023019e-06,0.0037702730355659,2.2140833333333,2.2140833333333e-13,6863729.3825622,0.74676631942892,1.63e-06,1.63,-1.0398258013014e-06,-1.3851642430389e-08,5000000,6863729.3825622,66024920.944591,0.00032612499013707,134.46133343351,0,-1.2898060023019e-06,0,0,0,0,5000000,-1.0398652213606e-06,-1.3858103988768e-08,-0.38366425726502,0.004695602761788,1,46.772194704153,46956027.61788,129.38333254048,121090542.14113,134.07766917625,20.882344292969,25.376881673355,0,0,-20882344.292969,-25376881.673355,-129383332.54048,-121090542.14113,0.0019988288209677,-0.00019775995253279,268765.18857265,-268765.18857265
39,0,-0.00053316832831286,16.44200364,53007460.310359,15.32,53007460.310359,66357245.218568,0.74475012546549,4.5630170860933e-05,45.630170860933,58112250763838,36.676898761711,3.8356923931365e-06,-0.00016020436466152,1.204565211237e-05,1.5881344505506e-05,-2.2161724440784e-05,-0.0001823660891023,-0.088148230679822,0.13382839915636,26880000,0,0,-1.3001703130499e-06,-1.3001703130499e-06,2.4831210167776e-10,4.7910936106289e-06,0.0013001703130499,0.0047910936170637,-53007460.310359,2483.1210167776,47910936.106289,96.129263956915,97.253368883145,93.129263956915,106.1966516302,102.28741296647,0,0,0,54.821551834955,2.0000305573252,0,0.062735665169399,1.0455624698976e-06,0,0.062733748193856,0,0.0013001703130499,-1.3001703130499e-06,0.0037702730355659,2.2140833333333,2.2140833333333e-13,6873508.2103844,0.74475012546549,1.63e-06,1.63,-1.0455624698976e-06,-1.3932475608094e-08,5000000,6873508.2103844,66357245.218568,0.00033127911562375,136.58637937167,0,-1.3001703130499e-06,0,0,0,0,5000000,-1.04559441949e-06,-1.3938750555864e-08,-0.38972774147052,0.0047910936170637,1,47.724459111067,47910936.170637,131.49362499331,123129263.95691,136.1966516302,20.841850990443,25.368286528127,0,0,-20841850.990443,-25368286.528127,-131493624.99331,-123129263.95691,0.0019988288209677,-0.00020188921268911,273012.79163973,-273012.79163973
39.75,0,-0.00054245171395586,16.44200364,53595963.858826,15.32,53595963.858826,66688803.156567,0.74275875884461,4.5640064930723e-05,45.640064930723,60897922483249,36.603438112473,3.9077889761854e-06,-0.00016346424322007,1.2263419348835e-05,1.617120832502e-05,-2.261971638299e-05,-0.00018608395960306,-0.089936844497054,0.1365547275934,26880000,0,0,-1.3100643829584e-06,-1.3100643829584e-06,2.5117595916446e-10,4.8865737479269e-06,0.0013100643829584,0.0048865737543823,-53595963.858826,2511.7595916446,48865737.479269,98.171240408359,99.300972192344,95.171240408359,108.31537794011,104.36794314995,0,0,0,55.416520748807,2.0000236964972,0,0.063065353448204,1.0510643175941e-06,0,0.063063859055647,0,0.0013100643829584,-1.3100643829584e-06,0.0037702730355659,2.2140833333333,2.2140833333333e-13,6882886.3066407,0.74275875884461,1.63e-06,1.63,-1.0510643175941e-06,-1.4010004669692e-08,5000000,6882886.3066407,66688803.156567,0.00033643261807624,138.71116843283,0,-1.3100643829584e-06,0,0,0,0,5000000,-1.0510892241367e-06,-1.4016103557385e-08,-0.39579049271777,0.0048865737543823,1,48.676608407609,48865737.543823,133.60408585687,125171240.40836,138.31537794011,20.803297258408,25.360038071215,0,0,-20803297.258408,-25360038.071215,-133604085.85687,-125171240.40836,0.0019988288209677,-0.00020601909587963,277259.88125365,-277259.88125365
40.5,0,-0.00055173509959886,16.44200364,54184821.213903,15.32,54184821.213903,67019596.029484,0.7407916920944,4.5649514301297e-05,45.649514301297,63787233383878,36.530736250032,3.9798946567117e-06,-0.00016672413693277,1.2480793802523e-05,1.6460688459234e-05,-2.307795325233e-05,-0.0001898020901851,-0.091725474059858,0.13928106406095,26880000,0,0,-1.3195137536459e-06,-1.3195137536459e-06,2.5397504645434e-10,4.9820435757737e-06,0.0013195137536459,0.0049820435822472,-54184821.213903,2539.7504645434,49820435.757737,100.21633933142,101.35146752291,97.216339331419,110.43385780004,106.44973543473,0,0,0,56.011420455948,2.0000172957725,0,0.063381559412419,1.0563410533057e-06,0,0.063380463198345,0,0.0013195137536459,-1.3195137536459e-06,0.0037702730355659,2.2140833333333,2.2140833333333e-13,6891880.3191454,0.7407916920944,1.63e-06,1.63,-1.0563410533057e-06,-1.4084365428618e-08,5000000,6891880.3191454,67019596.029484,0.00034158552107395,140.83571033879,0,-1.3195137536459e-06,0,0,0,0,5000000,-1.0563593235403e-06,-1.4090298302484e-08,-0.40185253874668,0.0049820435822472,1,49.628646950263,49820435.822472,135.7147073418,127216339.33142,140.43385780004,20.766603896693,25.352121904141,0,0,-20766603.896693,-25352121.904141,-135714707.3418,-127216339.33142,0.0019988288209677,-0.00021014957852491,281506.47684663,-281506.47684663
41.25,0,-0.00056101848524186,16.44200364,54774017.22038,15.32,54774017.22038,67349625.385059,0.73884841231174,4.565854291789e-05,45.65854291789,66782863988341,36.458779084104,4.0520111165506e-06,-0.00016998404640896,1.2697790567531e-05,1.6749801684081e-05,-2.3536424771131e-05,-0.00019352047118009,-0.093514121117415,0.14200740818454,26880000,0,0,-1.3285423703477e-06,-1.3285423703477e-06,2.5671171368419e-10,5.0775034883698e-06,0.0013285423703477,0.0050775034948593,-54774017.22038,2567.1171368419,50775034.883698,102.26443384365,103.40473754368,99.264433843654,112.55210057229,108.53273888208,0,0,0,56.606253585448,2.0000113254175,0,0.063684839333911,1.0614019680781e-06,0,0.063684118084688,0,0.0013285423703477,-1.3285423703477e-06,0.0037702730355659,2.2140833333333,2.2140833333333e-13,6900506.1667101,0.73884841231174,1.63e-06,1.63,-1.0614019680781e-06,-1.4155687980155e-08,5000000,6900506.1667101,67349625.385059,0.00034673784738937,142.96001447864,0,-1.3285423703477e-06,0,0,0,0,5000000,-1.0614139888985e-06,-1.4161464402076e-08,-0.40791390634737,0.0050775034948593,1,50.580578946419,50775034.948593,137.82548207382,129264433.84365,142.55210057229,20.731694961579,25.344524256026,0,0,-20731694.961579,-25344524.256026,-137825482.07382,-129264433.84365,0.0019988288209677,-0.00021428063785249,285752.59718586,-285752.59718586
42,0,-0.00057030187088486,16.44200364,55363537.417987,15.32,55363537.417987,67678893.024327,0.73692842073146,4.5667173240833e-05,45.667173240833,69887532908569,36.387552859383,4.1241398062268e-06,-0.00017324397213868,1.2914424200204e-05,1.7038564006431e-05,-2.3995121099857e-05,-0.00019723909323854,-0.095302787159522,0.14473375961108,26880000,0,0,-1.3371726933941e-06,-1.3371726933941e-06,2.5938822124392e-10,5.1729538660258e-06,0.0013371726933941,0.005172953872529,-55363537.417987,2593.8822124392,51729538.660258,104.31540214847,105.46066959478,101.31540214847,114.67011529602,110.61690452095,0,0,0,57.201022675634,2.0000057577729,0,0.063975725704466,1.0662559558148e-06,0,0.063975357348889,0,0.0013371726933941,-1.3371726933941e-06,0.0037702730355659,2.2140833333333,2.2140833333333e-13,6908779.0771801,0.73692842073146,1.63e-06,1.63,-1.0662559558148e-06,-1.4224096965722e-08,5000000,6908779.0771801,67678893.024327,0.00035188961900899,145.08408991741,0,-1.3371726933941e-06,0,0,0,0,5000000,-1.0662620950744e-06,-1.422972603265e-08,-0.41397462138556,0.005172953872529,1,51.532408458251,51729538.72529,139.93640306544,131315402.14847,144.67011529602,20.698497627524,25.337231951364,0,0,-20698497.627524,-25337231.951364,-139936403.06544,-131315402.14847,0.0019988288209677,-0.00021841225187588,289998.26039078,-289998.26039078
42.75,0,-0.00057958525652787,16.44200364,55953368.003975,15.32,55953368.003975,68007400.980215,0.73503123230227,4.5675426348548e-05,45.675426348548,73103996932588,36.317044147965,4.196281965174e-06,-0.00017650391450299,1.3130708735115e-05,1.7326990700289e-05,-2.4454032818672e-05,-0.00020095794732167,-0.097091473439209,0.14746011800692,26880000,0,0,-1.345425801208e-06,-1.345425801208e-06,2.6200674557023e-10,5.2683950755672e-06,0.001345425801208,0.0052683950820822,-55953368.003975,2620.0674557023,52683950.755672,106.36912734399,107.51915551752,103.36912734399,116.78791069588,112.70218528845,0,0,0,57.795730176512,2.0000005670851,0,0.064254728390208,1.0709115325389e-06,0,0.064254691952331,0,0.001345425801208,-1.345425801208e-06,0.0037702730355659,2.2140833333333,2.2140833333333e-13,6916713.6225358,0.73503123230227,1.63e-06,1.63,-1.0709115325389e-06,-1.4289711821013e-08,5000000,6916713.6225358,68007400.980215,0.00035704085715426,147.2079454047,0,-1.345425801208e-06,0,0,0,0,5000000,-1.0709121398368e-06,-1.4295202183901e-08,-0.42003470882673,0.0052683950820822,1,52.484139406586,52683950.820822,142.0474636903,133369127.34399,146.78791069588,20.666942055545,25.330232380205,0,0,-20666942.055545,-25330232.380205,-142047463.6903,-133369127.34399,0.0019988288209677,-0.0002225443993736,294243.48395036,-294243.48395036
43.5,0,-0.00058886864217087,16.44200364,56543495.798503,15.32,56543495.798503,68335151.498022,0.7331563752705,4.5683322032753e-05,45.683322032753,76435051113315,36.247239841691,4.2684386406275e-06,-0.00017976387378385,1.3346657700821e-05,1.7615096341449e-05,-2.491315090963e-05,-0.00020467702469348,-0.098880180993995,0.15018648305624,26880000,0,0,-1.3533214855077e-06,-1.3533214855077e-06,2.6456938437851e-10,5.363827470734e-06,0.0013533214855077,0.0053638274772589,-56543495.798503,2645.6938437851,53638274.70734,108.42549723692,109.58009148776,105.42549723692,118.90549519057,114.78853596913,0,0,0,58.390378452177,1.9999957293531,0,0.064522335707903,1.0753768543532e-06,0,0.06452261126119,0,0.0013533214855077,-1.3533214855077e-06,0.0037702730355659,2.2140833333333,2.2140833333333e-13,6924323.751413,0.7331563752705,1.63e-06,1.63,-1.0753768543532e-06,-1.4352647009576e-08,5000000,6924323.751413,68335151.498022,0.00036219158230252,149.33158938333,0,-1.3533214855077e-06,0,0,0,0,5000000,-1.0753722617984e-06,-1.4358006891788e-08,-0.42609419276133,0.0053638274772589,1,53.435775574768,53638274.772589,144.15865765985,135425497.23692,148.90549519057,20.636961267788,25.323513470491,0,0,-20636961.267788,-25323513.470491,-144158657.65985,-135425497.23692,0.0019988288209677,-0.00022667705986835,298488.28474031,-298488.28474031
44.25,0,-0.00059815202781387,16.44200364,57133908.212537,15.32,57133908.212537,68662147.017571,0.73130339077282,4.5690878886495e-05,45.690878886495,79883528859201,36.178127144469,4.3406107052312e-06,-0.00018302385017345,1.3562284135373e-05,1.7902894840604e-05,-2.5372466739512e-05,-0.00020839631691296,-0.10066891066577,0.15291285445957,26880000,0,0,-1.3608783393395e-06,-1.3608783393395e-06,2.6707816127538e-10,5.4592513925731e-06,0.0013608783393395,0.0054592513991061,-57133908.212537,2670.7816127538,54592513.925731,110.48440416163,111.64337785323,107.48440416163,121.02287690142,116.87591313372,0,0,0,58.984969783215,1.9999912221907,0,0.064779015431569,1.0796597342401e-06,0,0.064779584054404,0,0.0013608783393395,-1.3608783393395e-06,0.0037702730355659,2.2140833333333,2.2140833333333e-13,6931622.8193374,0.73130339077282,1.63e-06,1.63,-1.0796597342401e-06,-1.4413012243198e-08,5000000,6931622.8193374,68662147.017571,0.00036734181420773,151.45502999785,0,-1.3608783393395e-06,0,0,0,0,5000000,-1.0796502571928e-06,-1.4418249458377e-08,-0.43215309642838,0.0054592513991061,1,54.387320612496,54592513.991061,146.26997900217,137484404.16163,151.02287690142,20.608491027904,25.317063662278,0,0,-20608491.027904,-25317063.662278,-146269979.00217,-137484404.16163,0.0019988288209677,-0.00023081021360614,302732.67904022,-302732.67904022
45,0,-0.00060743541345687,16.44200364,57724593.217968,15.32,57724593.217968,68988390.156831,0.72947183243859,4.5698114385587e-05,45.698114385587,83452302026450,36.109693564606,4.4127988734047e-06,-0.000186283843783,1.3777600601566e-05,1.819039947497e-05,-2.5831972043316e-05,-0.00021211581582632,-0.10245766311933,0.15563923193267,26880000,0,0,-1.3681138385189e-06,-1.3681138385189e-06,2.6953502986656e-10,5.5546671698238e-06,0.0013681138385189,0.0055546671763633,-57724593.217968,2695.3502986656,55546671.698238,112.54574480476,113.70891897492,109.54574480476,123.14006366087,118.9642750779,0,0,0,59.579506369087,1.9999870247009,0,0.065025215736568,1.0837676578189e-06,0,0.065026059469136,0,0.0013681138385189,-1.3681138385189e-06,0.0037702730355659,2.2140833333333,2.2140833333333e-13,6938623.6169271,0.72947183243859,1.63e-06,1.63,-1.0837676578189e-06,-1.4470912690252e-08,5000000,6938623.6169271,68988390.156831,0.0003724915719212,153.57827510311,0,-1.3681138385189e-06,0,0,0,0,5000000,-1.0837535956095e-06,-1.4476034659652e-08,-0.43821144224049,0.0055546671763633,1,55.338778039645,55546671.763633,148.38142204248,139545744.80476,153.14006366087,20.58146972686,25.310871883652,0,0,-20581469.72686,-25310871.883652,-148381422.04248,-139545744.80476,0.0019988288209677,-0.00023494384153567,306976.6825506,-306976.6825506
45.75,0,-0.00061671879909987,16.44200364,58315539.31972,15.32,58315539.31972,69313883.696867,0.72766126600251,4.5705044963992e-05,45.705044963992,87144281012616,36.041926907202,4.4850037165229e-06,-0.00018954385465101,1.3992619201914e-05,1.8477622918437e-05,-2.6291658908398e-05,-0.00021583551355941,-0.10424643885964,0.1583656152054,26880000,0,0,-1.3750444170061e-06,-1.3750444170061e-06,2.7194187742537e-10,5.6500751192971e-06,0.0013750444170061,0.0056500751258415,-58315539.31972,2719.4187742537,56500751.192971,114.6094200353,115.77662307307,111.6094200353,125.25706302089,121.05358176142,0,0,0,60.173990330494,1.9999831173631,0,0.065261366087342,1.0877077981648e-06,0,0.065262467889889,0,0.0013750444170061,-1.3750444170061e-06,0.0037702730355659,2.2140833333333,2.2140833333333e-13,6945338.396279,0.72766126600251,1.63e-06,1.63,-1.0877077981648e-06,-1.4526449173033e-08,5000000,6945338.396279,69313883.696867,0.00037764087381202,155.70133227269,0,-1.3750444170061e-06,0,0,0,0,5000000,-1.087689434789e-06,-1.4531462942299e-08,-0.44426925180773,0.0056500751258415,1,56.290151250046,56500751.258415,150.49298138533,141609420.0353,155.25706302089,20.555838273878,25.304927528159,0,0,-20555838.273878,-25304927.528159,-150492981.38533,-141609420.0353,0.0019988288209677,-0.00023907792528785,311220.31040973,-311220.31040973
46.5,0,-0.00062600218474287,16.44200364,58906735.529644,15.32,58906735.529644,69638630.567956,0.72587126892766,4.5711686083607e-05,45.711686083607,90962414851426,35.974815266613,4.5572256769646e-06,-0.00019280388275092,1.4207351593345e-05,1.876457727031e-05,-2.6751519759247e-05,-0.00021955540251017,-0.10603523824778,0.1610920040208,26880000,0,0,-1.3816855367011e-06,-1.3816855367011e-06,2.7430052810691e-10,5.7454755462477e-06,0.0013816855367011,0.0057454755527956,-58906735.529644,2743.0052810691,57454755.462477,116.67533474023,117.84640207767,113.67533474023,127.37388226129,123.14379474804,0,0,0,60.768423711716,1.9999794819294,0,0.065487878074073,1.0914870297758e-06,0,0.065489221786551,0,0.0013816855367011,-1.3816855367011e-06,0.0037702730355659,2.2140833333333,2.2140833333333e-13,6951778.895724,0.72587126892766,1.63e-06,1.63,-1.0914870297758e-06,-1.4579718354959e-08,5000000,6951778.895724,69638630.567956,0.00038278973758732,157.82420880725,0,-1.3816855367011e-06,0,0,0,0,5000000,-1.0914646345679e-06,-1.4584630610362e-08,-0.45032654596136,0.0057454755527956,1,57.24144351523,57454755.527956,152.60465189819,143675334.74023,157.37388226129,20.531539992193,25.299220433598,0,0,-20531539.992193,-25299220.433598,-152604651.89819,-143675334.74023,0.0019988288209677,-0.00024321244715555,315463.57721036,-315463.57721036
47.25,0,-0.00063528557038587,16.44200364,59498171.342022,15.32,59498171.342022,69962633.836775,0.72410143003949,4.5718052298932e-05,45.718052298932,94909691308574,35.908347019024,4.6294650810878e-06,-0.00019606392799827,1.4421809001595e-05,1.9051274082683e-05,-2.7211547342886e-05,-0.00022327547534116,-0.10782406151576,0.16381839813432,26880000,0,0,-1.3880517521017e-06,-1.3880517521017e-06,2.7661274581313e-10,5.8408687447394e-06,0.0013880517521017,0.0058408687512893,-59498171.342022,2766.1274581313,58408687.447394,118.74339766582,119.91817148368,115.74339766582,129.49052839799,125.23487714644,0,0,0,61.362808482921,1.9999761013309,0,0.065705146202868,1.0951119417657e-06,0,0.065706716505944,0,0.0013880517521017,-1.3880517521017e-06,0.0037702730355659,2.2140833333333,2.2140833333333e-13,6957956.3631089,0.72410143003949,1.63e-06,1.63,-1.0951119417657e-06,-1.4630812918408e-08,5000000,6957956.3631089,69962633.836775,0.00038793818031232,159.94691174277,0,-1.3880517521017e-06,0,0,0,0,5000000,-1.0950857700478e-06,-1.4635630002541e-08,-0.45638334477744,0.0058408687512893,1,58.192657988125,58408687.512893,154.71642869631,145743397.66582,159.49052839799,20.50852051938,25.293740862047,0,0,-20508520.51938,-25293740.862047,-154716428.69631,-145743397.66582,0.0019988288209677,-0.00024734739007355,319706.49701623,-319706.49701623
48,0,-0.00064456895602887,16.44200364,60089836.71054,15.32,60089836.71054,70285896.694527,0.72235134917046,4.5724157316988e-05,45.724157316988,98989136978423,35.842510815134,4.7017221511921e-06,-0.00019932399025732,1.4636002235301e-05,1.9337724386493e-05,-2.7671734714892e-05,-0.00022699572497221,-0.10961290878016,0.16654479731303,26880000,0,0,-1.3941567702315e-06,-1.3941567702315e-06,2.7888023671783e-10,5.9362549980027e-06,0.0013941567702315,0.0059362550045534,-60089836.71054,2788.8023671783,59362549.980027,120.81352126441,121.99185021106,117.81352126441,131.6070081911,127.32679355241,0,0,0,61.957146542444,1.9999729595921,0,0.065913548643403,1.0985888503473e-06,0,0.065915331020839,0,0.0013941567702315,-1.3941567702315e-06,0.0037702730355659,2.2140833333333,2.2140833333333e-13,6963881.5777433,0.72235134917046,1.63e-06,1.63,-1.0985888503473e-06,-1.4679821733872e-08,5000000,6963881.5777433,70285896.694527,0.00039308621843003,162.0694478587,0,-1.3941567702315e-06,0,0,0,0,5000000,-1.0985591440567e-06,-1.4684549660803e-08,-0.46243966760008,0.0059362550045534,1,59.143797706703,59362550.045534,156.82830712876,147813521.26441,161.6070081911,20.486727711999,25.288479481008,0,0,-20486727.711999,-25288479.481008,-156828307.12876,-147813521.26441,0.0019988288209677,-0.00025148273759884,323949.08337829,-323949.08337829
48.75,0,-0.00065385234167187,16.44200364,60681722.026576,15.32,60681722.026576,70608422.445943,0.72062063681565,4.5730014052898e-05,45.730014052898,1.0320381738139e+14,35.77729557298,4.7739970165266e-06,-0.00020258406934708,1.4849941699781e-05,1.9623938716307e-05,-2.8132075226e-05,-0.00023071614457308,-0.1114017800547,0.16927120133497,26880000,0,0,-1.4000135062108e-06,-1.4000135062108e-06,2.8110465151731e-10,6.0316345787856e-06,0.0014000135062108,0.0060316345853361,-60681722.026576,2811.0465151731,60316345.787856,122.88562154673,124.0673604694,119.88562154673,133.72332815291,129.41950999239,0,0,0,62.551439719032,1.9999700417527,0,0.066113447937513,1.1019238106646e-06,0,0.066115428639877,0,0.0014000135062108,-1.4000135062108e-06,0.0037702730355659,2.2140833333333,2.2140833333333e-13,6969564.871129,0.72062063681565,1.63e-06,1.63,-1.1019238106646e-06,-1.4726830021024e-08,5000000,6969564.871129,70608422.445943,0.00039823386778067,164.19182368597,0,-1.4000135062108e-06,0,0,0,0,5000000,-1.1018907989586e-06,-1.4731474490924e-08,-0.46849553306421,0.0060316345853361,1,60.094865597571,60316345.853361,158.9402827654,149885621.54673,163.72332815291,20.466111554335,25.283427345586,0,0,-20466111.554335,-25283427.345586,-158940282.7654,-149885621.54673,0.0019988288209677,-0.0002556184738912,328191.34935076,-328191.34935076
49.5,0,-0.00066313572731487,16.44200364,61273818.098732,15.32,61273818.098732,70930214.49907,0.71890891379901,4.5735634681432e-05,45.735634681432,1.0755683706196e+14,35.712690470892,4.8462897234025e-06,-0.000205844165047,1.5063637410499e-05,1.9909927133901e-05,-2.8592562509292e-05,-0.00023443672755629,-0.11319067526176,0.17199760998853,26880000,0,0,-1.4056341348126e-06,-1.4056341348126e-06,2.8328758742802e-10,6.1270077496969e-06,0.0014056341348126,0.0061270077562459,-61273818.098732,2832.8758742802,61270077.496969,124.95961793952,126.14462762747,121.95961793952,135.83949455574,131.51299386849,0,0,0,63.145689774047,1.9999673337954,0,0.066305191671739,1.1051226280241e-06,0,0.066307357681449,0,0.0014056341348126,-1.4056341348126e-06,0.0037702730355659,2.2140833333333,2.2140833333333e-13,6975016.1465753,0.71890891379901,1.63e-06,1.63,-1.1051226280241e-06,-1.4771919502242e-08,5000000,6975016.1465753,70930214.49907,0.00040338114362082,166.31404551486,0,-1.4056341348126e-06,0,0,0,0,5000000,-1.1050865278623e-06,-1.4776485915486e-08,-0.47455095911826,0.0061270077562459,1,61.045864479495,61270077.562459,161.05235138487,151959617.93952,165.83949455574,20.446624071032,25.278575881592,0,0,-20446624.071032,-25278575.881592,-161052351.38487,-151959617.93952,0.0019988288209677,-0.00025975458369406,332433.30750684,-332433.30750684
50.25,0,-0.00067241911295788,16.44200364,61861588.650675,15.32,61861588.650675,71248824.703053,0.71722869561695,4.574099010283e-05,45.74099010283,1.1201655607613e+14,35.649172337819,4.9189050666313e-06,-0.00020910412808454,1.5276957248531e-05,2.0195862315163e-05,-2.9053181138982e-05,-0.00023815730922353,-0.11497977377962,0.1747237351668,26880000,0,0,-1.4109895562747e-06,-1.4109895562747e-06,2.8520981832122e-10,6.2223774948496e-06,0.0014109895562747,0.0062223775013861,-61861588.650675,2852.0981832122,62223774.948496,127.0436766906,128.22642067939,124.03549487242,137.95559261527,133.6077506009,0,0,0,63.733102455456,2.0042744032309,0.00023997209011547,0.066552255696388,1.1044832548136e-06,0.017760294615714,0.066268995288819,0.00023997209011547,0.0014109895562747,-1.4109895562747e-06,0.0037702730355659,2.2140833333333,2.2140833333333e-13,6984876.3449505,0.71722869561695,1.63e-06,1.63,-1.1044832548136e-06,-1.4775215559979e-08,5013636.3636364,6984876.3449505,71248824.703053,0.00040852825322552,168.43619880488,0,-1.4109895562747e-06,0,0,0,13636.363636363,5000000,-1.1092042616065e-06,-1.4824560288415e-08,-0.4806061896075,0.0062223775013861,1,61.99683264814,62223775.013861,163.16252575923,154035494.87242,167.95559261527,20.42774427152,25.271632442704,0,0,-20427744.27152,-25271632.442704,-163162525.75923,-154035494.87242,0.0019988288209677,-0.00026389085973236,336675.12866544,-336675.12866544
51,0,-0.00068170249860088,16.44200364,62439682.952096,15.32,62439682.952096,71561389.880838,0.71559423767393,4.5746049933684e-05,45.746049933684,1.1654055724304e+14,35.587286861701,4.9922802444647e-06,-0.00021236369274382,1.5489719168812e-05,2.0481999413276e-05,-2.9513915941148e-05,-0.00024187760868497,-0.11676930556545,0.17744911985015,26880000,0,0,-1.4160493871892e-06,-1.4160493871892e-06,2.8656009138247e-10,6.3177497117554e-06,0.0014160493871892,0.0063177497182543,-62439682.952096,2865.6009138247,63177497.117554,129.1459997016,130.3160486862,126.11327242887,140.07175546873,135.70462597869,0,0,0,64.306896968299,2.0170606392415,0.00095988836046189,0.066937646217912,1.0969133932832e-06,0.071041178462858,0.065814803596994,0.00095988836046189,0.0014160493871892,-1.4160493871892e-06,0.0037702730355659,2.2140833333333,2.2140833333333e-13,7004627.0955497,0.71559423767393,1.63e-06,1.63,-1.0969133932832e-06,-1.4707177431894e-08,5054545.4545455,7004627.0955497,71561389.880838,0.00041367552043229,170.55841707423,0,-1.4160493871892e-06,0,0,0,54545.454545454,5000000,-1.1156274369652e-06,-1.4883205046764e-08,-0.48666160550485,0.0063177497182543,1,62.947829934983,63177497.182543,165.26828384849,156113272.42887,170.07175546873,20.40864645018,25.259728503979,0,0,-20408646.45018,-25259728.503979,-165268283.84849,-156113272.42887,0.0019988288209677,-0.00026802697816859,340917.07970661,-340917.07970661
51.75,0,-0.00069098588424388,16.44200364,63015971.755557,15.32,63015971.755557,71872198.714477,0.71398235940587,4.5750899306063e-05,45.750899306063,1.211890757505e+14,35.526162464285,5.0660029540667e-06,-0.00021562294709731,1.570214981966e-05,2.0768152773727e-05,-2.9974781738205e-05,-0.00024559772883552,-0.11855896763792,0.18017405721549,26880000,0,0,-1.4208987596256e-06,-1.4208987596256e-06,2.8765734913867e-10,6.4131243550951e-06,0.0014208987596256,0.0064131243615465,-63015971.755557,2876.5734913867,64131243.550951,131.25007980341,132.40854060303,128.19280707614,142.18791656978,137.80311311758,0,0,0,64.880690989042,2.0293979261136,0.0016798046308083,0.067364259598604,1.0906741032747e-06,0.12432206231,0.06544044619648,0.0016798046308083,0.0014208987596256,-1.4208987596256e-06,0.0037702730355659,2.2140833333333,2.2140833333333e-13,7026222.5448189,0.71398235940587,1.63e-06,1.63,-1.0906741032747e-06,-1.4661939500804e-08,5095454.5454545,7026222.5448189,71872198.714477,0.0004188227833766,172.68063358617,0,-1.4208987596256e-06,0,0,0,95454.545454546,5000000,-1.1227376599767e-06,-1.494667226e-08,-0.49271701638779,0.0064131243615465,1,63.898826434302,64131243.615465,167.37278995333,158192807.07614,172.18791656978,20.389693958559,25.246567622129,0,0,-20389693.958559,-25246567.622129,-167372789.95333,-158192807.07614,0.0019988288209677,-0.00027216310086728,345159.027235,-345159.027235
52.5,0,-0.00070026926988688,16.44200364,63591499.429918,15.32,63591499.429918,72181827.678395,0.71238967274232,4.5755557446839e-05,45.755557446839,1.2597252631271e+14,35.46567422657,5.1399040374458e-06,-0.00021888195244146,1.5914342593723e-05,2.1054246631169e-05,-3.0435776870764e-05,-0.00024931772931223,-0.12034864902509,0.18289868888523,26880000,0,0,-1.4255569004575e-06,-1.4255569004575e-06,2.8864737405277e-10,6.5084997463097e-06,0.0014255569004575,0.0065084997527104,-63591499.429918,2886.4737405277,65084997.463097,133.3558072434,134.50313291295,130.27398906158,144.30405251551,139.90296453047,0,0,0,65.454477945807,2.0416888429012,0.0023997209011547,0.067808326518133,1.0849101274375e-06,0.17760294615715,0.065094607646251,0.0023997209011547,0.0014255569004575,-1.4255569004575e-06,0.0037702730355659,2.2140833333333,2.2140833333333e-13,7048573.0856268,0.71238967274232,1.63e-06,1.63,-1.0849101274375e-06,-1.4624676385194e-08,5136363.6363636,7048573.0856268,72181827.678395,0.00042396998513413,174.8028248708,0,-1.4255569004575e-06,0,0,0,136363.63636364,5000000,-1.1301387753022e-06,-1.5012338325855e-08,-0.49877235528854,0.0065084997527104,1,64.849811628894,65084997.527104,169.47668448282,160273989.06158,174.30405251551,20.371024531109,25.232839067384,0,0,-20371024.531109,-25232839.067384,-169476684.48282,-160273989.06158,0.0019988288209677,-0.00027629928475274,349400.92433833,-349400.92433833
53.25,0,-0.00070955265552988,16.44200364,64166617.708232,15.32,64166617.708232,72490476.126471,0.71081481439359,4.5760036358428e-05,45.760036358428,1.3089635066037e+14,35.405773480701,5.2138896509489e-06,-0.00022214075233019,1.6126351217134e-05,2.1340240868082e-05,-3.089689514671e-05,-0.0002530376474769,-0.12213829322308,0.18562310152475,26880000,0,0,-1.4300358120996e-06,-1.4300358120996e-06,2.8958856284126e-10,6.6038748363685e-06,0.0014300358120996,0.0066038748427179,-64166617.708232,2895.8856284126,66038748.363685,135.46308298089,136.59950936068,132.35671934452,146.42015152874,142.00401305165,0,0,0,66.02825453139,2.0540180711332,0.0031196371715012,0.068261102280273,1.0793790629997e-06,0.23088383000429,0.064762743779983,0.0031196371715012,0.0014300358120996,-1.4300358120996e-06,0.0037702730355659,2.2140833333333,2.2140833333333e-13,7071316.6935992,0.71081481439359,1.63e-06,1.63,-1.0793790629997e-06,-1.4591001319184e-08,5177272.7272727,7071316.6935992,72490476.126471,0.00042911709705855,176.92497911724,0,-1.4300358120996e-06,0,0,0,177272.72727273,5000000,-1.1376850380046e-06,-1.5078975013688e-08,-0.50482758850671,0.0066038748427179,1,65.800780226124,66038748.427179,171.58021975484,162356719.34452,176.42015152874,20.352706292872,25.218801923825,0,0,-20352706.292872,-25218801.923825,-171580219.75484,-162356719.34452,0.0019988288209677,-0.00028043555847133,353642.74740865,-353642.74740865
54,0,-0.00071883604117288,16.44200364,64741495.774301,15.32,64741495.774301,72798243.748741,0.70925696540803,4.5764345761298e-05,45.764345761298,1.35964732714e+14,35.346431968515,5.2879029889841e-06,-0.00022539938056487,1.6338210151389e-05,2.1626113140373e-05,-3.1358128268986e-05,-0.00025675750883385,-0.12392786997002,0.18834735390162,26880000,0,0,-1.434345215021e-06,-1.434345215021e-06,2.9050547402541e-10,6.6992489631366e-06,0.001434345215021,0.0066992489694353,-64741495.774301,2905.0547402541,66992489.631366,137.571815559,138.69747604102,134.44090646809,148.53620703789,144.10613101612,0,0,0,66.602018900405,2.0664190283599,0.0038395534418476,0.068718346242147,1.0739734947002e-06,0.28416471385144,0.064438409682011,0.0038395534418476,0.001434345215021,-1.434345215021e-06,0.0037702730355659,2.2140833333333,2.2140833333333e-13,7094282.621538,0.70925696540803,1.63e-06,1.63,-1.0739734947002e-06,-1.4559089280951e-08,5218181.8181818,7094282.621538,72798243.748741,0.00043426410316548,179.04708973513,0,-1.434345215021e-06,0,0,0,218181.81818182,5000000,-1.1453057707025e-06,-1.5145934407403e-08,-0.51088269723778,0.0066992489694353,1,66.751729272759,66992489.694353,173.68352533408,164440906.46809,178.53620703789,20.334775451971,25.204585603854,0,0,-20334775.451971,-25204585.603854,-173683525.33408,-164440906.46809,0.0019988288209677,-0.0002845719380074,357884.48327296,-357884.48327296
54.75,0,-0.00072811942681588,16.44200364,65316229.779671,15.32,65316229.779671,73105190.225729,0.70771553115989,4.5768494200909e-05,45.768494200909,1.4118138396227e+14,35.287629784381,5.3619085904356e-06,-0.00022865786459083,1.6549942828434e-05,2.191185141887e-05,-3.181946716444e-05,-0.00026047733175527,-0.12571736373699,0.19107148808232,26880000,0,0,-1.4384936546816e-06,-1.4384936546816e-06,2.9140872373342e-10,6.7946217055939e-06,0.0014384936546816,0.0067946217118429,-65316229.779671,2914.0872373342,67946217.055939,139.68192019573,140.7968910251,136.52646565028,150.652215297,146.20921484587,0,0,0,67.175770000924,2.0789090896905,0.004559469712194,0.069177670062758,1.0686360683488e-06,0.33744559769858,0.064118164100927,0.004559469712194,0.0014384936546816,-1.4384936546816e-06,0.0037702730355659,2.2140833333333,2.2140833333333e-13,7117375.6246934,0.70771553115989,1.63e-06,1.63,-1.0686360683488e-06,-1.4528033990049e-08,5259090.9090909,7117375.6246934,73105190.225729,0.00043941099434334,181.16915296776,0,-1.4384936546816e-06,0,0,0,259090.90909091,5000000,-1.1529611677126e-06,-1.5212845110288e-08,-0.51693767076233,0.0067946217118429,1,67.702657085361,67946217.118429,175.78667744638,166526465.65028,180.652215297,20.317250804407,25.190264778677,0,0,-20317250.804407,-25190264.778677,-175786677.44638,-166526465.65028,0.0019988288209677,-0.00028870843247254,362126.12442226,-362126.12442226
55.5,0,-0.00073121388869688,16.44200364,65652177.878116,15.32,65652177.878116,73284267.780008,0.70682180882807,4.5770848024026e-05,45.770848024026,1.443010462456e+14,35.253497189611,5.3872386162455e-06,-0.00022979876618131,1.6584598303829e-05,2.1971836920074e-05,-3.1984732956292e-05,-0.0002617834991376,-0.12634343054854,0.19202560463538,26880000,0,0,-1.4408474778271e-06,-1.4408474778271e-06,2.8955791103955e-10,6.8246719361539e-06,0.0014408474778271,0.0068246719422966,-65652177.878116,2895.5791103955,68246719.361539,140.63241510763,141.63748620946,137.45241510763,151.32049725076,146.90957831949,0,0,0,67.342978669124,2.0994902688971,0.0052793859825404,0.064211706235484,9.7335568508324e-07,0.39072648154572,0.058401341104994,0.0052793859825404,0.0014408474778271,-1.4408474778271e-06,0.0037702730355659,2.2140833333333,2.2140833333333e-13,6975118.5030535,0.70682180882807,1.63e-06,1.63,-9.7335568508324e-07,-1.3313844720534e-08,5300000,6975118.5030535,73284267.780008,0.00044103649579274,181.83934721535,0,-1.4408474778271e-06,0,0,0,300000,5000000,-1.0701951039247e-06,-1.4083046483058e-08,-0.51884996459177,0.0068246719422966,1,68.002981006005,68246719.422966,176.58556455543,167452415.10763,181.32049725076,20.542836788134,25.306557906336,0,0,-20542836.788134,-25306557.906336,-176585564.55543,-167452415.10763,0.0019988288209677,-0.00029017739290414,363465.72799999,-363465.72799999
56.25,0,-0.00073121388869688,16.44200364,65814617.750013,15.32,65814617.750013,73370766.570423,0.70639158098056,4.5771967842985e-05,45.771967842985,1.4582839460182e+14,35.23705586932,5.3967297823782e-06,-0.00022986961587334,1.6528506452802e-05,2.192523623518e-05,-3.2002250264942e-05,-0.00026187186613828,-0.12638902413058,0.19208065903005,26880000,0,0,-1.4419672967991e-06,-1.4419672967991e-06,2.8380886460559e-10,6.8222498100636e-06,0.0014419672967991,0.0068222498159669,-65814617.750013,2838.0886460559,68222498.100636,141.00043106611,141.87954854444,137.79588561157,151.26821810981,146.92652779589,0,0,0,67.307843386683,2.1264792426779,0.0059993022528869,0.058442213422092,8.6467362510178e-07,0.44400736539287,0.051880417506107,0.0059993022528869,0.0014419672967991,-1.4419672967991e-06,0.0037702730355659,2.2140833333333,2.2140833333333e-13,6806104.888113,0.70639158098056,1.63e-06,1.63,-8.6467362510178e-07,-1.1939709899228e-08,5340909.0909091,6806104.888113,73370766.570423,0.00044090933416748,181.78691847725,0,-1.4419672967991e-06,0,0,0,340909.09090909,5000000,-9.740368903682e-07,-1.2793290416941e-08,-0.5187003674373,0.0068222498159669,1,67.979486915693,68222498.159669,176.69553420233,167795885.61157,181.26821810981,20.86935781568,25.448569109208,0,0,-20869357.81568,-25448569.109208,-176695534.20233,-167795885.61157,0.0019988288209677,-0.0002903045545294,363360.93192724,-363360.93192724
57,0,-0.00073121388869688,16.44200364,65925874.855926,15.32,65925874.855926,73429976.510545,0.70609763555805,4.5772727955614e-05,45.772727955614,1.4688175049575e+14,35.225818743308,5.4148646164988e-06,-0.00022992714865963,1.6470805510085e-05,2.1885670126584e-05,-3.202020323914e-05,-0.00026194735189877,-0.12643489107392,0.19211983960198,26880000,0,0,-1.4427274094376e-06,-1.4427274094376e-06,2.759735313314e-10,6.820065993847e-06,0.0014427274094376,0.0068200659994306,-65925874.855926,2759.735313314,68200659.93847,141.36512599488,142.14980618719,138.13603508579,151.22011599533,146.96633241777,0,0,0,67.27388107353,2.1555678387329,0.0067192185232333,0.054413809187257,7.8480621335224e-07,0.49728824924001,0.047088372801135,0.0067192185232333,0.0014427274094376,-1.4427274094376e-06,0.0037702730355659,2.2140833333333,2.2140833333333e-13,6689618.502335,0.70609763555805,1.63e-06,1.63,-7.8480621335224e-07,-1.0957635418995e-08,5381818.1818182,6689618.502335,73429976.510545,0.00044079233256901,181.7386787182,0,-1.4427274094376e-06,0,0,0,381818.18181818,5000000,-9.0689681978762e-07,-1.1901434414239e-08,-0.51856272287546,0.0068200659994306,1,67.957869968634,68200659.994307,176.76897406168,168136035.08579,181.22011599533,21.169702668018,25.551459622467,0,0,-21169702.668018,-25551459.622467,-176768974.06168,-168136035.08579,0.0019988288209677,-0.00029042155612787,363264.50890653,-363264.50890653
57.75,0,-0.00073121388869688,16.44200364,66010641.424116,15.32,66010641.424116,73475069.660339,0.70587407586317,4.5773303338269e-05,45.773303338269,1.476883153844e+14,35.217270231053,5.4375422042589e-06,-0.00022997512051417,1.6413117219678e-05,2.1850659423937e-05,-3.2038560358741e-05,-0.00026201368087291,-0.1264795439689,0.19214850475127,26880000,0,0,-1.4433027920991e-06,-1.4433027920991e-06,2.6734214139982e-10,6.8180683899917e-06,0.0014433027920991,0.006818068395233,-66010641.424116,2673.4214139982,68180683.899917,141.7259098601,142.43224067554,138.47227349646,151.17537515629,147.0233752975,0,0,0,67.240862655015,2.1876228149979,0.0074391347935797,0.05123404547863,7.1899996126185e-07,0.55056913308716,0.043139997675711,0.0074391347935797,0.0014433027920991,-1.4433027920991e-06,0.0037702730355659,2.2140833333333,2.2140833333333e-13,6599945.2984546,0.70587407586317,1.63e-06,1.63,-7.1899996126185e-07,-1.0160661910173e-08,5422727.2727273,6599945.2984546,73475069.660339,0.00044068350679824,181.69380985292,0,-1.4433027920991e-06,0,0,0,422727.27272727,5000000,-8.5390075797716e-07,-1.1197218925078e-08,-0.51843469662847,0.006818068395233,1,67.937763568757,68180683.95233,176.82235268123,168472273.49646,181.17537515629,21.448898198959,25.632807672869,0,0,-21448898.198959,-25632807.672869,-176822352.68123,-168472273.49646,0.0019988288209677,-0.00029053038189864,363174.82372543,-363174.82372543
58.5,0,-0.00073121388869688,16.44200364,66078340.20664,15.32,66078340.20664,73511071.481443,0.70569577889929,4.5773760527689e-05,45.773760527689,1.4833501289654e+14,35.210451143058,5.4625238515203e-06,-0.00023001574660669,1.6356248377511e-05,2.1818772229031e-05,-3.2057255421642e-05,-0.00026207300202833,-0.12652225815636,0.19216971937555,26880000,0,0,-1.4437599815243e-06,-1.4437599815243e-06,2.5835865486592e-10,6.8162219097314e-06,0.0014437599815243,0.0068162219146277,-66078340.20664,2583.5865486592,68162219.097314,142.08155871657,142.71982055921,138.80337689839,151.13349209697,147.09326798936,0,0,0,67.208646742274,2.2231842987543,0.0081590510639261,0.048587742791617,6.6203900264116e-07,0.6038500169343,0.039722340158469,0.0081590510639261,0.0014437599815243,-1.4437599815243e-06,0.0037702730355659,2.2140833333333,2.2140833333333e-13,6527406.1013677,0.70569577889929,1.63e-06,1.63,-6.6203900264116e-07,-9.4746632529363e-09,5463636.3636364,6527406.1013677,73511071.481443,0.00044058163217296,181.65180694491,0,-1.4437599815243e-06,0,0,0,463636.36363636,5000000,-8.0979571319362e-07,-1.0605356620854e-08,-0.51831484793968,0.0068162219146277,1,67.918941446581,68162219.146277,176.86281252032,168803376.89839,181.13349209697,21.710108909026,25.699995968054,0,0,-21710108.909026,-25699995.968054,-176862812.52032,-168803376.89839,0.0019988288209677,-0.00029063225652392,363090.86710235,-363090.86710235
59.25,0,-0.00073121388869688,16.44200364,66133873.592358,15.32,66133873.592358,73540595.864854,0.70554968913423,4.5774133992211e-05,45.774133992211,1.4886721353901e+14,35.204862940087,5.4884553545837e-06,-0.00023005051902327,1.6300675299295e-05,2.1789130653878e-05,-3.2076184089671e-05,-0.00026212670311294,-0.12656267589157,0.1921854664542,26880000,0,0,-1.4441334460508e-06,-1.4441334460508e-06,2.49296669331e-10,6.8145020661502e-06,0.0014441334460508,0.0068145020707102,-66133873.592358,2492.96669331,68145020.661502,142.43093958438,143.00844152136,139.12821231165,151.09411374433,147.17264474164,0,0,0,67.177134187302,2.2627748376029,0.0088789673342725,0.04631766633317,6.113212605806e-07,0.65713090078145,0.036679275634836,0.0088789673342725,0.0014441334460508,-1.4441334460508e-06,0.0037702730355659,2.2140833333333,2.2140833333333e-13,6467048.6828436,0.70554968913423,1.63e-06,1.63,-6.113212605806e-07,-8.8642975739824e-09,5504545.4545455,6467048.6828436,73540595.864854,0.00044048584989284,181.61231591082,0,-1.4441334460508e-06,0,0,0,504545.45454545,5000000,-7.7196110555284e-07,-1.0089937486297e-08,-0.51820216648798,0.0068145020707102,1,67.901244932127,68145020.707102,176.89422382003,169128212.31165,181.09411374433,21.955567570014,25.756978179828,0,0,-21955567.570014,-25756978.179828,-176894223.82003,-169128212.31165,0.0019988288209677,-0.00029072803880404,363011.93128523,-363011.93128523
60,0,-0.00073121388869688,16.44200364,66180206.508535,15.32,66180206.508535,73565223.208329,0.7054279205543,4.5774444482611e-05,45.774444482611,1.4931245346281e+14,35.200204433194,5.5144934245824e-06,-0.00023008052364351,1.6246689933265e-05,2.1761183357847e-05,-3.2095225862958e-05,-0.00026217574950647,-0.12660065745355,0.19219711374038,26880000,0,0,-1.4444439364547e-06,-1.4444439364547e-06,2.4035607072245e-10,6.8128911584284e-06,0.0014444439364547,0.0068128911626682,-66180206.508535,2403.5607072245,68128911.584284,142.77313950081,143.29541777766,139.44586677354,151.05697412118,147.25890622273,0,0,0,67.146250299869,2.3069741854728,0.009598883604619,0.044331651046233,5.6532168652074e-07,0.71041178462859,0.033919301191245,0.009598883604619,0.0014444439364547,-1.4444439364547e-06,0.0037702730355659,2.2140833333333,2.2140833333333e-13,6415918.3401987,0.7054279205543,1.63e-06,1.63,-5.6532168652074e-07,-8.3098737868404e-09,5545454.5454545,6415918.3401987,73565223.208329,0.00044039551300597,181.57507001236,0,-1.4444439364547e-06,0,0,0,545454.54545454,5000000,-7.3886085077054e-07,-9.6309425932472e-09,-0.51809589117735,0.0068128911626682,1,67.884554496044,68128911.626682,176.91895440432,169445866.77354,181.05697412118,22.186960550809,25.806172019184,0,0,-22186960.550809,-25806172.019184,-176918954.40432,-169445866.77354,0.0019988288209677,-0.00029081837569091,362937.48310993,-362937.48310993
60.75,0,-0.00073121388869688,16.44200364,66219301.580666,15.32,66219301.580666,73585999.342149,0.70532525961327,4.5774705671677e-05,45.774705671677,1.4968902509761e+14,35.196276467053,5.5401124142655e-06,-0.00023010658944139,1.6194466784086e-05,2.1734579198352e-05,-3.2114259390922e-05,-0.00026222084883232,-0.12663619635741,0.19220564279449,26880000,0,0,-1.4447051255241e-06,-1.4447051255241e-06,2.3167514739347e-10,6.8113759860675e-06,0.0014447051255241,0.0068113759900075,-66219301.580666,2316.7514739347,68113759.860675,143.10746295214,143.57889206686,139.75564477032,151.02186318697,147.35002384741,0,0,0,67.115936097554,2.3564591244998,0.010318799874965,0.042570114331457,5.2305439412775e-07,0.76369266847574,0.031383263647665,0.010318799874965,0.0014447051255241,-1.4447051255241e-06,0.0037702730355659,2.2140833333333,2.2140833333333e-13,6372078.8275566,0.70532525961327,1.63e-06,1.63,-5.2305439412775e-07,-7.7992370012764e-09,5586363.6363636,6372078.8275566,73585999.342149,0.00044031011061834,181.53985860794,0,-1.4447051255241e-06,0,0,0,586363.63636364,5000000,-7.0950190552429e-07,-9.2160100726126e-09,-0.51799542097535,0.0068113759900075,1,67.868775746726,68113759.900075,176.93856918046,169755644.77032,181.02186318697,22.405620922915,25.849185147069,0,0,-22405620.922915,-25849185.147069,-176938569.18046,-169755644.77032,0.0019988288209677,-0.00029090377807854,362867.10153995,-362867.10153995
61.5,0,-0.00073121388869688,16.44200364,66252537.966695,15.32,66252537.966695,73603658.970901,0.70523804718164,4.5774927124618e-05,45.774927124618,1.5000982737506e+14,35.192939240302,5.5649910781344e-06,-0.00023012936859003,1.6144101515144e-05,2.1709092593278e-05,-3.2133171705902e-05,-0.00026226254029594,-0.12666936577062,0.19221177692487,26880000,0,0,-1.4449265784678e-06,-1.4449265784678e-06,2.2333943610844e-10,6.8099464047342e-06,0.0014449265784678,0.0068099464083965,-66252537.966695,2233.3943610844,68099464.047342,143.43340043613,143.85754367477,140.05703679976,150.98860939653,147.44439922447,0,0,0,67.086143408006,2.412038786579,0.011038716145312,0.040991885042643,4.8383804364131e-07,0.81697355232288,0.029030282618478,0.011038716145312,0.0014449265784678,-1.4449265784678e-06,0.0037702730355659,2.2140833333333,2.2140833333333e-13,6334178.1250109,0.70523804718164,1.63e-06,1.63,-4.8383804364131e-07,-7.3243080028215e-09,5627272.7272727,6334178.1250109,73603658.970901,0.00044022922547061,181.50650966153,0,-1.4449265784678e-06,0,0,0,627272.72727273,5000000,-6.8319808404404e-07,-8.8369231855674e-09,-0.51790026500439,0.0068099464083965,1,67.853831592295,68099464.083965,176.95415972292,170057036.79976,180.98860939653,22.612637575293,25.887150348427,0,0,-22612637.575293,-25887150.348427,-176954159.72292,-170057036.79976,0.0019988288209677,-0.00029098466322627,362800.44270472,-362800.44270472
62.25,0,-0.00073121388869688,16.44200364,66280927.016699,15.32,66280927.016699,73618740.712597,0.70516360311841,4.5775115825913e-05,45.775115825913,1.5028435061914e+14,35.190090338151,5.5889419760123e-06,-0.00023014938406505,1.609563585067e-05,2.1684577826682e-05,-3.2151863122064e-05,-0.00026230124718711,-0.12670028386976,0.19221605896817,26880000,0,0,-1.4451152797648e-06,-1.4451152797648e-06,2.1539353709571e-10,6.8085943903454e-06,0.0014451152797648,0.0068085943937525,-66280927.016699,2153.9353709571,68085943.903454,143.75059526659,144.13042290208,140.34968617568,150.95706905229,147.5407639453,0,0,0,67.056831878869,2.474695204661,0.011758632415658,0.03956710146521,4.4717829759161e-07,0.87025443617002,0.026830697855496,0.011758632415658,0.0014451152797648,-1.4451152797648e-06,0.0037702730355659,2.2140833333333,2.2140833333333e-13,6301227.8773331,0.70516360311841,1.63e-06,1.63,-4.4717829759161e-07,-6.8794038912507e-09,5668181.8181818,6301227.8773331,73618740.712597,0.00044015250803871,181.47487906436,0,-1.4451152797648e-06,0,0,0,668181.81818182,5000000,-6.5945169108683e-07,-8.4879048975688e-09,-0.5178100120724,0.0068085943937525,1,67.839657455485,68085943.937525,176.96651846995,170349686.17568,180.95706905229,22.808922230382,25.920900481059,0,0,-22808922.230382,-25920900.481059,-176966518.46995,-170349686.17568,0.0019988288209677,-0.00029106138065817,362737.21855547,-362737.21855547
63,0,-0.00073121388869688,16.44200364,66305234.440708,15.32,66305234.440708,73631652.257906,0.7050999004853,4.5775277042413e-05,45.775277042413,1.5051980269831e+14,35.187652294255,5.6118658447193e-06,-0.0002301670604571,1.6049074496866e-05,2.1660940341585e-05,-3.2170249204855e-05,-0.00026233730966195,-0.12672909147364,0.19221890159915,26880000,0,0,-1.4452764962666e-06,-1.4452764962666e-06,2.0785296943967e-10,6.8073134232427e-06,0.0014452764962666,0.006807313426416,-66305234.440708,2078.5296943967,68073134.232427,144.05881505046,144.39684860923,140.633360505,150.92711937796,147.6381072752,0,0,0,67.02796703279,2.5456350885179,0.012478548686005,0.038273290894094,4.1270296353061e-07,0.92353532001717,0.024762177811836,0.012478548686005,0.0014452764962666,-1.4452764962666e-06,0.0037702730355659,2.2140833333333,2.2140833333333e-13,6272480.1737187,0.7050999004853,1.63e-06,1.63,-4.1270296353061e-07,-6.4603438737682e-09,5709090.9090909,6272480.1737187,73631652.257906,0.00044007965968667,181.44484368881,0,-1.4452764962666e-06,0,0,0,709090.90909091,5000000,-6.3788818156823e-07,-8.1647089120526e-09,-0.51772431085445,0.006807313426416,1,67.826198160996,68073134.26416,176.97623860735,170633360.505,180.92711937796,22.995253229805,25.951068123676,0,0,-22995253.229805,-25951068.123676,-176976238.60735,-170633360.505,0.0019988288209677,-0.00029113422901021,362677.18298118,-362677.18298118
63.75,0,-0.00073121388869688,16.44200364,66326054.563096,15.32,66326054.563096,73642709.968303,0.70504536766164,4.5775414846672e-05,45.775414846672,1.5072179474621e+14,35.185565034995,5.6337214396294e-06,-0.00023018274535695,1.6004396917631e-05,2.1638118357261e-05,-3.2188260885282e-05,-0.00026237100624223,-0.12675593779989,0.19222062144784,26880000,0,0,-1.4454143005275e-06,-1.4454143005275e-06,2.0071410969321e-10,6.8060980771009e-06,0.0014454143005275,0.0068060980800605,-66326054.563096,2007.1410969321,68060980.771009,144.35792842559,144.65634060306,140.90792842559,150.89865378785,147.73562287887,0,0,0,66.999518938972,2.6263591598124,0.013198464956351,0.037093044247993,3.8012354184086e-07,0.97681620386431,0.022807412510452,0.013198464956351,0.0014454143005275,-1.4454143005275e-06,0.0037702730355659,2.2140833333333,2.2140833333333e-13,6247353.6291093,0.70504536766164,1.63e-06,1.63,-3.8012354184086e-07,-6.063938418517e-09,5750000,6247353.6291093,73642709.968303,0.00044001042115986,181.41629664421,0,-1.4454143005275e-06,0,0,0,750000,5000000,-6.1821740413322e-07,-7.8640998205242e-09,-0.51764285635457,0.0068060980800605,1,67.813405809541,68060980.800605,176.98377498303,170907928.42559,180.89865378785,23.172305546723,25.978146199446,0,0,-23172305.546723,-25978146.199446,-176983774.98303,-170907928.42559,0.0019988288209677,-0.00029120346753703,362620.12232567,-362620.12232567
64.5,0,-0.00073121388869688,16.44200364,66343857.967532,15.32,66343857.967532,73652164.279763,0.7049987614632,4.5775532451857e-05,45.775532451857,1.5089478202983e+14,35.18378103436,5.6545053203922e-06,-0.00023019672501141,1.5961565618221e-05,2.1616070938613e-05,-3.2205843499123e-05,-0.00026240256851053,-0.12678097161861,0.19222146308839,26880000,0,0,-1.4455319057137e-06,-1.4455319057137e-06,1.9396169028729e-10,6.8049437399476e-06,0.0014455319057137,0.0068049437427119,-66343857.967532,1939.6169028729,68049437.399476,144.64788623059,144.90857267427,141.17334077604,150.87157852817,147.83266861802,0,0,0,66.971461269996,2.7187577032232,0.013918381226698,0.036012557022475,3.4921110903669e-07,1.0300970877115,0.020952666542201,0.013918381226698,0.0014455319057137,-1.4455319057137e-06,0.0037702730355659,2.2140833333333,2.2140833333333e-13,6225386.4970369,0.7049987614632,1.63e-06,1.63,-3.4921110903669e-07,-5.6876805908926e-09,5790909.0909091,6225386.4970369,73652164.279763,0.0004399445644154,181.38914390847,0,-1.4455319057137e-06,0,0,0,790909.09090909,5000000,-6.0020928370791e-07,-7.5835386503027e-09,-0.51756538029565,0.0068049437427119,1,67.80123826844,68049437.427119,176.9894831259,171173340.77604,180.87157852817,23.340672158026,26.002526827472,0,0,-23340672.158026,-26002526.827472,-176989483.1259,-171173340.77604,0.0019988288209677,-0.00029126932428148,362565.84865491,-362565.84865491
65.25,0,-0.00073121388869688,16.44200364,66359023.416883,15.32,66359023.416883,73660216.719027,0.70495908220219,4.5775632435497e-05,45.775632435497,1.510423599411e+14,35.182262070058,5.6742381908665e-06,-0.00023020923623172,1.5920531997888e-05,2.1594770188754e-05,-3.222295528372e-05,-0.00026243219151544,-0.12680433597851,0.19222161637675,26880000,0,0,-1.4456318893549e-06,-1.4456318893549e-06,1.8757407560503e-10,6.8038464212382e-06,0.0014456318893549,0.0068038464238238,-66359023.416883,1875.7407560503,68038464.212381,144.92870614803,145.15333857121,141.42961523894,150.84581021641,147.9287354971,0,0,0,66.943770610847,2.8252453781073,0.014638297497044,0.035020671055717,3.1978048427322e-07,1.0833779715586,0.019186829056393,0.014638297497044,0.0014456318893549,-1.4456318893549e-06,0.0037702730355659,2.2140833333333,2.2140833333333e-13,6206205.5537775,0.70495908220219,1.63e-06,1.63,-3.1978048427322e-07,-5.329550660434e-09,5831818.1818182,6206205.5537775,73660216.719027,0.00043988188663712,181.36330186048,0,-1.4456318893549e-06,0,0,0,831818.18181818,5000000,-5.8367785092862e-07,-7.3209835977802e-09,-0.51749164407795,0.0068038464238238,1,67.78965806584,68038464.238237,176.99364527591,171429615.23894,180.84581021641,23.500879741838,26.024527301063,0,0,-23500879.741838,-26024527.301063,-176993645.27591,-171429615.23894,0.0019988288209677,-0.00029133200205976,362514.1948246,-362514.1948246
66,0,-0.00073121388869688,16.44200364,66371860.006826,15.32,66371860.006826,73667031.711345,0.70492551478223,4.577571689433e-05,45.77571689433,1.5116746988415e+14,35.18097697367,5.6929556354153e-06,-0.00023022047569022,1.5881240488365e-05,2.157419612378e-05,-3.2239565673765e-05,-0.00026246004136398,-0.1268261652773,0.19222122924368,26880000,0,0,-1.4457163481889e-06,-1.4457163481889e-06,1.8152677960566e-10,6.8028026156654e-06,0.0014457163481889,0.0068028026180874,-66371860.006826,1815.2677960566,68028026.156654,145.20046004537,145.39052647865,141.67682368174,150.82127399173,148.02342317908,0,0,0,66.91642593953,2.9489559014367,0.01535821376739,0.034108220807527,2.9167943018776e-07,1.1366588554057,0.017500765811265,0.01535821376739,0.0014457163481889,-1.4457163481889e-06,0.0037702730355659,2.2140833333333,2.2140833333333e-13,6189504.6615265,0.70492551478223,1.63e-06,1.63,-2.9167943018776e-07,-4.9878873729e-09,5872727.2727273,6189504.6615265,73667031.711345,0.00043982220573665,181.33869542522,0,-1.4457163481889e-06,0,0,0,872727.27272727,5000000,-5.6847034679211e-07,-7.0747586230644e-09,-0.51742143348693,0.0068028026180874,1,67.778631559513,68028026.180874,176.99648835684,171676823.68174,180.82127399173,23.653400502655,26.044408083999,0,0,-23653400.502655,-26044408.083999,-176996488.35684,-171676823.68174,0.0019988288209677,-0.00029139168296023,362465.01077261,-362465.01077261
66.75,0,-0.00073121388869688,16.44200364,66382622.999769,15.32,66382622.999769,73672745.018258,0.70489738663083,4.577578755465e-05,45.77578755465,1.5127254676622e+14,35.179900023712,5.7107018412746e-06,-0.00023023060730331,1.584363147535e-05,2.1554333316625e-05,-3.2255653600381e-05,-0.0002624862609037,-0.12684658385035,0.19222041728253,26880000,0,0,-1.4457870085101e-06,-1.4457870085101e-06,1.7579469645467e-10,6.8018092049331e-06,0.0014457870085101,0.0068018092072048,-66382622.999769,1757.9469645467,68018092.049331,145.46326344276,145.62009934217,141.91508162458,150.79790209487,148.11642035726,0,0,0,66.88940822826,3.0940303501893,0.016078130037737,0.033267572815749,2.6478104621503e-07,1.1899397392529,0.015886862772902,0.016078130037737,0.0014457870085101,-1.4457870085101e-06,0.0037702730355659,2.2140833333333,2.2140833333333e-13,6175029.5293121,0.70489738663083,1.63e-06,1.63,-2.6478104621503e-07,-4.6613001354276e-09,5913636.3636364,6175029.5293121,73672745.018258,0.00043976535689911,181.3152566495,0,-1.4457870085101e-06,0,0,0,913636.36363636,5000000,-5.5445954692914e-07,-6.8434637341965e-09,-0.51735455462844,0.0068018092072048,1,67.768128298639,68018092.072048,176.99819675754,171915081.62458,180.79790209487,23.798661267319,26.062385655044,0,0,-23798661.267319,-26062385.655044,-176998196.75754,-171915081.62458,0.0019988288209677,-0.00029144853179777,362418.16067218,-362418.16067218
67.5,0,-0.00073121388869688,16.44200364,66391525.42475,15.32,66391525.42475,73677469.917931,0.70487413690576,4.5775845852914e-05,45.775845852914,1.5135962729754e+14,35.179009769215,5.7275253671172e-06,-0.0002302397681603,1.5807643352487e-05,2.1535168719604e-05,-3.2271205905422e-05,-0.00026251097406572,-0.126865705524,0.19221927101942,26880000,0,0,-1.445845306774e-06,-1.445845306774e-06,1.703534361103e-10,6.8008633853751e-06,0.001445845306774,0.0068008633875087,-66391525.42475,1703.534361103,68008633.853751,145.71726669618,145.84207937733,142.14453942345,150.77563275814,148.20748881933,0,0,0,66.86270013178,3.2660563356343,0.016798046308083,0.03249229226349,2.3897826187093e-07,1.2432206231,0.014338695712256,0.016798046308083,0.001445845306774,-1.445845306774e-06,0.0037702730355659,2.2140833333333,2.2140833333333e-13,6162566.5897929,0.70487413690576,1.63e-06,1.63,-2.3897826187093e-07,-4.3486072506304e-09,5954545.4545455,6162566.5897929,73677469.917931,0.00043971118988332,181.29292358889,0,-1.445845306774e-06,0,0,0,954545.45454546,5000000,-5.4153820439151e-07,-6.6259118414094e-09,-0.51729083075418,0.0068008633875087,1,67.758120525003,68008633.875087,176.99892165446,172144539.42345,180.77563275814,23.937050604121,26.078641910296,0,0,-23937050.604121,-26078641.910296,-176998921.65446,-172144539.42345,0.0019988288209677,-0.00029150269881356,362373.52070697,-362373.52070697
68.25,0,-0.00073121388869688,16.44200364,66398746.754281,15.32,66398746.754281,73681301.827235,0.70485529347944,4.5775892995854e-05,45.775892995854,1.5143043118477e+14,35.178288150363,5.7434763219859e-06,-0.00023024807331863,1.577321395543e-05,2.1516690277416e-05,-3.2286215923786e-05,-0.00026253428924241,-0.1268836337643,0.19221786147486,26880000,0,0,-1.445892449715e-06,-1.445892449715e-06,1.6518006122669e-10,6.7999626135102e-06,0.001445892449715,0.0067999626155165,-66398746.754281,1651.8006122669,67999626.135102,145.96264759367,146.0565356849,142.3653748664,150.75440932492,148.29645039003,0,0,0,66.836285740095,3.4727590537819,0.01751796257843,0.031776895908508,2.1417975641358e-07,1.2965015069472,0.012850785384815,0.01751796257843,0.001445892449715,-1.445892449715e-06,0.0037702730355659,2.2140833333333,2.2140833333333e-13,6151934.6974978,0.70485529347944,1.63e-06,1.63,-2.1417975641358e-07,-4.0487912926374e-09,5995454.5454545,6151934.6974978,73681301.827235,0.00043965956688009,181.27163942466,0,-1.445892449715e-06,0,0,0,995454.54545454,5000000,-5.2961493180847e-07,-6.4210831135682e-09,-0.51723009974069,0.0067999626155165,1,67.748582777292,67999626.155165,176.99878796085,172365374.8664,180.75440932492,24.068924476371,26.093331194905,0,0,-24068924.476371,-26093331.194905,-176998787.96085,-172365374.8664,0.0019988288209677,-0.0002915543218168,362330.97730607,-362330.97730607
69,0,-0.00073121388869688,16.44200364,66404439.509756,15.32,66404439.509756,73684321.819753,0.70484045543135,4.5775930006123e-05,45.775930006123,1.5148642307711e+14,35.177719829492,5.7586045193711e-06,-0.00023025561970097,1.5740281552239e-05,2.149888607161e-05,-3.2300682250768e-05,-0.00026255630195174,-0.12690046217667,0.19221624444681,26880000,0,0,-1.4459294599847e-06,-1.4459294599847e-06,1.6025343719909e-10,6.799104564292e-06,0.0014459294599847,0.0067991045661806,-66404439.509756,1602.5343719909,67991045.64292,146.19960513516,146.26357424273,142.57778695334,150.73417954224,148.38317616541,0,0,0,66.810150379816,3.7251306029453,0.018237878848776,0.031116665372617,1.9030687519457e-07,1.3497823907943,0.011418412511674,0.018237878848776,0.0014459294599847,-1.4459294599847e-06,0.0037702730355659,2.2140833333333,2.2140833333333e-13,6142978.8156537,0.70484045543135,1.63e-06,1.63,-1.9030687519457e-07,-3.7609661071755e-09,6036363.6363636,6142978.8156537,73684321.819753,0.00043961036079142,181.2513517543,0,-1.4459294599847e-06,0,0,0,1036363.6363636,5000000,-5.1861108954362e-07,-6.2280912143375e-09,-0.51717221206559,0.0067991045661806,1,67.739491573175,67991045.661806,176.99789960348,172577786.95334,180.73417954224,24.19461078793,26.106585658024,0,0,-24194610.78793,-26106585.658024,-176997899.60348,-172577786.95334,0.0019988288209677,-0.00029160352790547,362290.42572585,-362290.42572585
69.75,0,-0.00073121388869688,16.44200364,66408734.365062,15.32,66408734.365062,73686599.34347,0.70482927953095,4.5775957757458e-05,45.775957757458,1.5152886052857e+14,35.177291674529,5.7729583057078e-06,-0.00023026248927232,1.5708785516074e-05,2.1481743821782e-05,-3.2314607690981e-05,-0.00026257709696331,-0.12691627519604,0.19221446382582,26880000,0,0,-1.4459572113198e-06,-1.4459572113198e-06,1.5555434149469e-10,6.7982870985308e-06,0.0014459572113198,0.0067982871003104,-66408734.365062,1555.5434149469,67982870.985308,146.42835431415,146.46332976125,142.78199067779,150.71489498608,148.46757760073,0,0,0,66.784280452782,4.0393601821602,0.018957795119122,0.030507503684165,1.672912600884e-07,1.4030632746415,0.010037475605304,0.018957795119122,0.0014459572113198,-1.4459572113198e-06,0.0037702730355659,2.2140833333333,2.2140833333333e-13,6135565.1391075,0.70482927953095,1.63e-06,1.63,-1.672912600884e-07,-3.4843519118347e-09,6077272.7272727,6135565.1391075,73686599.34347,0.00043956345383275,181.23201201524,0,-1.4459572113198e-06,0,0,0,1077272.7272727,5000000,-5.0845839473608e-07,-6.0461578241873e-09,-0.51711702916324,0.0067982871003104,1,67.730825151047,67982871.003104,176.99634359253,172781990.67779,180.71489498608,24.314413077059,26.118519393633,0,0,-24314413.077059,-26118519.393633,-176996343.59253,-172781990.67779,0.0019988288209677,-0.00029165043486413,362251.76889803,-362251.76889803
70.5,0,-0.00073121388869688,16.44200364,66411744.139488,15.32,66411744.139488,73688194.346663,0.70482146966953,4.5775977002126e-05,45.775977002126,1.5155883159578e+14,35.176992355084,5.786583853994e-06,-0.0002302687516363,1.5678666770493e-05,2.1465250624487e-05,-3.2327998374785e-05,-0.00026259675001109,-0.12693114886364,0.19221255417115,26880000,0,0,-1.4459764559881e-06,-1.4459764559881e-06,1.5106542989445e-10,6.7975082370705e-06,0.0014459764559881,0.0067975082387491,-66411744.139488,1510.6542989445,67975082.370705,146.64912175264,146.65595902768,142.97821266173,150.69651059007,148.54959911531,0,0,0,66.758663303702,4.440316588623,0.019677711389469,0.029945823501445,1.4507300287651e-07,1.4563441584886,0.0087043801725909,0.019677711389469,0.0014459764559881,-1.4459764559881e-06,0.0037702730355659,2.2140833333333,2.2140833333333e-13,6129577.276569,0.70482146966953,1.63e-06,1.63,-1.4507300287651e-07,-3.2182561815152e-09,6118181.8181818,6129577.276569,73688194.346663,0.00043951873638647,181.21357501214,0,-1.4459764559881e-06,0,0,0,1118181.8181818,5000000,-4.9909705835742e-07,-5.8745930849913e-09,-0.51706442207609,0.0067975082387491,1,67.722563258206,67975082.387491,176.99419320223,172978212.66173,180.69651059007,24.428613546424,26.129231684034,0,0,-24428613.546424,-26129231.684034,-176994193.20223,-172978212.66173,0.0019988288209677,-0.00029169515231041,362214.91648486,-362214.91648486
71.25,0,-0.00073121388869688,16.44200364,66413566.954853,15.32,66413566.954853,73689158.958558,0.70481676850949,4.5775988392577e-05,45.775988392577,1.5157728461928e+14,35.176812023264,5.7995247760821e-06,-0.00023027446616036,1.564986807232e-05,2.1449392848402e-05,-3.2340863023467e-05,-0.00026261532918383,-0.12694515162436,0.19221054271849,26880000,0,0,-1.4459878464393e-06,-1.4459878464393e-06,1.4677112358219e-10,6.7967661400342e-06,0.0014459878464393,0.0067967661416189,-66413566.954853,1467.7112358219,67967661.400342,146.86214206414,146.84163545592,143.16668751868,150.67898425545,148.62921194912,0,0,0,66.733287110641,4.9682648438323,0.020397627659815,0.029428458987557,1.2359918900615e-07,1.5096250423358,0.0074159513403688,0.020397627659815,0.0014459878464393,-1.4459878464393e-06,0.0037702730355659,2.2140833333333,2.2140833333333e-13,6124913.228724,0.70481676850949,1.63e-06,1.63,-1.2359918900615e-07,-2.9620587573475e-09,6159090.9090909,6124913.228724,73689158.958558,0.00043947610605332,181.19599852578,0,-1.4459878464393e-06,0,0,0,1159090.9090909,5000000,-4.9047431645928e-07,-5.7127803713759e-09,-0.51701427033785,0.0067967661416189,1,67.714686975601,67967661.416189,176.99151048391,173166687.51868,180.67898425545,24.537475569567,26.138809568212,0,0,-24537475.569567,-26138809.568212,-176991510.48391,-173166687.51868,0.0019988288209677,-0.00029173778264356,362179.78409736,-362179.78409736
72,0,-0.00073121388869688,16.44200364,66414288.754279,15.32,66414288.754279,73689538.829989,0.70481495082583,4.577599249868e-05,45.77599249868,1.5158505202197e+14,35.176742059143,5.8118219508355e-06,-0.00023027968371805,1.5622334178903e-05,2.1434156129739e-05,-3.2353212343272e-05,-0.00026263289606132,-0.12695834510433,0.19220845094855,26880000,0,0,-1.4459919525425e-06,-1.4459919525425e-06,1.4265745768488e-10,6.796059089936e-06,0.0014459919525425,0.0067960590914333,-66414288.754279,1426.5745768488,67960590.89936,147.067654838,147.02054462228,143.347654838,150.66227652588,148.70640905764,0,0,0,66.708140793687,5.6929625863444,0.021117543930162,0.02895259563486,1.0282273759972e-07,1.5629059261829,0.0061693642559833,0.021117543930162,0.0014459919525425,-1.4459919525425e-06,0.0037702730355659,2.2140833333333,2.2140833333333e-13,6121482.9737896,0.70481495082583,1.63e-06,1.63,-1.0282273759972e-07,-2.7152000990698e-09,6200000,6121482.9737896,73689538.829989,0.00043943546686131,181.17924298692,0,-1.4459919525425e-06,0,0,0,1200000,5000000,-4.82543260581e-07,-5.5601642840929e-09,-0.51696646104418,0.0067960590914333,1,67.707178571668,67960590.914333,176.98834826986,173347654.838,180.66227652588,24.641245780364,26.14732989441,0,0,-24641245.780364,-26147329.89441,-176988348.26986,-173347654.838,0.0019988288209677,-0.00029177842183557,362146.29264336,-362146.29264336
72.75,0,-0.00073121388869688,16.44200364,66413985.327145,15.32,66413985.327145,73689374.211081,0.70481581815585,4.5775989821557e-05,45.775989821557,1.5158286946911e+14,35.176774866234,5.8235134958995e-06,-0.00023028444811908,1.5596011933569e-05,2.1419525429468e-05,-3.2365058529111e-05,-0.00026264950664819,-0.12697078484475,0.19220629581482,26880000,0,0,-1.445989275419e-06,-1.445989275419e-06,1.387119162986e-10,6.7953854777876e-06,0.001445989275419,0.0067953854792033,-66413985.327145,1387.119162986,67953854.777876,147.26590215307,147.19288061231,143.52135669852,150.64635031413,148.78120087102,0,0,0,66.683213938214,6.7467164900245,0.021837460200508,0.028515713904567,8.2701469479908e-08,1.61618681003,0.0049620881687945,0.021837460200508,0.001445989275419,-1.445989275419e-06,0.0037702730355659,2.2140833333333,2.2140833333333e-13,6119206.5229753,0.70481581815585,1.63e-06,1.63,-8.2701469479908e-08,-2.4771719165949e-09,6240909.0909091,6119206.5229753,73689374.211081,0.00043939672860103,181.1632712022,0,-1.445989275419e-06,0,0,0,1240909.0909091,5000000,-4.7526189840945e-07,-5.4162410828809e-09,-0.51692088806979,0.0067953854792033,1,67.700021379521,67953854.792033,176.98475178345,173521356.69852,180.64635031413,24.740155827502,26.154860973413,0,0,-24740155.827502,-26154860.973413,-176984751.78345,-173521356.69852,0.0019988288209677,-0.00029181716009585,362114.36777975,-362114.36777975
73.5,0,-0.00073121388869688,16.44200364,66412723.947806,15.32,66412723.947806,73688700.823291,0.70481919447123,4.5775980804756e-05,45.775980804756,1.5157139139339e+14,35.176903706021,5.8346348323689e-06,-0.00023028879728463,1.5570850293738e-05,2.1405485126107e-05,-3.2376414860493e-05,-0.00026266521214513,-0.12698252097958,0.19220409070595,26880000,0,0,-1.4459802586177e-06,-1.4459802586177e-06,1.3492326887732e-10,6.7947437915536e-06,0.0014459802586177,0.0067947437928932,-66412723.947806,1349.2326887732,67947437.915536,147.45712654089,147.35884303797,143.6880356318,150.63117067088,148.85361177392,0,0,0,66.658496729942,8.4147471839891,0.022557376470855,0.028115543627018,6.3197352810017e-08,1.6694676938772,0.003791841168601,0.022557376470855,0.0014459802586177,-1.4459802586177e-06,0.0037702730355659,2.2140833333333,2.2140833333333e-13,6118012.3436298,0.70481919447123,1.63e-06,1.63,-6.3197352810017e-08,-2.2475096284428e-09,6281818.1818182,6118012.3436298,73688700.823291,0.00043935980626312,181.14804812228,0,-1.4459802586177e-06,0,0,0,1281818.1818182,5000000,-4.6859239378364e-07,-5.2805509927703e-09,-0.51687745140649,0.0067947437928932,1,67.693199693029,67947437.928932,176.98075994117,173688035.6318,180.63117067088,24.834423857871,26.161463919279,0,0,-24834423.857871,-26161463.919279,-176980759.94117,-173688035.6318,0.0019988288209677,-0.00029185408243377,362083.93944886,-362083.93944886
74.25,0,-0.00073121388869688,16.44200364,66410564.709422,15.32,66410564.709422,73687550.569137,0.70482492265673,4.5775965843337e-05,45.775965843337,1.5155120364495e+14,35.177122563335,5.8452188069021e-06,-0.00023029276421445,1.5546800319376e-05,2.1392019126278e-05,-3.2387295374292e-05,-0.00026268005958874,-0.12699359885156,0.19220184620123,26880000,0,0,-1.4459652971993e-06,-1.4459652971993e-06,1.3128141620283e-10,6.794132606472e-06,0.0014459652971993,0.0067941326077404,-66410564.709422,1312.8141620283,67941326.06472,147.64156932988,147.51863460998,143.84793296625,150.61670458759,148.92367718707,0,0,0,66.633979899605,11.445876151557,0.023277292741201,0.027750026868705,4.4275888503886e-08,1.7227485777243,0.0026565533102332,0.023277292741201,0.0014459652971993,-1.4459652971993e-06,0.0037702730355659,2.2140833333333,2.2140833333333e-13,6117836.0728874,0.70482492265673,1.63e-06,1.63,-4.4275888503886e-08,-2.0257862402746e-09,6322727.2727273,6117836.0728874,73687550.569137,0.00043932461955904,181.13354064419,0,-1.4459652971993e-06,0,0,0,1322727.2727273,5000000,-4.6250044781175e-07,-5.1526719666183e-09,-0.5168360566006,0.0067941326077404,1,67.686698678264,67941326.077404,176.97640641109,173847932.96625,180.61670458759,24.924255779179,26.167193743062,0,0,-24924255.779179,-26167193.743062,-176976406.41109,-173847932.96625,0.0019988288209677,-0.00029188926913784,362054.94148353,-362054.94148353
75,0,-0.00073121388869688,16.44200364,66407561.615195,15.32,66407561.615195,73685952.112801,0.70483286163022,4.5775945291297e-05,45.775945291297,1.5152283385001e+14,35.177426036237,5.8552958466787e-06,-0.00023029637778356,1.5523815134538e-05,2.1379110981217e-05,-3.2397714601106e-05,-0.00026269409238467,-0.12700405956585,0.19219957066413,26880000,0,0,-1.4459447451591e-06,-1.4459447451591e-06,1.2777724999669e-10,6.7935505768674e-06,0.0014459447451591,0.0067935505780691,-66407561.615195,1277.7724999669,67935505.768674,147.81946931105,147.6724591705,144.00128749287,150.60292082759,148.99144115117,0,0,0,66.609654675489,18.639223797115,0.023997209011547,0.027417287518303,2.5905606574733e-08,1.7760294615715,0.001554336394484,0.023997209011547,0.0014459447451591,-1.4459447451591e-06,0.0037702730355659,2.2140833333333,2.2140833333333e-13,6118619.4627133,0.70483286163022,1.63e-06,1.63,-2.5905606574733e-08,-1.8116073389111e-09,6363636.3636364,6118619.4627133,73685952.112801,0.00043929109250996,181.11971744186,0,-1.4459447451591e-06,0,0,0,1363636.3636364,5000000,-4.5695479197172e-07,-5.0322145912194e-09,-0.51679661426789,0.0067935505780691,1,67.680504297551,67935505.780691,176.97172047744,174001287.49287,180.60292082759,25.009846341698,26.172100249754,0,0,-25009846.341698,-26172100.249754,-176971720.47744,-174001287.49287,0.0019988288209677,-0.00029192279618692,362027.31126831,-362027.31126831
75.75,0,-0.00073121388869688,16.44200364,66403763.475245,15.32,66403763.475245,73683931.357289,0.70484288397625,4.5775919467661e-05,45.775919467661,1.5148675993057e+14,35.177809245536,5.864894130331e-06,-0.00023029966339965,1.550184987123e-05,2.1366744001561e-05,-3.2407687353968e-05,-0.00026270735075362,-0.12701394048328,0.19219727070919,26880000,0,0,-1.4459189215223e-06,-1.4459189215223e-06,1.2440252770774e-10,6.7929964291728e-06,0.0014459189215223,0.0067929964303119,-66403763.475245,1244.0252770774,67929964.291728,147.99106167422,147.82052010782,144.14833440149,150.58978978006,149.05695433041,0,0,0,66.585512742452,57.086663507443,0.024717125281894,0.027115606243642,8.0576511859613e-09,1.8293103454186,0.00048345907115768,0.024717125281894,0.0014459189215223,-1.4459189215223e-06,0.0037702730355659,2.2140833333333,2.2140833333333e-13,6120309.5105569,0.70484288397625,1.63e-06,1.63,-8.0576511859613e-09,-1.604606970372e-09,6404545.4545455,6120309.5105569,73683931.357289,0.00043925915309177,181.10654881974,0,-1.4459189215223e-06,0,0,0,1404545.4545455,5000000,-4.5192677072736e-07,-4.9188178993001e-09,-0.51675903967671,0.0067929964303119,1,67.674603243881,67929964.303119,176.96672774944,174148334.40149,180.58978978006,25.091380071075,26.17622877738,0,0,-25091380.071075,-26176228.77738,-176966727.74944,-174148334.40149,0.0019988288209677,-0.00029195473560511,362000.98944689,-362000.98944689
76.5,0,-0.00073121388869688,16.44200364,66399214.646917,15.32,66399214.646917,73681511.838279,0.7048548739932,4.577588866151e-05,45.77588866151,1.5144341714088e+14,35.178267760116,5.8740397634826e-06,-0.00023030264354604,1.5480861602149e-05,2.1354901365631e-05,-3.2417228559983e-05,-0.00026271987210603,-0.12702327565705,0.19219495156947,26880000,0,0,-1.4458881153711e-06,-1.4458881153711e-06,1.2114976241781e-10,6.7924689559342e-06,0.0014458881153711,0.0067924689570146,-66399214.646917,1211.4976241781,67924689.559342,148.15657717122,147.96301908781,144.28930444395,150.57728333325,149.12027236607,0,0,0,66.561546206307,47.134592176922,0.02543704155224,0.026843399768675,9.2945629309618e-09,1.8825912292658,0.00055767377585771,0.02543704155224,0.0014458881153711,-1.4458881153711e-06,0.0037702730355659,2.2140833333333,2.2140833333333e-13,6122857.7397653,0.7048548739932,1.63e-06,1.63,9.2945629309618e-09,-1.4044442238417e-09,6445454.5454545,6122857.7397653,73681511.838279,0.00043922873292659,181.09400658563,0,-1.4458881153711e-06,0,0,0,1445454.5454545,5000000,-4.4738999614458e-07,-4.8121459044499e-09,-0.51672325238522,0.0067924689570146,1,67.668982883913,67924689.570146,176.9614507445,174289304.44395,180.57728333325,25.169032077881,26.179620808753,0,0,-25169032.077881,-26179620.808753,-176961450.7445,-174289304.44395,0.0019988288209677,-0.00029198515577029,361975.91966788,-361975.91966788
77.25,0,-0.00073121388869688,16.44200364,66393955.648262,15.32,66393955.648262,73678715.050477,0.70486872607517,4.5775853136148e-05,45.775853136148,1.5139320390099e+14,35.178797535066,5.8827569514351e-06,-0.00023030533823103,1.5460809267041e-05,2.1343566218476e-05,-3.2426353127056e-05,-0.00026273169135809,-0.12703209621718,0.19219261738612,26880000,0,0,-1.4458525900085e-06,-1.4458525900085e-06,1.1801212706628e-10,6.7919670106223e-06,0.0014458525900085,0.0067919670116475,-66393955.648262,1180.1212706628,67919670.106223,148.31624146867,148.10015504772,144.42442328685,150.56537476349,149.1814545222,0,0,0,66.537747562665,15.93636231717,0.026156957822587,0.026599203643828,2.6175636327822e-08,1.9358721131129,0.0015705381796693,0.026156957822587,0.0014458525900085,-1.4458525900085e-06,0.0037702730355659,2.2140833333333,2.2140833333333e-13,6126219.6014499,0.70486872607517,1.63e-06,1.63,2.6175636327822e-08,-1.2108003830572e-09,6486363.6363636,6126219.6014499,73678715.050477,0.0004391997670129,181.08206393942,0,-1.4458525900085e-06,0,0,0,1486363.6363636,5000000,-4.4332006073047e-07,-4.7118847166909e-09,-0.51668917592346,0.0067919670116475,1,67.663631208116,67919670.116475,176.95590936954,174424423.28685,180.56537476349,25.242968764657,26.182314479949,0,0,-25242968.764657,-26182314.479949,-176955909.36954,-174424423.28685,0.0019988288209677,-0.00029201412168398,361952.04836242,-361952.04836242
78,0,-0.00073121388869688,16.44200364,66388023.668414,15.32,66388023.668414,73675560.719127,0.70488434336604,4.577581313256e-05,45.77581313256,1.5133648665127e+14,35.179394860207,5.8910681643103e-06,-0.00023030776536023,1.5441653595964e-05,2.1332721760274e-05,-3.2435075839218e-05,-0.00026274284119945,-0.12704043070796,0.1921902714366,26880000,0,0,-1.4458125864199e-06,-1.4458125864199e-06,1.1498337168114e-10,6.7914895031092e-06,0.0014458125864199,0.0067914895040825,-66388023.668414,1149.8337168114,67914895.031092,148.47027465862,148.23212340742,144.55391102225,150.55403863759,149.24056257491,0,0,0,66.514109669515,9.3194218107674,0.026876874092933,0.026381657854478,4.2608423770007e-08,1.9891529969601,0.0025565054262004,0.026876874092933,0.0014458125864199,-1.4458125864199e-06,0.0037702730355659,2.2140833333333,2.2140833333333e-13,6130353.9752834,0.70488434336604,1.63e-06,1.63,4.2608423770007e-08,-1.0233765364238e-09,6527272.7272727,6130353.9752834,73675560.719127,0.000439172193488,181.0706953751,0,-1.4458125864199e-06,0,0,0,1527272.7272727,5000000,-4.3969429757463e-07,-4.6177401270203e-09,-0.51665673751398,0.0067914895040825,1,67.65853678688,67914895.040825,176.95012131927,174553911.02225,180.55403863759,25.313348447346,26.184345004675,0,0,-25313348.447346,-26184345.004675,-176950121.31927,-174553911.02225,0.0019988288209677,-0.00029204169520888,361929.32454842,-361929.32454842
78.75,0,-0.00073121388869688,16.44200364,66381452.993742,15.32,66381452.993742,73672067.026703,0.70490163663565,4.5775768872305e-05,45.775768872305,1.5127360390663e+14,35.180056317124,5.8989942918858e-06,-0.00023030994104567,1.5423357031782e-05,2.1322351323668e-05,-3.2443411275217e-05,-0.00026275335232089,-0.12704830538299,0.19218791631481,26880000,0,0,-1.4457683261641e-06,-1.4457683261641e-06,1.1205775218941e-10,6.7910353956972e-06,0.0014457683261641,0.0067910353966218,-66381452.993742,1120.5775218941,67910353.956972,148.61889090018,148.35911545999,144.67798180927,150.54325072626,149.29765990441,0,0,0,66.490625722925,6.446852800157,0.02759679036328,0.02618949474483,5.8614234871313e-08,2.0424338808072,0.0035168540922788,0.02759679036328,0.0014457683261641,-1.4457683261641e-06,0.0037702730355659,2.2140833333333,2.2140833333333e-13,6135222.7512,0.70490163663565,1.63e-06,1.63,5.8614234871313e-08,-8.4189155989841e-10,6568181.8181818,6135222.7512,73672067.026703,0.00043914595341761,181.05987659408,0,-1.4457683261641e-06,0,0,0,1568181.8181818,5000000,-4.364915790805e-07,-4.529435572635e-09,-0.51662586782479,0.0067910353966218,1,67.653688731641,67910353.966218,176.94410240665,174677981.80927,180.54325072626,25.380321904866,26.185745029865,0,0,-25380321.904866,-26185745.029865,-176944102.40665,-174677981.80927,0.0019988288209677,-0.00029206793527927,361907.6996571,-361907.6996571
79.5,0,-0.00073121388869688,16.44200364,66374275.365048,15.32,66374275.365048,73668250.802918,0.70492052333793,4.5775720559936e-05,45.775720559936,1.5120486965518e+14,35.180778743147,5.9065547867116e-06,-0.00023031187986294,1.5405883653473e-05,2.1312438440185e-05,-3.2451373745992e-05,-0.00026276325360893,-0.12705574446285,0.19218555407325,26880000,0,0,-1.4457200137945e-06,-1.4457200137945e-06,1.0922996938382e-10,6.7906036996094e-06,0.0014457200137945,0.006790603700488,-66374275.365048,1092.2996938382,67906036.996094,148.7622981695,148.48131791054,144.79684362405,150.53298792706,149.35281075594,0,0,0,66.467289235399,4.8438835203449,0.028316706633626,0.026021528837852,7.4213003354305e-08,2.0957147646543,0.0044527802012583,0.028316706633626,0.0014457200137945,-1.4457200137945e-06,0.0037702730355659,2.2140833333333,2.2140833333333e-13,6140790.477481,0.70492052333793,1.63e-06,1.63,7.4213003354305e-08,-6.6608040421812e-10,6609090.9090909,6140790.477481,73668250.802918,0.00043912099060832,181.04958442781,0,-1.4457200137945e-06,0,0,0,1609090.9090909,5000000,-4.3369214729753e-07,-4.446710412589e-09,-0.51659650074771,0.006790603700488,1,67.649076660234,67906037.00488,176.93786683772,174796843.62405,180.53298792706,25.444032868114,26.186544934853,0,0,-25444032.868114,-26186544.934853,-176937866.83772,-174796843.62405,0.0019988288209677,-0.00029209289808856,361887.12737853,-361887.12737853
80.25,0,-0.00073121388869688,16.44200364,66366520.278068,15.32,66366520.278068,73664127.684583,0.7049409268185,4.5775668385039e-05,45.775668385039,1.5113057621751e+14,35.18155920105,5.9137677949991e-06,-0.00023031359506543,1.5389199101281e-05,2.130296689628e-05,-3.2458977247429e-05,-0.00026277257231286,-0.12706277035964,0.19218318633541,26880000,0,0,-1.4456678388971e-06,-1.4456678388971e-06,1.0649511665964e-10,6.7901934718661e-06,0.0014456678388971,0.0067901934727012,-66366520.278068,1064.9511665964,67901934.718661,148.9006980987,148.5989125368,144.9106980987,150.52322819529,149.40607964106,0,0,0,66.444094016462,3.8228687686226,0.029036622903972,0.025876648213235,8.942343051639e-08,2.1489956485015,0.0053654058309834,0.029036622903972,0.0014456678388971,-1.4456678388971e-06,0.0037702730355659,2.2140833333333,2.2140833333333e-13,6147024.0634938,0.7049409268185,1.63e-06,1.63,8.942343051639e-08,-4.9569263169924e-10,6650000,6147024.0634938,73664127.684583,0.00043909725143946,181.03979676849,0,-1.4456678388971e-06,0,0,0,1650000,5000000,-4.3127747022059e-07,-4.3693184576772e-09,-0.51656857320202,0.0067901934727012,1,67.644690665827,67901934.727012,176.93142744069,174910698.0987,180.52322819529,25.504618457646,26.186773084104,0,0,-25504618.457646,-26186773.084104,-176931427.44069,-174910698.0987,0.0019988288209677,-0.00029211663725742,361867.56352299,-361867.56352299
81,0,-0.00073121388869688,16.44200364,66358215.237262,15.32,66358215.237262,73659712.250607,0.70496277564549,4.5775612523953e-05,45.775612523953,1.510509966616e+14,35.182394953463,5.9206502753858e-06,-0.00023031509876334,1.5373270504404e-05,2.1293920779789e-05,-3.2466235425483e-05,-0.00026278133418883,-0.12706940387252,0.19218081438462,26880000,0,0,-1.4456119778107e-06,-1.4456119778107e-06,1.0384863528794e-10,6.7898038124881e-06,0.0014456119778107,0.0067898038132822,-66358215.237262,1038.4863528794,67898038.124881,149.03428588784,148.71207594982,145.01974043329,150.51395048162,149.45753085559,0,0,0,66.421034155164,3.1167976873241,0.029756539174319,0.025753807169823,1.0426310741931e-07,2.2022765323486,0.0062557864451587,0.029756539174319,0.0014456119778107,-1.4456119778107e-06,0.0037702730355659,2.2140833333333,2.2140833333333e-13,6153892.5275507,0.70496277564549,1.63e-06,1.63,1.0426310741931e-07,-3.3049115855364e-10,6690909.0909091,6153892.5275507,73659712.250607,0.00043907468471155,181.03049250657,0,-1.4456119778107e-06,0,0,0,1690909.0909091,5000000,-4.2923011949704e-07,-4.2970267093711e-09,-0.51654202495467,0.0067898038132822,1,67.640521288923,67898038.132822,176.9247958574,175019740.43329,180.51395048162,25.5622095777,26.186456041599,0,0,-25562209.5777,-26186456.041599,-176924795.8574,-175019740.43329,0.0019988288209677,-0.00029213920398533,361848.96589611,-361848.96589611
81.75,0,-0.00073121388869688,16.44200364,66349385.970998,15.32,66349385.970998,73655018.13646,0.70498600304215,4.5775553141229e-05,45.775553141229,1.5096638685038e+14,35.183283441173,5.9272181060652e-06,-0.00023031640207352,1.5358066411593e-05,2.1285284517658e-05,-3.2473161551258e-05,-0.00026278956362477,-0.12707566435799,0.19217843923433,26880000,0,0,-1.4455525950858e-06,-1.4455525950858e-06,1.0128627611497e-10,6.7894338619773e-06,0.0014455525950858,0.0067894338627328,-66349385.970998,1012.8627611497,67894338.619773,149.16325027626,148.82097943645,145.12415936717,150.50513467565,149.50722809431,0,0,0,66.39810400421,2.6003253573397,0.030476455444665,0.025652019950278,1.1874861947307e-07,2.2555574161958,0.007124917168384,0.030476455444665,0.0014455525950858,-1.4455525950858e-06,0.0037702730355659,2.2140833333333,2.2140833333333e-13,6161366.7821284,0.70498600304215,1.63e-06,1.63,1.1874861947307e-07,-1.7025116713435e-10,6731818.1818182,6161366.7821284,73655018.13646,0.00043905324150887,181.02165147411,0,-1.4455525950858e-06,0,0,0,1731818.1818182,5000000,-4.2753366583796e-07,-4.2296142713468e-09,-0.51651679845975,0.0067894338627328,1,67.636559491962,67894338.627328,176.91798270366,175124159.36717,180.50513467565,25.616931272865,26.18561875349,0,0,-25616931.272865,-26185618.75349,-176917982.70366,-175124159.36717,0.0019988288209677,-0.00029216064718802,361831.29418561,-361831.29418561
82.5,0,-0.00073121388869688,16.44200364,66340056.614756,15.32,66340056.614756,73650058.131634,0.70501054640375,4.577549039087e-05,45.77549039087,1.5087698718507e+14,35.184222264653,5.9334861809964e-06,-0.00023031751524521,1.53435567249e-05,2.1277042905897e-05,-3.2479768504097e-05,-0.00026279728374931,-0.12708156987813,0.19217606168381,26880000,0,0,-1.4454898447265e-06,-1.4454898447265e-06,9.8804066767286e-11,6.7890827990331e-06,0.0014454898447265,0.0067890827997521,-66340056.614756,988.04066767286,67890827.990331,149.28777356209,148.92578886852,145.22413719846,150.49676155437,149.55523414582,0,0,0,66.375298165506,2.2068215378536,0.031196371715012,0.025570355346929,1.3289563640661e-07,2.3088383000429,0.0079737381843965,0.031196371715012,0.0014454898447265,-1.4454898447265e-06,0.0037702730355659,2.2140833333333,2.2140833333333e-13,6169419.4501007,0.70501054640375,1.63e-06,1.63,1.3289563640661e-07,-1.4759159258773e-11,6772727.2727273,6169419.4501007,73650058.131634,0.00043903287507418,181.01325439308,0,-1.4454898447265e-06,0,0,0,1772727.2727273,5000000,-4.2617258911548e-07,-4.1668714040669e-09,-0.51649283871026,0.0067890827997521,1,67.632796636188,67890827.997521,176.91099770379,175224137.19846,180.49676155437,25.668903052635,26.184284704406,0,0,-25668903.052635,-26184284.704406,-176910997.70379,-175224137.19846,0.0019988288209677,-0.00029218101362271,361814.50985805,-361814.50985805
83.25,0,-0.00073121388869688,16.44200364,66330249.867758,15.32,66330249.867758,73644844.262957,0.70503634688462,4.5775424417397e-05,45.775424417397,1.5078302409578e+14,35.18520916827,5.9394684960514e-06,-0.00023031844776596,1.5329712636575e-05,2.1269181132627e-05,-3.2486068761098e-05,-0.00026280451652706,-0.12708713732973,0.19217368236227,26880000,0,0,-1.4454238712524e-06,-1.4454238712524e-06,9.6398283407293e-11,6.7887498384719e-06,0.0014454238712524,0.0067887498391564,-66330249.867758,963.98283407294,67887498.384719,149.40803166023,149.02666466612,145.31984984205,150.48881273507,149.60161065382,0,0,0,66.352611476916,1.8975949225936,0.031916287985358,0.025507932040818,1.4671899007187e-07,2.3621191838901,0.0088031394043119,0.031916287985358,0.0014454238712524,-1.4454238712524e-06,0.0037702730355659,2.2140833333333,2.2140833333333e-13,6178024.7067875,0.70503634688462,1.63e-06,1.63,1.4671899007187e-07,1.3618787286785e-10,6813636.3636364,6178024.7067875,73644844.262957,0.00043901354069408,181.00528282817,0,-1.4454238712524e-06,0,0,0,1813636.3636364,5000000,-4.251322006803e-07,-4.1085986984164e-09,-0.51647009310415,0.0067887498391564,1,67.629224460454,67887498.391564,176.90384980395,175319849.84205,180.48881273507,25.718239188228,26.182476051829,0,0,-25718239.188228,-26182476.051829,-176903849.80395,-175319849.84205,0.0019988288209677,-0.0002922003480028,361798.57606436,-361798.57606436
84,0,-0.00073121388869688,16.44200364,66319987.127493,15.32,66319987.127493,73639387.866154,0.7050633490435,4.5775355356755e-05,45.775355356755,1.5068471132194e+14,35.18624202672,5.9451782259749e-06,-0.00023031920845094,1.5316506569194e-05,2.1261684795169e-05,-3.2492074391754e-05,-0.0002628112828427,-0.12709238255695,0.19217130176383,26880000,0,0,-1.44535481061e-06,-1.44535481061e-06,9.4065426487893e-11,6.7884342293213e-06,0.00144535481061,0.006788434229973,-66319987.127493,940.65426487893,67884342.293213,149.52419419116,149.12376180456,145.41146691843,150.48127063188,149.64641793313,0,0,0,66.330039000079,1.6486382892337,0.032636204255705,0.02546391455271,1.6023274208623e-07,2.4154000677372,0.009613964525174,0.032636204255705,0.00144535481061,-1.44535481061e-06,0.0037702730355659,2.2140833333333,2.2140833333333e-13,6187158.1435495,0.7050633490435,1.63e-06,1.63,1.6023274208623e-07,2.8278317728254e-10,6854545.4545455,6187158.1435495,73639387.866154,0.00043899519559349,180.9977191432,0,-1.44535481061e-06,0,0,0,1854545.4545455,5000000,-4.2439857587851e-07,-4.0546063488201e-09,-0.5164485113192,0.006788434229973,1,67.625835061733,67884342.29973,176.89654726769,175411466.91843,180.48127063188,25.765048985298,26.180213742176,0,0,-25765048.985298,-26180213.742176,-176896547.26769,-175411466.91843,0.0019988288209677,-0.00029221869310339,361783.45755284,-361783.45755284
84.75,0,-0.00073121388869688,16.44200364,66309288.605766,15.32,66309288.605766,73633699.647575,0.70509150053751,4.5775283337105e-05,45.775283337105,1.5058225101727e+14,35.18731883333,5.950627793071e-06,-0.00023031980551863,1.5303912118846e-05,2.1254539911917e-05,-3.249779705666e-05,-0.00026281760257529,-0.12709732044962,0.19216892027536,26880000,0,0,-1.4452827909588e-06,-1.4452827909588e-06,9.1802199793465e-11,6.7881352530663e-06,0.0014452827909588,0.0067881352536871,-66309288.605766,918.02199793465,67881352.530664,149.63642459383,149.2172298562,145.49915186656,150.47411841576,149.68971483097,0,0,0,66.307576009157,1.4442657898304,0.033356120526051,0.025437509706504,1.7345024296143e-07,2.4686809515844,0.010407014577686,0.033356120526051,0.0014452827909588,-1.4452827909588e-06,0.0037702730355659,2.2140833333333,2.2140833333333e-13,6196796.6494121,0.70509150053751,1.63e-06,1.63,1.7345024296143e-07,4.2521089013533e-10,6895454.5454545,6196796.6494121,73633699.647575,0.00043897779883813,180.99054646096,0,-1.4452827909588e-06,0,0,0,1895454.5454545,5000000,-4.239584951084e-07,-4.0047135098488e-09,-0.51642804519909,0.0067881352536871,1,67.6226208771,67881352.536871,176.88909775679,175499151.86656,180.47411841576,25.80943703559,26.177517611569,0,0,-25809437.03559,-26177517.611569,-176889097.75679,-175499151.86656,0.0019988288209677,-0.00029223608985876,361769.12058886,-361769.12058886
85.5,0,-0.00073121388869688,16.44200364,66298173.429302,15.32,66298173.429302,73627789.737704,0.70512075185707,4.57752084795e-05,45.7752084795,1.5047583470803e+14,35.188437689919,5.9558289284671e-06,-0.00023032024665511,1.529190400131e-05,2.1247732929777e-05,-3.2503248009443e-05,-0.00026282349466455,-0.12710196502931,0.19216653819847,26880000,0,0,-1.4452079333531e-06,-1.4452079333531e-06,8.9605492264116e-11,6.7878522220291e-06,0.0014452079333531,0.0067878522226205,-66298173.429302,896.05492264116,67878522.220291,149.74488025729,149.30721306016,145.58306207547,150.46733997729,149.73155862536,0,0,0,66.28521798039,1.273794818765,0.034076036796397,0.025427963523065,1.8638418407571e-07,2.5219618354315,0.011183051044543,0.034076036796397,0.0014452079333531,-1.4452079333531e-06,0.0037702730355659,2.2140833333333,2.2140833333333e-13,6206918.3078201,0.70512075185707,1.63e-06,1.63,1.8638418407571e-07,5.6364661367126e-10,6936363.6363636,6206918.3078201,73627789.737704,0.00043896131124409,180.98374862594,0,-1.4452079333531e-06,0,0,0,1936363.6363636,5000000,-4.2379939205109e-07,-3.958747723193e-09,-0.51640864864646,0.0067878522226205,1,67.619574667031,67878522.226205,176.88150839987,175583062.07547,180.46733997729,25.851503450108,26.174406473752,0,0,-25851503.450108,-26174406.473752,-176881508.39987,-175583062.07547,0.0019988288209677,-0.00029225257745279,361755.5328803,-361755.5328803
86.25,0,-0.00073121388869688,16.44200364,66286659.727379,15.32,66286659.727379,73621667.737776,0.70515105609489,4.5775130898482e-05,45.775130898482,1.5036564412831e+14,35.18959679796,5.9607927267735e-06,-0.00023032053906891,1.5280458001071e-05,2.1241250727845e-05,-3.2508438101209e-05,-0.00026282897717012,-0.12710632952472,0.1921641557671,26880000,0,0,-1.4451303523341e-06,-1.4451303523341e-06,8.7472362194733e-11,6.7875844778637e-06,0.0014451303523341,0.0067875844784273,-66286659.727379,874.72362194733,67875844.778637,149.84971266641,149.39385041372,145.66334903005,150.46091989207,149.7720049541,0,0,0,66.262960582386,1.1296983473858,0.034795953066744,0.025434558476876,1.9904664360954e-07,2.5752427192786,0.011942798616573,0.034795953066744,0.0014451303523341,-1.4451303523341e-06,0.0037702730355659,2.2140833333333,2.2140833333333e-13,6217502.3061228,0.70515105609489,1.63e-06,1.63,1.9904664360954e-07,6.9825793492167e-10,6977272.7272727,6217502.3061228,73621667.737776,0.00043894569529371,180.9773101696,0,-1.4451303523341e-06,0,0,0,1977272.7272727,5000000,-4.2390930794794e-07,-3.9165444042262e-09,-0.51639027752438,0.0067875844784273,1,67.616689499844,67875844.784273,176.8737858508,175663349.03005,180.46091989207,25.89134407595,26.170898197202,0,0,-25891344.07595,-26170898.197202,-176873785.8508,-175663349.03005,0.0019988288209677,-0.00029226819340318,361742.6635082,-361742.6635082
87,0,-0.00073121388869688,16.44200364,66274764.708555,15.32,66274764.708555,73615342.760578,0.70518236874386,4.5775050702599e-05,45.775050702599,1.5025185195192e+14,35.190794450857,5.9655296948853e-06,-0.00023032068953797,1.5269550923017e-05,2.1235080617903e-05,-3.2513377786938e-05,-0.00026283406732491,-0.12711042643796,0.19216177316143,26880000,0,0,-1.4450501564496e-06,-1.4450501564496e-06,8.5400023450003e-11,6.7873313901551e-06,0.0014450501564496,0.0067873313906924,-66274764.708555,854.00023450003,67873313.901551,149.95106755813,149.47727578071,145.74015846722,150.45484338838,149.81110776858,0,0,0,66.240799667032,1.0065197537947,0.03551586933709,0.025456611059592,2.1144912737131e-07,2.6285236031258,0.012686947642279,0.03551586933709,0.0014450501564496,-1.4450501564496e-06,0.0037702730355659,2.2140833333333,2.2140833333333e-13,6228528.8558079,0.70518236874386,1.63e-06,1.63,2.1144912737131e-07,8.2920489385312e-10,7018181.8181818,6228528.8558079,73615342.760578,0.00043893091505686,180.97121627795,0,-1.4450501564496e-06,0,0,0,2018181.8181818,5000000,-4.2427685099319e-07,-3.8779463792691e-09,-0.51637288956346,0.0067873313906924,1,67.613958737175,67873313.906924,176.8659363385,175740158.46722,180.45484338838,25.929050698639,26.167009773109,0,0,-25929050.698639,-26167009.773109,-176865936.3385,-175740158.46722,0.0019988288209677,-0.00029228297364002,361730.48286193,-361730.48286193
87.75,0,-0.00073121388869688,16.44200364,66262504.7282,15.32,66262504.7282,73608823.466364,0.70521464751914,4.5774967994859e-05,45.774967994859,1.5013462243724e+14,35.192029027137,5.9700497956105e-06,-0.00023032070444994,1.525916054667e-05,2.122921034228e-05,-3.2518077133385e-05,-0.00026283878158332,-0.12711426760291,0.19215939051905,26880000,0,0,-1.4449674487092e-06,-1.4449674487092e-06,8.3385833348032e-11,6.7870923551099e-06,0.0014449674487092,0.0067870923556221,-66262504.7282,833.85833348032,67870923.551099,150.04908508499,149.55761801263,145.81363053953,150.44909631692,149.84891930804,0,0,0,66.218731261,0.9002066614372,0.036235785607437,0.025493469604186,2.2360260528105e-07,2.6818044869729,0.013416156316863,0.036235785607437,0.0014449674487092,-1.4449674487092e-06,0.0037702730355659,2.2140833333333,2.2140833333333e-13,6239979.1218334,0.70521464751914,1.63e-06,1.63,2.2360260528105e-07,9.5664040821371e-10,7059090.9090909,6239979.1218334,73608823.466364,0.00043891693611738,180.9654527612,0,-1.4449674487092e-06,0,0,0,2059090.9090909,5000000,-4.2489116006976e-07,-3.8428034662087e-09,-0.5163564442754,0.0067870923556221,1,67.611376020369,67870923.556221,176.85796570967,175813630.53953,180.44909631692,25.964711231498,26.162757375626,0,0,-25964711.231498,-26162757.375626,-176857965.70967,-175813630.53953,0.0019988288209677,-0.0002922969525795,361718.96257855,-361718.96257855
88.5,0,-0.00073121388869688,16.44200364,66249895.348221,15.32,66249895.348221,73602118.094616,0.70524785220095,4.5774882873138e-05,45.774882873138,1.5001411199828e+14,35.193298984437,5.9743624867396e-06,-0.00023032058983708,1.5249265582795e-05,2.1223628069535e-05,-3.2522545828095e-05,-0.00026284313566517,-0.12711786423685,0.19215700794372,26880000,0,0,-1.4448823269874e-06,-1.4448823269874e-06,8.1427282017957e-11,6.7868667943278e-06,0.0014448823269874,0.0067868667948163,-66249895.348221,814.27282017957,67868667.943278,150.14389998354,149.63500107935,145.88389998354,150.44366512235,149.88549009014,0,0,0,66.196751557756,0.80768644528676,0.036955701877783,0.025544512331247,2.3551754415015e-07,2.7350853708201,0.014131052649009,0.036955701877783,0.0014448823269874,-1.4448823269874e-06,0.0037702730355659,2.2140833333333,2.2140833333333e-13,6251835.1596906,0.70524785220095,1.63e-06,1.63,2.3551754415015e-07,1.0807106610888e-09,7100000,6251835.1596906,73602118.094616,0.00043890372550381,180.96000602522,0,-1.4448823269874e-06,0,0,0,2100000,5000000,-4.2574187218745e-07,-3.8109720923851e-09,-0.51634090287149,0.0067868667948163,1,67.608935257696,67868667.948163,176.84987946553,175883899.98354,180.44366512235,25.998409893396,26.158156415562,0,0,-25998409.893396,-26158156.415562,-176849879.46553,-175883899.98354,0.0019988288209677,-0.00029231016319307,361708.0754857,-361708.0754857
89.25,0,-0.00073121388869688,16.44200364,66236951.390179,15.32,66236951.390179,73595234.492283,0.70528194449478,4.5774795430533e-05,45.774795430533,1.4989046971325e+14,35.194602854159,5.9784767561046e-06,-0.00023032035140645,1.5239845632245e-05,2.1218322388349e-05,-3.2526793189242e-05,-0.00026284714459569,-0.12712122698617,0.19215462551249,26880000,0,0,-1.4447948843813e-06,-1.4447948843813e-06,7.9521982947842e-11,6.786654153648e-06,0.0014447948843813,0.0067866541541139,-66236951.390179,795.21982947842,67866541.53648,150.23564174554,149.70954420643,145.95109629099,150.4385368165,149.92086891499,0,0,0,66.174856910037,0.72658695396453,0.037675618148129,0.025609145585426,2.4720393728818e-07,2.7883662546672,0.014832236237291,0.037675618148129,0.0014447948843813,-1.4447948843813e-06,0.0037702730355659,2.2140833333333,2.2140833333333e-13,6264079.8590576,0.70528194449478,1.63e-06,1.63,2.4720393728818e-07,1.2015554561693e-09,7140909.0909091,6264079.8590576,73595234.492283,0.00043889125162428,180.95486304469,0,-1.4447948843813e-06,0,0,0,2140909.0909091,5000000,-4.2681909309044e-07,-3.7823149446851e-09,-0.51632622818562,0.0067866541541139,1,67.606630612316,67866541.541139,176.84168279346,175951096.29099,180.4385368165,26.030227375999,26.153221588464,0,0,-26030227.375999,-26153221.588464,-176841682.79346,-175951096.29099,0.0019988288209677,-0.0002923226370726,361697.79554799,-361697.79554799
90,0,-0.00073121388869688,16.44200364,66223686.982777,15.32,66223686.982777,73588180.139029,0.70531688790654,4.5774705755682e-05,45.774705755682,1.4976383778008e+14,35.195939236689,5.9824011531172e-06,-0.00023031999456626,1.5230881146884e-05,2.1213282300001e-05,-3.2530828176056e-05,-0.00026285082274232,-0.1271243659671,0.19215224328127,26880000,0,0,-1.4447052095291e-06,-1.4447052095291e-06,7.7667664593776e-11,6.7864539020619e-06,0.0014447052095291,0.0067864539025063,-66223686.982777,776.67664593776,67864539.020619,150.32443479026,149.78136201703,146.01534388117,150.43369895314,149.95510287968,0,0,0,66.153043822754,0.6550476170113,0.038395534418476,0.025686802235361,2.5867133137985e-07,2.8416471385144,0.015520279882791,0.038395534418476,0.0014447052095291,-1.4447052095291e-06,0.0037702730355659,2.2140833333333,2.2140833333333e-13,6276696.893092,0.70531688790654,1.63e-06,1.63,2.5867133137985e-07,1.319308544912e-09,7181818.1818182,6276696.893092,73588180.139029,0.00043887948420504,180.95001133774,0,-1.4447052095291e-06,0,0,0,2181818.1818182,5000000,-4.2811337058936e-07,-3.7567006476212e-09,-0.51631238460325,0.0067864539025063,1,67.60445649092,67864539.025064,176.83338059456,176015343.88117,180.43369895314,26.060241001493,26.147966917915,0,0,-26060241.001493,-26147966.917915,-176833380.59456,-176015343.88117,0.0019988288209677,-0.00029233440449184,361688.0978163,-361688.0978163
90.75,0,-0.00073121388869688,16.44200364,66210115.604527,15.32,66210115.604527,73580962.169907,0.70535264763035,4.5774613933051e-05,45.774613933051,1.4963435192641e+14,35.197306797113,5.986143817214e-06,-0.00023031952444892,1.5222353392483e-05,2.1208497209697e-05,-3.253465939962e-05,-0.00026285418384854,-0.12712729080202,0.19214986128935,26880000,0,0,-1.444613386897e-06,-1.444613386897e-06,7.5862162883521e-11,6.7862655306859e-06,0.001444613386897,0.0067862655311099,-66210115.604527,758.62162883521,67862655.306859,150.41039863653,149.85056467644,146.07676227289,150.429139604,149.98823740127,0,0,0,66.131308946286,0.59158855620988,0.039115450688822,0.025776940214798,2.6992885100261e-07,2.8949280223615,0.016195731060157,0.039115450688822,0.001444613386897,-1.444613386897e-06,0.0037702730355659,2.2140833333333,2.2140833333333e-13,6289670.6725686,0.70535264763035,1.63e-06,1.63,2.6992885100261e-07,1.4340979290933e-09,7222727.2727273,6289670.6725686,73580962.169907,0.00043886839423233,180.94543894199,0,-1.444613386897e-06,0,0,0,2222727.2727273,5000000,-4.2961567024664e-07,-3.734003465872e-09,-0.51629933799143,0.0067862655311099,1,67.60240753299,67862655.311099,176.82497750748,176076762.27289,180.429139604,26.088524871622,26.142405794713,0,0,-26088524.871622,-26142405.794713,-176824977.50748,-176076762.27289,0.0019988288209677,-0.00029234549446455,361678.9583799,-361678.9583799
91.5,0,-0.00073121388869688,16.44200364,66196250.122273,15.32,66196250.122273,73573587.39584,0.70538919044744,4.5774520043191e-05,45.774520043191,1.4950214178068e+14,35.19870426134,5.9897125035882e-06,-0.00023031894593132,1.5214244413438e-05,2.1203956917026e-05,-3.2538295133911e-05,-0.00026285724106524,-0.12713001065209,0.19214747956294,26880000,0,0,-1.4445194970358e-06,-1.4445194970358e-06,7.4103414474164e-11,6.7860885517902e-06,0.0014445194970358,0.0067860885521948,-66196250.122273,741.03414474164,67860885.517902,150.49364807343,149.91725803776,146.13546625524,150.42484733623,150.02031624647,0,0,0,66.109649070118,0.5350179323383,0.039835366959169,0.025879041186222,2.8098522109554e-07,2.9482089062086,0.016859113265733,0.039835366959169,0.0014445194970358,-1.4445194970358e-06,0.0037702730355659,2.2140833333333,2.2140833333333e-13,6302986.3041957,0.70538919044744,1.63e-06,1.63,2.8098522109554e-07,1.5460461416971e-09,7263636.3636364,6302986.3041957,73573587.39584,0.00043885795389731,180.94113439186,0,-1.4445194970358e-06,0,0,0,2263636.3636364,5000000,-4.313173531037e-07,-3.7141030283165e-09,-0.5162870556349,0.0067860885521948,1,67.600478600631,67860885.521948,176.8164779294,176135466.25524,180.42484733623,26.115150008778,26.136551012498,0,0,-26115150.008778,-26136551.012498,-176816477.9294,-176135466.25524,0.0019988288209677,-0.00029235593479957,361670.35432104,-361670.35432104
92.25,0,-0.00073121388869688,16.44200364,66182102.826161,15.32,66182102.826161,73566062.322193,0.7054264846343,4.5774424162971e-05,45.774424162971,1.4936733120962e+14,35.200130412593,5.9931146065367e-06,-0.00023031826365283,1.5206536999214e-05,2.1199651605751e-05,-3.2541743326925e-05,-0.00026286000697975,-0.1271325342465,0.19214509811807,26880000,0,0,-1.4444236168149e-06,-1.4444236168149e-06,7.2389450668715e-11,6.7859224978784e-06,0.0014444236168149,0.0067859224982646,-66182102.826161,723.89450668715,67859224.978784,150.5742933288,149.9815437876,146.19156605607,150.42081119086,150.0513815663,0,0,0,66.088061116817,0.48436510115873,0.040555283229515,0.025992609311328,2.9184878764033e-07,3.0014897900558,0.01751092725842,0.040555283229515,0.0014444236168149,-1.4444236168149e-06,0.0037702730355659,2.2140833333333,2.2140833333333e-13,6316629.5525524,0.7054264846343,1.63e-06,1.63,2.9184878764033e-07,1.6552705086217e-09,7304545.4545455,6316629.5525524,73566062.322193,0.00043884813654387,180.93708669704,0,-1.4444236168149e-06,0,0,0,2304545.4545455,5000000,-4.332101551888e-07,-3.6968840710744e-09,-0.51627550617468,0.0067859224982646,1,67.598664768919,67859224.982646,176.80788603436,176191566.05607,180.42081119086,26.140184489767,26.130414800296,0,0,-26140184.489767,-26130414.800296,-176807886.03436,-176191566.05607,0.0019988288209677,-0.00029236575215302,361662.26367197,-361662.26367197
93,0,-0.00073121388869688,16.44200364,66167685.46152,15.32,66167685.46152,73558393.165718,0.70546449987916,4.5774326365792e-05,45.774326365792,1.4923003862685e+14,35.20158408821,5.9963571807131e-06,-0.0002303174820312,1.5199214652402e-05,2.1195571833115e-05,-3.2545011611819e-05,-0.00026286249364302,-0.12713486990899,0.19214271696281,26880000,0,0,-1.4443258196338e-06,-1.4443258196338e-06,7.0718391910691e-11,6.7857669208135e-06,0.0014443258196338,0.006785766921182,-66167685.46152,707.18391910691,67857669.208135,150.65244023488,150.04351959071,146.24516750761,150.41702066246,150.08147393479,0,0,0,66.066542136304,0.43883156299264,0.041275199499862,0.02611717011512,3.0252753677434e-07,3.0547706739029,0.01815165220646,0.041275199499862,0.0014443258196338,-1.4443258196338e-06,0.0037702730355659,2.2140833333333,2.2140833333333e-13,6330586.8051769,0.70546449987916,1.63e-06,1.63,3.0252753677434e-07,1.7618833933047e-09,7345454.5454545,6330586.8051769,73558393.165718,0.000438838916619,180.93328532201,0,-1.4443258196338e-06,0,0,0,2345454.5454545,5000000,-4.3528616858534e-07,-3.6822361974411e-09,-0.51626465954925,0.006785766921182,1,67.59696131674,67857669.21182,176.79920578947,176245167.50761,180.41702066246,26.163693572818,26.124008852389,0,0,-26163693.572818,-26124008.852389,-176799205.78947,-176245167.50761,0.0019988288209677,-0.00029237497207788,361654.66537401,-361654.66537401
93.75,0,-0.00073121388869688,16.44200364,66153009.258071,15.32,66153009.258071,73550585.87006,0.70550320720541,4.5774226721775e-05,45.774226721775,1.4909037727621e+14,35.203064176715,5.999446960536e-06,-0.00023031660527688,1.5192261558287e-05,2.1191708518823e-05,-3.2548107317963e-05,-0.00026286471259484,-0.12713702558189,0.19214033609913,26880000,0,0,-1.444226175616e-06,-1.444226175616e-06,6.9088442757856e-11,6.7856213909875e-06,0.001444226175616,0.0067856213913392,-66153009.258071,690.88442757857,67856213.909875,150.72819039051,150.10327923294,146.29637220869,150.41346567972,150.11063239037,0,0,0,66.045089300408,0.39775441443955,0.041995115770208,0.026252269432497,3.1302911252144e-07,3.1080515577501,0.018781746751287,0.041995115770208,0.001444226175616,-1.444226175616e-06,0.0037702730355659,2.2140833333333,2.2140833333333e-13,6344845.0404088,0.70550320720541,1.63e-06,1.63,3.1302911252144e-07,1.8659924260543e-09,7386363.6363636,6344845.0404088,73550585.87006,0.00043883026962565,180.92972016666,0,-1.444226175616e-06,0,0,0,2386363.6363636,5000000,-4.3753782387495e-07,-3.6700536529306e-09,-0.51625448693937,0.0067856213913392,1,67.595363718077,67856213.913392,176.79044096934,176296372.20869,180.41346567972,26.185739818321,26.117344355833,0,0,-26185739.818321,-26117344.355833,-176790440.96934,-176296372.20869,0.0019988288209677,-0.00029238361907123,361647.53923873,-361647.53923873
94.5,0,-0.00073121388869688,16.44200364,66138084.95678,15.32,66138084.95678,73542646.120021,0.70554257890132,4.5774125297946e-05,45.774125297946,1.4894845549307e+14,35.204569615127,6.002390377972e-06,-0.00023031563740581,1.5185662555848e-05,2.118805293382e-05,-3.2551037481864e-05,-0.00026286667488768,-0.12713900884792,0.19213795552432,26880000,0,0,-1.444124751786e-06,-1.444124751786e-06,6.7497887301201e-11,6.7854854965319e-06,0.001444124751786,0.0067854854968676,-66138084.95678,674.97887301201,67854854.965319,150.8016413195,150.16091276173,146.34527768313,150.41013658697,150.1388944794,0,0,0,66.023699897684,0.36057873586755,0.042715032040554,0.026397472427869,3.2336083329811e-07,3.1613324415972,0.019401649997887,0.042715032040554,0.001444124751786,-1.444124751786e-06,0.0037702730355659,2.2140833333333,2.2140833333333e-13,6359391.7976537,0.70554257890132,1.63e-06,1.63,3.2336083329811e-07,1.9677007196099e-09,7427272.7272727,6359391.7976537,73542646.120021,0.00043882217207783,180.92638154769,0,-1.444124751786e-06,0,0,0,2427272.7272727,5000000,-4.3995787379782e-07,-3.660235113902e-09,-0.51624496071551,0.0067854854968676,1,67.593867633708,67854854.968676,176.78159516883,176345277.68313,180.41013658697,26.206383203738,26.110432015921,0,0,-26206383.203738,-26110432.015921,-176781595.16883,-176345277.68313,0.0019988288209677,-0.00029239171661905,361640.86591092,-361640.86591092
95.25,0,-0.00073121388869688,16.44200364,66122922.834666,15.32,66122922.834666,73534579.354732,0.70558258845522,4.5774022158395e-05,45.774022158395,1.4880437694637e+14,35.206099386476,6.0051935788827e-06,-0.00023031458225102,1.5179403110092e-05,2.1184596688975e-05,-3.2553808857889e-05,-0.00026286839110891,-0.12714082695026,0.19213557523214,26880000,0,0,-1.4440216122332e-06,-1.4440216122332e-06,6.5945084933473e-11,6.785358842565e-06,0.0014440216122332,0.0067853588428855,-66122922.834666,659.45084933473,67853588.42565,150.87288662491,150.21650662387,146.391977534,150.40702412666,150.16629630095,0,0,0,66.002371328471,0.3268364654572,0.043434948310901,0.026552362679806,3.3352970732854e-07,3.2146133254444,0.020011782439712,0.043434948310901,0.0014440216122332,-1.4440216122332e-06,0.0037702730355659,2.2140833333333,2.2140833333333e-13,6374215.1497831,0.70558258845522,1.63e-06,1.63,3.3352970732854e-07,2.0671070722404e-09,7468181.8181818,6374215.1497831,73534579.354732,0.00043881460145779,180.92326018105,0,-1.4440216122332e-06,0,0,0,2468181.8181818,5000000,-4.4253937799677e-07,-3.6526834884652e-09,-0.51623605438695,0.0067853588428855,1,67.592468903309,67853588.428855,176.77267181455,176391977.534,180.40702412666,26.225681233055,26.103282079825,0,0,-26225681.233055,-26103282.079825,-176772671.81455,-176391977.534,0.0019988288209677,-0.00029239928723909,361634.62683331,-361634.62683331
96,0,-0.00073121388869688,16.44200364,66107532.727807,15.32,66107532.727807,73526390.779859,0.70562321049531,4.5773917364425e-05,45.773917364425,1.4865824086366e+14,35.207652517503,6.0078624380998e-06,-0.00023031344347309,1.5173469285661e-05,2.1181331723761e-05,-3.2556427928778e-05,-0.00026286987140187,-0.12714248681088,0.19213319521378,26880000,0,0,-1.4439168182626e-06,-1.4439168182626e-06,6.4428466467516e-11,6.7852410504748e-06,0.0014439168182626,0.0067852410507806,-66107532.727807,644.28466467515,67852410.504748,150.94201613902,150.27014380002,146.43656159356,150.4041194225,150.19287255241,0,0,0,65.981101100183,0.29613004888247,0.044154864581247,0.026716541323853,3.4354244708299e-07,3.2678942092915,0.020612546824979,0.044154864581247,0.0014439168182626,-1.4439168182626e-06,0.0037702730355659,2.2140833333333,2.2140833333333e-13,6389303.6774317,0.70562321049531,1.63e-06,1.63,3.4354244708299e-07,2.164306159505e-09,7509090.9090909,6389303.6774317,73526390.779859,0.00043880753617525,180.92034716506,0,-1.4439168182626e-06,0,0,0,2509090.9090909,5000000,-4.4527568873088e-07,-3.6473057285455e-09,-0.51622774255415,0.0067852410507806,1,67.591163537906,67852410.507806,176.76367417521,176436561.59356,180.4041194225,26.243689041148,26.095904358618,0,0,-26243689.041148,-26095904.358618,-176763674.17521,-176436561.59356,0.0019988288209677,-0.00029240635252163,361628.80421299,-361628.80421299
96.75,0,-0.00073121388869688,16.44200364,66091924.052728,15.32,66091924.052728,73518085.378952,0.70566442073393,4.5773810974698e-05,45.773810974698,1.4851014224098e+14,35.209228076522,6.0104025733708e-06,-0.00023031222456975,1.5167847721624e-05,2.1178250294995e-05,-3.2558900915895e-05,-0.00026287112548565,-0.1271439950474,0.1921308154585,26880000,0,0,-1.4438104285344e-06,-1.4438104285344e-06,6.2946530542096e-11,6.7851317572347e-06,0.0014438104285344,0.0067851317575266,-66091924.052728,629.46530542096,67851317.572347,151.00911606875,150.32190393575,146.47911606875,150.40141396351,150.2186565754,0,0,0,65.959886822815,0.26811965072941,0.044874780851594,0.026889626247677,3.5340548283713e-07,3.3211750931387,0.021204328970228,0.044874780851594,0.0014438104285344,-1.4438104285344e-06,0.0037702730355659,2.2140833333333,2.2140833333333e-13,6404646.444986,0.70566442073393,1.63e-06,1.63,3.5340548283713e-07,2.2593887156517e-09,7550000,6404646.444986,73518085.378952,0.00043880095552844,180.91763396438,0,-1.4438104285344e-06,0,0,0,2550000,5000000,-4.4816043746128e-07,-3.6440126521372e-09,-0.51622000086306,0.0067851317575266,1,67.589947712692,67851317.575266,176.75460537093,176479116.06875,180.40141396351,26.260459493352,26.088308247855,0,0,-26260459.493352,-26088308.247855,-176754605.37093,-176479116.06875,0.0019988288209677,-0.00029241293316844,361623.38098928,-361623.38098928
97.5,0,-0.00073121388869688,16.44200364,66076105.826368,15.32,66076105.826368,73509667.924046,0.70570619591545,4.577370304536e-05,45.77370304536,1.4836017203932e+14,35.210825171426,6.0128193583e-06,-0.00023031092888463,1.5162525607409e-05,2.1175344965709e-05,-3.256123378921e-05,-0.00026287216267384,-0.12714535798875,0.19212843595431,26880000,0,0,-1.4437024991947e-06,-1.4437024991947e-06,6.1497840271845e-11,6.7850306147507e-06,0.0014437024991947,0.0067850306150294,-66076105.826368,614.97840271845,67850306.147507,151.07426913664,150.37186346895,146.51972368209,150.39889958873,150.24368040157,0,0,0,65.938726204646,0.24251305403396,0.04559469712194,0.027071251333523,3.6312497543632e-07,3.3744559769858,0.021787498526179,0.04559469712194,0.0014437024991947,-1.4437024991947e-06,0.0037702730355659,2.2140833333333,2.2140833333333e-13,6420232.9780883,0.70570619591545,1.63e-06,1.63,3.6312497543632e-07,2.352441705498e-09,7590909.0909091,6420232.9780883,73509667.924046,0.00043879483966696,180.91511239469,0,-1.4437024991947e-06,0,0,0,2590909.0909091,5000000,-4.5118752222538e-07,-3.642718774906e-09,-0.51621280596063,0.0067850306150294,1,67.588817760146,67850306.150294,176.74546838172,176519723.68209,180.39889958873,26.27604328052,26.080502746867,0,0,-26276043.28052,-26080502.746867,-176745468.38172,-176519723.68209,0.0019988288209677,-0.00029241904902993,361618.34080311,-361618.34080311
98.25,0,-0.00073121388869688,16.44200364,66060086.684767,15.32,66060086.684767,73501142.985563,0.70574851376759,4.5773593630163e-05,45.773593630163,1.4820841736901e+14,35.212442947824,6.0151179343899e-06,-0.00023030955961533,1.5157490659792e-05,2.1172608594182e-05,-3.2563432276994e-05,-0.00026287299189233,-0.12714658168965,0.19212605668834,26880000,0,0,-1.4435930839961e-06,-1.4435930839961e-06,6.0081020117946e-11,6.7849372892373e-06,0.0014435930839961,0.0067849372895033,-66060086.684767,600.81020117946,67849372.892373,151.1375547171,150.42009575351,146.55846380801,150.39656847256,150.26797479816,0,0,0,65.917617048141,0.21905761092189,0.046314613392287,0.02726106574363,3.7270682833731e-07,3.4277368608329,0.022362409700239,0.046314613392287,0.0014435930839961,-1.4435930839961e-06,0.0037702730355659,2.2140833333333,2.2140833333333e-13,6436053.2425058,0.70574851376759,1.63e-06,1.63,3.7270682833731e-07,2.4435484875375e-09,7631818.1818182,6436053.2425058,73501142.985563,0.00043878916955618,180.91277460801,0,-1.4435930839961e-06,0,0,0,2631818.1818182,5000000,-4.5435109572716e-07,-3.6433421504065e-09,-0.51620613545418,0.0067849372895033,1,67.587770163479,67849372.895033,176.73626605526,176558463.80801,180.39656847256,26.290489009847,26.072496476879,0,0,-26290489.009847,-26072496.476879,-176736266.05526,-176558463.80801,0.0019988288209677,-0.00029242471914071,361613.66796772,-361613.66796772
99,0,-0.00073121388869688,16.44200364,66043874.900607,15.32,66043874.900607,73492514.941621,0.7057913529558,4.577348278058e-05,45.77348278058,1.4805496166328e+14,35.214080587288,6.0173032222777e-06,-0.00023030811982086,1.5152731100908e-05,2.1170034323186e-05,-3.2565501875223e-05,-0.00026287362169608,-0.12714767194405,0.19212367764723,26880000,0,0,-1.443482234412e-06,-1.443482234412e-06,5.8694753014162e-11,6.7848514606216e-06,0.001443482234412,0.0067848514608755,-66043874.900607,586.94753014162,67848514.606216,151.19904896818,150.46667117908,146.59541260454,150.39441311087,150.29156931289,0,0,0,65.89655724603,0.19753377420899,0.047034529662633,0.027458733244868,3.8215669899032e-07,3.4810177446801,0.022929401939419,0.047034529662633,0.001443482234412,-1.443482234412e-06,0.0037702730355659,2.2140833333333,2.2140833333333e-13,6452097.624237,0.7057913529558,1.63e-06,1.63,3.8215669899032e-07,2.5327889689201e-09,7672727.2727273,6452097.624237,73492514.941621,0.00043878392694335,180.91061307874,0,-1.443482234412e-06,0,0,0,2672727.2727273,5000000,-4.5764555408113e-07,-3.6458042182706e-09,-0.51619996787053,0.0067848514608755,1,67.586801550354,67848514.608755,176.72700111396,176595412.60454,180.39441311087,26.303843291657,26.064297698082,0,0,-26303843.291657,-26064297.698082,-176727001.11396,-176595412.60454,0.0019988288209677,-0.00029242996175354,361609.34744072,-361609.34744072
99.75,0,-0.00073121388869688,16.44200364,66027478.399706,15.32,66027478.399706,73483787.986773,0.70583469304034,4.5773370545911e-05,45.773370545911,1.4789988484186e+14,35.215737305715,6.0193799322476e-06,-0.00023030661242851,1.5148235637219e-05,2.1167615569467e-05,-3.2567447856675e-05,-0.00026287406028518,-0.12714863429774,0.1921212988174,26880000,0,0,-1.4433699997423e-06,-1.4433699997423e-06,5.7337777598148e-11,6.7847728219726e-06,0.0014433699997423,0.0067847728222149,-66027478.399706,573.37777598147,67847728.219726,151.25882495873,150.51165728699,146.63064314054,150.39242630762,150.31449231814,0,0,0,65.87554477756,0.17774985907404,0.047754445932979,0.027663931569326,3.914800096159e-07,3.5342986285272,0.023488800576954,0.047754445932979,0.0014433699997423,-1.4433699997423e-06,0.0037702730355659,2.2140833333333,2.2140833333333e-13,6468356.9107402,0.70583469304034,1.63e-06,1.63,3.914800096159e-07,2.6202397528809e-09,7713636.3636364,6468356.9107402,73483787.986773,0.00043877909432509,180.90862059024,0,-1.4433699997423e-06,0,0,0,2713636.3636364,5000000,-4.6106552615543e-07,-3.6500296597986e-09,-0.51619428261827,0.0067847728222149,1,67.585908686887,67847728.222149,176.71767616151,176630643.14054,180.39242630762,26.3161508224,26.055914325741,0,0,-26316150.8224,-26055914.325741,-176717676.16151,-176630643.14054,0.0019988288209677,-0.00029243479437179,361605.36479727,-361605.36479727
100.5,0,-0.00073121388869688,16.44200364,66010904.776585,15.32,66010904.776585,73474966.140263,0.70587851443591,4.5773256973384e-05,45.773256973384,1.4774326346581e+14,35.217412351775,6.0213525740879e-06,-0.00023030504024031,1.5143993439389e-05,2.1165346013477e-05,-3.2569275279731e-05,-0.00026287431552004,-0.12714947406008,0.19211892018527,26880000,0,0,-1.4432564272139e-06,-1.4432564272139e-06,5.6008885685186e-11,6.784701078957e-06,0.0014432564272139,0.0067847010791882,-66010904.776585,560.08885685186,67847010.78957,151.31695279102,150.5551188822,146.66422551829,150.39060116206,150.33677105425,0,0,0,65.854577704903,0.15953777018763,0.048474362203326,0.027876351807999,4.006819574247e-07,3.5875795123744,0.024040917445482,0.048474362203326,0.0014432564272139,-1.4432564272139e-06,0.0037702730355659,2.2140833333333,2.2140833333333e-13,6484822.2731901,0.70587851443591,1.63e-06,1.63,4.006819574247e-07,2.7059742791295e-09,7754545.4545455,6484822.2731901,73474966.140263,0.00043877465491636,180.90679022201,0,-1.4432564272139e-06,0,0,0,2754545.4545455,5000000,-4.6460586346665e-07,-3.655946260451e-09,-0.51618905995048,0.0067847010791882,1,67.585088471908,67847010.791882,176.7082936889,176664225.51829,180.39060116206,26.327454464039,26.047353945419,0,0,-26327454.464039,-26047353.945419,-176708293.6889,-176664225.51829,0.0019988288209677,-0.00029243923378053,361601.70620452,-361601.70620452
101.25,0,-0.00073121388869688,16.44200364,65994161.309154,15.32,65994161.309154,73466053.253804,0.70592279837346,4.5773142108246e-05,45.773142108246,1.4758517088396e+14,35.21910500545,6.0232254663561e-06,-0.00023030340593898,1.5139994123038e-05,2.1163219589394e-05,-3.2570988996867e-05,-0.00026287439493584,-0.12715019631505,0.19211654173745,26880000,0,0,-1.4431415620746e-06,-1.4431415620746e-06,5.4706919818846e-11,6.7846359493164e-06,0.0014431415620746,0.006784635949537,-65994161.309154,547.06919818846,67846359.493164,151.37349971898,150.59711814151,146.69622699171,150.38893105657,150.35843167169,0,0,0,65.83365416973,0.14274949279923,0.049194278473672,0.028095697835068,4.0976752432191e-07,3.6408603962215,0.024586051459315,0.049194278473672,0.0014431415620746,-1.4431415620746e-06,0.0037702730355659,2.2140833333333,2.2140833333333e-13,6501485.2496758,0.70592279837346,1.63e-06,1.63,4.0976752432191e-07,2.7900629576526e-09,7795454.5454545,6501485.2496758,73466053.253804,0.00043877059262066,180.9051153375,0,-1.4431415620746e-06,0,0,0,2795454.5454545,5000000,-4.6826163058446e-07,-3.66348477879e-09,-0.51618428093101,0.006784635949537,1,67.584337931468,67846359.49537,176.69885608002,176696226.99171,180.38893105657,26.337795320014,26.03862382741,0,0,-26337795.320014,-26038623.82741,-176698856.08002,-176696226.99171,0.0019988288209677,-0.00029244329607623,361598.35839707,-361598.35839707
102,0,-0.00073121388869688,16.44200364,65977254.972623,15.32,65977254.972623,73457053.018954,0.70596752686417,4.5773025993855e-05,45.773025993855,1.4742567737196e+14,35.220814576652,6.0250027451036e-06,-0.00023030171209353,1.5136227730309e-05,2.1161230475413e-05,-3.2572593662858e-05,-0.00026287430575639,-0.12715080593157,0.1921141634608,26880000,0,0,-1.4430254476819e-06,-1.4430254476819e-06,5.3430771023159e-11,6.7845771623688e-06,0.0014430254476819,0.0067845771625792,-65977254.972623,534.30771023159,67845771.623688,151.42853026207,150.63771471781,146.72671208025,150.38740964487,150.3794992723,0,0,0,65.812772389924,0.12725419295744,0.049914194744019,0.028321685760559,4.1874148613359e-07,3.6941412800687,0.025124489168016,0.049914194744019,0.0014430254476819,-1.4430254476819e-06,0.0037702730355659,2.2140833333333,2.2140833333333e-13,6518337.7292671,0.70596752686417,1.63e-06,1.63,4.1874148613359e-07,2.8725732963404e-09,7836363.6363636,6518337.7292671,73457053.018954,0.00043876689200163,180.90358957227,0,-1.4430254476819e-06,0,0,0,2836363.6363636,5000000,-4.7202809600932e-07,-3.6725788214701e-09,-0.51617992740006,0.0067845771625792,1,67.583654213583,67845771.625792,176.6893656169,176726712.08025,180.38740964487,26.347212807947,26.029730940414,0,0,-26347212.807947,-26029730.940414,-176689365.6169,-176726712.08025,0.0019988288209677,-0.00029244699669525,361595.30865357,-361595.30865357
102.75,0,-0.00073121388869688,16.44200364,65960192.452689,15.32,65960192.452689,73447968.974098,0.70601268266525,4.5772908671762e-05,45.772908671762,1.4726485026433e+14,35.222540403915,6.0266883721083e-06,-0.00023029996116455,1.513268471223e-05,2.1159373084338e-05,-3.257409374267e-05,-0.00026287405490722,-0.12715130757335,0.19211178534259,26880000,0,0,-1.4429081255874e-06,-1.4429081255874e-06,5.2179376647418e-11,6.7845244585302e-06,0.0014429081255874,0.0067845244587309,-65960192.452689,521.79376647418,67845244.585302,151.48210631485,150.67696584061,146.75574267848,150.38603084093,150.39999794923,0,0,0,65.79193065643,0.11293580689082,0.050634111014365,0.028554043409432,4.276084213878e-07,3.7474221639158,0.025656505283268,0.050634111014365,0.0014429081255874,-1.4429081255874e-06,0.0037702730355659,2.2140833333333,2.2140833333333e-13,6535371.9368833,0.70601268266525,1.63e-06,1.63,4.276084213878e-07,2.9535700228047e-09,7877272.7272727,6535371.9368833,73447968.974098,0.00043876353825581,180.90220682287,0,-1.4429081255874e-06,0,0,0,2877272.7272727,5000000,-4.7590072349054e-07,-3.683164723914e-09,-0.51617598194207,0.0067845244587309,1,67.583034583195,67845244.587309,176.67982448449,176755742.67848,180.38603084093,26.355744729254,26.020681964535,0,0,-26355744.729254,-26020681.964535,-176679824.48449,-176755742.67848,0.0019988288209677,-0.00029245035044107,361592.54477421,-361592.54477421
103.5,0,-0.00073121388869688,16.44200364,65942980.158041,15.32,65942980.158041,73438804.511069,0.7060582492476,4.5772790181791e-05,45.772790181791,1.4710275408002e+14,35.224281853151,6.0282861426562e-06,-0.0002302981555091,1.5129355911816e-05,2.1157642054472e-05,-3.2575493519082e-05,-0.00026287364902818,-0.12715170570801,0.19210940737052,26880000,0,0,-1.4427896356154e-06,-1.4427896356154e-06,5.0951718317514e-11,6.784477588857e-06,0.0014427896356154,0.0067844775890483,-65942980.158041,509.51718317513,67844775.88857,151.5342872525,150.71492641293,146.78337816159,150.38478880814,150.41995082579,0,0,0,65.771127330249,0.099691025845331,0.051354027284712,0.028792509825335,4.3637271967979e-07,3.800703047763,0.026182363180788,0.051354027284712,0.0014427896356154,-1.4427896356154e-06,0.0037702730355659,2.2140833333333,2.2140833333333e-13,6552580.4189069,0.7060582492476,1.63e-06,1.63,4.3637271967979e-07,3.0331152007228e-09,7918181.8181818,6552580.4189069,73438804.511069,0.00043876051718649,180.90096123599,0,-1.4427896356154e-06,0,0,0,2918181.8181818,5000000,-4.7987516375559e-07,-3.6951814363467e-09,-0.51617242785605,0.0067844775890483,1,67.582476417355,67844775.890483,176.67023477528,176783378.16159,180.38478880814,26.363427335805,26.011483303631,0,0,-26363427.335805,-26011483.303631,-176670234.77528,-176783378.16159,0.0019988288209677,-0.00029245337151039,361590.05505926,-361590.05505926
104.25,0,-0.00073121388869688,16.44200364,65925624.232259,15.32,65925624.232259,73429562.881457,0.70610421076501,4.5772670562117e-05,45.772670562117,1.4693945064211e+14,35.226038316472,6.0297996929066e-06,-0.00023029629738539,1.5126232547896e-05,2.1156032240803e-05,-3.2576797100002e-05,-0.0002628730944854,-0.12715200461587,0.19210702953282,26880000,0,0,-1.4426700159391e-06,-1.4426700159391e-06,4.9746820015109e-11,6.7844363146072e-06,0.0014426700159391,0.0067844363147896,-65925624.232259,497.46820015109,67844363.146072,151.58513003227,150.75164910451,146.80967548681,150.38367794908,150.43938009304,0,0,0,65.750360839546,0.087427602643677,0.052073943555058,0.029036834797475,4.4503858964776e-07,3.8539839316101,0.026702315378866,0.052073943555058,0.0014426700159391,-1.4426700159391e-06,0.0037702730355659,2.2140833333333,2.2140833333333e-13,6569956.0294918,0.70610421076501,1.63e-06,1.63,4.4503858964776e-07,3.1112683410121e-09,7959090.9090909,6569956.0294918,73429562.881457,0.00043875781517877,180.89984719821,0,-1.4426700159391e-06,0,0,0,2959090.9090909,5000000,-4.8394724662459e-07,-3.7085704148876e-09,-0.5161692491244,0.0067844363147896,1,67.581977200603,67844363.147896,176.66059849355,176809675.48681,180.38367794908,26.370295393771,26.002141097086,0,0,-26370295.393771,-26002141.097086,-176660598.49355,-176809675.48681,0.0019988288209677,-0.00029245607351811,361587.82828843,-361587.82828843
105,0,-0.00073121388869688,16.44200364,65908130.565127,15.32,65908130.565127,73420247.202589,0.7061505520249,4.577254984933e-05,45.77254984933,1.4677499919177e+14,35.227809211065,6.0312325068749e-06,-0.00023029438895721,1.5123306199612e-05,2.1154538706487e-05,-3.257800842553e-05,-0.00026287239738274,-0.12715220839817,0.19210465181821,26880000,0,0,-1.4425493031515e-06,-1.4425493031515e-06,4.8563746236665e-11,6.7844004068211e-06,0.0014425493031515,0.0067844004069949,-65908130.565127,485.63746236665,67844004.068211,151.63468929098,150.78718444149,146.83468929098,150.3826928957,150.45830704619,0,0,0,65.729629676892,0.076062921539157,0.052793859825404,0.029286778409185,4.5361006658258e-07,3.9072648154572,0.027216603994955,0.052793859825404,0.0014425493031515,-1.4425493031515e-06,0.0037702730355659,2.2140833333333,2.2140833333333e-13,6587491.9175193,0.7061505520249,1.63e-06,1.63,4.5361006658258e-07,3.1880865081128e-09,8000000,6587491.9175193,73420247.202589,0.00043875541917557,180.89885932609,0,-1.4425493031515e-06,0,0,0,3000000,5000000,-4.8811297348642e-07,-3.7232755174283e-09,-0.51616643038687,0.0067844004069949,1,67.581534520546,67844004.069949,176.65091755937,176834689.29098,180.3826928957,26.376382244782,25.992661231005,0,0,-26376382.244782,-25992661.231005,-176650917.55937,-176834689.29098,0.0019988288209677,-0.00029245846952131,361585.85370117,-361585.85370117
105.75,0,-0.00073121388869688,16.44200364,65908130.565127,15.32,65908130.565127,73420247.202589,0.7061505520249,4.577254984933e-05,45.77254984933,1.4677499919177e+14,35.227809211065,6.0312325068749e-06,-0.00023029438895721,1.5123306199612e-05,2.1154538706487e-05,-3.257800842553e-05,-0.00026287239738274,-0.12715220839817,0.19210465181821,26880000,0,0,-1.4425493031515e-06,-1.4425493031515e-06,4.8563746236665e-11,6.7844004068211e-06,0.0014425493031515,0.0067844004069949,-65908130.565127,485.63746236665,67844004.068211,151.63468929098,150.78718444149,146.83468929098,150.3826928957,150.45830704619,0,0,0,65.729629676892,0.076101270846132,0.052793859825404,0.029286866749888,4.5359526938173e-07,3.9072648154572,0.027215716162904,0.052793859825404,0.0014425493031515,-1.4425493031515e-06,0.0037702730355659,2.2140833333333,2.2140833333333e-13,6587491.9175193,0.7061505520249,1.63e-06,1.63,4.5359526938173e-07,3.1880865081128e-09,8000000,6587491.9175193,73420247.202589,0.00043875541917557,180.89885932609,0,-1.4425493031515e-06,0,0,0,3000000,5000000,-4.8811444583147e-07,-3.7232755174283e-09,-0.51616643038687,0.0067844004069949,1,67.581534520546,67844004.069949,176.65091755937,176834689.29098,180.3826928957,26.376382244782,25.992661231005,0,0,-26376382.244782,-25992661.231005,-176650917.55937,-176834689.29098,0.0019988288209677,-0.00029245846952131,361585.85370117,-361585.85370117
106.5,0,-0.00073121388869688,16.44200364,65908130.565127,15.32,65908130.565127,73420247.202589,0.7061505520249,4.577254984933e-05,45.77254984933,1.4677499919177e+14,35.227809211065,6.0312325068749e-06,-0.00023029438895721,1.5123306199612e-05,2.1154538706487e-05,-3.257800842553e-05,-0.00026287239738274,-0.12715220839817,0.19210465181821,26880000,0,0,-1.4425493031515e-06,-1.4425493031515e-06,4.8563746236665e-11,6.7844004068211e-06,0.0014425493031515,0.0067844004069949,-65908130.565127,485.63746236665,67844004.068211,151.63468929098,150.78718444149,146.83468929098,150.3826928957,150.45830704619,0,0,0,65.729629676892,0.076101270846132,0.052793859825404,0.029286866749888,4.5359526938173e-07,3.9072648154572,0.027215716162904,0.052793859825404,0.0014425493031515,-1.4425493031515e-06,0.0037702730355659,2.2140833333333,2.2140833333333e-13,6587491.9175193,0.7061505520249,1.63e-06,1.63,4.5359526938173e-07,3.1880865081128e-09,8000000,6587491.9175193,73420247.202589,0.00043875541917557,180.89885932609,0,-1.4425493031515e-06,0,0,0,3000000,5000000,-4.8811444583147e-07,-3.7232755174283e-09,-0.51616643038687,0.0067844004069949,1,67.581534520546,67844004.069949,176.65091755937,176834689.29098,180.3826928957,26.376382244782,25.992661231005,0,0,-26376382.244782,-25992661.231005,-176650917.55937,-176834689.29098,0.0019988288209677,-0.00029245846952131,361585.85370117,-361585.85370117
107.25,0,-0.00073121388869688,16.44200364,65908130.565127,15.32,65908130.565127,73420247.202589,0.7061505520249,4.577254984933e-05,45.77254984933,1.4677499919177e+14,35.227809211065,6.0312325068749e-06,-0.00023029438895721,1.5123306199612e-05,2.1154538706487e-05,-3.257800842553e-05,-0.00026287239738274,-0.12715220839817,0.19210465181821,26880000,0,0,-1.4425493031515e-06,-1.4425493031515e-06,4.8563746236665e-11,6.7844004068211e-06,0.0014425493031515,0.0067844004069949,-65908130.565127,485.63746236665,67844004.068211,151.63468929098,150.78718444149,146.83468929098,150.3826928957,150.45830704619,0,0,0,65.729629676892,0.076101270846132,0.052793859825404,0.029286866749888,4.5359526938173e-07,3.9072648154572,0.027215716162904,0.052793859825404,0.0014425493031515,-1.4425493031515e-06,0.0037702730355659,2.2140833333333,2.2140833333333e-13,6587491.9175193,0.7061505520249,1.63e-06,1.63,4.5359526938173e-07,3.1880865081128e-09,8000000,6587491.9175193,73420247.202589,0.00043875541917557,180.89885932609,0,-1.4425493031515e-06,0,0,0,3000000,5000000,-4.8811444583147e-07,-3.7232755174283e-09,-0.51616643038687,0.0067844004069949,1,67.581534520546,67844004.069949,176.65091755937,176834689.29098,180.3826928957,26.376382244782,25.992661231005,0,0,-26376382.244782,-25992661.231005,-176650917.55937,-176834689.29098,0.0019988288209677,-0.00029245846952131,361585.85370117,-361585.85370117
108,0,-0.00073121388869688,16.44200364,65908130.565127,15.32,65908130.565127,73420247.202589,0.7061505520249,4.577254984933e-05,45.77254984933,1.4677499919177e+14,35.227809211065,6.0312325068749e-06,-0.00023029438895721,1.5123306199612e-05,2.1154538706487e-05,-3.257800842553e-05,-0.00026287239738274,-0.12715220839817,0.19210465181821,26880000,0,0,-1.4425493031515e-06,-1.4425493031515e-06,4.8563746236665e-11,6.7844004068211e-06,0.0014425493031515,0.0067844004069949,-65908130.565127,485.63746236665,67844004.068211,151.63468929098,150.78718444149,146.83468929098,150.3826928957,150.45830704619,0,0,0,65.729629676892,0.076101270846132,0.052793859825404,0.029286866749888,4.5359526938173e-07,3.9072648154572,0.027215716162904,0.052793859825404,0.0014425493031515,-1.4425493031515e-06,0.0037702730355659,2.2140833333333,2.2140833333333e-13,6587491.9175193,0.7061505520249,1.63e-06,1.63,4.5359526938173e-07,3.1880865081128e-09,8000000,6587491.9175193,73420247.202589,0.00043875541917557,180.89885932609,0,-1.4425493031515e-06,0,0,0,3000000,5000000,-4.8811444583147e-07,-3.7232755174283e-09,-0.51616643038687,0.0067844004069949,1,67.581534520546,67844004.069949,176.65091755937,176834689.29098,180.3826928957,26.376382244782,25.992661231005,0,0,-26376382.244782,-25992661.231005,-176650917.55937,-176834689.29098,0.0019988288209677,-0.00029245846952131,361585.85370117,-361585.85370117
108.75,0,-0.00073121388869688,16.44200364,65908130.565127,15.32,65908130.565127,73420247.202589,0.7061505520249,4.577254984933e-05,45.77254984933,1.4677499919177e+14,35.227809211065,6.0312325068749e-06,-0.00023029438895721,1.5123306199612e-05,2.1154538706487e-05,-3.257800842553e-05,-0.00026287239738274,-0.12715220839817,0.19210465181821,26880000,0,0,-1.4425493031515e-06,-1.4425493031515e-06,4.8563746236665e-11,6.7844004068211e-06,0.0014425493031515,0.0067844004069949,-65908130.565127,485.63746236665,67844004.068211,151.63468929098,150.78718444149,146.83468929098,150.3826928957,150.45830704619,0,0,0,65.729629676892,0.076101270846132,0.052793859825404,0.029286866749888,4.5359526938173e-07,3.9072648154572,0.027215716162904,0.052793859825404,0.0014425493031515,-1.4425493031515e-06,0.0037702730355659,2.2140833333333,2.2140833333333e-13,6587491.9175193,0.7061505520249,1.63e-06,1.63,4.5359526938173e-07,3.1880865081128e-09,8000000,6587491.9175193,73420247.202589,0.00043875541917557,180.89885932609,0,-1.4425493031515e-06,0,0,0,3000000,5000000,-4.8811444583147e-07,-3.7232755174283e-09,-0.51616643038687,0.0067844004069949,1,67.581534520546,67844004.069949,176.65091755937,176834689.29098,180.3826928957,26.376382244782,25.992661231005,0,0,-26376382.244782,-25992661.231005,-176650917.55937,-176834689.29098,0.0019988288209677,-0.00029245846952131,361585.85370117,-361585.85370117
109.5,0,-0.00073121388869688,16.44200364,65908130.565127,15.32,65908130.565127,73420247.202589,0.7061505520249,4.577254984933e-05,45.77254984933,1.4677499919177e+14,35.227809211065,6.0312325068749e-06,-0.00023029438895721,1.5123306199612e-05,2.1154538706487e-05,-3.257800842553e-05,-0.00026287239738274,-0.12715220839817,0.19210465181821,26880000,0,0,-1.4425493031515e-06,-1.4425493031515e-06,4.8563746236665e-11,6.7844004068211e-06,0.0014425493031515,0.0067844004069949,-65908130.565127,485.63746236665,67844004.068211,151.63468929098,150.78718444149,146.83468929098,150.3826928957,150.45830704619,0,0,0,65.729629676892,0.076101270846132,0.052793859825404,0.029286866749888,4.5359526938173e-07,3.9072648154572,0.027215716162904,0.052793859825404,0.0014425493031515,-1.4425493031515e-06,0.0037702730355659,2.2140833333333,2.2140833333333e-13,6587491.9175193,0.7061505520249,1.63e-06,1.63,4.5359526938173e-07,3.1880865081128e-09,8000000,6587491.9175193,73420247.202589,0.00043875541917557,180.89885932609,0,-1.4425493031515e-06,0,0,0,3000000,5000000,-4.8811444583147e-07,-3.7232755174283e-09,-0.51616643038687,0.0067844004069949,1,67.581534520546,67844004.069949,176.65091755937,176834689.29098,180.3826928957,26.376382244782,25.992661231005,0,0,-26376382.244782,-25992661.231005,-176650917.55937,-176834689.29098,0.0019988288209677,-0.00029245846952131,361585.85370117,-361585.85370117
110.25,0,-0.00073121388869688,16.44200364,65908130.565127,15.32,65908130.565127,73420247.202589,0.7061505520249,4.577254984933e-05,45.77254984933,1.4677499919177e+14,35.227809211065,6.0312325068749e-06,-0.00023029438895721,1.5123306199612e-05,2.1154538706487e-05,-3.257800842553e-05,-0.00026287239738274,-0.12715220839817,0.19210465181821,26880000,0,0,-1.4425493031515e-06,-1.4425493031515e-06,4.8563746236665e-11,6.7844004068211e-06,0.0014425493031515,0.0067844004069949,-65908130.565127,485.63746236665,67844004.068211,151.63468929098,150.78718444149,146.83468929098,150.3826928957,150.45830704619,0,0,0,65.729629676892,0.076101270846132,0.052793859825404,0.029286866749888,4.5359526938173e-07,3.9072648154572,0.027215716162904,0.052793859825404,0.0014425493031515,-1.4425493031515e-06,0.0037702730355659,2.2140833333333,2.2140833333333e-13,6587491.9175193,0.7061505520249,1.63e-06,1.63,4.5359526938173e-07,3.1880865081128e-09,8000000,6587491.9175193,73420247.202589,0.00043875541917557,180.89885932609,0,-1.4425493031515e-06,0,0,0,3000000,5000000,-4.8811444583147e-07,-3.7232755174283e-09,-0.51616643038687,0.0067844004069949,1,67.581534520546,67844004.069949,176.65091755937,176834689.29098,180.3826928957,26.376382244782,25.992661231005,0,0,-26376382.244782,-25992661.231005,-176650917.55937,-176834689.29098,0.0019988288209677,-0.00029245846952131,361585.85370117,-361585.85370117
111,0,-0.00073121388869688,16.44200364,65908130.565127,15.32,65908130.565127,73420247.202589,0.7061505520249,4.577254984933e-05,45.77254984933,1.4677499919177e+14,35.227809211065,6.0312325068749e-06,-0.00023029438895721,1.5123306199612e-05,2.1154538706487e-05,-3.257800842553e-05,-0.00026287239738274,-0.12715220839817,0.19210465181821,26880000,0,0,-1.4425493031515e-06,-1.4425493031515e-06,4.8563746236665e-11,6.7844004068211e-06,0.0014425493031515,0.0067844004069949,-65908130.565127,485.63746236665,67844004.068211,151.63468929098,150.78718444149,146.83468929098,150.3826928957,150.45830704619,0,0,0,65.729629676892,0.076101270846132,0.052793859825404,0.029286866749888,4.5359526938173e-07,3.9072648154572,0.027215716162904,0.052793859825404,0.0014425493031515,-1.4425493031515e-06,0.0037702730355659,2.2140833333333,2.2140833333333e-13,6587491.9175193,0.7061505520249,1.63e-06,1.63,4.5359526938173e-07,3.1880865081128e-09,8000000,6587491.9175193,73420247.202589,0.00043875541917557,180.89885932609,0,-1.4425493031515e-06,0,0,0,3000000,5000000,-4.8811444583147e-07,-3.7232755174283e-09,-0.51616643038687,0.0067844004069949,1,67.581534520546,67844004.069949,176.65091755937,176834689.29098,180.3826928957,26.376382244782,25.992661231005,0,0,-26376382.244782,-25992661.231005,-176650917.55937,-176834689.29098,0.0019988288209677,-0.00029245846952131,361585.85370117,-361585.85370117
111.75,0,-0.00073121388869688,16.44200364,65908130.565127,15.32,65908130.565127,73420247.202589,0.7061505520249,4.577254984933e-05,45.77254984933,1.4677499919177e+14,35.227809211065,6.0312325068749e-06,-0.00023029438895721,1.5123306199612e-05,2.1154538706487e-05,-3.257800842553e-05,-0.00026287239738274,-0.12715220839817,0.19210465181821,26880000,0,0,-1.4425493031515e-06,-1.4425493031515e-06,4.8563746236665e-11,6.7844004068211e-06,0.0014425493031515,0.0067844004069949,-65908130.565127,485.63746236665,67844004.068211,151.63468929098,150.78718444149,146.83468929098,150.3826928957,150.45830704619,0,0,0,65.729629676892,0.076101270846132,0.052793859825404,0.029286866749888,4.5359526938173e-07,3.9072648154572,0.027215716162904,0.052793859825404,0.0014425493031515,-1.4425493031515e-06,0.0037702730355659,2.2140833333333,2.2140833333333e-13,6587491.9175193,0.7061505520249,1.63e-06,1.63,4.5359526938173e-07,3.1880865081128e-09,8000000,6587491.9175193,73420247.202589,0.00043875541917557,180.89885932609,0,-1.4425493031515e-06,0,0,0,3000000,5000000,-4.8811444583147e-07,-3.7232755174283e-09,-0.51616643038687,0.0067844004069949,1,67.581534520546,67844004.069949,176.65091755937,176834689.29098,180.3826928957,26.376382244782,25.992661231005,0,0,-26376382.244782,-25992661.231005,-176650917.55937,-176834689.29098,0.0019988288209677,-0.00029245846952131,361585.85370117,-361585.85370117
112.5,0,-0.00073121388869688,16.44200364,65908130.565127,15.32,65908130.565127,73420247.202589,0.7061505520249,4.577254984933e-05,45.77254984933,1.4677499919177e+14,35.227809211065,6.0312325068749e-06,-0.00023029438895721,1.5123306199612e-05,2.1154538706487e-05,-3.257800842553e-05,-0.00026287239738274,-0.12715220839817,0.19210465181821,26880000,0,0,-1.4425493031515e-06,-1.4425493031515e-06,4.8563746236665e-11,6.7844004068211e-06,0.0014425493031515,0.0067844004069949,-65908130.565127,485.63746236665,67844004.068211,151.63468929098,150.78718444149,146.83468929098,150.3826928957,150.45830704619,0,0,0,65.729629676892,0.076101270846132,0.052793859825404,0.029286866749888,4.5359526938173e-07,3.9072648154572,0.027215716162904,0.052793859825404,0.0014425493031515,-1.4425493031515e-06,0.0037702730355659,2.2140833333333,2.2140833333333e-13,6587491.9175193,0.7061505520249,1.63e-06,1.63,4.5359526938173e-07,3.1880865081128e-09,8000000,6587491.9175193,73420247.202589,0.00043875541917557,180.89885932609,0,-1.4425493031515e-06,0,0,0,3000000,5000000,-4.8811444583147e-07,-3.7232755174283e-09,-0.51616643038687,0.0067844004069949,1,67.581534520546,67844004.069949,176.65091755937,176834689.29098,180.3826928957,26.376382244782,25.992661231005,0,0,-26376382.244782,-25992661.231005,-176650917.55937,-176834689.29098,0.0019988288209677,-0.00029245846952131,361585.85370117,-361585.85370117
113.25,0,-0.00073121388869688,16.44200364,65908130.565127,15.32,65908130.565127,73420247.202589,0.7061505520249,4.577254984933e-05,45.77254984933,1.4677499919177e+14,35.227809211065,6.0312325068749e-06,-0.00023029438895721,1.5123306199612e-05,2.1154538706487e-05,-3.257800842553e-05,-0.00026287239738274,-0.12715220839817,0.19210465181821,26880000,0,0,-1.4425493031515e-06,-1.4425493031515e-06,4.8563746236665e-11,6.7844004068211e-06,0.0014425493031515,0.0067844004069949,-65908130.565127,485.63746236665,67844004.068211,151.63468929098,150.78718444149,146.83468929098,150.3826928957,150.45830704619,0,0,0,65.729629676892,0.076101270846132,0.052793859825404,0.029286866749888,4.5359526938173e-07,3.9072648154572,0.027215716162904,0.052793859825404,0.0014425493031515,-1.4425493031515e-06,0.0037702730355659,2.2140833333333,2.2140833333333e-13,6587491.9175193,0.7061505520249,1.63e-06,1.63,4.5359526938173e-07,3.1880865081128e-09,8000000,6587491.9175193,73420247.202589,0.00043875541917557,180.89885932609,0,-1.4425493031515e-06,0,0,0,3000000,5000000,-4.8811444583147e-07,-3.7232755174283e-09,-0.51616643038687,0.0067844004069949,1,67.581534520546,67844004.069949,176.65091755937,176834689.29098,180.3826928957,26.376382244782,25.992661231005,0,0,-26376382.244782,-25992661.231005,-176650917.55937,-176834689.29098,0.0019988288209677,-0.00029245846952131,361585.85370117,-361585.85370117
114,0,-0.00073121388869688,16.44200364,65908130.565127,15.32,65908130.565127,73420247.202589,0.7061505520249,4.577254984933e-05,45.77254984933,1.4677499919177e+14,35.227809211065,6.0312325068749e-06,-0.00023029438895721,1.5123306199612e-05,2.1154538706487e-05,-3.257800842553e-05,-0.00026287239738274,-0.12715220839817,0.19210465181821,26880000,0,0,-1.4425493031515e-06,-1.4425493031515e-06,4.8563746236665e-11,6.7844004068211e-06,0.0014425493031515,0.0067844004069949,-65908130.565127,485.63746236665,67844004.068211,151.63468929098,150.78718444149,146.83468929098,150.3826928957,150.45830704619,0,0,0,65.729629676892,0.076101270846132,0.052793859825404,0.029286866749888,4.5359526938173e-07,3.9072648154572,0.027215716162904,0.052793859825404,0.0014425493031515,-1.4425493031515e-06,0.0037702730355659,2.2140833333333,2.2140833333333e-13,6587491.9175193,0.7061505520249,1.63e-06,1.63,4.5359526938173e-07,3.1880865081128e-09,8000000,6587491.9175193,73420247.202589,0.00043875541917557,180.89885932609,0,-1.4425493031515e-06,0,0,0,3000000,5000000,-4.8811444583147e-07,-3.7232755174283e-09,-0.51616643038687,0.0067844004069949,1,67.581534520546,67844004.069949,176.65091755937,176834689.29098,180.3826928957,26.376382244782,25.992661231005,0,0,-26376382.244782,-25992661.231005,-176650917.55937,-176834689.29098,0.0019988288209677,-0.00029245846952131,361585.85370117,-361585.85370117
114.75,0,-0.00073121388869688,16.44200364,65908130.565127,15.32,65908130.565127,73420247.202589,0.7061505520249,4.577254984933e-05,45.77254984933,1.4677499919177e+14,35.227809211065,6.0312325068749e-06,-0.00023029438895721,1.5123306199612e-05,2.1154538706487e-05,-3.257800842553e-05,-0.00026287239738274,-0.12715220839817,0.19210465181821,26880000,0,0,-1.4425493031515e-06,-1.4425493031515e-06,4.8563746236665e-11,6.7844004068211e-06,0.0014425493031515,0.0067844004069949,-65908130.565127,485.63746236665,67844004.068211,151.63468929098,150.78718444149,146.83468929098,150.3826928957,150.45830704619,0,0,0,65.729629676892,0.076101270846132,0.052793859825404,0.029286866749888,4.5359526938173e-07,3.9072648154572,0.027215716162904,0.052793859825404,0.0014425493031515,-1.4425493031515e-06,0.0037702730355659,2.2140833333333,2.2140833333333e-13,6587491.9175193,0.7061505520249,1.63e-06,1.63,4.5359526938173e-07,3.1880865081128e-09,8000000,6587491.9175193,73420247.202589,0.00043875541917557,180.89885932609,0,-1.4425493031515e-06,0,0,0,3000000,5000000,-4.8811444583147e-07,-3.7232755174283e-09,-0.51616643038687,0.0067844004069949,1,67.581534520546,67844004.069949,176.65091755937,176834689.29098,180.3826928957,26.376382244782,25.992661231005,0,0,-26376382.244782,-25992661.231005,-176650917.55937,-176834689.29098,0.0019988288209677,-0.00029245846952131,361585.85370117,-361585.85370117
115.5,0,-0.00073121388869688,16.44200364,65908130.565127,15.32,65908130.565127,73420247.202589,0.7061505520249,4.577254984933e-05,45.77254984933,1.4677499919177e+14,35.227809211065,6.0312325068749e-06,-0.00023029438895721,1.5123306199612e-05,2.1154538706487e-05,-3.257800842553e-05,-0.00026287239738274,-0.12715220839817,0.19210465181821,26880000,0,0,-1.4425493031515e-06,-1.4425493031515e-06,4.8563746236665e-11,6.7844004068211e-06,0.0014425493031515,0.0067844004069949,-65908130.565127,485.63746236665,67844004.068211,151.63468929098,150.78718444149,146.83468929098,150.3826928957,150.45830704619,0,0,0,65.729629676892,0.076101270846132,0.052793859825404,0.029286866749888,4.5359526938173e-07,3.9072648154572,0.027215716162904,0.052793859825404,0.0014425493031515,-1.4425493031515e-06,0.0037702730355659,2.2140833333333,2.2140833333333e-13,6587491.9175193,0.7061505520249,1.63e-06,1.63,4.5359526938173e-07,3.1880865081128e-09,8000000,6587491.9175193,73420247.202589,0.00043875541917557,180.89885932609,0,-1.4425493031515e-06,0,0,0,3000000,5000000,-4.8811444583147e-07,-3.7232755174283e-09,-0.51616643038687,0.0067844004069949,1,67.581534520546,67844004.069949,176.65091755937,176834689.29098,180.3826928957,26.376382244782,25.992661231005,0,0,-26376382.244782,-25992661.231005,-176650917.55937,-176834689.29098,0.0019988288209677,-0.00029245846952131,361585.85370117,-361585.85370117
116.25,0,-0.00073121388869688,16.44200364,65908130.565127,15.32,65908130.565127,73420247.202589,0.7061505520249,4.577254984933e-05,45.77254984933,1.4677499919177e+14,35.227809211065,6.0312325068749e-06,-0.00023029438895721,1.5123306199612e-05,2.1154538706487e-05,-3.257800842553e-05,-0.00026287239738274,-0.12715220839817,0.19210465181821,26880000,0,0,-1.4425493031515e-06,-1.4425493031515e-06,4.8563746236665e-11,6.7844004068211e-06,0.0014425493031515,0.0067844004069949,-65908130.565127,485.63746236665,67844004.068211,151.63468929098,150.78718444149,146.83468929098,150.3826928957,150.45830704619,0,0,0,65.729629676892,0.076101270846132,0.052793859825404,0.029286866749888,4.5359526938173e-07,3.9072648154572,0.027215716162904,0.052793859825404,0.0014425493031515,-1.4425493031515e-06,0.0037702730355659,2.2140833333333,2.2140833333333e-13,6587491.9175193,0.7061505520249,1.63e-06,1.63,4.5359526938173e-07,3.1880865081128e-09,8000000,6587491.9175193,73420247.202589,0.00043875541917557,180.89885932609,0,-1.4425493031515e-06,0,0,0,3000000,5000000,-4.8811444583147e-07,-3.7232755174283e-09,-0.51616643038687,0.0067844004069949,1,67.581534520546,67844004.069949,176.65091755937,176834689.29098,180.3826928957,26.376382244782,25.992661231005,0,0,-26376382.244782,-25992661.231005,-176650917.55937,-176834689.29098,0.0019988288209677,-0.00029245846952131,361585.85370117,-361585.85370117
117,0,-0.00073121388869688,16.44200364,65908130.565127,15.32,65908130.565127,73420247.202589,0.7061505520249,4.577254984933e-05,45.77254984933,1.4677499919177e+14,35.227809211065,6.0312325068749e-06,-0.00023029438895721,1.5123306199612e-05,2.1154538706487e-05,-3.257800842553e-05,-0.00026287239738274,-0.12715220839817,0.19210465181821,26880000,0,0,-1.4425493031515e-06,-1.4425493031515e-06,4.8563746236665e-11,6.7844004068211e-06,0.0014425493031515,0.0067844004069949,-65908130.565127,485.63746236665,67844004.068211,151.63468929098,150.78718444149,146.83468929098,150.3826928957,150.45830704619,0,0,0,65.729629676892,0.076101270846132,0.052793859825404,0.029286866749888,4.5359526938173e-07,3.9072648154572,0.027215716162904,0.052793859825404,0.0014425493031515,-1.4425493031515e-06,0.0037702730355659,2.2140833333333,2.2140833333333e-13,6587491.9175193,0.7061505520249,1.63e-06,1.63,4.5359526938173e-07,3.1880865081128e-09,8000000,6587491.9175193,73420247.202589,0.00043875541917557,180.89885932609,0,-1.4425493031515e-06,0,0,0,3000000,5000000,-4.8811444583147e-07,-3.7232755174283e-09,-0.51616643038687,0.0067844004069949,1,67.581534520546,67844004.069949,176.65091755937,176834689.29098,180.3826928957,26.376382244782,25.992661231005,0,0,-26376382.244782,-25992661.231005,-176650917.55937,-176834689.29098,0.0019988288209677,-0.00029245846952131,361585.85370117,-361585.85370117
117.75,0,-0.00073121388869688,16.44200364,65908130.565127,15.32,65908130.565127,73420247.202589,0.7061505520249,4.577254984933e-05,45.77254984933,1.4677499919177e+14,35.227809211065,6.0312325068749e-06,-0.00023029438895721,1.5123306199612e-05,2.1154538706487e-05,-3.257800842553e-05,-0.00026287239738274,-0.12715220839817,0.19210465181821,26880000,0,0,-1.4425493031515e-06,-1.4425493031515e-06,4.8563746236665e-11,6.7844004068211e-06,0.0014425493031515,0.0067844004069949,-65908130.565127,485.63746236665,67844004.068211,151.63468929098,150.78718444149,146.83468929098,150.3826928957,150.45830704619,0,0,0,65.729629676892,0.076101270846132,0.052793859825404,0.029286866749888,4.5359526938173e-07,3.9072648154572,0.027215716162904,0.052793859825404,0.0014425493031515,-1.4425493031515e-06,0.0037702730355659,2.2140833333333,2.2140833333333e-13,6587491.9175193,0.7061505520249,1.63e-06,1.63,4.5359526938173e-07,3.1880865081128e-09,8000000,6587491.9175193,73420247.202589,0.00043875541917557,180.89885932609,0,-1.4425493031515e-06,0,0,0,3000000,5000000,-4.8811444583147e-07,-3.7232755174283e-09,-0.51616643038687,0.0067844004069949,1,67.581534520546,67844004.069949,176.65091755937,176834689.29098,180.3826928957,26.376382244782,25.992661231005,0,0,-26376382.244782,-25992661.231005,-176650917.55937,-176834689.29098,0.0019988288209677,-0.00029245846952131,361585.85370117,-361585.85370117
118.5,0,-0.00073121388869688,16.44200364,65908130.565127,15.32,65908130.565127,73420247.202589,0.7061505520249,4.577254984933e-05,45.77254984933,1.4677499919177e+14,35.227809211065,6.0312325068749e-06,-0.00023029438895721,1.5123306199612e-05,2.1154538706487e-05,-3.257800842553e-05,-0.00026287239738274,-0.12715220839817,0.19210465181821,26880000,0,0,-1.4425493031515e-06,-1.4425493031515e-06,4.8563746236665e-11,6.7844004068211e-06,0.0014425493031515,0.0067844004069949,-65908130.565127,485.63746236665,67844004.068211,151.63468929098,150.78718444149,146.83468929098,150.3826928957,150.45830704619,0,0,0,65.729629676892,0.076101270846132,0.052793859825404,0.029286866749888,4.5359526938173e-07,3.9072648154572,0.027215716162904,0.052793859825404,0.0014425493031515,-1.4425493031515e-06,0.0037702730355659,2.2140833333333,2.2140833333333e-13,6587491.9175193,0.7061505520249,1.63e-06,1.63,4.5359526938173e-07,3.1880865081128e-09,8000000,6587491.9175193,73420247.202589,0.00043875541917557,180.89885932609,0,-1.4425493031515e-06,0,0,0,3000000,5000000,-4.8811444583147e-07,-3.7232755174283e-09,-0.51616643038687,0.0067844004069949,1,67.581534520546,67844004.069949,176.65091755937,176834689.29098,180.3826928957,26.376382244782,25.992661231005,0,0,-26376382.244782,-25992661.231005,-176650917.55937,-176834689.29098,0.0019988288209677,-0.00029245846952131,361585.85370117,-361585.85370117
119.25,0,-0.00073121388869688,16.44200364,65908130.565127,15.32,65908130.565127,73420247.202589,0.7061505520249,4.577254984933e-05,45.77254984933,1.4677499919177e+14,35.227809211065,6.0312325068749e-06,-0.00023029438895721,1.5123306199612e-05,2.1154538706487e-05,-3.257800842553e-05,-0.00026287239738274,-0.12715220839817,0.19210465181821,26880000,0,0,-1.4425493031515e-06,-1.4425493031515e-06,4.8563746236665e-11,6.7844004068211e-06,0.0014425493031515,0.0067844004069949,-65908130.565127,485.63746236665,67844004.068211,151.63468929098,150.78718444149,146.83468929098,150.3826928957,150.45830704619,0,0,0,65.729629676892,0.076101270846132,0.052793859825404,0.029286866749888,4.5359526938173e-07,3.9072648154572,0.027215716162904,0.052793859825404,0.0014425493031515,-1.4425493031515e-06,0.0037702730355659,2.2140833333333,2.2140833333333e-13,6587491.9175193,0.7061505520249,1.63e-06,1.63,4.5359526938173e-07,3.1880865081128e-09,8000000,6587491.9175193,73420247.202589,0.00043875541917557,180.89885932609,0,-1.4425493031515e-06,0,0,0,3000000,5000000,-4.8811444583147e-07,-3.7232755174283e-09,-0.51616643038687,0.0067844004069949,1,67.581534520546,67844004.069949,176.65091755937,176834689.29098,180.3826928957,26.376382244782,25.992661231005,0,0,-26376382.244782,-25992661.231005,-176650917.55937,-176834689.29098,0.0019988288209677,-0.00029245846952131,361585.85370117,-361585.85370117
120,0,-0.00073121388869688,16.44200364,65908130.565127,15.32,65908130.565127,73420247.202589,0.7061505520249,4.577254984933e-05,45.77254984933,1.4677499919177e+14,35.227809211065,6.0312325068749e-06,-0.00023029438895721,1.5123306199612e-05,2.1154538706487e-05,-3.257800842553e-05,-0.00026287239738274,-0.12715220839817,0.19210465181821,26880000,0,0,-1.4425493031515e-06,-1.4425493031515e-06,4.8563746236665e-11,6.7844004068211e-06,0.0014425493031515,0.0067844004069949,-65908130.565127,485.63746236665,67844004.068211,151.63468929098,150.78718444149,146.83468929098,150.3826928957,150.45830704619,0,0,0,65.729629676892,0.076101270846132,0.052793859825404,0.029286866749888,4.5359526938173e-07,3.9072648154572,0.027215716162904,0.052793859825404,0.0014425493031515,-1.4425493031515e-06,0.0037702730355659,2.2140833333333,2.2140833333333e-13,6587491.9175193,0.7061505520249,1.63e-06,1.63,4.5359526938173e-07,3.1880865081128e-09,8000000,6587491.9175193,73420247.202589,0.00043875541917557,180.89885932609,0,-1.4425493031515e-06,0,0,0,3000000,5000000,-4.8811444583147e-07,-3.7232755174283e-09,-0.51616643038687,0.0067844004069949,1,67.581534520546,67844004.069949,176.65091755937,176834689.29098,180.3826928957,26.376382244782,25.992661231005,0,0,-26376382.244782,-25992661.231005,-176650917.55937,-176834689.29098,0.0019988288209677,-0.00029245846952131,361585.85370117,-361585.85370117
120.75,0,-0.00073121388869688,16.44200364,65908130.565127,15.32,65908130.565127,73420247.202589,0.7061505520249,4.577254984933e-05,45.77254984933,1.4677499919177e+14,35.227809211065,6.0312325068749e-06,-0.00023029438895721,1.5123306199612e-05,2.1154538706487e-05,-3.257800842553e-05,-0.00026287239738274,-0.12715220839817,0.19210465181821,26880000,0,0,-1.4425493031515e-06,-1.4425493031515e-06,4.8563746236665e-11,6.7844004068211e-06,0.0014425493031515,0.0067844004069949,-65908130.565127,485.63746236665,67844004.068211,151.63468929098,150.78718444149,146.83468929098,150.3826928957,150.45830704619,0,0,0,65.729629676892,0.076101270846132,0.052793859825404,0.029286866749888,4.5359526938173e-07,3.9072648154572,0.027215716162904,0.052793859825404,0.0014425493031515,-1.4425493031515e-06,0.0037702730355659,2.2140833333333,2.2140833333333e-13,6587491.9175193,0.7061505520249,1.63e-06,1.63,4.5359526938173e-07,3.1880865081128e-09,8000000,6587491.9175193,73420247.202589,0.00043875541917557,180.89885932609,0,-1.4425493031515e-06,0,0,0,3000000,5000000,-4.8811444583147e-07,-3.7232755174283e-09,-0.51616643038687,0.0067844004069949,1,67.581534520546,67844004.069949,176.65091755937,176834689.29098,180.3826928957,26.376382244782,25.992661231005,0,0,-26376382.244782,-25992661.231005,-176650917.55937,-176834689.29098,0.0019988288209677,-0.00029245846952131,361585.85370117,-361585.85370117
121.5,0,-0.00073121388869688,16.44200364,65908130.565127,15.32,65908130.565127,73420247.202589,0.7061505520249,4.577254984933e-05,45.77254984933,1.4677499919177e+14,35.227809211065,6.0312325068749e-06,-0.00023029438895721,1.5123306199612e-05,2.1154538706487e-05,-3.257800842553e-05,-0.00026287239738274,-0.12715220839817,0.19210465181821,26880000,0,0,-1.4425493031515e-06,-1.4425493031515e-06,4.8563746236665e-11,6.7844004068211e-06,0.0014425493031515,0.0067844004069949,-65908130.565127,485.63746236665,67844004.068211,151.63468929098,150.78718444149,146.83468929098,150.3826928957,150.45830704619,0,0,0,65.729629676892,0.076101270846132,0.052793859825404,0.029286866749888,4.5359526938173e-07,3.9072648154572,0.027215716162904,0.052793859825404,0.0014425493031515,-1.4425493031515e-06,0.0037702730355659,2.2140833333333,2.2140833333333e-13,6587491.9175193,0.7061505520249,1.63e-06,1.63,4.5359526938173e-07,3.1880865081128e-09,8000000,6587491.9175193,73420247.202589,0.00043875541917557,180.89885932609,0,-1.4425493031515e-06,0,0,0,3000000,5000000,-4.8811444583147e-07,-3.7232755174283e-09,-0.51616643038687,0.0067844004069949,1,67.581534520546,67844004.069949,176.65091755937,176834689.29098,180.3826928957,26.376382244782,25.992661231005,0,0,-26376382.244782,-25992661.231005,-176650917.55937,-176834689.29098,0.0019988288209677,-0.00029245846952131,361585.85370117,-361585.85370117
122.25,0,-0.00073121388869688,16.44200364,65908130.565127,15.32,65908130.565127,73420247.202589,0.7061505520249,4.577254984933e-05,45.77254984933,1.4677499919177e+14,35.227809211065,6.0312325068749e-06,-0.00023029438895721,1.5123306199612e-05,2.1154538706487e-05,-3.257800842553e-05,-0.00026287239738274,-0.12715220839817,0.19210465181821,26880000,0,0,-1.4425493031515e-06,-1.4425493031515e-06,4.8563746236665e-11,6.7844004068211e-06,0.0014425493031515,0.0067844004069949,-65908130.565127,485.63746236665,67844004.068211,151.63468929098,150.78718444149,146.83468929098,150.3826928957,150.45830704619,0,0,0,65.729629676892,0.076101270846132,0.052793859825404,0.029286866749888,4.5359526938173e-07,3.9072648154572,0.027215716162904,0.052793859825404,0.0014425493031515,-1.4425493031515e-06,0.0037702730355659,2.2140833333333,2.2140833333333e-13,6587491.9175193,0.7061505520249,1.63e-06,1.63,4.5359526938173e-07,3.1880865081128e-09,8000000,6587491.9175193,73420247.202589,0.00043875541917557,180.89885932609,0,-1.4425493031515e-06,0,0,0,3000000,5000000,-4.8811444583147e-07,-3.7232755174283e-09,-0.51616643038687,0.0067844004069949,1,67.581534520546,67844004.069949,176.65091755937,176834689.29098,180.3826928957,26.376382244782,25.992661231005,0,0,-26376382.244782,-25992661.231005,-176650917.55937,-176834689.29098,0.0019988288209677,-0.00029245846952131,361585.85370117,-361585.85370117
123,0,-0.00073121388869688,16.44200364,65908130.565127,15.32,65908130.565127,73420247.202589,0.7061505520249,4.577254984933e-05,45.77254984933,1.4677499919177e+14,35.227809211065,6.0312325068749e-06,-0.00023029438895721,1.5123306199612e-05,2.1154538706487e-05,-3.257800842553e-05,-0.00026287239738274,-0.12715220839817,0.19210465181821,26880000,0,0,-1.4425493031515e-06,-1.4425493031515e-06,4.8563746236665e-11,6.7844004068211e-06,0.0014425493031515,0.0067844004069949,-65908130.565127,485.63746236665,67844004.068211,151.63468929098,150.78718444149,146.83468929098,150.3826928957,150.45830704619,0,0,0,65.729629676892,0.076101270846132,0.052793859825404,0.029286866749888,4.5359526938173e-07,3.9072648154572,0.027215716162904,0.052793859825404,0.0014425493031515,-1.4425493031515e-06,0.0037702730355659,2.2140833333333,2.2140833333333e-13,6587491.9175193,0.7061505520249,1.63e-06,1.63,4.5359526938173e-07,3.1880865081128e-09,8000000,6587491.9175193,73420247.202589,0.00043875541917557,180.89885932609,0,-1.4425493031515e-06,0,0,0,3000000,5000000,-4.8811444583147e-07,-3.7232755174283e-09,-0.51616643038687,0.0067844004069949,1,67.581534520546,67844004.069949,176.65091755937,176834689.29098,180.3826928957,26.376382244782,25.992661231005,0,0,-26376382.244782,-25992661.231005,-176650917.55937,-176834689.29098,0.0019988288209677,-0.00029245846952131,361585.85370117,-361585.85370117
123.75,0,-0.00073121388869688,16.44200364,65908130.565127,15.32,65908130.565127,73420247.202589,0.7061505520249,4.577254984933e-05,45.77254984933,1.4677499919177e+14,35.227809211065,6.0312325068749e-06,-0.00023029438895721,1.5123306199612e-05,2.1154538706487e-05,-3.257800842553e-05,-0.00026287239738274,-0.12715220839817,0.19210465181821,26880000,0,0,-1.4425493031515e-06,-1.4425493031515e-06,4.8563746236665e-11,6.7844004068211e-06,0.0014425493031515,0.0067844004069949,-65908130.565127,485.63746236665,67844004.068211,151.63468929098,150.78718444149,146.83468929098,150.3826928957,150.45830704619,0,0,0,65.729629676892,0.076101270846132,0.052793859825404,0.029286866749888,4.5359526938173e-07,3.9072648154572,0.027215716162904,0.052793859825404,0.0014425493031515,-1.4425493031515e-06,0.0037702730355659,2.2140833333333,2.2140833333333e-13,6587491.9175193,0.7061505520249,1.63e-06,1.63,4.5359526938173e-07,3.1880865081128e-09,8000000,6587491.9175193,73420247.202589,0.00043875541917557,180.89885932609,0,-1.4425493031515e-06,0,0,0,3000000,5000000,-4.8811444583147e-07,-3.7232755174283e-09,-0.51616643038687,0.0067844004069949,1,67.581534520546,67844004.069949,176.65091755937,176834689.29098,180.3826928957,26.376382244782,25.992661231005,0,0,-26376382.244782,-25992661.231005,-176650917.55937,-176834689.29098,0.0019988288209677,-0.00029245846952131,361585.85370117,-361585.85370117
124.5,0,-0.00073121388869688,16.44200364,65908130.565127,15.32,65908130.565127,73420247.202589,0.7061505520249,4.577254984933e-05,45.77254984933,1.4677499919177e+14,35.227809211065,6.0312325068749e-06,-0.00023029438895721,1.5123306199612e-05,2.1154538706487e-05,-3.257800842553e-05,-0.00026287239738274,-0.12715220839817,0.19210465181821,26880000,0,0,-1.4425493031515e-06,-1.4425493031515e-06,4.8563746236665e-11,6.7844004068211e-06,0.0014425493031515,0.0067844004069949,-65908130.565127,485.63746236665,67844004.068211,151.63468929098,150.78718444149,146.83468929098,150.3826928957,150.45830704619,0,0,0,65.729629676892,0.076101270846132,0.052793859825404,0.029286866749888,4.5359526938173e-07,3.9072648154572,0.027215716162904,0.052793859825404,0.0014425493031515,-1.4425493031515e-06,0.0037702730355659,2.2140833333333,2.2140833333333e-13,6587491.9175193,0.7061505520249,1.63e-06,1.63,4.5359526938173e-07,3.1880865081128e-09,8000000,6587491.9175193,73420247.202589,0.00043875541917557,180.89885932609,0,-1.4425493031515e-06,0,0,0,3000000,5000000,-4.8811444583147e-07,-3.7232755174283e-09,-0.51616643038687,0.0067844004069949,1,67.581534520546,67844004.069949,176.65091755937,176834689.29098,180.3826928957,26.376382244782,25.992661231005,0,0,-26376382.244782,-25992661.231005,-176650917.55937,-176834689.29098,0.0019988288209677,-0.00029245846952131,361585.85370117,-361585.85370117
125.25,0,-0.00073121388869688,16.44200364,65908130.565127,15.32,65908130.565127,73420247.202589,0.7061505520249,4.577254984933e-05,45.77254984933,1.4677499919177e+14,35.227809211065,6.0312325068749e-06,-0.00023029438895721,1.5123306199612e-05,2.1154538706487e-05,-3.257800842553e-05,-0.00026287239738274,-0.12715220839817,0.19210465181821,26880000,0,0,-1.4425493031515e-06,-1.4425493031515e-06,4.8563746236665e-11,6.7844004068211e-06,0.0014425493031515,0.0067844004069949,-65908130.565127,485.63746236665,67844004.068211,151.63468929098,150.78718444149,146.83468929098,150.3826928957,150.45830704619,0,0,0,65.729629676892,0.076101270846132,0.052793859825404,0.029286866749888,4.5359526938173e-07,3.9072648154572,0.027215716162904,0.052793859825404,0.0014425493031515,-1.4425493031515e-06,0.0037702730355659,2.2140833333333,2.2140833333333e-13,6587491.9175193,0.7061505520249,1.63e-06,1.63,4.5359526938173e-07,3.1880865081128e-09,8000000,6587491.9175193,73420247.202589,0.00043875541917557,180.89885932609,0,-1.4425493031515e-06,0,0,0,3000000,5000000,-4.8811444583147e-07,-3.7232755174283e-09,-0.51616643038687,0.0067844004069949,1,67.581534520546,67844004.069949,176.65091755937,176834689.29098,180.3826928957,26.376382244782,25.992661231005,0,0,-26376382.244782,-25992661.231005,-176650917.55937,-176834689.29098,0.0019988288209677,-0.00029245846952131,361585.85370117,-361585.85370117
126,0,-0.00073121388869688,16.44200364,65908130.565127,15.32,65908130.565127,73420247.202589,0.7061505520249,4.577254984933e-05,45.77254984933,1.4677499919177e+14,35.227809211065,6.0312325068749e-06,-0.00023029438895721,1.5123306199612e-05,2.1154538706487e-05,-3.257800842553e-05,-0.00026287239738274,-0.12715220839817,0.19210465181821,26880000,0,0,-1.4425493031515e-06,-1.4425493031515e-06,4.8563746236665e-11,6.7844004068211e-06,0.0014425493031515,0.0067844004069949,-65908130.565127,485.63746236665,67844004.068211,151.63468929098,150.78718444149,146.83468929098,150.3826928957,150.45830704619,0,0,0,65.729629676892,0.076101270846132,0.052793859825404,0.029286866749888,4.5359526938173e-07,3.9072648154572,0.027215716162904,0.052793859825404,0.0014425493031515,-1.4425493031515e-06,0.0037702730355659,2.2140833333333,2.2140833333333e-13,6587491.9175193,0.7061505520249,1.63e-06,1.63,4.5359526938173e-07,3.1880865081128e-09,8000000,6587491.9175193,73420247.202589,0.00043875541917557,180.89885932609,0,-1.4425493031515e-06,0,0,0,3000000,5000000,-4.8811444583147e-07,-3.7232755174283e-09,-0.51616643038687,0.0067844004069949,1,67.581534520546,67844004.069949,176.65091755937,176834689.29098,180.3826928957,26.376382244782,25.992661231005,0,0,-26376382.244782,-25992661.231005,-176650917.55937,-176834689.29098,0.0019988288209677,-0.00029245846952131,361585.85370117,-361585.85370117
126.75,0,-0.00073121388869688,16.44200364,65908130.565127,15.32,65908130.565127,73420247.202589,0.7061505520249,4.577254984933e-05,45.77254984933,1.4677499919177e+14,35.227809211065,6.0312325068749e-06,-0.00023029438895721,1.5123306199612e-05,2.1154538706487e-05,-3.257800842553e-05,-0.00026287239738274,-0.12715220839817,0.19210465181821,26880000,0,0,-1.4425493031515e-06,-1.4425493031515e-06,4.8563746236665e-11,6.7844004068211e-06,0.0014425493031515,0.0067844004069949,-65908130.565127,485.63746236665,67844004.068211,151.63468929098,150.78718444149,146.83468929098,150.3826928957,150.45830704619,0,0,0,65.729629676892,0.076101270846132,0.052793859825404,0.029286866749888,4.5359526938173e-07,3.9072648154572,0.027215716162904,0.052793859825404,0.0014425493031515,-1.4425493031515e-06,0.0037702730355659,2.2140833333333,2.2140833333333e-13,6587491.9175193,0.7061505520249,1.63e-06,1.63,4.5359526938173e-07,3.1880865081128e-09,8000000,6587491.9175193,73420247.202589,0.00043875541917557,180.89885932609,0,-1.4425493031515e-06,0,0,0,3000000,5000000,-4.8811444583147e-07,-3.7232755174283e-09,-0.51616643038687,0.0067844004069949,1,67.581534520546,67844004.069949,176.65091755937,176834689.29098,180.3826928957,26.376382244782,25.992661231005,0,0,-26376382.244782,-25992661.231005,-176650917.55937,-176834689.29098,0.0019988288209677,-0.00029245846952131,361585.85370117,-361585.85370117
127.5,0,-0.00073121388869688,16.44200364,65908130.565127,15.32,65908130.565127,73420247.202589,0.7061505520249,4.577254984933e-05,45.77254984933,1.4677499919177e+14,35.227809211065,6.0312325068749e-06,-0.00023029438895721,1.5123306199612e-05,2.1154538706487e-05,-3.257800842553e-05,-0.00026287239738274,-0.12715220839817,0.19210465181821,26880000,0,0,-1.4425493031515e-06,-1.4425493031515e-06,4.8563746236665e-11,6.7844004068211e-06,0.0014425493031515,0.0067844004069949,-65908130.565127,485.63746236665,67844004.068211,151.63468929098,150.78718444149,146.83468929098,150.3826928957,150.45830704619,0,0,0,65.729629676892,0.076101270846132,0.052793859825404,0.029286866749888,4.5359526938173e-07,3.9072648154572,0.027215716162904,0.052793859825404,0.0014425493031515,-1.4425493031515e-06,0.0037702730355659,2.2140833333333,2.2140833333333e-13,6587491.9175193,0.7061505520249,1.63e-06,1.63,4.5359526938173e-07,3.1880865081128e-09,8000000,6587491.9175193,73420247.202589,0.00043875541917557,180.89885932609,0,-1.4425493031515e-06,0,0,0,3000000,5000000,-4.8811444583147e-07,-3.7232755174283e-09,-0.51616643038687,0.0067844004069949,1,67.581534520546,67844004.069949,176.65091755937,176834689.29098,180.3826928957,26.376382244782,25.992661231005,0,0,-26376382.244782,-25992661.231005,-176650917.55937,-176834689.29098,0.0019988288209677,-0.00029245846952131,361585.85370117,-361585.85370117
128.25,0,-0.00073121388869688,16.44200364,65908130.565127,15.32,65908130.565127,73420247.202589,0.7061505520249,4.577254984933e-05,45.77254984933,1.4677499919177e+14,35.227809211065,6.0312325068749e-06,-0.00023029438895721,1.5123306199612e-05,2.1154538706487e-05,-3.257800842553e-05,-0.00026287239738274,-0.12715220839817,0.19210465181821,26880000,0,0,-1.4425493031515e-06,-1.4425493031515e-06,4.8563746236665e-11,6.7844004068211e-06,0.0014425493031515,0.0067844004069949,-65908130.565127,485.63746236665,67844004.068211,151.63468929098,150.78718444149,146.83468929098,150.3826928957,150.45830704619,0,0,0,65.729629676892,0.076101270846132,0.052793859825404,0.029286866749888,4.5359526938173e-07,3.9072648154572,0.027215716162904,0.052793859825404,0.0014425493031515,-1.4425493031515e-06,0.0037702730355659,2.2140833333333,2.2140833333333e-13,6587491.9175193,0.7061505520249,1.63e-06,1.63,4.5359526938173e-07,3.1880865081128e-09,8000000,6587491.9175193,73420247.202589,0.00043875541917557,180.89885932609,0,-1.4425493031515e-06,0,0,0,3000000,5000000,-4.8811444583147e-07,-3.7232755174283e-09,-0.51616643038687,0.0067844004069949,1,67.581534520546,67844004.069949,176.65091755937,176834689.29098,180.3826928957,26.376382244782,25.992661231005,0,0,-26376382.244782,-25992661.231005,-176650917.55937,-176834689.29098,0.0019988288209677,-0.00029245846952131,361585.85370117,-361585.85370117
129,0,-0.00073121388869688,16.44200364,65908130.565127,15.32,65908130.565127,73420247.202589,0.7061505520249,4.577254984933e-05,45.77254984933,1.4677499919177e+14,35.227809211065,6.0312325068749e-06,-0.00023029438895721,1.5123306199612e-05,2.1154538706487e-05,-3.257800842553e-05,-0.00026287239738274,-0.12715220839817,0.19210465181821,26880000,0,0,-1.4425493031515e-06,-1.4425493031515e-06,4.8563746236665e-11,6.7844004068211e-06,0.0014425493031515,0.0067844004069949,-65908130.565127,485.63746236665,67844004.068211,151.63468929098,150.78718444149,146.83468929098,150.3826928957,150.45830704619,0,0,0,65.729629676892,0.076101270846132,0.052793859825404,0.029286866749888,4.5359526938173e-07,3.9072648154572,0.027215716162904,0.052793859825404,0.0014425493031515,-1.4425493031515e-06,0.0037702730355659,2.2140833333333,2.2140833333333e-13,6587491.9175193,0.7061505520249,1.63e-06,1.63,4.5359526938173e-07,3.1880865081128e-09,8000000,6587491.9175193,73420247.202589,0.00043875541917557,180.89885932609,0,-1.4425493031515e-06,0,0,0,3000000,5000000,-4.8811444583147e-07,-3.7232755174283e-09,-0.51616643038687,0.0067844004069949,1,67.581534520546,67844004.069949,176.65091755937,176834689.29098,180.3826928957,26.376382244782,25.992661231005,0,0,-26376382.244782,-25992661.231005,-176650917.55937,-176834689.29098,0.0019988288209677,-0.00029245846952131,361585.85370117,-361585.85370117
129.75,0,-0.00073121388869688,16.44200364,65908130.565127,15.32,65908130.565127,73420247.202589,0.7061505520249,4.577254984933e-05,45.77254984933,1.4677499919177e+14,35.227809211065,6.0312325068749e-06,-0.00023029438895721,1.5123306199612e-05,2.1154538706487e-05,-3.257800842553e-05,-0.00026287239738274,-0.12715220839817,0.19210465181821,26880000,0,0,-1.4425493031515e-06,-1.4425493031515e-06,4.8563746236665e-11,6.7844004068211e-06,0.0014425493031515,0.0067844004069949,-65908130.565127,485.63746236665,67844004.068211,151.63468929098,150.78718444149,146.83468929098,150.3826928957,150.45830704619,0,0,0,65.729629676892,0.076101270846132,0.052793859825404,0.029286866749888,4.5359526938173e-07,3.9072648154572,0.027215716162904,0.052793859825404,0.0014425493031515,-1.4425493031515e-06,0.0037702730355659,2.2140833333333,2.2140833333333e-13,6587491.9175193,0.7061505520249,1.63e-06,1.63,4.5359526938173e-07,3.1880865081128e-09,8000000,6587491.9175193,73420247.202589,0.00043875541917557,180.89885932609,0,-1.4425493031515e-06,0,0,0,3000000,5000000,-4.8811444583147e-07,-3.7232755174283e-09,-0.51616643038687,0.0067844004069949,1,67.581534520546,67844004.069949,176.65091755937,176834689.29098,180.3826928957,26.376382244782,25.992661231005,0,0,-26376382.244782,-25992661.231005,-176650917.55937,-176834689.29098,0.0019988288209677,-0.00029245846952131,361585.85370117,-361585.85370117
130.5,0,-0.00073121388869688,16.44200364,65908130.565127,15.32,65908130.565127,73420247.202589,0.7061505520249,4.577254984933e-05,45.77254984933,1.4677499919177e+14,35.227809211065,6.0312325068749e-06,-0.00023029438895721,1.5123306199612e-05,2.1154538706487e-05,-3.257800842553e-05,-0.00026287239738274,-0.12715220839817,0.19210465181821,26880000,0,0,-1.4425493031515e-06,-1.4425493031515e-06,4.8563746236665e-11,6.7844004068211e-06,0.0014425493031515,0.0067844004069949,-65908130.565127,485.63746236665,67844004.068211,151.63468929098,150.78718444149,146.83468929098,150.3826928957,150.45830704619,0,0,0,65.729629676892,0.076101270846132,0.052793859825404,0.029286866749888,4.5359526938173e-07,3.9072648154572,0.027215716162904,0.052793859825404,0.0014425493031515,-1.4425493031515e-06,0.0037702730355659,2.2140833333333,2.2140833333333e-13,6587491.9175193,0.7061505520249,1.63e-06,1.63,4.5359526938173e-07,3.1880865081128e-09,8000000,6587491.9175193,73420247.202589,0.00043875541917557,180.89885932609,0,-1.4425493031515e-06,0,0,0,3000000,5000000,-4.8811444583147e-07,-3.7232755174283e-09,-0.51616643038687,0.0067844004069949,1,67.581534520546,67844004.069949,176.65091755937,176834689.29098,180.3826928957,26.376382244782,25.992661231005,0,0,-26376382.244782,-25992661.231005,-176650917.55937,-176834689.29098,0.0019988288209677,-0.00029245846952131,361585.85370117,-361585.85370117
131.25,0,-0.00073121388869688,16.44200364,65908130.565127,15.32,65908130.565127,73420247.202589,0.7061505520249,4.577254984933e-05,45.77254984933,1.4677499919177e+14,35.227809211065,6.0312325068749e-06,-0.00023029438895721,1.5123306199612e-05,2.1154538706487e-05,-3.257800842553e-05,-0.00026287239738274,-0.12715220839817,0.19210465181821,26880000,0,0,-1.4425493031515e-06,-1.4425493031515e-06,4.8563746236665e-11,6.7844004068211e-06,0.0014425493031515,0.0067844004069949,-65908130.565127,485.63746236665,67844004.068211,151.63468929098,150.78718444149,146.83468929098,150.3826928957,150.45830704619,0,0,0,65.729629676892,0.076101270846132,0.052793859825404,0.029286866749888,4.5359526938173e-07,3.9072648154572,0.027215716162904,0.052793859825404,0.0014425493031515,-1.4425493031515e-06,0.0037702730355659,2.2140833333333,2.2140833333333e-13,6587491.9175193,0.7061505520249,1.63e-06,1.63,4.5359526938173e-07,3.1880865081128e-09,8000000,6587491.9175193,73420247.202589,0.00043875541917557,180.89885932609,0,-1.4425493031515e-06,0,0,0,3000000,5000000,-4.8811444583147e-07,-3.7232755174283e-09,-0.51616643038687,0.0067844004069949,1,67.581534520546,67844004.069949,176.65091755937,176834689.29098,180.3826928957,26.376382244782,25.992661231005,0,0,-26376382.244782,-25992661.231005,-176650917.55937,-176834689.29098,0.0019988288209677,-0.00029245846952131,361585.85370117,-361585.85370117
132,0,-0.00073121388869688,16.44200364,65908130.565127,15.32,65908130.565127,73420247.202589,0.7061505520249,4.577254984933e-05,45.77254984933,1.4677499919177e+14,35.227809211065,6.0312325068749e-06,-0.00023029438895721,1.5123306199612e-05,2.1154538706487e-05,-3.257800842553e-05,-0.00026287239738274,-0.12715220839817,0.19210465181821,26880000,0,0,-1.4425493031515e-06,-1.4425493031515e-06,4.8563746236665e-11,6.7844004068211e-06,0.0014425493031515,0.0067844004069949,-65908130.565127,485.63746236665,67844004.068211,151.63468929098,150.78718444149,146.83468929098,150.3826928957,150.45830704619,0,0,0,65.729629676892,0.076101270846132,0.052793859825404,0.029286866749888,4.5359526938173e-07,3.9072648154572,0.027215716162904,0.052793859825404,0.0014425493031515,-1.4425493031515e-06,0.0037702730355659,2.2140833333333,2.2140833333333e-13,6587491.9175193,0.7061505520249,1.63e-06,1.63,4.5359526938173e-07,3.1880865081128e-09,8000000,6587491.9175193,73420247.202589,0.00043875541917557,180.89885932609,0,-1.4425493031515e-06,0,0,0,3000000,5000000,-4.8811444583147e-07,-3.7232755174283e-09,-0.51616643038687,0.0067844004069949,1,67.581534520546,67844004.069949,176.65091755937,176834689.29098,180.3826928957,26.376382244782,25.992661231005,0,0,-26376382.244782,-25992661.231005,-176650917.55937,-176834689.29098,0.0019988288209677,-0.00029245846952131,361585.85370117,-361585.85370117
132.75,0,-0.00073121388869688,16.44200364,65908130.565127,15.32,65908130.565127,73420247.202589,0.7061505520249,4.577254984933e-05,45.77254984933,1.4677499919177e+14,35.227809211065,6.0312325068749e-06,-0.00023029438895721,1.5123306199612e-05,2.1154538706487e-05,-3.257800842553e-05,-0.00026287239738274,-0.12715220839817,0.19210465181821,26880000,0,0,-1.4425493031515e-06,-1.4425493031515e-06,4.8563746236665e-11,6.7844004068211e-06,0.0014425493031515,0.0067844004069949,-65908130.565127,485.63746236665,67844004.068211,151.63468929098,150.78718444149,146.83468929098,150.3826928957,150.45830704619,0,0,0,65.729629676892,0.076101270846132,0.052793859825404,0.029286866749888,4.5359526938173e-07,3.9072648154572,0.027215716162904,0.052793859825404,0.0014425493031515,-1.4425493031515e-06,0.0037702730355659,2.2140833333333,2.2140833333333e-13,6587491.9175193,0.7061505520249,1.63e-06,1.63,4.5359526938173e-07,3.1880865081128e-09,8000000,6587491.9175193,73420247.202589,0.00043875541917557,180.89885932609,0,-1.4425493031515e-06,0,0,0,3000000,5000000,-4.8811444583147e-07,-3.7232755174283e-09,-0.51616643038687,0.0067844004069949,1,67.581534520546,67844004.069949,176.65091755937,176834689.29098,180.3826928957,26.376382244782,25.992661231005,0,0,-26376382.244782,-25992661.231005,-176650917.55937,-176834689.29098,0.0019988288209677,-0.00029245846952131,361585.85370117,-361585.85370117
133.5,0,-0.00073121388869688,16.44200364,65908130.565127,15.32,65908130.565127,73420247.202589,0.7061505520249,4.577254984933e-05,45.77254984933,1.4677499919177e+14,35.227809211065,6.0312325068749e-06,-0.00023029438895721,1.5123306199612e-05,2.1154538706487e-05,-3.257800842553e-05,-0.00026287239738274,-0.12715220839817,0.19210465181821,26880000,0,0,-1.4425493031515e-06,-1.4425493031515e-06,4.8563746236665e-11,6.7844004068211e-06,0.0014425493031515,0.0067844004069949,-65908130.565127,485.63746236665,67844004.068211,151.63468929098,150.78718444149,146.83468929098,150.3826928957,150.45830704619,0,0,0,65.729629676892,0.076101270846132,0.052793859825404,0.029286866749888,4.5359526938173e-07,3.9072648154572,0.027215716162904,0.052793859825404,0.0014425493031515,-1.4425493031515e-06,0.0037702730355659,2.2140833333333,2.2140833333333e-13,6587491.9175193,0.7061505520249,1.63e-06,1.63,4.5359526938173e-07,3.1880865081128e-09,8000000,6587491.9175193,73420247.202589,0.00043875541917557,180.89885932609,0,-1.4425493031515e-06,0,0,0,3000000,5000000,-4.8811444583147e-07,-3.7232755174283e-09,-0.51616643038687,0.0067844004069949,1,67.581534520546,67844004.069949,176.65091755937,176834689.29098,180.3826928957,26.376382244782,25.992661231005,0,0,-26376382.244782,-25992661.231005,-176650917.55937,-176834689.29098,0.0019988288209677,-0.00029245846952131,361585.85370117,-361585.85370117
134.25,0,-0.00073121388869688,16.44200364,65908130.565127,15.32,65908130.565127,73420247.202589,0.7061505520249,4.577254984933e-05,45.77254984933,1.4677499919177e+14,35.227809211065,6.0312325068749e-06,-0.00023029438895721,1.5123306199612e-05,2.1154538706487e-05,-3.257800842553e-05,-0.00026287239738274,-0.12715220839817,0.19210465181821,26880000,0,0,-1.4425493031515e-06,-1.4425493031515e-06,4.8563746236665e-11,6.7844004068211e-06,0.0014425493031515,0.0067844004069949,-65908130.565127,485.63746236665,67844004.068211,151.63468929098,150.78718444149,146.83468929098,150.3826928957,150.45830704619,0,0,0,65.729629676892,0.076101270846132,0.052793859825404,0.029286866749888,4.5359526938173e-07,3.9072648154572,0.027215716162904,0.052793859825404,0.0014425493031515,-1.4425493031515e-06,0.0037702730355659,2.2140833333333,2.2140833333333e-13,6587491.9175193,0.7061505520249,1.63e-06,1.63,4.5359526938173e-07,3.1880865081128e-09,8000000,6587491.9175193,73420247.202589,0.00043875541917557,180.89885932609,0,-1.4425493031515e-06,0,0,0,3000000,5000000,-4.8811444583147e-07,-3.7232755174283e-09,-0.51616643038687,0.0067844004069949,1,67.581534520546,67844004.069949,176.65091755937,176834689.29098,180.3826928957,26.376382244782,25.992661231005,0,0,-26376382.244782,-25992661.231005,-176650917.55937,-176834689.29098,0.0019988288209677,-0.00029245846952131,361585.85370117,-361585.85370117
135,0,-0.00073121388869688,16.44200364,65908130.565127,15.32,65908130.565127,73420247.202589,0.7061505520249,4.577254984933e-05,45.77254984933,1.4677499919177e+14,35.227809211065,6.0312325068749e-06,-0.00023029438895721,1.5123306199612e-05,2.1154538706487e-05,-3.257800842553e-05,-0.00026287239738274,-0.12715220839817,0.19210465181821,26880000,0,0,-1.4425493031515e-06,-1.4425493031515e-06,4.8563746236665e-11,6.7844004068211e-06,0.0014425493031515,0.0067844004069949,-65908130.565127,485.63746236665,67844004.068211,151.63468929098,150.78718444149,146.83468929098,150.3826928957,150.45830704619,0,0,0,65.729629676892,0.076101270846132,0.052793859825404,0.029286866749888,4.5359526938173e-07,3.9072648154572,0.027215716162904,0.052793859825404,0.0014425493031515,-1.4425493031515e-06,0.0037702730355659,2.2140833333333,2.2140833333333e-13,6587491.9175193,0.7061505520249,1.63e-06,1.63,4.5359526938173e-07,3.1880865081128e-09,8000000,6587491.9175193,73420247.202589,0.00043875541917557,180.89885932609,0,-1.4425493031515e-06,0,0,0,3000000,5000000,-4.8811444583147e-07,-3.7232755174283e-09,-0.51616643038687,0.0067844004069949,1,67.581534520546,67844004.069949,176.65091755937,176834689.29098,180.3826928957,26.376382244782,25.992661231005,0,0,-26376382.244782,-25992661.231005,-176650917.55937,-176834689.29098,0.0019988288209677,-0.00029245846952131,361585.85370117,-361585.85370117
135.75,0,-0.00073121388869688,16.44200364,65908130.565127,15.32,65908130.565127,73420247.202589,0.7061505520249,4.577254984933e-05,45.77254984933,1.4677499919177e+14,35.227809211065,6.0312325068749e-06,-0.00023029438895721,1.5123306199612e-05,2.1154538706487e-05,-3.257800842553e-05,-0.00026287239738274,-0.12715220839817,0.19210465181821,26880000,0,0,-1.4425493031515e-06,-1.4425493031515e-06,4.8563746236665e-11,6.7844004068211e-06,0.0014425493031515,0.0067844004069949,-65908130.565127,485.63746236665,67844004.068211,151.63468929098,150.78718444149,146.83468929098,150.3826928957,150.45830704619,0,0,0,65.729629676892,0.076101270846132,0.052793859825404,0.029286866749888,4.5359526938173e-07,3.9072648154572,0.027215716162904,0.052793859825404,0.0014425493031515,-1.4425493031515e-06,0.0037702730355659,2.2140833333333,2.2140833333333e-13,6587491.9175193,0.7061505520249,1.63e-06,1.63,4.5359526938173e-07,3.1880865081128e-09,8000000,6587491.9175193,73420247.202589,0.00043875541917557,180.89885932609,0,-1.4425493031515e-06,0,0,0,3000000,5000000,-4.8811444583147e-07,-3.7232755174283e-09,-0.51616643038687,0.0067844004069949,1,67.581534520546,67844004.069949,176.65091755937,176834689.29098,180.3826928957,26.376382244782,25.992661231005,0,0,-26376382.244782,-25992661.231005,-176650917.55937,-176834689.29098,0.0019988288209677,-0.00029245846952131,361585.85370117,-361585.85370117
136.5,0,-0.00073121388869688,16.44200364,65908130.565127,15.32,65908130.565127,73420247.202589,0.7061505520249,4.577254984933e-05,45.77254984933,1.4677499919177e+14,35.227809211065,6.0312325068749e-06,-0.00023029438895721,1.5123306199612e-05,2.1154538706487e-05,-3.257800842553e-05,-0.00026287239738274,-0.12715220839817,0.19210465181821,26880000,0,0,-1.4425493031515e-06,-1.4425493031515e-06,4.8563746236665e-11,6.7844004068211e-06,0.0014425493031515,0.0067844004069949,-65908130.565127,485.63746236665,67844004.068211,151.63468929098,150.78718444149,146.83468929098,150.3826928957,150.45830704619,0,0,0,65.729629676892,0.076101270846132,0.052793859825404,0.029286866749888,4.5359526938173e-07,3.9072648154572,0.027215716162904,0.052793859825404,0.0014425493031515,-1.4425493031515e-06,0.0037702730355659,2.2140833333333,2.2140833333333e-13,6587491.9175193,0.7061505520249,1.63e-06,1.63,4.5359526938173e-07,3.1880865081128e-09,8000000,6587491.9175193,73420247.202589,0.00043875541917557,180.89885932609,0,-1.4425493031515e-06,0,0,0,3000000,5000000,-4.8811444583147e-07,-3.7232755174283e-09,-0.51616643038687,0.0067844004069949,1,67.581534520546,67844004.069949,176.65091755937,176834689.29098,180.3826928957,26.376382244782,25.992661231005,0,0,-26376382.244782,-25992661.231005,-176650917.55937,-176834689.29098,0.0019988288209677,-0.00029245846952131,361585.85370117,-361585.85370117
137.25,0,-0.00073121388869688,16.44200364,65908130.565127,15.32,65908130.565127,73420247.202589,0.7061505520249,4.577254984933e-05,45.77254984933,1.4677499919177e+14,35.227809211065,6.0312325068749e-06,-0.00023029438895721,1.5123306199612e-05,2.1154538706487e-05,-3.257800842553e-05,-0.00026287239738274,-0.12715220839817,0.19210465181821,26880000,0,0,-1.4425493031515e-06,-1.4425493031515e-06,4.8563746236665e-11,6.7844004068211e-06,0.0014425493031515,0.0067844004069949,-65908130.565127,485.63746236665,67844004.068211,151.63468929098,150.78718444149,146.83468929098,150.3826928957,150.45830704619,0,0,0,65.729629676892,0.076101270846132,0.052793859825404,0.029286866749888,4.5359526938173e-07,3.9072648154572,0.027215716162904,0.052793859825404,0.0014425493031515,-1.4425493031515e-06,0.0037702730355659,2.2140833333333,2.2140833333333e-13,6587491.9175193,0.7061505520249,1.63e-06,1.63,4.5359526938173e-07,3.1880865081128e-09,8000000,6587491.9175193,73420247.202589,0.00043875541917557,180.89885932609,0,-1.4425493031515e-06,0,0,0,3000000,5000000,-4.8811444583147e-07,-3.7232755174283e-09,-0.51616643038687,0.0067844004069949,1,67.581534520546,67844004.069949,176.65091755937,176834689.29098,180.3826928957,26.376382244782,25.992661231005,0,0,-26376382.244782,-25992661.231005,-176650917.55937,-176834689.29098,0.0019988288209677,-0.00029245846952131,361585.85370117,-361585.85370117
138,0,-0.00073121388869688,16.44200364,65908130.565127,15.32,65908130.565127,73420247.202589,0.7061505520249,4.577254984933e-05,45.77254984933,1.4677499919177e+14,35.227809211065,6.0312325068749e-06,-0.00023029438895721,1.5123306199612e-05,2.1154538706487e-05,-3.257800842553e-05,-0.00026287239738274,-0.12715220839817,0.19210465181821,26880000,0,0,-1.4425493031515e-06,-1.4425493031515e-06,4.8563746236665e-11,6.7844004068211e-06,0.0014425493031515,0.0067844004069949,-65908130.565127,485.63746236665,67844004.068211,151.63468929098,150.78718444149,146.83468929098,150.3826928957,150.45830704619,0,0,0,65.729629676892,0.076101270846132,0.052793859825404,0.029286866749888,4.5359526938173e-07,3.9072648154572,0.027215716162904,0.052793859825404,0.0014425493031515,-1.4425493031515e-06,0.0037702730355659,2.2140833333333,2.2140833333333e-13,6587491.9175193,0.7061505520249,1.63e-06,1.63,4.5359526938173e-07,3.1880865081128e-09,8000000,6587491.9175193,73420247.202589,0.00043875541917557,180.89885932609,0,-1.4425493031515e-06,0,0,0,3000000,5000000,-4.8811444583147e-07,-3.7232755174283e-09,-0.51616643038687,0.0067844004069949,1,67.581534520546,67844004.069949,176.65091755937,176834689.29098,180.3826928957,26.376382244782,25.992661231005,0,0,-26376382.244782,-25992661.231005,-176650917.55937,-176834689.29098,0.0019988288209677,-0.00029245846952131,361585.85370117,-361585.85370117
138.75,0,-0.00073121388869688,16.44200364,65908130.565127,15.32,65908130.565127,73420247.202589,0.7061505520249,4.577254984933e-05,45.77254984933,1.4677499919177e+14,35.227809211065,6.0312325068749e-06,-0.00023029438895721,1.5123306199612e-05,2.1154538706487e-05,-3.257800842553e-05,-0.00026287239738274,-0.12715220839817,0.19210465181821,26880000,0,0,-1.4425493031515e-06,-1.4425493031515e-06,4.8563746236665e-11,6.7844004068211e-06,0.0014425493031515,0.0067844004069949,-65908130.565127,485.63746236665,67844004.068211,151.63468929098,150.78718444149,146.83468929098,150.3826928957,150.45830704619,0,0,0,65.729629676892,0.076101270846132,0.052793859825404,0.029286866749888,4.5359526938173e-07,3.9072648154572,0.027215716162904,0.052793859825404,0.0014425493031515,-1.4425493031515e-06,0.0037702730355659,2.2140833333333,2.2140833333333e-13,6587491.9175193,0.7061505520249,1.63e-06,1.63,4.5359526938173e-07,3.1880865081128e-09,8000000,6587491.9175193,73420247.202589,0.00043875541917557,180.89885932609,0,-1.4425493031515e-06,0,0,0,3000000,5000000,-4.8811444583147e-07,-3.7232755174283e-09,-0.51616643038687,0.0067844004069949,1,67.581534520546,67844004.069949,176.65091755937,176834689.29098,180.3826928957,26.376382244782,25.992661231005,0,0,-26376382.244782,-25992661.231005,-176650917.55937,-176834689.29098,0.0019988288209677,-0.00029245846952131,361585.85370117,-361585.85370117
139.5,0,-0.00073121388869688,16.44200364,65908130.565127,15.32,65908130.565127,73420247.202589,0.7061505520249,4.577254984933e-05,45.77254984933,1.4677499919177e+14,35.227809211065,6.0312325068749e-06,-0.00023029438895721,1.5123306199612e-05,2.1154538706487e-05,-3.257800842553e-05,-0.00026287239738274,-0.12715220839817,0.19210465181821,26880000,0,0,-1.4425493031515e-06,-1.4425493031515e-06,4.8563746236665e-11,6.7844004068211e-06,0.0014425493031515,0.0067844004069949,-65908130.565127,485.63746236665,67844004.068211,151.63468929098,150.78718444149,146.83468929098,150.3826928957,150.45830704619,0,0,0,65.729629676892,0.076101270846132,0.052793859825404,0.029286866749888,4.5359526938173e-07,3.9072648154572,0.027215716162904,0.052793859825404,0.0014425493031515,-1.4425493031515e-06,0.0037702730355659,2.2140833333333,2.2140833333333e-13,6587491.9175193,0.7061505520249,1.63e-06,1.63,4.5359526938173e-07,3.1880865081128e-09,8000000,6587491.9175193,73420247.202589,0.00043875541917557,180.89885932609,0,-1.4425493031515e-06,0,0,0,3000000,5000000,-4.8811444583147e-07,-3.7232755174283e-09,-0.51616643038687,0.0067844004069949,1,67.581534520546,67844004.069949,176.65091755937,176834689.29098,180.3826928957,26.376382244782,25.992661231005,0,0,-26376382.244782,-25992661.231005,-176650917.55937,-176834689.29098,0.0019988288209677,-0.00029245846952131,361585.85370117,-361585.85370117
140.25,0,-0.00073121388869688,16.44200364,65908130.565127,15.32,65908130.565127,73420247.202589,0.7061505520249,4.577254984933e-05,45.77254984933,1.4677499919177e+14,35.227809211065,6.0312325068749e-06,-0.00023029438895721,1.5123306199612e-05,2.1154538706487e-05,-3.257800842553e-05,-0.00026287239738274,-0.12715220839817,0.19210465181821,26880000,0,0,-1.4425493031515e-06,-1.4425493031515e-06,4.8563746236665e-11,6.7844004068211e-06,0.0014425493031515,0.0067844004069949,-65908130.565127,485.63746236665,67844004.068211,151.63468929098,150.78718444149,146.83468929098,150.3826928957,150.45830704619,0,0,0,65.729629676892,0.076101270846132,0.052793859825404,0.029286866749888,4.5359526938173e-07,3.9072648154572,0.027215716162904,0.052793859825404,0.0014425493031515,-1.4425493031515e-06,0.0037702730355659,2.2140833333333,2.2140833333333e-13,6587491.9175193,0.7061505520249,1.63e-06,1.63,4.5359526938173e-07,3.1880865081128e-09,8000000,6587491.9175193,73420247.202589,0.00043875541917557,180.89885932609,0,-1.4425493031515e-06,0,0,0,3000000,5000000,-4.8811444583147e-07,-3.7232755174283e-09,-0.51616643038687,0.0067844004069949,1,67.581534520546,67844004.069949,176.65091755937,176834689.29098,180.3826928957,26.376382244782,25.992661231005,0,0,-26376382.244782,-25992661.231005,-176650917.55937,-176834689.29098,0.0019988288209677,-0.00029245846952131,361585.85370117,-361585.85370117
141,0,-0.00073121388869688,16.44200364,65908130.565127,15.32,65908130.565127,73420247.202589,0.7061505520249,4.577254984933e-05,45.77254984933,1.4677499919177e+14,35.227809211065,6.0312325068749e-06,-0.00023029438895721,1.5123306199612e-05,2.1154538706487e-05,-3.257800842553e-05,-0.00026287239738274,-0.12715220839817,0.19210465181821,26880000,0,0,-1.4425493031515e-06,-1.4425493031515e-06,4.8563746236665e-11,6.7844004068211e-06,0.0014425493031515,0.0067844004069949,-65908130.565127,485.63746236665,67844004.068211,151.63468929098,150.78718444149,146.83468929098,150.3826928957,150.45830704619,0,0,0,65.729629676892,0.076101270846132,0.052793859825404,0.029286866749888,4.5359526938173e-07,3.9072648154572,0.027215716162904,0.052793859825404,0.0014425493031515,-1.4425493031515e-06,0.0037702730355659,2.2140833333333,2.2140833333333e-13,6587491.9175193,0.7061505520249,1.63e-06,1.63,4.5359526938173e-07,3.1880865081128e-09,8000000,6587491.9175193,73420247.202589,0.00043875541917557,180.89885932609,0,-1.4425493031515e-06,0,0,0,3000000,5000000,-4.8811444583147e-07,-3.7232755174283e-09,-0.51616643038687,0.0067844004069949,1,67.581534520546,67844004.069949,176.65091755937,176834689.29098,180.3826928957,26.376382244782,25.992661231005,0,0,-26376382.244782,-25992661.231005,-176650917.55937,-176834689.29098,0.0019988288209677,-0.00029245846952131,361585.85370117,-361585.85370117
141.75,0,-0.00073121388869688,16.44200364,65908130.565127,15.32,65908130.565127,73420247.202589,0.7061505520249,4.577254984933e-05,45.77254984933,1.4677499919177e+14,35.227809211065,6.0312325068749e-06,-0.00023029438895721,1.5123306199612e-05,2.1154538706487e-05,-3.257800842553e-05,-0.00026287239738274,-0.12715220839817,0.19210465181821,26880000,0,0,-1.4425493031515e-06,-1.4425493031515e-06,4.8563746236665e-11,6.7844004068211e-06,0.0014425493031515,0.0067844004069949,-65908130.565127,485.63746236665,67844004.068211,151.63468929098,150.78718444149,146.83468929098,150.3826928957,150.45830704619,0,0,0,65.729629676892,0.076101270846132,0.052793859825404,0.029286866749888,4.5359526938173e-07,3.9072648154572,0.027215716162904,0.052793859825404,0.0014425493031515,-1.4425493031515e-06,0.0037702730355659,2.2140833333333,2.2140833333333e-13,6587491.9175193,0.7061505520249,1.63e-06,1.63,4.5359526938173e-07,3.1880865081128e-09,8000000,6587491.9175193,73420247.202589,0.00043875541917557,180.89885932609,0,-1.4425493031515e-06,0,0,0,3000000,5000000,-4.8811444583147e-07,-3.7232755174283e-09,-0.51616643038687,0.0067844004069949,1,67.581534520546,67844004.069949,176.65091755937,176834689.29098,180.3826928957,26.376382244782,25.992661231005,0,0,-26376382.244782,-25992661.231005,-176650917.55937,-176834689.29098,0.0019988288209677,-0.00029245846952131,361585.85370117,-361585.85370117
142.5,0,-0.00073121388869688,16.44200364,65908130.565127,15.32,65908130.565127,73420247.202589,0.7061505520249,4.577254984933e-05,45.77254984933,1.4677499919177e+14,35.227809211065,6.0312325068749e-06,-0.00023029438895721,1.5123306199612e-05,2.1154538706487e-05,-3.257800842553e-05,-0.00026287239738274,-0.12715220839817,0.19210465181821,26880000,0,0,-1.4425493031515e-06,-1.4425493031515e-06,4.8563746236665e-11,6.7844004068211e-06,0.0014425493031515,0.0067844004069949,-65908130.565127,485.63746236665,67844004.068211,151.63468929098,150.78718444149,146.83468929098,150.3826928957,150.45830704619,0,0,0,65.729629676892,0.076101270846132,0.052793859825404,0.029286866749888,4.5359526938173e-07,3.9072648154572,0.027215716162904,0.052793859825404,0.0014425493031515,-1.4425493031515e-06,0.0037702730355659,2.2140833333333,2.2140833333333e-13,6587491.9175193,0.7061505520249,1.63e-06,1.63,4.5359526938173e-07,3.1880865081128e-09,8000000,6587491.9175193,73420247.202589,0.00043875541917557,180.89885932609,0,-1.4425493031515e-06,0,0,0,3000000,5000000,-4.8811444583147e-07,-3.7232755174283e-09,-0.51616643038687,0.0067844004069949,1,67.581534520546,67844004.069949,176.65091755937,176834689.29098,180.3826928957,26.376382244782,25.992661231005,0,0,-26376382.244782,-25992661.231005,-176650917.55937,-176834689.29098,0.0019988288209677,-0.00029245846952131,361585.85370117,-361585.85370117
143.25,0,-0.00073121388869688,16.44200364,65908130.565127,15.32,65908130.565127,73420247.202589,0.7061505520249,4.577254984933e-05,45.77254984933,1.4677499919177e+14,35.227809211065,6.0312325068749e-06,-0.00023029438895721,1.5123306199612e-05,2.1154538706487e-05,-3.257800842553e-05,-0.00026287239738274,-0.12715220839817,0.19210465181821,26880000,0,0,-1.4425493031515e-06,-1.4425493031515e-06,4.8563746236665e-11,6.7844004068211e-06,0.0014425493031515,0.0067844004069949,-65908130.565127,485.63746236665,67844004.068211,151.63468929098,150.78718444149,146.83468929098,150.3826928957,150.45830704619,0,0,0,65.729629676892,0.076101270846132,0.052793859825404,0.029286866749888,4.5359526938173e-07,3.9072648154572,0.027215716162904,0.052793859825404,0.0014425493031515,-1.4425493031515e-06,0.0037702730355659,2.2140833333333,2.2140833333333e-13,6587491.9175193,0.7061505520249,1.63e-06,1.63,4.5359526938173e-07,3.1880865081128e-09,8000000,6587491.9175193,73420247.202589,0.00043875541917557,180.89885932609,0,-1.4425493031515e-06,0,0,0,3000000,5000000,-4.8811444583147e-07,-3.7232755174283e-09,-0.51616643038687,0.0067844004069949,1,67.581534520546,67844004.069949,176.65091755937,176834689.29098,180.3826928957,26.376382244782,25.992661231005,0,0,-26376382.244782,-25992661.231005,-176650917.55937,-176834689.29098,0.0019988288209677,-0.00029245846952131,361585.85370117,-361585.85370117
144,0,-0.00073121388869688,16.44200364,65908130.565127,15.32,65908130.565127,73420247.202589,0.7061505520249,4.577254984933e-05,45.77254984933,1.4677499919177e+14,35.227809211065,6.0312325068749e-06,-0.00023029438895721,1.5123306199612e-05,2.1154538706487e-05,-3.257800842553e-05,-0.00026287239738274,-0.12715220839817,0.19210465181821,26880000,0,0,-1.4425493031515e-06,-1.4425493031515e-06,4.8563746236665e-11,6.7844004068211e-06,0.0014425493031515,0.0067844004069949,-65908130.565127,485.63746236665,67844004.068211,151.63468929098,150.78718444149,146.83468929098,150.3826928957,150.45830704619,0,0,0,65.729629676892,0.076101270846132,0.052793859825404,0.029286866749888,4.5359526938173e-07,3.9072648154572,0.027215716162904,0.052793859825404,0.0014425493031515,-1.4425493031515e-06,0.0037702730355659,2.2140833333333,2.2140833333333e-13,6587491.9175193,0.7061505520249,1.63e-06,1.63,4.5359526938173e-07,3.1880865081128e-09,8000000,6587491.9175193,73420247.202589,0.00043875541917557,180.89885932609,0,-1.4425493031515e-06,0,0,0,3000000,5000000,-4.8811444583147e-07,-3.7232755174283e-09,-0.51616643038687,0.0067844004069949,1,67.581534520546,67844004.069949,176.65091755937,176834689.29098,180.3826928957,26.376382244782,25.992661231005,0,0,-26376382.244782,-25992661.231005,-176650917.55937,-176834689.29098,0.0019988288209677,-0.00029245846952131,361585.85370117,-361585.85370117
144.75,0,-0.00073121388869688,16.44200364,65908130.565127,15.32,65908130.565127,73420247.202589,0.7061505520249,4.577254984933e-05,45.77254984933,1.4677499919177e+14,35.227809211065,6.0312325068749e-06,-0.00023029438895721,1.5123306199612e-05,2.1154538706487e-05,-3.257800842553e-05,-0.00026287239738274,-0.12715220839817,0.19210465181821,26880000,0,0,-1.4425493031515e-06,-1.4425493031515e-06,4.8563746236665e-11,6.7844004068211e-06,0.0014425493031515,0.0067844004069949,-65908130.565127,485.63746236665,67844004.068211,151.63468929098,150.78718444149,146.83468929098,150.3826928957,150.45830704619,0,0,0,65.729629676892,0.076101270846132,0.052793859825404,0.029286866749888,4.5359526938173e-07,3.9072648154572,0.027215716162904,0.052793859825404,0.0014425493031515,-1.4425493031515e-06,0.0037702730355659,2.2140833333333,2.2140833333333e-13,6587491.9175193,0.7061505520249,1.63e-06,1.63,4.5359526938173e-07,3.1880865081128e-09,8000000,6587491.9175193,73420247.202589,0.00043875541917557,180.89885932609,0,-1.4425493031515e-06,0,0,0,3000000,5000000,-4.8811444583147e-07,-3.7232755174283e-09,-0.51616643038687,0.0067844004069949,1,67.581534520546,67844004.069949,176.65091755937,176834689.29098,180.3826928957,26.376382244782,25.992661231005,0,0,-26376382.244782,-25992661.231005,-176650917.55937,-176834689.29098,0.0019988288209677,-0.00029245846952131,361585.85370117,-361585.85370117
145.5,0,-0.00073121388869688,16.44200364,65908130.565127,15.32,65908130.565127,73420247.202589,0.7061505520249,4.577254984933e-05,45.77254984933,1.4677499919177e+14,35.227809211065,6.0312325068749e-06,-0.00023029438895721,1.5123306199612e-05,2.1154538706487e-05,-3.257800842553e-05,-0.00026287239738274,-0.12715220839817,0.19210465181821,26880000,0,0,-1.4425493031515e-06,-1.4425493031515e-06,4.8563746236665e-11,6.7844004068211e-06,0.0014425493031515,0.0067844004069949,-65908130.565127,485.63746236665,67844004.068211,151.63468929098,150.78718444149,146.83468929098,150.3826928957,150.45830704619,0,0,0,65.729629676892,0.076101270846132,0.052793859825404,0.029286866749888,4.5359526938173e-07,3.9072648154572,0.027215716162904,0.052793859825404,0.0014425493031515,-1.4425493031515e-06,0.0037702730355659,2.2140833333333,2.2140833333333e-13,6587491.9175193,0.7061505520249,1.63e-06,1.63,4.5359526938173e-07,3.1880865081128e-09,8000000,6587491.9175193,73420247.202589,0.00043875541917557,180.89885932609,0,-1.4425493031515e-06,0,0,0,3000000,5000000,-4.8811444583147e-07,-3.7232755174283e-09,-0.51616643038687,0.0067844004069949,1,67.581534520546,67844004.069949,176.65091755937,176834689.29098,180.3826928957,26.376382244782,25.992661231005,0,0,-26376382.244782,-25992661.231005,-176650917.55937,-176834689.29098,0.0019988288209677,-0.00029245846952131,361585.85370117,-361585.85370117
146.25,0,-0.00073121388869688,16.44200364,65908130.565127,15.32,65908130.565127,73420247.202589,0.7061505520249,4.577254984933e-05,45.77254984933,1.4677499919177e+14,35.227809211065,6.0312325068749e-06,-0.00023029438895721,1.5123306199612e-05,2.1154538706487e-05,-3.257800842553e-05,-0.00026287239738274,-0.12715220839817,0.19210465181821,26880000,0,0,-1.4425493031515e-06,-1.4425493031515e-06,4.8563746236665e-11,6.7844004068211e-06,0.0014425493031515,0.0067844004069949,-65908130.565127,485.63746236665,67844004.068211,151.63468929098,150.78718444149,146.83468929098,150.3826928957,150.45830704619,0,0,0,65.729629676892,0.076101270846132,0.052793859825404,0.029286866749888,4.5359526938173e-07,3.9072648154572,0.027215716162904,0.052793859825404,0.0014425493031515,-1.4425493031515e-06,0.0037702730355659,2.2140833333333,2.2140833333333e-13,6587491.9175193,0.7061505520249,1.63e-06,1.63,4.5359526938173e-07,3.1880865081128e-09,8000000,6587491.9175193,73420247.202589,0.00043875541917557,180.89885932609,0,-1.4425493031515e-06,0,0,0,3000000,5000000,-4.8811444583147e-07,-3.7232755174283e-09,-0.51616643038687,0.0067844004069949,1,67.581534520546,67844004.069949,176.65091755937,176834689.29098,180.3826928957,26.376382244782,25.992661231005,0,0,-26376382.244782,-25992661.231005,-176650917.55937,-176834689.29098,0.0019988288209677,-0.00029245846952131,361585.85370117,-361585.85370117
147,0,-0.00073121388869688,16.44200364,65908130.565127,15.32,65908130.565127,73420247.202589,0.7061505520249,4.577254984933e-05,45.77254984933,1.4677499919177e+14,35.227809211065,6.0312325068749e-06,-0.00023029438895721,1.5123306199612e-05,2.1154538706487e-05,-3.257800842553e-05,-0.00026287239738274,-0.12715220839817,0.19210465181821,26880000,0,0,-1.4425493031515e-06,-1.4425493031515e-06,4.8563746236665e-11,6.7844004068211e-06,0.0014425493031515,0.0067844004069949,-65908130.565127,485.63746236665,67844004.068211,151.63468929098,150.78718444149,146.83468929098,150.3826928957,150.45830704619,0,0,0,65.729629676892,0.076101270846132,0.052793859825404,0.029286866749888,4.5359526938173e-07,3.9072648154572,0.027215716162904,0.052793859825404,0.0014425493031515,-1.4425493031515e-06,0.0037702730355659,2.2140833333333,2.2140833333333e-13,6587491.9175193,0.7061505520249,1.63e-06,1.63,4.5359526938173e-07,3.1880865081128e-09,8000000,6587491.9175193,73420247.202589,0.00043875541917557,180.89885932609,0,-1.4425493031515e-06,0,0,0,3000000,5000000,-4.8811444583147e-07,-3.7232755174283e-09,-0.51616643038687,0.0067844004069949,1,67.581534520546,67844004.069949,176.65091755937,176834689.29098,180.3826928957,26.376382244782,25.992661231005,0,0,-26376382.244782,-25992661.231005,-176650917.55937,-176834689.29098,0.0019988288209677,-0.00029245846952131,361585.85370117,-361585.85370117
147.75,0,-0.00073121388869688,16.44200364,65908130.565127,15.32,65908130.565127,73420247.202589,0.7061505520249,4.577254984933e-05,45.77254984933,1.4677499919177e+14,35.227809211065,6.0312325068749e-06,-0.00023029438895721,1.5123306199612e-05,2.1154538706487e-05,-3.257800842553e-05,-0.00026287239738274,-0.12715220839817,0.19210465181821,26880000,0,0,-1.4425493031515e-06,-1.4425493031515e-06,4.8563746236665e-11,6.7844004068211e-06,0.0014425493031515,0.0067844004069949,-65908130.565127,485.63746236665,67844004.068211,151.63468929098,150.78718444149,146.83468929098,150.3826928957,150.45830704619,0,0,0,65.729629676892,0.076101270846132,0.052793859825404,0.029286866749888,4.5359526938173e-07,3.9072648154572,0.027215716162904,0.052793859825404,0.0014425493031515,-1.4425493031515e-06,0.0037702730355659,2.2140833333333,2.2140833333333e-13,6587491.9175193,0.7061505520249,1.63e-06,1.63,4.5359526938173e-07,3.1880865081128e-09,8000000,6587491.9175193,73420247.202589,0.00043875541917557,180.89885932609,0,-1.4425493031515e-06,0,0,0,3000000,5000000,-4.8811444583147e-07,-3.7232755174283e-09,-0.51616643038687,0.0067844004069949,1,67.581534520546,67844004.069949,176.65091755937,176834689.29098,180.3826928957,26.376382244782,25.992661231005,0,0,-26376382.244782,-25992661.231005,-176650917.55937,-176834689.29098,0.0019988288209677,-0.00029245846952131,361585.85370117,-361585.85370117
148.5,0,-0.00073121388869688,16.44200364,65908130.565127,15.32,65908130.565127,73420247.202589,0.7061505520249,4.577254984933e-05,45.77254984933,1.4677499919177e+14,35.227809211065,6.0312325068749e-06,-0.00023029438895721,1.5123306199612e-05,2.1154538706487e-05,-3.257800842553e-05,-0.00026287239738274,-0.12715220839817,0.19210465181821,26880000,0,0,-1.4425493031515e-06,-1.4425493031515e-06,4.8563746236665e-11,6.7844004068211e-06,0.0014425493031515,0.0067844004069949,-65908130.565127,485.63746236665,67844004.068211,151.63468929098,150.78718444149,146.83468929098,150.3826928957,150.45830704619,0,0,0,65.729629676892,0.076101270846132,0.052793859825404,0.029286866749888,4.5359526938173e-07,3.9072648154572,0.027215716162904,0.052793859825404,0.0014425493031515,-1.4425493031515e-06,0.0037702730355659,2.2140833333333,2.2140833333333e-13,6587491.9175193,0.7061505520249,1.63e-06,1.63,4.5359526938173e-07,3.1880865081128e-09,8000000,6587491.9175193,73420247.202589,0.00043875541917557,180.89885932609,0,-1.4425493031515e-06,0,0,0,3000000,5000000,-4.8811444583147e-07,-3.7232755174283e-09,-0.51616643038687,0.0067844004069949,1,67.581534520546,67844004.069949,176.65091755937,176834689.29098,180.3826928957,26.376382244782,25.992661231005,0,0,-26376382.244782,-25992661.231005,-176650917.55937,-176834689.29098,0.0019988288209677,-0.00029245846952131,361585.85370117,-361585.85370117
149.25,0,-0.00073121388869688,16.44200364,65908130.565127,15.32,65908130.565127,73420247.202589,0.7061505520249,4.577254984933e-05,45.77254984933,1.4677499919177e+14,35.227809211065,6.0312325068749e-06,-0.00023029438895721,1.5123306199612e-05,2.1154538706487e-05,-3.257800842553e-05,-0.00026287239738274,-0.12715220839817,0.19210465181821,26880000,0,0,-1.4425493031515e-06,-1.4425493031515e-06,4.8563746236665e-11,6.7844004068211e-06,0.0014425493031515,0.0067844004069949,-65908130.565127,485.63746236665,67844004.068211,151.63468929098,150.78718444149,146.83468929098,150.3826928957,150.45830704619,0,0,0,65.729629676892,0.076101270846132,0.052793859825404,0.029286866749888,4.5359526938173e-07,3.9072648154572,0.027215716162904,0.052793859825404,0.0014425493031515,-1.4425493031515e-06,0.0037702730355659,2.2140833333333,2.2140833333333e-13,6587491.9175193,0.7061505520249,1.63e-06,1.63,4.5359526938173e-07,3.1880865081128e-09,8000000,6587491.9175193,73420247.202589,0.00043875541917557,180.89885932609,0,-1.4425493031515e-06,0,0,0,3000000,5000000,-4.8811444583147e-07,-3.7232755174283e-09,-0.51616643038687,0.0067844004069949,1,67.581534520546,67844004.069949,176.65091755937,176834689.29098,180.3826928957,26.376382244782,25.992661231005,0,0,-26376382.244782,-25992661.231005,-176650917.55937,-176834689.29098,0.0019988288209677,-0.00029245846952131,361585.85370117,-361585.85370117
150,0,-0.00073121388869688,16.44200364,65908130.565127,15.32,65908130.565127,73420247.202589,0.7061505520249,4.577254984933e-05,45.77254984933,1.4677499919177e+14,35.227809211065,6.0312325068749e-06,-0.00023029438895721,1.5123306199612e-05,2.1154538706487e-05,-3.257800842553e-05,-0.00026287239738274,-0.12715220839817,0.19210465181821,26880000,0,0,-1.4425493031515e-06,-1.4425493031515e-06,4.8563746236665e-11,6.7844004068211e-06,0.0014425493031515,0.0067844004069949,-65908130.565127,485.63746236665,67844004.068211,151.63468929098,150.78718444149,146.83468929098,150.3826928957,150.45830704619,0,0,0,65.729629676892,0.076101270846132,0.052793859825404,0.029286866749888,4.5359526938173e-07,3.9072648154572,0.027215716162904,0.052793859825404,0.0014425493031515,-1.4425493031515e-06,0.0037702730355659,2.2140833333333,2.2140833333333e-13,6587491.9175193,0.7061505520249,1.63e-06,1.63,4.5359526938173e-07,3.1880865081128e-09,8000000,6587491.9175193,73420247.202589,0.00043875541917557,180.89885932609,0,-1.4425493031515e-06,0,0,0,3000000,5000000,-4.8811444583147e-07,-3.7232755174283e-09,-0.51616643038687,0.0067844004069949,1,67.581534520546,67844004.069949,176.65091755937,176834689.29098,180.3826928957,26.376382244782,25.992661231005,0,0,-26376382.244782,-25992661.231005,-176650917.55937,-176834689.29098,0.0019988288209677,-0.00029245846952131,361585.85370117,-361585.85370117
150.75,0,-0.00073121388869688,16.44200364,65908130.565127,15.32,65908130.565127,73420247.202589,0.7061505520249,4.577254984933e-05,45.77254984933,1.4677499919177e+14,35.227809211065,6.0312325068749e-06,-0.00023029438895721,1.5123306199612e-05,2.1154538706487e-05,-3.257800842553e-05,-0.00026287239738274,-0.12715220839817,0.19210465181821,26880000,0,0,-1.4425493031515e-06,-1.4425493031515e-06,4.8563746236665e-11,6.7844004068211e-06,0.0014425493031515,0.0067844004069949,-65908130.565127,485.63746236665,67844004.068211,151.63468929098,150.78718444149,146.83468929098,150.3826928957,150.45830704619,0,0,0,65.729629676892,0.076101270846132,0.052793859825404,0.029286866749888,4.5359526938173e-07,3.9072648154572,0.027215716162904,0.052793859825404,0.0014425493031515,-1.4425493031515e-06,0.0037702730355659,2.2140833333333,2.2140833333333e-13,6587491.9175193,0.7061505520249,1.63e-06,1.63,4.5359526938173e-07,3.1880865081128e-09,8000000,6587491.9175193,73420247.202589,0.00043875541917557,180.89885932609,0,-1.4425493031515e-06,0,0,0,3000000,5000000,-4.8811444583147e-07,-3.7232755174283e-09,-0.51616643038687,0.0067844004069949,1,67.581534520546,67844004.069949,176.65091755937,176834689.29098,180.3826928957,26.376382244782,25.992661231005,0,0,-26376382.244782,-25992661.231005,-176650917.55937,-176834689.29098,0.0019988288209677,-0.00029245846952131,361585.85370117,-361585.85370117
151.5,0,-0.00073121388869688,16.44200364,65908130.565127,15.32,65908130.565127,73420247.202589,0.7061505520249,4.577254984933e-05,45.77254984933,1.4677499919177e+14,35.227809211065,6.0312325068749e-06,-0.00023029438895721,1.5123306199612e-05,2.1154538706487e-05,-3.257800842553e-05,-0.00026287239738274,-0.12715220839817,0.19210465181821,26880000,0,0,-1.4425493031515e-06,-1.4425493031515e-06,4.8563746236665e-11,6.7844004068211e-06,0.0014425493031515,0.0067844004069949,-65908130.565127,485.63746236665,67844004.068211,151.63468929098,150.78718444149,146.83468929098,150.3826928957,150.45830704619,0,0,0,65.729629676892,0.076101270846132,0.052793859825404,0.029286866749888,4.5359526938173e-07,3.9072648154572,0.027215716162904,0.052793859825404,0.0014425493031515,-1.4425493031515e-06,0.0037702730355659,2.2140833333333,2.2140833333333e-13,6587491.9175193,0.7061505520249,1.63e-06,1.63,4.5359526938173e-07,3.1880865081128e-09,8000000,6587491.9175193,73420247.202589,0.00043875541917557,180.89885932609,0,-1.4425493031515e-06,0,0,0,3000000,5000000,-4.8811444583147e-07,-3.7232755174283e-09,-0.51616643038687,0.0067844004069949,1,67.581534520546,67844004.069949,176.65091755937,176834689.29098,180.3826928957,26.376382244782,25.992661231005,0,0,-26376382.244782,-25992661.231005,-176650917.55937,-176834689.29098,0.0019988288209677,-0.00029245846952131,361585.85370117,-361585.85370117
152.25,0,-0.00073121388869688,16.44200364,65908130.565127,15.32,65908130.565127,73420247.202589,0.7061505520249,4.577254984933e-05,45.77254984933,1.4677499919177e+14,35.227809211065,6.0312325068749e-06,-0.00023029438895721,1.5123306199612e-05,2.1154538706487e-05,-3.257800842553e-05,-0.00026287239738274,-0.12715220839817,0.19210465181821,26880000,0,0,-1.4425493031515e-06,-1.4425493031515e-06,4.8563746236665e-11,6.7844004068211e-06,0.0014425493031515,0.0067844004069949,-65908130.565127,485.63746236665,67844004.068211,151.63468929098,150.78718444149,146.83468929098,150.3826928957,150.45830704619,0,0,0,65.729629676892,0.076101270846132,0.052793859825404,0.029286866749888,4.5359526938173e-07,3.9072648154572,0.027215716162904,0.052793859825404,0.0014425493031515,-1.4425493031515e-06,0.0037702730355659,2.2140833333333,2.2140833333333e-13,6587491.9175193,0.7061505520249,1.63e-06,1.63,4.5359526938173e-07,3.1880865081128e-09,8000000,6587491.9175193,73420247.202589,0.00043875541917557,180.89885932609,0,-1.4425493031515e-06,0,0,0,3000000,5000000,-4.8811444583147e-07,-3.7232755174283e-09,-0.51616643038687,0.0067844004069949,1,67.581534520546,67844004.069949,176.65091755937,176834689.29098,180.3826928957,26.376382244782,25.992661231005,0,0,-26376382.244782,-25992661.231005,-176650917.55937,-176834689.29098,0.0019988288209677,-0.00029245846952131,361585.85370117,-361585.85370117
153,0,-0.00073121388869688,16.44200364,65908130.565127,15.32,65908130.565127,73420247.202589,0.7061505520249,4.577254984933e-05,45.77254984933,1.4677499919177e+14,35.227809211065,6.0312325068749e-06,-0.00023029438895721,1.5123306199612e-05,2.1154538706487e-05,-3.257800842553e-05,-0.00026287239738274,-0.12715220839817,0.19210465181821,26880000,0,0,-1.4425493031515e-06,-1.4425493031515e-06,4.8563746236665e-11,6.7844004068211e-06,0.0014425493031515,0.0067844004069949,-65908130.565127,485.63746236665,67844004.068211,151.63468929098,150.78718444149,146.83468929098,150.3826928957,150.45830704619,0,0,0,65.729629676892,0.076101270846132,0.052793859825404,0.029286866749888,4.5359526938173e-07,3.9072648154572,0.027215716162904,0.052793859825404,0.0014425493031515,-1.4425493031515e-06,0.0037702730355659,2.2140833333333,2.2140833333333e-13,6587491.9175193,0.7061505520249,1.63e-06,1.63,4.5359526938173e-07,3.1880865081128e-09,8000000,6587491.9175193,73420247.202589,0.00043875541917557,180.89885932609,0,-1.4425493031515e-06,0,0,0,3000000,5000000,-4.8811444583147e-07,-3.7232755174283e-09,-0.51616643038687,0.0067844004069949,1,67.581534520546,67844004.069949,176.65091755937,176834689.29098,180.3826928957,26.376382244782,25.992661231005,0,0,-26376382.244782,-25992661.231005,-176650917.55937,-176834689.29098,0.0019988288209677,-0.00029245846952131,361585.85370117,-361585.85370117
153.75,0,-0.00073121388869688,16.44200364,65908130.565127,15.32,65908130.565127,73420247.202589,0.7061505520249,4.577254984933e-05,45.77254984933,1.4677499919177e+14,35.227809211065,6.0312325068749e-06,-0.00023029438895721,1.5123306199612e-05,2.1154538706487e-05,-3.257800842553e-05,-0.00026287239738274,-0.12715220839817,0.19210465181821,26880000,0,0,-1.4425493031515e-06,-1.4425493031515e-06,4.8563746236665e-11,6.7844004068211e-06,0.0014425493031515,0.0067844004069949,-65908130.565127,485.63746236665,67844004.068211,151.63468929098,150.78718444149,146.83468929098,150.3826928957,150.45830704619,0,0,0,65.729629676892,0.076101270846132,0.052793859825404,0.029286866749888,4.5359526938173e-07,3.9072648154572,0.027215716162904,0.052793859825404,0.0014425493031515,-1.4425493031515e-06,0.0037702730355659,2.2140833333333,2.2140833333333e-13,6587491.9175193,0.7061505520249,1.63e-06,1.63,4.5359526938173e-07,3.1880865081128e-09,8000000,6587491.9175193,73420247.202589,0.00043875541917557,180.89885932609,0,-1.4425493031515e-06,0,0,0,3000000,5000000,-4.8811444583147e-07,-3.7232755174283e-09,-0.51616643038687,0.0067844004069949,1,67.581534520546,67844004.069949,176.65091755937,176834689.29098,180.3826928957,26.376382244782,25.992661231005,0,0,-26376382.244782,-25992661.231005,-176650917.55937,-176834689.29098,0.0019988288209677,-0.00029245846952131,361585.85370117,-361585.85370117
154.5,0,-0.00073121388869688,16.44200364,65908130.565127,15.32,65908130.565127,73420247.202589,0.7061505520249,4.577254984933e-05,45.77254984933,1.4677499919177e+14,35.227809211065,6.0312325068749e-06,-0.00023029438895721,1.5123306199612e-05,2.1154538706487e-05,-3.257800842553e-05,-0.00026287239738274,-0.12715220839817,0.19210465181821,26880000,0,0,-1.4425493031515e-06,-1.4425493031515e-06,4.8563746236665e-11,6.7844004068211e-06,0.0014425493031515,0.0067844004069949,-65908130.565127,485.63746236665,67844004.068211,151.63468929098,150.78718444149,146.83468929098,150.3826928957,150.45830704619,0,0,0,65.729629676892,0.076101270846132,0.052793859825404,0.029286866749888,4.5359526938173e-07,3.9072648154572,0.027215716162904,0.052793859825404,0.0014425493031515,-1.4425493031515e-06,0.0037702730355659,2.2140833333333,2.2140833333333e-13,6587491.9175193,0.7061505520249,1.63e-06,1.63,4.5359526938173e-07,3.1880865081128e-09,8000000,6587491.9175193,73420247.202589,0.00043875541917557,180.89885932609,0,-1.4425493031515e-06,0,0,0,3000000,5000000,-4.8811444583147e-07,-3.7232755174283e-09,-0.51616643038687,0.0067844004069949,1,67.581534520546,67844004.069949,176.65091755937,176834689.29098,180.3826928957,26.376382244782,25.992661231005,0,0,-26376382.244782,-25992661.231005,-176650917.55937,-176834689.29098,0.0019988288209677,-0.00029245846952131,361585.85370117,-361585.85370117
155.25,0,-0.00073121388869688,16.44200364,65908130.565127,15.32,65908130.565127,73420247.202589,0.7061505520249,4.577254984933e-05,45.77254984933,1.4677499919177e+14,35.227809211065,6.0312325068749e-06,-0.00023029438895721,1.5123306199612e-05,2.1154538706487e-05,-3.257800842553e-05,-0.00026287239738274,-0.12715220839817,0.19210465181821,26880000,0,0,-1.4425493031515e-06,-1.4425493031515e-06,4.8563746236665e-11,6.7844004068211e-06,0.0014425493031515,0.0067844004069949,-65908130.565127,485.63746236665,67844004.068211,151.63468929098,150.78718444149,146.83468929098,150.3826928957,150.45830704619,0,0,0,65.729629676892,0.076101270846132,0.052793859825404,0.029286866749888,4.5359526938173e-07,3.9072648154572,0.027215716162904,0.052793859825404,0.0014425493031515,-1.4425493031515e-06,0.0037702730355659,2.2140833333333,2.2140833333333e-13,6587491.9175193,0.7061505520249,1.63e-06,1.63,4.5359526938173e-07,3.1880865081128e-09,8000000,6587491.9175193,73420247.202589,0.00043875541917557,180.89885932609,0,-1.4425493031515e-06,0,0,0,3000000,5000000,-4.8811444583147e-07,-3.7232755174283e-09,-0.51616643038687,0.0067844004069949,1,67.581534520546,67844004.069949,176.65091755937,176834689.29098,180.3826928957,26.376382244782,25.992661231005,0,0,-26376382.244782,-25992661.231005,-176650917.55937,-176834689.29098,0.0019988288209677,-0.00029245846952131,361585.85370117,-361585.85370117
156,0,-0.00073121388869688,16.44200364,65908130.565127,15.32,65908130.565127,73420247.202589,0.7061505520249,4.577254984933e-05,45.77254984933,1.4677499919177e+14,35.227809211065,6.0312325068749e-06,-0.00023029438895721,1.5123306199612e-05,2.1154538706487e-05,-3.257800842553e-05,-0.00026287239738274,-0.12715220839817,0.19210465181821,26880000,0,0,-1.4425493031515e-06,-1.4425493031515e-06,4.8563746236665e-11,6.7844004068211e-06,0.0014425493031515,0.0067844004069949,-65908130.565127,485.63746236665,67844004.068211,151.63468929098,150.78718444149,146.83468929098,150.3826928957,150.45830704619,0,0,0,65.729629676892,0.076101270846132,0.052793859825404,0.029286866749888,4.5359526938173e-07,3.9072648154572,0.027215716162904,0.052793859825404,0.0014425493031515,-1.4425493031515e-06,0.0037702730355659,2.2140833333333,2.2140833333333e-13,6587491.9175193,0.7061505520249,1.63e-06,1.63,4.5359526938173e-07,3.1880865081128e-09,8000000,6587491.9175193,73420247.202589,0.00043875541917557,180.89885932609,0,-1.4425493031515e-06,0,0,0,3000000,5000000,-4.8811444583147e-07,-3.7232755174283e-09,-0.51616643038687,0.0067844004069949,1,67.581534520546,67844004.069949,176.65091755937,176834689.29098,180.3826928957,26.376382244782,25.992661231005,0,0,-26376382.244782,-25992661.231005,-176650917.55937,-176834689.29098,0.0019988288209677,-0.00029245846952131,361585.85370117,-361585.85370117
156.75,0,-0.00073121388869688,16.44200364,65908130.565127,15.32,65908130.565127,73420247.202589,0.7061505520249,4.577254984933e-05,45.77254984933,1.4677499919177e+14,35.227809211065,6.0312325068749e-06,-0.00023029438895721,1.5123306199612e-05,2.1154538706487e-05,-3.257800842553e-05,-0.00026287239738274,-0.12715220839817,0.19210465181821,26880000,0,0,-1.4425493031515e-06,-1.4425493031515e-06,4.8563746236665e-11,6.7844004068211e-06,0.0014425493031515,0.0067844004069949,-65908130.565127,485.63746236665,67844004.068211,151.63468929098,150.78718444149,146.83468929098,150.3826928957,150.45830704619,0,0,0,65.729629676892,0.076101270846132,0.052793859825404,0.029286866749888,4.5359526938173e-07,3.9072648154572,0.027215716162904,0.052793859825404,0.0014425493031515,-1.4425493031515e-06,0.0037702730355659,2.2140833333333,2.2140833333333e-13,6587491.9175193,0.7061505520249,1.63e-06,1.63,4.5359526938173e-07,3.1880865081128e-09,8000000,6587491.9175193,73420247.202589,0.00043875541917557,180.89885932609,0,-1.4425493031515e-06,0,0,0,3000000,5000000,-4.8811444583147e-07,-3.7232755174283e-09,-0.51616643038687,0.0067844004069949,1,67.581534520546,67844004.069949,176.65091755937,176834689.29098,180.3826928957,26.376382244782,25.992661231005,0,0,-26376382.244782,-25992661.231005,-176650917.55937,-176834689.29098,0.0019988288209677,-0.00029245846952131,361585.85370117,-361585.85370117
157.5,0,-0.00073121388869688,16.44200364,65908130.565127,15.32,65908130.565127,73420247.202589,0.7061505520249,4.577254984933e-05,45.77254984933,1.4677499919177e+14,35.227809211065,6.0312325068749e-06,-0.00023029438895721,1.5123306199612e-05,2.1154538706487e-05,-3.257800842553e-05,-0.00026287239738274,-0.12715220839817,0.19210465181821,26880000,0,0,-1.4425493031515e-06,-1.4425493031515e-06,4.8563746236665e-11,6.7844004068211e-06,0.0014425493031515,0.0067844004069949,-65908130.565127,485.63746236665,67844004.068211,151.63468929098,150.78718444149,146.83468929098,150.3826928957,150.45830704619,0,0,0,65.729629676892,0.076101270846132,0.052793859825404,0.029286866749888,4.5359526938173e-07,3.9072648154572,0.027215716162904,0.052793859825404,0.0014425493031515,-1.4425493031515e-06,0.0037702730355659,2.2140833333333,2.2140833333333e-13,6587491.9175193,0.7061505520249,1.63e-06,1.63,4.5359526938173e-07,3.1880865081128e-09,8000000,6587491.9175193,73420247.202589,0.00043875541917557,180.89885932609,0,-1.4425493031515e-06,0,0,0,3000000,5000000,-4.8811444583147e-07,-3.7232755174283e-09,-0.51616643038687,0.0067844004069949,1,67.581534520546,67844004.069949,176.65091755937,176834689.29098,180.3826928957,26.376382244782,25.992661231005,0,0,-26376382.244782,-25992661.231005,-176650917.55937,-176834689.29098,0.0019988288209677,-0.00029245846952131,361585.85370117,-361585.85370117
158.25,0,-0.00073121388869688,16.44200364,65908130.565127,15.32,65908130.565127,73420247.202589,0.7061505520249,4.577254984933e-05,45.77254984933,1.4677499919177e+14,35.227809211065,6.0312325068749e-06,-0.00023029438895721,1.5123306199612e-05,2.1154538706487e-05,-3.257800842553e-05,-0.00026287239738274,-0.12715220839817,0.19210465181821,26880000,0,0,-1.4425493031515e-06,-1.4425493031515e-06,4.8563746236665e-11,6.7844004068211e-06,0.0014425493031515,0.0067844004069949,-65908130.565127,485.63746236665,67844004.068211,151.63468929098,150.78718444149,146.83468929098,150.3826928957,150.45830704619,0,0,0,65.729629676892,0.076101270846132,0.052793859825404,0.029286866749888,4.5359526938173e-07,3.9072648154572,0.027215716162904,0.052793859825404,0.0014425493031515,-1.4425493031515e-06,0.0037702730355659,2.2140833333333,2.2140833333333e-13,6587491.9175193,0.7061505520249,1.63e-06,1.63,4.5359526938173e-07,3.1880865081128e-09,8000000,6587491.9175193,73420247.202589,0.00043875541917557,180.89885932609,0,-1.4425493031515e-06,0,0,0,3000000,5000000,-4.8811444583147e-07,-3.7232755174283e-09,-0.51616643038687,0.0067844004069949,1,67.581534520546,67844004.069949,176.65091755937,176834689.29098,180.3826928957,26.376382244782,25.992661231005,0,0,-26376382.244782,-25992661.231005,-176650917.55937,-176834689.29098,0.0019988288209677,-0.00029245846952131,361585.85370117,-361585.85370117
159,0,-0.00073121388869688,16.44200364,65908130.565127,15.32,65908130.565127,73420247.202589,0.7061505520249,4.577254984933e-05,45.77254984933,1.4677499919177e+14,35.227809211065,6.0312325068749e-06,-0.00023029438895721,1.5123306199612e-05,2.1154538706487e-05,-3.257800842553e-05,-0.00026287239738274,-0.12715220839817,0.19210465181821,26880000,0,0,-1.4425493031515e-06,-1.4425493031515e-06,4.8563746236665e-11,6.7844004068211e-06,0.0014425493031515,0.0067844004069949,-65908130.565127,485.63746236665,67844004.068211,151.63468929098,150.78718444149,146.83468929098,150.3826928957,150.45830704619,0,0,0,65.729629676892,0.076101270846132,0.052793859825404,0.029286866749888,4.5359526938173e-07,3.9072648154572,0.027215716162904,0.052793859825404,0.0014425493031515,-1.4425493031515e-06,0.0037702730355659,2.2140833333333,2.2140833333333e-13,6587491.9175193,0.7061505520249,1.63e-06,1.63,4.5359526938173e-07,3.1880865081128e-09,8000000,6587491.9175193,73420247.202589,0.00043875541917557,180.89885932609,0,-1.4425493031515e-06,0,0,0,3000000,5000000,-4.8811444583147e-07,-3.7232755174283e-09,-0.51616643038687,0.0067844004069949,1,67.581534520546,67844004.069949,176.65091755937,176834689.29098,180.3826928957,26.376382244782,25.992661231005,0,0,-26376382.244782,-25992661.231005,-176650917.55937,-176834689.29098,0.0019988288209677,-0.00029245846952131,361585.85370117,-361585.85370117
159.75,0,-0.00073121388869688,16.44200364,65908130.565127,15.32,65908130.565127,73420247.202589,0.7061505520249,4.577254984933e-05,45.77254984933,1.4677499919177e+14,35.227809211065,6.0312325068749e-06,-0.00023029438895721,1.5123306199612e-05,2.1154538706487e-05,-3.257800842553e-05,-0.00026287239738274,-0.12715220839817,0.19210465181821,26880000,0,0,-1.4425493031515e-06,-1.4425493031515e-06,4.8563746236665e-11,6.7844004068211e-06,0.0014425493031515,0.0067844004069949,-65908130.565127,485.63746236665,67844004.068211,151.63468929098,150.78718444149,146.83468929098,150.3826928957,150.45830704619,0,0,0,65.729629676892,0.076101270846132,0.052793859825404,0.029286866749888,4.5359526938173e-07,3.9072648154572,0.027215716162904,0.052793859825404,0.0014425493031515,-1.4425493031515e-06,0.0037702730355659,2.2140833333333,2.2140833333333e-13,6587491.9175193,0.7061505520249,1.63e-06,1.63,4.5359526938173e-07,3.1880865081128e-09,8000000,6587491.9175193,73420247.202589,0.00043875541917557,180.89885932609,0,-1.4425493031515e-06,0,0,0,3000000,5000000,-4.8811444583147e-07,-3.7232755174283e-09,-0.51616643038687,0.0067844004069949,1,67.581534520546,67844004.069949,176.65091755937,176834689.29098,180.3826928957,26.376382244782,25.992661231005,0,0,-26376382.244782,-25992661.231005,-176650917.55937,-176834689.29098,0.0019988288209677,-0.00029245846952131,361585.85370117,-361585.85370117
160.5,0,-0.00073121388869688,16.44200364,65908130.565127,15.32,65908130.565127,73420247.202589,0.7061505520249,4.577254984933e-05,45.77254984933,1.4677499919177e+14,35.227809211065,6.0312325068749e-06,-0.00023029438895721,1.5123306199612e-05,2.1154538706487e-05,-3.257800842553e-05,-0.00026287239738274,-0.12715220839817,0.19210465181821,26880000,0,0,-1.4425493031515e-06,-1.4425493031515e-06,4.8563746236665e-11,6.7844004068211e-06,0.0014425493031515,0.0067844004069949,-65908130.565127,485.63746236665,67844004.068211,151.63468929098,150.78718444149,146.83468929098,150.3826928957,150.45830704619,0,0,0,65.729629676892,0.076101270846132,0.052793859825404,0.029286866749888,4.5359526938173e-07,3.9072648154572,0.027215716162904,0.052793859825404,0.0014425493031515,-1.4425493031515e-06,0.0037702730355659,2.2140833333333,2.2140833333333e-13,6587491.9175193,0.7061505520249,1.63e-06,1.63,4.5359526938173e-07,3.1880865081128e-09,8000000,6587491.9175193,73420247.202589,0.00043875541917557,180.89885932609,0,-1.4425493031515e-06,0,0,0,3000000,5000000,-4.8811444583147e-07,-3.7232755174283e-09,-0.51616643038687,0.0067844004069949,1,67.581534520546,67844004.069949,176.65091755937,176834689.29098,180.3826928957,26.376382244782,25.992661231005,0,0,-26376382.244782,-25992661.231005,-176650917.55937,-176834689.29098,0.0019988288209677,-0.00029245846952131,361585.85370117,-361585.85370117
161.25,0,-0.00073121388869688,16.44200364,65908130.565127,15.32,65908130.565127,73420247.202589,0.7061505520249,4.577254984933e-05,45.77254984933,1.4677499919177e+14,35.227809211065,6.0312325068749e-06,-0.00023029438895721,1.5123306199612e-05,2.1154538706487e-05,-3.257800842553e-05,-0.00026287239738274,-0.12715220839817,0.19210465181821,26880000,0,0,-1.4425493031515e-06,-1.4425493031515e-06,4.8563746236665e-11,6.7844004068211e-06,0.0014425493031515,0.0067844004069949,-65908130.565127,485.63746236665,67844004.068211,151.63468929098,150.78718444149,146.83468929098,150.3826928957,150.45830704619,0,0,0,65.729629676892,0.076101270846132,0.052793859825404,0.029286866749888,4.5359526938173e-07,3.9072648154572,0.027215716162904,0.052793859825404,0.0014425493031515,-1.4425493031515e-06,0.0037702730355659,2.2140833333333,2.2140833333333e-13,6587491.9175193,0.7061505520249,1.63e-06,1.63,4.5359526938173e-07,3.1880865081128e-09,8000000,6587491.9175193,73420247.202589,0.00043875541917557,180.89885932609,0,-1.4425493031515e-06,0,0,0,3000000,5000000,-4.8811444583147e-07,-3.7232755174283e-09,-0.51616643038687,0.0067844004069949,1,67.581534520546,67844004.069949,176.65091755937,176834689.29098,180.3826928957,26.376382244782,25.992661231005,0,0,-26376382.244782,-25992661.231005,-176650917.55937,-176834689.29098,0.0019988288209677,-0.00029245846952131,361585.85370117,-361585.85370117
162,0,-0.00073121388869688,16.44200364,65908130.565127,15.32,65908130.565127,73420247.202589,0.7061505520249,4.577254984933e-05,45.77254984933,1.4677499919177e+14,35.227809211065,6.0312325068749e-06,-0.00023029438895721,1.5123306199612e-05,2.1154538706487e-05,-3.257800842553e-05,-0.00026287239738274,-0.12715220839817,0.19210465181821,26880000,0,0,-1.4425493031515e-06,-1.4425493031515e-06,4.8563746236665e-11,6.7844004068211e-06,0.0014425493031515,0.0067844004069949,-65908130.565127,485.63746236665,67844004.068211,151.63468929098,150.78718444149,146.83468929098,150.3826928957,150.45830704619,0,0,0,65.729629676892,0.076101270846132,0.052793859825404,0.029286866749888,4.5359526938173e-07,3.9072648154572,0.027215716162904,0.052793859825404,0.0014425493031515,-1.4425493031515e-06,0.0037702730355659,2.2140833333333,2.2140833333333e-13,6587491.9175193,0.7061505520249,1.63e-06,1.63,4.5359526938173e-07,3.1880865081128e-09,8000000,6587491.9175193,73420247.202589,0.00043875541917557,180.89885932609,0,-1.4425493031515e-06,0,0,0,3000000,5000000,-4.8811444583147e-07,-3.7232755174283e-09,-0.51616643038687,0.0067844004069949,1,67.581534520546,67844004.069949,176.65091755937,176834689.29098,180.3826928957,26.376382244782,25.992661231005,0,0,-26376382.244782,-25992661.231005,-176650917.55937,-176834689.29098,0.0019988288209677,-0.00029245846952131,361585.85370117,-361585.85370117
162.75,0,-0.00073121388869688,16.44200364,65908130.565127,15.32,65908130.565127,73420247.202589,0.7061505520249,4.577254984933e-05,45.77254984933,1.4677499919177e+14,35.227809211065,6.0312325068749e-06,-0.00023029438895721,1.5123306199612e-05,2.1154538706487e-05,-3.257800842553e-05,-0.00026287239738274,-0.12715220839817,0.19210465181821,26880000,0,0,-1.4425493031515e-06,-1.4425493031515e-06,4.8563746236665e-11,6.7844004068211e-06,0.0014425493031515,0.0067844004069949,-65908130.565127,485.63746236665,67844004.068211,151.63468929098,150.78718444149,146.83468929098,150.3826928957,150.45830704619,0,0,0,65.729629676892,0.076101270846132,0.052793859825404,0.029286866749888,4.5359526938173e-07,3.9072648154572,0.027215716162904,0.052793859825404,0.0014425493031515,-1.4425493031515e-06,0.0037702730355659,2.2140833333333,2.2140833333333e-13,6587491.9175193,0.7061505520249,1.63e-06,1.63,4.5359526938173e-07,3.1880865081128e-09,8000000,6587491.9175193,73420247.202589,0.00043875541917557,180.89885932609,0,-1.4425493031515e-06,0,0,0,3000000,5000000,-4.8811444583147e-07,-3.7232755174283e-09,-0.51616643038687,0.0067844004069949,1,67.581534520546,67844004.069949,176.65091755937,176834689.29098,180.3826928957,26.376382244782,25.992661231005,0,0,-26376382.244782,-25992661.231005,-176650917.55937,-176834689.29098,0.0019988288209677,-0.00029245846952131,361585.85370117,-361585.85370117
163.5,0,-0.00073121388869688,16.44200364,65908130.565127,15.32,65908130.565127,73420247.202589,0.7061505520249,4.577254984933e-05,45.77254984933,1.4677499919177e+14,35.227809211065,6.0312325068749e-06,-0.00023029438895721,1.5123306199612e-05,2.1154538706487e-05,-3.257800842553e-05,-0.00026287239738274,-0.12715220839817,0.19210465181821,26880000,0,0,-1.4425493031515e-06,-1.4425493031515e-06,4.8563746236665e-11,6.7844004068211e-06,0.0014425493031515,0.0067844004069949,-65908130.565127,485.63746236665,67844004.068211,151.63468929098,150.78718444149,146.83468929098,150.3826928957,150.45830704619,0,0,0,65.729629676892,0.076101270846132,0.052793859825404,0.029286866749888,4.5359526938173e-07,3.9072648154572,0.027215716162904,0.052793859825404,0.0014425493031515,-1.4425493031515e-06,0.0037702730355659,2.2140833333333,2.2140833333333e-13,6587491.9175193,0.7061505520249,1.63e-06,1.63,4.5359526938173e-07,3.1880865081128e-09,8000000,6587491.9175193,73420247.202589,0.00043875541917557,180.89885932609,0,-1.4425493031515e-06,0,0,0,3000000,5000000,-4.8811444583147e-07,-3.7232755174283e-09,-0.51616643038687,0.0067844004069949,1,67.581534520546,67844004.069949,176.65091755937,176834689.29098,180.3826928957,26.376382244782,25.992661231005,0,0,-26376382.244782,-25992661.231005,-176650917.55937,-176834689.29098,0.0019988288209677,-0.00029245846952131,361585.85370117,-361585.85370117
164.25,0,-0.00073121388869688,16.44200364,65908130.565127,15.32,65908130.565127,73420247.202589,0.7061505520249,4.577254984933e-05,45.77254984933,1.4677499919177e+14,35.227809211065,6.0312325068749e-06,-0.00023029438895721,1.5123306199612e-05,2.1154538706487e-05,-3.257800842553e-05,-0.00026287239738274,-0.12715220839817,0.19210465181821,26880000,0,0,-1.4425493031515e-06,-1.4425493031515e-06,4.8563746236665e-11,6.7844004068211e-06,0.0014425493031515,0.0067844004069949,-65908130.565127,485.63746236665,67844004.068211,151.63468929098,150.78718444149,146.83468929098,150.3826928957,150.45830704619,0,0,0,65.729629676892,0.076101270846132,0.052793859825404,0.029286866749888,4.5359526938173e-07,3.9072648154572,0.027215716162904,0.052793859825404,0.0014425493031515,-1.4425493031515e-06,0.0037702730355659,2.2140833333333,2.2140833333333e-13,6587491.9175193,0.7061505520249,1.63e-06,1.63,4.5359526938173e-07,3.1880865081128e-09,8000000,6587491.9175193,73420247.202589,0.00043875541917557,180.89885932609,0,-1.4425493031515e-06,0,0,0,3000000,5000000,-4.8811444583147e-07,-3.7232755174283e-09,-0.51616643038687,0.0067844004069949,1,67.581534520546,67844004.069949,176.65091755937,176834689.29098,180.3826928957,26.376382244782,25.992661231005,0,0,-26376382.244782,-25992661.231005,-176650917.55937,-176834689.29098,0.0019988288209677,-0.00029245846952131,361585.85370117,-361585.85370117
165,0,-0.00073121388869688,16.44200364,65908130.565127,15.32,65908130.565127,73420247.202589,0.7061505520249,4.577254984933e-05,45.77254984933,1.4677499919177e+14,35.227809211065,6.0312325068749e-06,-0.00023029438895721,1.5123306199612e-05,2.1154538706487e-05,-3.257800842553e-05,-0.00026287239738274,-0.12715220839817,0.19210465181821,26880000,0,0,-1.4425493031515e-06,-1.4425493031515e-06,4.8563746236665e-11,6.7844004068211e-06,0.0014425493031515,0.0067844004069949,-65908130.565127,485.63746236665,67844004.068211,151.63468929098,150.78718444149,146.83468929098,150.3826928957,150.45830704619,0,0,0,65.729629676892,0.076101270846132,0.052793859825404,0.029286866749888,4.5359526938173e-07,3.9072648154572,0.027215716162904,0.052793859825404,0.0014425493031515,-1.4425493031515e-06,0.0037702730355659,2.2140833333333,2.2140833333333e-13,6587491.9175193,0.7061505520249,1.63e-06,1.63,4.5359526938173e-07,3.1880865081128e-09,8000000,6587491.9175193,73420247.202589,0.00043875541917557,180.89885932609,0,-1.4425493031515e-06,0,0,0,3000000,5000000,-4.8811444583147e-07,-3.7232755174283e-09,-0.51616643038687,0.0067844004069949,1,67.581534520546,67844004.069949,176.65091755937,176834689.29098,180.3826928957,26.376382244782,25.992661231005,0,0,-26376382.244782,-25992661.231005,-176650917.55937,-176834689.29098,0.0019988288209677,-0.00029245846952131,361585.85370117,-361585.85370117
165.75,0,-0.00073121388869688,16.44200364,65908130.565127,15.32,65908130.565127,73420247.202589,0.7061505520249,4.577254984933e-05,45.77254984933,1.4677499919177e+14,35.227809211065,6.0312325068749e-06,-0.00023029438895721,1.5123306199612e-05,2.1154538706487e-05,-3.257800842553e-05,-0.00026287239738274,-0.12715220839817,0.19210465181821,26880000,0,0,-1.4425493031515e-06,-1.4425493031515e-06,4.8563746236665e-11,6.7844004068211e-06,0.0014425493031515,0.0067844004069949,-65908130.565127,485.63746236665,67844004.068211,151.63468929098,150.78718444149,146.83468929098,150.3826928957,150.45830704619,0,0,0,65.729629676892,0.076101270846132,0.052793859825404,0.029286866749888,4.5359526938173e-07,3.9072648154572,0.027215716162904,0.052793859825404,0.0014425493031515,-1.4425493031515e-06,0.0037702730355659,2.2140833333333,2.2140833333333e-13,6587491.9175193,0.7061505520249,1.63e-06,1.63,4.5359526938173e-07,3.1880865081128e-09,8000000,6587491.9175193,73420247.202589,0.00043875541917557,180.89885932609,0,-1.4425493031515e-06,0,0,0,3000000,5000000,-4.8811444583147e-07,-3.7232755174283e-09,-0.51616643038687,0.0067844004069949,1,67.581534520546,67844004.069949,176.65091755937,176834689.29098,180.3826928957,26.376382244782,25.992661231005,0,0,-26376382.244782,-25992661.231005,-176650917.55937,-176834689.29098,0.0019988288209677,-0.00029245846952131,361585.85370117,-361585.85370117
166.5,0,-0.00073121388869688,16.44200364,65908130.565127,15.32,65908130.565127,73420247.202589,0.7061505520249,4.577254984933e-05,45.77254984933,1.4677499919177e+14,35.227809211065,6.0312325068749e-06,-0.00023029438895721,1.5123306199612e-05,2.1154538706487e-05,-3.257800842553e-05,-0.00026287239738274,-0.12715220839817,0.19210465181821,26880000,0,0,-1.4425493031515e-06,-1.4425493031515e-06,4.8563746236665e-11,6.7844004068211e-06,0.0014425493031515,0.0067844004069949,-65908130.565127,485.63746236665,67844004.068211,151.63468929098,150.78718444149,146.83468929098,150.3826928957,150.45830704619,0,0,0,65.729629676892,0.076101270846132,0.052793859825404,0.029286866749888,4.5359526938173e-07,3.9072648154572,0.027215716162904,0.052793859825404,0.0014425493031515,-1.4425493031515e-06,0.0037702730355659,2.2140833333333,2.2140833333333e-13,6587491.9175193,0.7061505520249,1.63e-06,1.63,4.5359526938173e-07,3.1880865081128e-09,8000000,6587491.9175193,73420247.202589,0.00043875541917557,180.89885932609,0,-1.4425493031515e-06,0,0,0,3000000,5000000,-4.8811444583147e-07,-3.7232755174283e-09,-0.51616643038687,0.0067844004069949,1,67.581534520546,67844004.069949,176.65091755937,176834689.29098,180.3826928957,26.376382244782,25.992661231005,0,0,-26376382.244782,-25992661.231005,-176650917.55937,-176834689.29098,0.0019988288209677,-0.00029245846952131,361585.85370117,-361585.85370117
167.25,0,-0.00073121388869688,16.44200364,65908130.565127,15.32,65908130.565127,73420247.202589,0.7061505520249,4.577254984933e-05,45.77254984933,1.4677499919177e+14,35.227809211065,6.0312325068749e-06,-0.00023029438895721,1.5123306199612e-05,2.1154538706487e-05,-3.257800842553e-05,-0.00026287239738274,-0.12715220839817,0.19210465181821,26880000,0,0,-1.4425493031515e-06,-1.4425493031515e-06,4.8563746236665e-11,6.7844004068211e-06,0.0014425493031515,0.0067844004069949,-65908130.565127,485.63746236665,67844004.068211,151.63468929098,150.78718444149,146.83468929098,150.3826928957,150.45830704619,0,0,0,65.729629676892,0.076101270846132,0.052793859825404,0.029286866749888,4.5359526938173e-07,3.9072648154572,0.027215716162904,0.052793859825404,0.0014425493031515,-1.4425493031515e-06,0.0037702730355659,2.2140833333333,2.2140833333333e-13,6587491.9175193,0.7061505520249,1.63e-06,1.63,4.5359526938173e-07,3.1880865081128e-09,8000000,6587491.9175193,73420247.202589,0.00043875541917557,180.89885932609,0,-1.4425493031515e-06,0,0,0,3000000,5000000,-4.8811444583147e-07,-3.7232755174283e-09,-0.51616643038687,0.0067844004069949,1,67.581534520546,67844004.069949,176.65091755937,176834689.29098,180.3826928957,26.376382244782,25.992661231005,0,0,-26376382.244782,-25992661.231005,-176650917.55937,-176834689.29098,0.0019988288209677,-0.00029245846952131,361585.85370117,-361585.85370117
168,0,-0.00073121388869688,16.44200364,65908130.565127,15.32,65908130.565127,73420247.202589,0.7061505520249,4.577254984933e-05,45.77254984933,1.4677499919177e+14,35.227809211065,6.0312325068749e-06,-0.00023029438895721,1.5123306199612e-05,2.1154538706487e-05,-3.257800842553e-05,-0.00026287239738274,-0.12715220839817,0.19210465181821,26880000,0,0,-1.4425493031515e-06,-1.4425493031515e-06,4.8563746236665e-11,6.7844004068211e-06,0.0014425493031515,0.0067844004069949,-65908130.565127,485.63746236665,67844004.068211,151.63468929098,150.78718444149,146.83468929098,150.3826928957,150.45830704619,0,0,0,65.729629676892,0.076101270846132,0.052793859825404,0.029286866749888,4.5359526938173e-07,3.9072648154572,0.027215716162904,0.052793859825404,0.0014425493031515,-1.4425493031515e-06,0.0037702730355659,2.2140833333333,2.2140833333333e-13,6587491.9175193,0.7061505520249,1.63e-06,1.63,4.5359526938173e-07,3.1880865081128e-09,8000000,6587491.9175193,73420247.202589,0.00043875541917557,180.89885932609,0,-1.4425493031515e-06,0,0,0,3000000,5000000,-4.8811444583147e-07,-3.7232755174283e-09,-0.51616643038687,0.0067844004069949,1,67.581534520546,67844004.069949,176.65091755937,176834689.29098,180.3826928957,26.376382244782,25.992661231005,0,0,-26376382.244782,-25992661.231005,-176650917.55937,-176834689.29098,0.0019988288209677,-0.00029245846952131,361585.85370117,-361585.85370117
168.75,0,-0.00073121388869688,16.44200364,65908130.565127,15.32,65908130.565127,73420247.202589,0.7061505520249,4.577254984933e-05,45.77254984933,1.4677499919177e+14,35.227809211065,6.0312325068749e-06,-0.00023029438895721,1.5123306199612e-05,2.1154538706487e-05,-3.257800842553e-05,-0.00026287239738274,-0.12715220839817,0.19210465181821,26880000,0,0,-1.4425493031515e-06,-1.4425493031515e-06,4.8563746236665e-11,6.7844004068211e-06,0.0014425493031515,0.0067844004069949,-65908130.565127,485.63746236665,67844004.068211,151.63468929098,150.78718444149,146.83468929098,150.3826928957,150.45830704619,0,0,0,65.729629676892,0.076101270846132,0.052793859825404,0.029286866749888,4.5359526938173e-07,3.9072648154572,0.027215716162904,0.052793859825404,0.0014425493031515,-1.4425493031515e-06,0.0037702730355659,2.2140833333333,2.2140833333333e-13,6587491.9175193,0.7061505520249,1.63e-06,1.63,4.5359526938173e-07,3.1880865081128e-09,8000000,6587491.9175193,73420247.202589,0.00043875541917557,180.89885932609,0,-1.4425493031515e-06,0,0,0,3000000,5000000,-4.8811444583147e-07,-3.7232755174283e-09,-0.51616643038687,0.0067844004069949,1,67.581534520546,67844004.069949,176.65091755937,176834689.29098,180.3826928957,26.376382244782,25.992661231005,0,0,-26376382.244782,-25992661.231005,-176650917.55937,-176834689.29098,0.0019988288209677,-0.00029245846952131,361585.85370117,-361585.85370117
169.5,0,-0.00073121388869688,16.44200364,65908130.565127,15.32,65908130.565127,73420247.202589,0.7061505520249,4.577254984933e-05,45.77254984933,1.4677499919177e+14,35.227809211065,6.0312325068749e-06,-0.00023029438895721,1.5123306199612e-05,2.1154538706487e-05,-3.257800842553e-05,-0.00026287239738274,-0.12715220839817,0.19210465181821,26880000,0,0,-1.4425493031515e-06,-1.4425493031515e-06,4.8563746236665e-11,6.7844004068211e-06,0.0014425493031515,0.0067844004069949,-65908130.565127,485.63746236665,67844004.068211,151.63468929098,150.78718444149,146.83468929098,150.3826928957,150.45830704619,0,0,0,65.729629676892,0.076101270846132,0.052793859825404,0.029286866749888,4.5359526938173e-07,3.9072648154572,0.027215716162904,0.052793859825404,0.0014425493031515,-1.4425493031515e-06,0.0037702730355659,2.2140833333333,2.2140833333333e-13,6587491.9175193,0.7061505520249,1.63e-06,1.63,4.5359526938173e-07,3.1880865081128e-09,8000000,6587491.9175193,73420247.202589,0.00043875541917557,180.89885932609,0,-1.4425493031515e-06,0,0,0,3000000,5000000,-4.8811444583147e-07,-3.7232755174283e-09,-0.51616643038687,0.0067844004069949,1,67.581534520546,67844004.069949,176.65091755937,176834689.29098,180.3826928957,26.376382244782,25.992661231005,0,0,-26376382.244782,-25992661.231005,-176650917.55937,-176834689.29098,0.0019988288209677,-0.00029245846952131,361585.85370117,-361585.85370117
170.25,0,-0.00073121388869688,16.44200364,65908130.565127,15.32,65908130.565127,73420247.202589,0.7061505520249,4.577254984933e-05,45.77254984933,1.4677499919177e+14,35.227809211065,6.0312325068749e-06,-0.00023029438895721,1.5123306199612e-05,2.1154538706487e-05,-3.257800842553e-05,-0.00026287239738274,-0.12715220839817,0.19210465181821,26880000,0,0,-1.4425493031515e-06,-1.4425493031515e-06,4.8563746236665e-11,6.7844004068211e-06,0.0014425493031515,0.0067844004069949,-65908130.565127,485.63746236665,67844004.068211,151.63468929098,150.78718444149,146.83468929098,150.3826928957,150.45830704619,0,0,0,65.729629676892,0.076101270846132,0.052793859825404,0.029286866749888,4.5359526938173e-07,3.9072648154572,0.027215716162904,0.052793859825404,0.0014425493031515,-1.4425493031515e-06,0.0037702730355659,2.2140833333333,2.2140833333333e-13,6587491.9175193,0.7061505520249,1.63e-06,1.63,4.5359526938173e-07,3.1880865081128e-09,8000000,6587491.9175193,73420247.202589,0.00043875541917557,180.89885932609,0,-1.4425493031515e-06,0,0,0,3000000,5000000,-4.8811444583147e-07,-3.7232755174283e-09,-0.51616643038687,0.0067844004069949,1,67.581534520546,67844004.069949,176.65091755937,176834689.29098,180.3826928957,26.376382244782,25.992661231005,0,0,-26376382.244782,-25992661.231005,-176650917.55937,-176834689.29098,0.0019988288209677,-0.00029245846952131,361585.85370117,-361585.85370117
171,0,-0.00073121388869688,16.44200364,65908130.565127,15.32,65908130.565127,73420247.202589,0.7061505520249,4.577254984933e-05,45.77254984933,1.4677499919177e+14,35.227809211065,6.0312325068749e-06,-0.00023029438895721,1.5123306199612e-05,2.1154538706487e-05,-3.257800842553e-05,-0.00026287239738274,-0.12715220839817,0.19210465181821,26880000,0,0,-1.4425493031515e-06,-1.4425493031515e-06,4.8563746236665e-11,6.7844004068211e-06,0.0014425493031515,0.0067844004069949,-65908130.565127,485.63746236665,67844004.068211,151.63468929098,150.78718444149,146.83468929098,150.3826928957,150.45830704619,0,0,0,65.729629676892,0.076101270846132,0.052793859825404,0.029286866749888,4.5359526938173e-07,3.9072648154572,0.027215716162904,0.052793859825404,0.0014425493031515,-1.4425493031515e-06,0.0037702730355659,2.2140833333333,2.2140833333333e-13,6587491.9175193,0.7061505520249,1.63e-06,1.63,4.5359526938173e-07,3.1880865081128e-09,8000000,6587491.9175193,73420247.202589,0.00043875541917557,180.89885932609,0,-1.4425493031515e-06,0,0,0,3000000,5000000,-4.8811444583147e-07,-3.7232755174283e-09,-0.51616643038687,0.0067844004069949,1,67.581534520546,67844004.069949,176.65091755937,176834689.29098,180.3826928957,26.376382244782,25.992661231005,0,0,-26376382.244782,-25992661.231005,-176650917.55937,-176834689.29098,0.0019988288209677,-0.00029245846952131,361585.85370117,-361585.85370117
171.75,0,-0.00073121388869688,16.44200364,65908130.565127,15.32,65908130.565127,73420247.202589,0.7061505520249,4.577254984933e-05,45.77254984933,1.4677499919177e+14,35.227809211065,6.0312325068749e-06,-0.00023029438895721,1.5123306199612e-05,2.1154538706487e-05,-3.257800842553e-05,-0.00026287239738274,-0.12715220839817,0.19210465181821,26880000,0,0,-1.4425493031515e-06,-1.4425493031515e-06,4.8563746236665e-11,6.7844004068211e-06,0.0014425493031515,0.0067844004069949,-65908130.565127,485.63746236665,67844004.068211,151.63468929098,150.78718444149,146.83468929098,150.3826928957,150.45830704619,0,0,0,65.729629676892,0.076101270846132,0.052793859825404,0.029286866749888,4.5359526938173e-07,3.9072648154572,0.027215716162904,0.052793859825404,0.0014425493031515,-1.4425493031515e-06,0.0037702730355659,2.2140833333333,2.2140833333333e-13,6587491.9175193,0.7061505520249,1.63e-06,1.63,4.5359526938173e-07,3.1880865081128e-09,8000000,6587491.9175193,73420247.202589,0.00043875541917557,180.89885932609,0,-1.4425493031515e-06,0,0,0,3000000,5000000,-4.8811444583147e-07,-3.7232755174283e-09,-0.51616643038687,0.0067844004069949,1,67.581534520546,67844004.069949,176.65091755937,176834689.29098,180.3826928957,26.376382244782,25.992661231005,0,0,-26376382.244782,-25992661.231005,-176650917.55937,-176834689.29098,0.0019988288209677,-0.00029245846952131,361585.85370117,-361585.85370117
172.5,0,-0.00073121388869688,16.44200364,65908130.565127,15.32,65908130.565127,73420247.202589,0.7061505520249,4.577254984933e-05,45.77254984933,1.4677499919177e+14,35.227809211065,6.0312325068749e-06,-0.00023029438895721,1.5123306199612e-05,2.1154538706487e-05,-3.257800842553e-05,-0.00026287239738274,-0.12715220839817,0.19210465181821,26880000,0,0,-1.4425493031515e-06,-1.4425493031515e-06,4.8563746236665e-11,6.7844004068211e-06,0.0014425493031515,0.0067844004069949,-65908130.565127,485.63746236665,67844004.068211,151.63468929098,150.78718444149,146.83468929098,150.3826928957,150.45830704619,0,0,0,65.729629676892,0.076101270846132,0.052793859825404,0.029286866749888,4.5359526938173e-07,3.9072648154572,0.027215716162904,0.052793859825404,0.0014425493031515,-1.4425493031515e-06,0.0037702730355659,2.2140833333333,2.2140833333333e-13,6587491.9175193,0.7061505520249,1.63e-06,1.63,4.5359526938173e-07,3.1880865081128e-09,8000000,6587491.9175193,73420247.202589,0.00043875541917557,180.89885932609,0,-1.4425493031515e-06,0,0,0,3000000,5000000,-4.8811444583147e-07,-3.7232755174283e-09,-0.51616643038687,0.0067844004069949,1,67.581534520546,67844004.069949,176.65091755937,176834689.29098,180.3826928957,26.376382244782,25.992661231005,0,0,-26376382.244782,-25992661.231005,-176650917.55937,-176834689.29098,0.0019988288209677,-0.00029245846952131,361585.85370117,-361585.85370117
173.25,0,-0.00073121388869688,16.44200364,65908130.565127,15.32,65908130.565127,73420247.202589,0.7061505520249,4.577254984933e-05,45.77254984933,1.4677499919177e+14,35.227809211065,6.0312325068749e-06,-0.00023029438895721,1.5123306199612e-05,2.1154538706487e-05,-3.257800842553e-05,-0.00026287239738274,-0.12715220839817,0.19210465181821,26880000,0,0,-1.4425493031515e-06,-1.4425493031515e-06,4.8563746236665e-11,6.7844004068211e-06,0.0014425493031515,0.0067844004069949,-65908130.565127,485.63746236665,67844004.068211,151.63468929098,150.78718444149,146.83468929098,150.3826928957,150.45830704619,0,0,0,65.729629676892,0.076101270846132,0.052793859825404,0.029286866749888,4.5359526938173e-07,3.9072648154572,0.027215716162904,0.052793859825404,0.0014425493031515,-1.4425493031515e-06,0.0037702730355659,2.2140833333333,2.2140833333333e-13,6587491.9175193,0.7061505520249,1.63e-06,1.63,4.5359526938173e-07,3.1880865081128e-09,8000000,6587491.9175193,73420247.202589,0.00043875541917557,180.89885932609,0,-1.4425493031515e-06,0,0,0,3000000,5000000,-4.8811444583147e-07,-3.7232755174283e-09,-0.51616643038687,0.0067844004069949,1,67.581534520546,67844004.069949,176.65091755937,176834689.29098,180.3826928957,26.376382244782,25.992661231005,0,0,-26376382.244782,-25992661.231005,-176650917.55937,-176834689.29098,0.0019988288209677,-0.00029245846952131,361585.85370117,-361585.85370117
174,0,-0.00073121388869688,16.44200364,65908130.565127,15.32,65908130.565127,73420247.202589,0.7061505520249,4.577254984933e-05,45.77254984933,1.4677499919177e+14,35.227809211065,6.0312325068749e-06,-0.00023029438895721,1.5123306199612e-05,2.1154538706487e-05,-3.257800842553e-05,-0.00026287239738274,-0.12715220839817,0.19210465181821,26880000,0,0,-1.4425493031515e-06,-1.4425493031515e-06,4.8563746236665e-11,6.7844004068211e-06,0.0014425493031515,0.0067844004069949,-65908130.565127,485.63746236665,67844004.068211,151.63468929098,150.78718444149,146.83468929098,150.3826928957,150.45830704619,0,0,0,65.729629676892,0.076101270846132,0.052793859825404,0.029286866749888,4.5359526938173e-07,3.9072648154572,0.027215716162904,0.052793859825404,0.0014425493031515,-1.4425493031515e-06,0.0037702730355659,2.2140833333333,2.2140833333333e-13,6587491.9175193,0.7061505520249,1.63e-06,1.63,4.5359526938173e-07,3.1880865081128e-09,8000000,6587491.9175193,73420247.202589,0.00043875541917557,180.89885932609,0,-1.4425493031515e-06,0,0,0,3000000,5000000,-4.8811444583147e-07,-3.7232755174283e-09,-0.51616643038687,0.0067844004069949,1,67.581534520546,67844004.069949,176.65091755937,176834689.29098,180.3826928957,26.376382244782,25.992661231005,0,0,-26376382.244782,-25992661.231005,-176650917.55937,-176834689.29098,0.0019988288209677,-0.00029245846952131,361585.85370117,-361585.85370117
174.75,0,-0.00073121388869688,16.44200364,65908130.565127,15.32,65908130.565127,73420247.202589,0.7061505520249,4.577254984933e-05,45.77254984933,1.4677499919177e+14,35.227809211065,6.0312325068749e-06,-0.00023029438895721,1.5123306199612e-05,2.1154538706487e-05,-3.257800842553e-05,-0.00026287239738274,-0.12715220839817,0.19210465181821,26880000,0,0,-1.4425493031515e-06,-1.4425493031515e-06,4.8563746236665e-11,6.7844004068211e-06,0.0014425493031515,0.0067844004069949,-65908130.565127,485.63746236665,67844004.068211,151.63468929098,150.78718444149,146.83468929098,150.3826928957,150.45830704619,0,0,0,65.729629676892,0.076101270846132,0.052793859825404,0.029286866749888,4.5359526938173e-07,3.9072648154572,0.027215716162904,0.052793859825404,0.0014425493031515,-1.4425493031515e-06,0.0037702730355659,2.2140833333333,2.2140833333333e-13,6587491.9175193,0.7061505520249,1.63e-06,1.63,4.5359526938173e-07,3.1880865081128e-09,8000000,6587491.9175193,73420247.202589,0.00043875541917557,180.89885932609,0,-1.4425493031515e-06,0,0,0,3000000,5000000,-4.8811444583147e-07,-3.7232755174283e-09,-0.51616643038687,0.0067844004069949,1,67.581534520546,67844004.069949,176.65091755937,176834689.29098,180.3826928957,26.376382244782,25.992661231005,0,0,-26376382.244782,-25992661.231005,-176650917.55937,-176834689.29098,0.0019988288209677,-0.00029245846952131,361585.85370117,-361585.85370117
175.5,0,-0.00073121388869688,16.44200364,65908130.565127,15.32,65908130.565127,73420247.202589,0.7061505520249,4.577254984933e-05,45.77254984933,1.4677499919177e+14,35.227809211065,6.0312325068749e-06,-0.00023029438895721,1.5123306199612e-05,2.1154538706487e-05,-3.257800842553e-05,-0.00026287239738274,-0.12715220839817,0.19210465181821,26880000,0,0,-1.4425493031515e-06,-1.4425493031515e-06,4.8563746236665e-11,6.7844004068211e-06,0.0014425493031515,0.0067844004069949,-65908130.565127,485.63746236665,67844004.068211,151.63468929098,150.78718444149,146.83468929098,150.3826928957,150.45830704619,0,0,0,65.729629676892,0.076101270846132,0.052793859825404,0.029286866749888,4.5359526938173e-07,3.9072648154572,0.027215716162904,0.052793859825404,0.0014425493031515,-1.4425493031515e-06,0.0037702730355659,2.2140833333333,2.2140833333333e-13,6587491.9175193,0.7061505520249,1.63e-06,1.63,4.5359526938173e-07,3.1880865081128e-09,8000000,6587491.9175193,73420247.202589,0.00043875541917557,180.89885932609,0,-1.4425493031515e-06,0,0,0,3000000,5000000,-4.8811444583147e-07,-3.7232755174283e-09,-0.51616643038687,0.0067844004069949,1,67.581534520546,67844004.069949,176.65091755937,176834689.29098,180.3826928957,26.376382244782,25.992661231005,0,0,-26376382.244782,-25992661.231005,-176650917.55937,-176834689.29098,0.0019988288209677,-0.00029245846952131,361585.85370117,-361585.85370117
176.25,0,-0.00073121388869688,16.44200364,65908130.565127,15.32,65908130.565127,73420247.202589,0.7061505520249,4.577254984933e-05,45.77254984933,1.4677499919177e+14,35.227809211065,6.0312325068749e-06,-0.00023029438895721,1.5123306199612e-05,2.1154538706487e-05,-3.257800842553e-05,-0.00026287239738274,-0.12715220839817,0.19210465181821,26880000,0,0,-1.4425493031515e-06,-1.4425493031515e-06,4.8563746236665e-11,6.7844004068211e-06,0.0014425493031515,0.0067844004069949,-65908130.565127,485.63746236665,67844004.068211,151.63468929098,150.78718444149,146.83468929098,150.3826928957,150.45830704619,0,0,0,65.729629676892,0.076101270846132,0.052793859825404,0.029286866749888,4.5359526938173e-07,3.9072648154572,0.027215716162904,0.052793859825404,0.0014425493031515,-1.4425493031515e-06,0.0037702730355659,2.2140833333333,2.2140833333333e-13,6587491.9175193,0.7061505520249,1.63e-06,1.63,4.5359526938173e-07,3.1880865081128e-09,8000000,6587491.9175193,73420247.202589,0.00043875541917557,180.89885932609,0,-1.4425493031515e-06,0,0,0,3000000,5000000,-4.8811444583147e-07,-3.7232755174283e-09,-0.51616643038687,0.0067844004069949,1,67.581534520546,67844004.069949,176.65091755937,176834689.29098,180.3826928957,26.376382244782,25.992661231005,0,0,-26376382.244782,-25992661.231005,-176650917.55937,-176834689.29098,0.0019988288209677,-0.00029245846952131,361585.85370117,-361585.85370117
177,0,-0.00073121388869688,16.44200364,65908130.565127,15.32,65908130.565127,73420247.202589,0.7061505520249,4.577254984933e-05,45.77254984933,1.4677499919177e+14,35.227809211065,6.0312325068749e-06,-0.00023029438895721,1.5123306199612e-05,2.1154538706487e-05,-3.257800842553e-05,-0.00026287239738274,-0.12715220839817,0.19210465181821,26880000,0,0,-1.4425493031515e-06,-1.4425493031515e-06,4.8563746236665e-11,6.7844004068211e-06,0.0014425493031515,0.0067844004069949,-65908130.565127,485.63746236665,67844004.068211,151.63468929098,150.78718444149,146.83468929098,150.3826928957,150.45830704619,0,0,0,65.729629676892,0.076101270846132,0.052793859825404,0.029286866749888,4.5359526938173e-07,3.9072648154572,0.027215716162904,0.052793859825404,0.0014425493031515,-1.4425493031515e-06,0.0037702730355659,2.2140833333333,2.2140833333333e-13,6587491.9175193,0.7061505520249,1.63e-06,1.63,4.5359526938173e-07,3.1880865081128e-09,8000000,6587491.9175193,73420247.202589,0.00043875541917557,180.89885932609,0,-1.4425493031515e-06,0,0,0,3000000,5000000,-4.8811444583147e-07,-3.7232755174283e-09,-0.51616643038687,0.0067844004069949,1,67.581534520546,67844004.069949,176.65091755937,176834689.29098,180.3826928957,26.376382244782,25.992661231005,0,0,-26376382.244782,-25992661.231005,-176650917.55937,-176834689.29098,0.0019988288209677,-0.00029245846952131,361585.85370117,-361585.85370117
177.75,0,-0.00073121388869688,16.44200364,65908130.565127,15.32,65908130.565127,73420247.202589,0.7061505520249,4.577254984933e-05,45.77254984933,1.4677499919177e+14,35.227809211065,6.0312325068749e-06,-0.00023029438895721,1.5123306199612e-05,2.1154538706487e-05,-3.257800842553e-05,-0.00026287239738274,-0.12715220839817,0.19210465181821,26880000,0,0,-1.4425493031515e-06,-1.4425493031515e-06,4.8563746236665e-11,6.7844004068211e-06,0.0014425493031515,0.0067844004069949,-65908130.565127,485.63746236665,67844004.068211,151.63468929098,150.78718444149,146.83468929098,150.3826928957,150.45830704619,0,0,0,65.729629676892,0.076101270846132,0.052793859825404,0.029286866749888,4.5359526938173e-07,3.9072648154572,0.027215716162904,0.052793859825404,0.0014425493031515,-1.4425493031515e-06,0.0037702730355659,2.2140833333333,2.2140833333333e-13,6587491.9175193,0.7061505520249,1.63e-06,1.63,4.5359526938173e-07,3.1880865081128e-09,8000000,6587491.9175193,73420247.202589,0.00043875541917557,180.89885932609,0,-1.4425493031515e-06,0,0,0,3000000,5000000,-4.8811444583147e-07,-3.7232755174283e-09,-0.51616643038687,0.0067844004069949,1,67.581534520546,67844004.069949,176.65091755937,176834689.29098,180.3826928957,26.376382244782,25.992661231005,0,0,-26376382.244782,-25992661.231005,-176650917.55937,-176834689.29098,0.0019988288209677,-0.00029245846952131,361585.85370117,-361585.85370117
178.5,0,-0.00073121388869688,16.44200364,65908130.565127,15.32,65908130.565127,73420247.202589,0.7061505520249,4.577254984933e-05,45.77254984933,1.4677499919177e+14,35.227809211065,6.0312325068749e-06,-0.00023029438895721,1.5123306199612e-05,2.1154538706487e-05,-3.257800842553e-05,-0.00026287239738274,-0.12715220839817,0.19210465181821,26880000,0,0,-1.4425493031515e-06,-1.4425493031515e-06,4.8563746236665e-11,6.7844004068211e-06,0.0014425493031515,0.0067844004069949,-65908130.565127,485.63746236665,67844004.068211,151.63468929098,150.78718444149,146.83468929098,150.3826928957,150.45830704619,0,0,0,65.729629676892,0.076101270846132,0.052793859825404,0.029286866749888,4.5359526938173e-07,3.9072648154572,0.027215716162904,0.052793859825404,0.0014425493031515,-1.4425493031515e-06,0.0037702730355659,2.2140833333333,2.2140833333333e-13,6587491.9175193,0.7061505520249,1.63e-06,1.63,4.5359526938173e-07,3.1880865081128e-09,8000000,6587491.9175193,73420247.202589,0.00043875541917557,180.89885932609,0,-1.4425493031515e-06,0,0,0,3000000,5000000,-4.8811444583147e-07,-3.7232755174283e-09,-0.51616643038687,0.0067844004069949,1,67.581534520546,67844004.069949,176.65091755937,176834689.29098,180.3826928957,26.376382244782,25.992661231005,0,0,-26376382.244782,-25992661.231005,-176650917.55937,-176834689.29098,0.0019988288209677,-0.00029245846952131,361585.85370117,-361585.85370117
179.25,0,-0.00073121388869688,16.44200364,65908130.565127,15.32,65908130.565127,73420247.202589,0.7061505520249,4.577254984933e-05,45.77254984933,1.4677499919177e+14,35.227809211065,6.0312325068749e-06,-0.00023029438895721,1.5123306199612e-05,2.1154538706487e-05,-3.257800842553e-05,-0.00026287239738274,-0.12715220839817,0.19210465181821,26880000,0,0,-1.4425493031515e-06,-1.4425493031515e-06,4.8563746236665e-11,6.7844004068211e-06,0.0014425493031515,0.0067844004069949,-65908130.565127,485.63746236665,67844004.068211,151.63468929098,150.78718444149,146.83468929098,150.3826928957,150.45830704619,0,0,0,65.729629676892,0.076101270846132,0.052793859825404,0.029286866749888,4.5359526938173e-07,3.9072648154572,0.027215716162904,0.052793859825404,0.0014425493031515,-1.4425493031515e-06,0.0037702730355659,2.2140833333333,2.2140833333333e-13,6587491.9175193,0.7061505520249,1.63e-06,1.63,4.5359526938173e-07,3.1880865081128e-09,8000000,6587491.9175193,73420247.202589,0.00043875541917557,180.89885932609,0,-1.4425493031515e-06,0,0,0,3000000,5000000,-4.8811444583147e-07,-3.7232755174283e-09,-0.51616643038687,0.0067844004069949,1,67.581534520546,67844004.069949,176.65091755937,176834689.29098,180.3826928957,26.376382244782,25.992661231005,0,0,-26376382.244782,-25992661.231005,-176650917.55937,-176834689.29098,0.0019988288209677,-0.00029245846952131,361585.85370117,-361585.85370117
180,0,-0.00073121388869688,16.44200364,65908130.565127,15.32,65908130.565127,73420247.202589,0.7061505520249,4.577254984933e-05,45.77254984933,1.4677499919177e+14,35.227809211065,6.0312325068749e-06,-0.00023029438895721,1.5123306199612e-05,2.1154538706487e-05,-3.257800842553e-05,-0.00026287239738274,-0.12715220839817,0.19210465181821,26880000,0,0,-1.4425493031515e-06,-1.4425493031515e-06,4.8563746236665e-11,6.7844004068211e-06,0.0014425493031515,0.0067844004069949,-65908130.565127,485.63746236665,67844004.068211,151.63468929098,150.78718444149,146.83468929098,150.3826928957,150.45830704619,0,0,0,65.729629676892,0.076101270846132,0.052793859825404,0.029286866749888,4.5359526938173e-07,3.9072648154572,0.027215716162904,0.052793859825404,0.0014425493031515,-1.4425493031515e-06,0.0037702730355659,2.2140833333333,2.2140833333333e-13,6587491.9175193,0.7061505520249,1.63e-06,1.63,4.5359526938173e-07,3.1880865081128e-09,8000000,6587491.9175193,73420247.202589,0.00043875541917557,180.89885932609,0,-1.4425493031515e-06,0,0,0,3000000,5000000,-4.8811444583147e-07,-3.7232755174283e-09,-0.51616643038687,0.0067844004069949,1,67.581534520546,67844004.069949,176.65091755937,176834689.29098,180.3826928957,26.376382244782,25.992661231005,0,0,-26376382.244782,-25992661.231005,-176650917.55937,-176834689.29098,0.0019988288209677,-0.00029245846952131,361585.85370117,-361585.85370117
180.75,0,-0.00073121388869688,16.44200364,65908130.565127,15.32,65908130.565127,73420247.202589,0.7061505520249,4.577254984933e-05,45.77254984933,1.4677499919177e+14,35.227809211065,6.0312325068749e-06,-0.00023029438895721,1.5123306199612e-05,2.1154538706487e-05,-3.257800842553e-05,-0.00026287239738274,-0.12715220839817,0.19210465181821,26880000,0,0,-1.4425493031515e-06,-1.4425493031515e-06,4.8563746236665e-11,6.7844004068211e-06,0.0014425493031515,0.0067844004069949,-65908130.565127,485.63746236665,67844004.068211,151.63468929098,150.78718444149,146.83468929098,150.3826928957,150.45830704619,0,0,0,65.729629676892,0.076101270846132,0.052793859825404,0.029286866749888,4.5359526938173e-07,3.9072648154572,0.027215716162904,0.052793859825404,0.0014425493031515,-1.4425493031515e-06,0.0037702730355659,2.2140833333333,2.2140833333333e-13,6587491.9175193,0.7061505520249,1.63e-06,1.63,4.5359526938173e-07,3.1880865081128e-09,8000000,6587491.9175193,73420247.202589,0.00043875541917557,180.89885932609,0,-1.4425493031515e-06,0,0,0,3000000,5000000,-4.8811444583147e-07,-3.7232755174283e-09,-0.51616643038687,0.0067844004069949,1,67.581534520546,67844004.069949,176.65091755937,176834689.29098,180.3826928957,26.376382244782,25.992661231005,0,0,-26376382.244782,-25992661.231005,-176650917.55937,-176834689.29098,0.0019988288209677,-0.00029245846952131,361585.85370117,-361585.85370117
181.5,0,-0.00073121388869688,16.44200364,65908130.565127,15.32,65908130.565127,73420247.202589,0.7061505520249,4.577254984933e-05,45.77254984933,1.4677499919177e+14,35.227809211065,6.0312325068749e-06,-0.00023029438895721,1.5123306199612e-05,2.1154538706487e-05,-3.257800842553e-05,-0.00026287239738274,-0.12715220839817,0.19210465181821,26880000,0,0,-1.4425493031515e-06,-1.4425493031515e-06,4.8563746236665e-11,6.7844004068211e-06,0.0014425493031515,0.0067844004069949,-65908130.565127,485.63746236665,67844004.068211,151.63468929098,150.78718444149,146.83468929098,150.3826928957,150.45830704619,0,0,0,65.729629676892,0.076101270846132,0.052793859825404,0.029286866749888,4.5359526938173e-07,3.9072648154572,0.027215716162904,0.052793859825404,0.0014425493031515,-1.4425493031515e-06,0.0037702730355659,2.2140833333333,2.2140833333333e-13,6587491.9175193,0.7061505520249,1.63e-06,1.63,4.5359526938173e-07,3.1880865081128e-09,8000000,6587491.9175193,73420247.202589,0.00043875541917557,180.89885932609,0,-1.4425493031515e-06,0,0,0,3000000,5000000,-4.8811444583147e-07,-3.7232755174283e-09,-0.51616643038687,0.0067844004069949,1,67.581534520546,67844004.069949,176.65091755937,176834689.29098,180.3826928957,26.376382244782,25.992661231005,0,0,-26376382.244782,-25992661.231005,-176650917.55937,-176834689.29098,0.0019988288209677,-0.00029245846952131,361585.85370117,-361585.85370117
182.25,0,-0.00073121388869688,16.44200364,65908130.565127,15.32,65908130.565127,73420247.202589,0.7061505520249,4.577254984933e-05,45.77254984933,1.4677499919177e+14,35.227809211065,6.0312325068749e-06,-0.00023029438895721,1.5123306199612e-05,2.1154538706487e-05,-3.257800842553e-05,-0.00026287239738274,-0.12715220839817,0.19210465181821,26880000,0,0,-1.4425493031515e-06,-1.4425493031515e-06,4.8563746236665e-11,6.7844004068211e-06,0.0014425493031515,0.0067844004069949,-65908130.565127,485.63746236665,67844004.068211,151.63468929098,150.78718444149,146.83468929098,150.3826928957,150.45830704619,0,0,0,65.729629676892,0.076101270846132,0.052793859825404,0.029286866749888,4.5359526938173e-07,3.9072648154572,0.027215716162904,0.052793859825404,0.0014425493031515,-1.4425493031515e-06,0.0037702730355659,2.2140833333333,2.2140833333333e-13,6587491.9175193,0.7061505520249,1.63e-06,1.63,4.5359526938173e-07,3.1880865081128e-09,8000000,6587491.9175193,73420247.202589,0.00043875541917557,180.89885932609,0,-1.4425493031515e-06,0,0,0,3000000,5000000,-4.8811444583147e-07,-3.7232755174283e-09,-0.51616643038687,0.0067844004069949,1,67.581534520546,67844004.069949,176.65091755937,176834689.29098,180.3826928957,26.376382244782,25.992661231005,0,0,-26376382.244782,-25992661.231005,-176650917.55937,-176834689.29098,0.0019988288209677,-0.00029245846952131,361585.85370117,-361585.85370117
183,0,-0.00073121388869688,16.44200364,65908130.565127,15.32,65908130.565127,73420247.202589,0.7061505520249,4.577254984933e-05,45.77254984933,1.4677499919177e+14,35.227809211065,6.0312325068749e-06,-0.00023029438895721,1.5123306199612e-05,2.1154538706487e-05,-3.257800842553e-05,-0.00026287239738274,-0.12715220839817,0.19210465181821,26880000,0,0,-1.4425493031515e-06,-1.4425493031515e-06,4.8563746236665e-11,6.7844004068211e-06,0.0014425493031515,0.0067844004069949,-65908130.565127,485.63746236665,67844004.068211,151.63468929098,150.78718444149,146.83468929098,150.3826928957,150.45830704619,0,0,0,65.729629676892,0.076101270846132,0.052793859825404,0.029286866749888,4.5359526938173e-07,3.9072648154572,0.027215716162904,0.052793859825404,0.0014425493031515,-1.4425493031515e-06,0.0037702730355659,2.2140833333333,2.2140833333333e-13,6587491.9175193,0.7061505520249,1.63e-06,1.63,4.5359526938173e-07,3.1880865081128e-09,8000000,6587491.9175193,73420247.202589,0.00043875541917557,180.89885932609,0,-1.4425493031515e-06,0,0,0,3000000,5000000,-4.8811444583147e-07,-3.7232755174283e-09,-0.51616643038687,0.0067844004069949,1,67.581534520546,67844004.069949,176.65091755937,176834689.29098,180.3826928957,26.376382244782,25.992661231005,0,0,-26376382.244782,-25992661.231005,-176650917.55937,-176834689.29098,0.0019988288209677,-0.00029245846952131,361585.85370117,-361585.85370117
183.75,0,-0.00073121388869688,16.44200364,65908130.565127,15.32,65908130.565127,73420247.202589,0.7061505520249,4.577254984933e-05,45.77254984933,1.4677499919177e+14,35.227809211065,6.0312325068749e-06,-0.00023029438895721,1.5123306199612e-05,2.1154538706487e-05,-3.257800842553e-05,-0.00026287239738274,-0.12715220839817,0.19210465181821,26880000,0,0,-1.4425493031515e-06,-1.4425493031515e-06,4.8563746236665e-11,6.7844004068211e-06,0.0014425493031515,0.0067844004069949,-65908130.565127,485.63746236665,67844004.068211,151.63468929098,150.78718444149,146.83468929098,150.3826928957,150.45830704619,0,0,0,65.729629676892,0.076101270846132,0.052793859825404,0.029286866749888,4.5359526938173e-07,3.9072648154572,0.027215716162904,0.052793859825404,0.0014425493031515,-1.4425493031515e-06,0.0037702730355659,2.2140833333333,2.2140833333333e-13,6587491.9175193,0.7061505520249,1.63e-06,1.63,4.5359526938173e-07,3.1880865081128e-09,8000000,6587491.9175193,73420247.202589,0.00043875541917557,180.89885932609,0,-1.4425493031515e-06,0,0,0,3000000,5000000,-4.8811444583147e-07,-3.7232755174283e-09,-0.51616643038687,0.0067844004069949,1,67.581534520546,67844004.069949,176.65091755937,176834689.29098,180.3826928957,26.376382244782,25.992661231005,0,0,-26376382.244782,-25992661.231005,-176650917.55937,-176834689.29098,0.0019988288209677,-0.00029245846952131,361585.85370117,-361585.85370117
184.5,0,-0.00073121388869688,16.44200364,65908130.565127,15.32,65908130.565127,73420247.202589,0.7061505520249,4.577254984933e-05,45.77254984933,1.4677499919177e+14,35.227809211065,6.0312325068749e-06,-0.00023029438895721,1.5123306199612e-05,2.1154538706487e-05,-3.257800842553e-05,-0.00026287239738274,-0.12715220839817,0.19210465181821,26880000,0,0,-1.4425493031515e-06,-1.4425493031515e-06,4.8563746236665e-11,6.7844004068211e-06,0.0014425493031515,0.0067844004069949,-65908130.565127,485.63746236665,67844004.068211,151.63468929098,150.78718444149,146.83468929098,150.3826928957,150.45830704619,0,0,0,65.729629676892,0.076101270846132,0.052793859825404,0.029286866749888,4.5359526938173e-07,3.9072648154572,0.027215716162904,0.052793859825404,0.0014425493031515,-1.4425493031515e-06,0.0037702730355659,2.2140833333333,2.2140833333333e-13,6587491.9175193,0.7061505520249,1.63e-06,1.63,4.5359526938173e-07,3.1880865081128e-09,8000000,6587491.9175193,73420247.202589,0.00043875541917557,180.89885932609,0,-1.4425493031515e-06,0,0,0,3000000,5000000,-4.8811444583147e-07,-3.7232755174283e-09,-0.51616643038687,0.0067844004069949,1,67.581534520546,67844004.069949,176.65091755937,176834689.29098,180.3826928957,26.376382244782,25.992661231005,0,0,-26376382.244782,-25992661.231005,-176650917.55937,-176834689.29098,0.0019988288209677,-0.00029245846952131,361585.85370117,-361585.85370117
185.25,0,-0.00073121388869688,16.44200364,65908130.565127,15.32,65908130.565127,73420247.202589,0.7061505520249,4.577254984933e-05,45.77254984933,1.4677499919177e+14,35.227809211065,6.0312325068749e-06,-0.00023029438895721,1.5123306199612e-05,2.1154538706487e-05,-3.257800842553e-05,-0.00026287239738274,-0.12715220839817,0.19210465181821,26880000,0,0,-1.4425493031515e-06,-1.4425493031515e-06,4.8563746236665e-11,6.7844004068211e-06,0.0014425493031515,0.0067844004069949,-65908130.565127,485.63746236665,67844004.068211,151.63468929098,150.78718444149,146.83468929098,150.3826928957,150.45830704619,0,0,0,65.729629676892,0.076101270846132,0.052793859825404,0.029286866749888,4.5359526938173e-07,3.9072648154572,0.027215716162904,0.052793859825404,0.0014425493031515,-1.4425493031515e-06,0.0037702730355659,2.2140833333333,2.2140833333333e-13,6587491.9175193,0.7061505520249,1.63e-06,1.63,4.5359526938173e-07,3.1880865081128e-09,8000000,6587491.9175193,73420247.202589,0.00043875541917557,180.89885932609,0,-1.4425493031515e-06,0,0,0,3000000,5000000,-4.8811444583147e-07,-3.7232755174283e-09,-0.51616643038687,0.0067844004069949,1,67.581534520546,67844004.069949,176.65091755937,176834689.29098,180.3826928957,26.376382244782,25.992661231005,0,0,-26376382.244782,-25992661.231005,-176650917.55937,-176834689.29098,0.0019988288209677,-0.00029245846952131,361585.85370117,-361585.85370117
186,0,-0.00073121388869688,16.44200364,65908130.565127,15.32,65908130.565127,73420247.202589,0.7061505520249,4.577254984933e-05,45.77254984933,1.4677499919177e+14,35.227809211065,6.0312325068749e-06,-0.00023029438895721,1.5123306199612e-05,2.1154538706487e-05,-3.257800842553e-05,-0.00026287239738274,-0.12715220839817,0.19210465181821,26880000,0,0,-1.4425493031515e-06,-1.4425493031515e-06,4.8563746236665e-11,6.7844004068211e-06,0.0014425493031515,0.0067844004069949,-65908130.565127,485.63746236665,67844004.068211,151.63468929098,150.78718444149,146.83468929098,150.3826928957,150.45830704619,0,0,0,65.729629676892,0.076101270846132,0.052793859825404,0.029286866749888,4.5359526938173e-07,3.9072648154572,0.027215716162904,0.052793859825404,0.0014425493031515,-1.4425493031515e-06,0.0037702730355659,2.2140833333333,2.2140833333333e-13,6587491.9175193,0.7061505520249,1.63e-06,1.63,4.5359526938173e-07,3.1880865081128e-09,8000000,6587491.9175193,73420247.202589,0.00043875541917557,180.89885932609,0,-1.4425493031515e-06,0,0,0,3000000,5000000,-4.8811444583147e-07,-3.7232755174283e-09,-0.51616643038687,0.0067844004069949,1,67.581534520546,67844004.069949,176.65091755937,176834689.29098,180.3826928957,26.376382244782,25.992661231005,0,0,-26376382.244782,-25992661.231005,-176650917.55937,-176834689.29098,0.0019988288209677,-0.00029245846952131,361585.85370117,-361585.85370117
186.75,0,-0.00073121388869688,16.44200364,65908130.565127,15.32,65908130.565127,73420247.202589,0.7061505520249,4.577254984933e-05,45.77254984933,1.4677499919177e+14,35.227809211065,6.0312325068749e-06,-0.00023029438895721,1.5123306199612e-05,2.1154538706487e-05,-3.257800842553e-05,-0.00026287239738274,-0.12715220839817,0.19210465181821,26880000,0,0,-1.4425493031515e-06,-1.4425493031515e-06,4.8563746236665e-11,6.7844004068211e-06,0.0014425493031515,0.0067844004069949,-65908130.565127,485.63746236665,67844004.068211,151.63468929098,150.78718444149,146.83468929098,150.3826928957,150.45830704619,0,0,0,65.729629676892,0.076101270846132,0.052793859825404,0.029286866749888,4.5359526938173e-07,3.9072648154572,0.027215716162904,0.052793859825404,0.0014425493031515,-1.4425493031515e-06,0.0037702730355659,2.2140833333333,2.2140833333333e-13,6587491.9175193,0.7061505520249,1.63e-06,1.63,4.5359526938173e-07,3.1880865081128e-09,8000000,6587491.9175193,73420247.202589,0.00043875541917557,180.89885932609,0,-1.4425493031515e-06,0,0,0,3000000,5000000,-4.8811444583147e-07,-3.7232755174283e-09,-0.51616643038687,0.0067844004069949,1,67.581534520546,67844004.069949,176.65091755937,176834689.29098,180.3826928957,26.376382244782,25.992661231005,0,0,-26376382.244782,-25992661.231005,-176650917.55937,-176834689.29098,0.0019988288209677,-0.00029245846952131,361585.85370117,-361585.85370117
187.5,0,-0.00073121388869688,16.44200364,65908130.565127,15.32,65908130.565127,73420247.202589,0.7061505520249,4.577254984933e-05,45.77254984933,1.4677499919177e+14,35.227809211065,6.0312325068749e-06,-0.00023029438895721,1.5123306199612e-05,2.1154538706487e-05,-3.257800842553e-05,-0.00026287239738274,-0.12715220839817,0.19210465181821,26880000,0,0,-1.4425493031515e-06,-1.4425493031515e-06,4.8563746236665e-11,6.7844004068211e-06,0.0014425493031515,0.0067844004069949,-65908130.565127,485.63746236665,67844004.068211,151.63468929098,150.78718444149,146.83468929098,150.3826928957,150.45830704619,0,0,0,65.729629676892,0.076101270846132,0.052793859825404,0.029286866749888,4.5359526938173e-07,3.9072648154572,0.027215716162904,0.052793859825404,0.0014425493031515,-1.4425493031515e-06,0.0037702730355659,2.2140833333333,2.2140833333333e-13,6587491.9175193,0.7061505520249,1.63e-06,1.63,4.5359526938173e-07,3.1880865081128e-09,8000000,6587491.9175193,73420247.202589,0.00043875541917557,180.89885932609,0,-1.4425493031515e-06,0,0,0,3000000,5000000,-4.8811444583147e-07,-3.7232755174283e-09,-0.51616643038687,0.0067844004069949,1,67.581534520546,67844004.069949,176.65091755937,176834689.29098,180.3826928957,26.376382244782,25.992661231005,0,0,-26376382.244782,-25992661.231005,-176650917.55937,-176834689.29098,0.0019988288209677,-0.00029245846952131,361585.85370117,-361585.85370117
188.25,0,-0.00073121388869688,16.44200364,65908130.565127,15.32,65908130.565127,73420247.202589,0.7061505520249,4.577254984933e-05,45.77254984933,1.4677499919177e+14,35.227809211065,6.0312325068749e-06,-0.00023029438895721,1.5123306199612e-05,2.1154538706487e-05,-3.257800842553e-05,-0.00026287239738274,-0.12715220839817,0.19210465181821,26880000,0,0,-1.4425493031515e-06,-1.4425493031515e-06,4.8563746236665e-11,6.7844004068211e-06,0.0014425493031515,0.0067844004069949,-65908130.565127,485.63746236665,67844004.068211,151.63468929098,150.78718444149,146.83468929098,150.3826928957,150.45830704619,0,0,0,65.729629676892,0.076101270846132,0.052793859825404,0.029286866749888,4.5359526938173e-07,3.9072648154572,0.027215716162904,0.052793859825404,0.0014425493031515,-1.4425493031515e-06,0.0037702730355659,2.2140833333333,2.2140833333333e-13,6587491.9175193,0.7061505520249,1.63e-06,1.63,4.5359526938173e-07,3.1880865081128e-09,8000000,6587491.9175193,73420247.202589,0.00043875541917557,180.89885932609,0,-1.4425493031515e-06,0,0,0,3000000,5000000,-4.8811444583147e-07,-3.7232755174283e-09,-0.51616643038687,0.0067844004069949,1,67.581534520546,67844004.069949,176.65091755937,176834689.29098,180.3826928957,26.376382244782,25.992661231005,0,0,-26376382.244782,-25992661.231005,-176650917.55937,-176834689.29098,0.0019988288209677,-0.00029245846952131,361585.85370117,-361585.85370117
189,0,-0.00073121388869688,16.44200364,65908130.565127,15.32,65908130.565127,73420247.202589,0.7061505520249,4.577254984933e-05,45.77254984933,1.4677499919177e+14,35.227809211065,6.0312325068749e-06,-0.00023029438895721,1.5123306199612e-05,2.1154538706487e-05,-3.257800842553e-05,-0.00026287239738274,-0.12715220839817,0.19210465181821,26880000,0,0,-1.4425493031515e-06,-1.4425493031515e-06,4.8563746236665e-11,6.7844004068211e-06,0.0014425493031515,0.0067844004069949,-65908130.565127,485.63746236665,67844004.068211,151.63468929098,150.78718444149,146.83468929098,150.3826928957,150.45830704619,0,0,0,65.729629676892,0.076101270846132,0.052793859825404,0.029286866749888,4.5359526938173e-07,3.9072648154572,0.027215716162904,0.052793859825404,0.0014425493031515,-1.4425493031515e-06,0.0037702730355659,2.2140833333333,2.2140833333333e-13,6587491.9175193,0.7061505520249,1.63e-06,1.63,4.5359526938173e-07,3.1880865081128e-09,8000000,6587491.9175193,73420247.202589,0.00043875541917557,180.89885932609,0,-1.4425493031515e-06,0,0,0,3000000,5000000,-4.8811444583147e-07,-3.7232755174283e-09,-0.51616643038687,0.0067844004069949,1,67.581534520546,67844004.069949,176.65091755937,176834689.29098,180.3826928957,26.376382244782,25.992661231005,0,0,-26376382.244782,-25992661.231005,-176650917.55937,-176834689.29098,0.0019988288209677,-0.00029245846952131,361585.85370117,-361585.85370117
189.75,0,-0.00073121388869688,16.44200364,65908130.565127,15.32,65908130.565127,73420247.202589,0.7061505520249,4.577254984933e-05,45.77254984933,1.4677499919177e+14,35.227809211065,6.0312325068749e-06,-0.00023029438895721,1.5123306199612e-05,2.1154538706487e-05,-3.257800842553e-05,-0.00026287239738274,-0.12715220839817,0.19210465181821,26880000,0,0,-1.4425493031515e-06,-1.4425493031515e-06,4.8563746236665e-11,6.7844004068211e-06,0.0014425493031515,0.0067844004069949,-65908130.565127,485.63746236665,67844004.068211,151.63468929098,150.78718444149,146.83468929098,150.3826928957,150.45830704619,0,0,0,65.729629676892,0.076101270846132,0.052793859825404,0.029286866749888,4.5359526938173e-07,3.9072648154572,0.027215716162904,0.052793859825404,0.0014425493031515,-1.4425493031515e-06,0.0037702730355659,2.2140833333333,2.2140833333333e-13,6587491.9175193,0.7061505520249,1.63e-06,1.63,4.5359526938173e-07,3.1880865081128e-09,8000000,6587491.9175193,73420247.202589,0.00043875541917557,180.89885932609,0,-1.4425493031515e-06,0,0,0,3000000,5000000,-4.8811444583147e-07,-3.7232755174283e-09,-0.51616643038687,0.0067844004069949,1,67.581534520546,67844004.069949,176.65091755937,176834689.29098,180.3826928957,26.376382244782,25.992661231005,0,0,-26376382.244782,-25992661.231005,-176650917.55937,-176834689.29098,0.0019988288209677,-0.00029245846952131,361585.85370117,-361585.85370117
190.5,0,-0.00073121388869688,16.44200364,65908130.565127,15.32,65908130.565127,73420247.202589,0.7061505520249,4.577254984933e-05,45.77254984933,1.4677499919177e+14,35.227809211065,6.0312325068749e-06,-0.00023029438895721,1.5123306199612e-05,2.1154538706487e-05,-3.257800842553e-05,-0.00026287239738274,-0.12715220839817,0.19210465181821,26880000,0,0,-1.4425493031515e-06,-1.4425493031515e-06,4.8563746236665e-11,6.7844004068211e-06,0.0014425493031515,0.0067844004069949,-65908130.565127,485.63746236665,67844004.068211,151.63468929098,150.78718444149,146.83468929098,150.3826928957,150.45830704619,0,0,0,65.729629676892,0.076101270846132,0.052793859825404,0.029286866749888,4.5359526938173e-07,3.9072648154572,0.027215716162904,0.052793859825404,0.0014425493031515,-1.4425493031515e-06,0.0037702730355659,2.2140833333333,2.2140833333333e-13,6587491.9175193,0.7061505520249,1.63e-06,1.63,4.5359526938173e-07,3.1880865081128e-09,8000000,6587491.9175193,73420247.202589,0.00043875541917557,180.89885932609,0,-1.4425493031515e-06,0,0,0,3000000,5000000,-4.8811444583147e-07,-3.7232755174283e-09,-0.51616643038687,0.0067844004069949,1,67.581534520546,67844004.069949,176.65091755937,176834689.29098,180.3826928957,26.376382244782,25.992661231005,0,0,-26376382.244782,-25992661.231005,-176650917.55937,-176834689.29098,0.0019988288209677,-0.00029245846952131,361585.85370117,-361585.85370117
191.25,0,-0.00073121388869688,16.44200364,65908130.565127,15.32,65908130.565127,73420247.202589,0.7061505520249,4.577254984933e-05,45.77254984933,1.4677499919177e+14,35.227809211065,6.0312325068749e-06,-0.00023029438895721,1.5123306199612e-05,2.1154538706487e-05,-3.257800842553e-05,-0.00026287239738274,-0.12715220839817,0.19210465181821,26880000,0,0,-1.4425493031515e-06,-1.4425493031515e-06,4.8563746236665e-11,6.7844004068211e-06,0.0014425493031515,0.0067844004069949,-65908130.565127,485.63746236665,67844004.068211,151.63468929098,150.78718444149,146.83468929098,150.3826928957,150.45830704619,0,0,0,65.729629676892,0.076101270846132,0.052793859825404,0.029286866749888,4.5359526938173e-07,3.9072648154572,0.027215716162904,0.052793859825404,0.0014425493031515,-1.4425493031515e-06,0.0037702730355659,2.2140833333333,2.2140833333333e-13,6587491.9175193,0.7061505520249,1.63e-06,1.63,4.5359526938173e-07,3.1880865081128e-09,8000000,6587491.9175193,73420247.202589,0.00043875541917557,180.89885932609,0,-1.4425493031515e-06,0,0,0,3000000,5000000,-4.8811444583147e-07,-3.7232755174283e-09,-0.51616643038687,0.0067844004069949,1,67.581534520546,67844004.069949,176.65091755937,176834689.29098,180.3826928957,26.376382244782,25.992661231005,0,0,-26376382.244782,-25992661.231005,-176650917.55937,-176834689.29098,0.0019988288209677,-0.00029245846952131,361585.85370117,-361585.85370117
192,0,-0.00073121388869688,16.44200364,65908130.565127,15.32,65908130.565127,73420247.202589,0.7061505520249,4.577254984933e-05,45.77254984933,1.4677499919177e+14,35.227809211065,6.0312325068749e-06,-0.00023029438895721,1.5123306199612e-05,2.1154538706487e-05,-3.257800842553e-05,-0.00026287239738274,-0.12715220839817,0.19210465181821,26880000,0,0,-1.4425493031515e-06,-1.4425493031515e-06,4.8563746236665e-11,6.7844004068211e-06,0.0014425493031515,0.0067844004069949,-65908130.565127,485.63746236665,67844004.068211,151.63468929098,150.78718444149,146.83468929098,150.3826928957,150.45830704619,0,0,0,65.729629676892,0.076101270846132,0.052793859825404,0.029286866749888,4.5359526938173e-07,3.9072648154572,0.027215716162904,0.052793859825404,0.0014425493031515,-1.4425493031515e-06,0.0037702730355659,2.2140833333333,2.2140833333333e-13,6587491.9175193,0.7061505520249,1.63e-06,1.63,4.5359526938173e-07,3.1880865081128e-09,8000000,6587491.9175193,73420247.202589,0.00043875541917557,180.89885932609,0,-1.4425493031515e-06,0,0,0,3000000,5000000,-4.8811444583147e-07,-3.7232755174283e-09,-0.51616643038687,0.0067844004069949,1,67.581534520546,67844004.069949,176.65091755937,176834689.29098,180.3826928957,26.376382244782,25.992661231005,0,0,-26376382.244782,-25992661.231005,-176650917.55937,-176834689.29098,0.0019988288209677,-0.00029245846952131,361585.85370117,-361585.85370117
192.75,0,-0.00073121388869688,16.44200364,65908130.565127,15.32,65908130.565127,73420247.202589,0.7061505520249,4.577254984933e-05,45.77254984933,1.4677499919177e+14,35.227809211065,6.0312325068749e-06,-0.00023029438895721,1.5123306199612e-05,2.1154538706487e-05,-3.257800842553e-05,-0.00026287239738274,-0.12715220839817,0.19210465181821,26880000,0,0,-1.4425493031515e-06,-1.4425493031515e-06,4.8563746236665e-11,6.7844004068211e-06,0.0014425493031515,0.0067844004069949,-65908130.565127,485.63746236665,67844004.068211,151.63468929098,150.78718444149,146.83468929098,150.3826928957,150.45830704619,0,0,0,65.729629676892,0.076101270846132,0.052793859825404,0.029286866749888,4.5359526938173e-07,3.9072648154572,0.027215716162904,0.052793859825404,0.0014425493031515,-1.4425493031515e-06,0.0037702730355659,2.2140833333333,2.2140833333333e-13,6587491.9175193,0.7061505520249,1.63e-06,1.63,4.5359526938173e-07,3.1880865081128e-09,8000000,6587491.9175193,73420247.202589,0.00043875541917557,180.89885932609,0,-1.4425493031515e-06,0,0,0,3000000,5000000,-4.8811444583147e-07,-3.7232755174283e-09,-0.51616643038687,0.0067844004069949,1,67.581534520546,67844004.069949,176.65091755937,176834689.29098,180.3826928957,26.376382244782,25.992661231005,0,0,-26376382.244782,-25992661.231005,-176650917.55937,-176834689.29098,0.0019988288209677,-0.00029245846952131,361585.85370117,-361585.85370117
193.5,0,-0.00073121388869688,16.44200364,65908130.565127,15.32,65908130.565127,73420247.202589,0.7061505520249,4.577254984933e-05,45.77254984933,1.4677499919177e+14,35.227809211065,6.0312325068749e-06,-0.00023029438895721,1.5123306199612e-05,2.1154538706487e-05,-3.257800842553e-05,-0.00026287239738274,-0.12715220839817,0.19210465181821,26880000,0,0,-1.4425493031515e-06,-1.4425493031515e-06,4.8563746236665e-11,6.7844004068211e-06,0.0014425493031515,0.0067844004069949,-65908130.565127,485.63746236665,67844004.068211,151.63468929098,150.78718444149,146.83468929098,150.3826928957,150.45830704619,0,0,0,65.729629676892,0.076101270846132,0.052793859825404,0.029286866749888,4.5359526938173e-07,3.9072648154572,0.027215716162904,0.052793859825404,0.0014425493031515,-1.4425493031515e-06,0.0037702730355659,2.2140833333333,2.2140833333333e-13,6587491.9175193,0.7061505520249,1.63e-06,1.63,4.5359526938173e-07,3.1880865081128e-09,8000000,6587491.9175193,73420247.202589,0.00043875541917557,180.89885932609,0,-1.4425493031515e-06,0,0,0,3000000,5000000,-4.8811444583147e-07,-3.7232755174283e-09,-0.51616643038687,0.0067844004069949,1,67.581534520546,67844004.069949,176.65091755937,176834689.29098,180.3826928957,26.376382244782,25.992661231005,0,0,-26376382.244782,-25992661.231005,-176650917.55937,-176834689.29098,0.0019988288209677,-0.00029245846952131,361585.85370117,-361585.85370117
194.25,0,-0.00073121388869688,16.44200364,65908130.565127,15.32,65908130.565127,73420247.202589,0.7061505520249,4.577254984933e-05,45.77254984933,1.4677499919177e+14,35.227809211065,6.0312325068749e-06,-0.00023029438895721,1.5123306199612e-05,2.1154538706487e-05,-3.257800842553e-05,-0.00026287239738274,-0.12715220839817,0.19210465181821,26880000,0,0,-1.4425493031515e-06,-1.4425493031515e-06,4.8563746236665e-11,6.7844004068211e-06,0.0014425493031515,0.0067844004069949,-65908130.565127,485.63746236665,67844004.068211,151.63468929098,150.78718444149,146.83468929098,150.3826928957,150.45830704619,0,0,0,65.729629676892,0.076101270846132,0.052793859825404,0.029286866749888,4.5359526938173e-07,3.9072648154572,0.027215716162904,0.052793859825404,0.0014425493031515,-1.4425493031515e-06,0.0037702730355659,2.2140833333333,2.2140833333333e-13,6587491.9175193,0.7061505520249,1.63e-06,1.63,4.5359526938173e-07,3.1880865081128e-09,8000000,6587491.9175193,73420247.202589,0.00043875541917557,180.89885932609,0,-1.4425493031515e-06,0,0,0,3000000,5000000,-4.8811444583147e-07,-3.7232755174283e-09,-0.51616643038687,0.0067844004069949,1,67.581534520546,67844004.069949,176.65091755937,176834689.29098,180.3826928957,26.376382244782,25.992661231005,0,0,-26376382.244782,-25992661.231005,-176650917.55937,-176834689.29098,0.0019988288209677,-0.00029245846952131,361585.85370117,-361585.85370117
195,0,-0.00073121388869688,16.44200364,65908130.565127,15.32,65908130.565127,73420247.202589,0.7061505520249,4.577254984933e-05,45.77254984933,1.4677499919177e+14,35.227809211065,6.0312325068749e-06,-0.00023029438895721,1.5123306199612e-05,2.1154538706487e-05,-3.257800842553e-05,-0.00026287239738274,-0.12715220839817,0.19210465181821,26880000,0,0,-1.4425493031515e-06,-1.4425493031515e-06,4.8563746236665e-11,6.7844004068211e-06,0.0014425493031515,0.0067844004069949,-65908130.565127,485.63746236665,67844004.068211,151.63468929098,150.78718444149,146.83468929098,150.3826928957,150.45830704619,0,0,0,65.729629676892,0.076101270846132,0.052793859825404,0.029286866749888,4.5359526938173e-07,3.9072648154572,0.027215716162904,0.052793859825404,0.0014425493031515,-1.4425493031515e-06,0.0037702730355659,2.2140833333333,2.2140833333333e-13,6587491.9175193,0.7061505520249,1.63e-06,1.63,4.5359526938173e-07,3.1880865081128e-09,8000000,6587491.9175193,73420247.202589,0.00043875541917557,180.89885932609,0,-1.4425493031515e-06,0,0,0,3000000,5000000,-4.8811444583147e-07,-3.7232755174283e-09,-0.51616643038687,0.0067844004069949,1,67.581534520546,67844004.069949,176.65091755937,176834689.29098,180.3826928957,26.376382244782,25.992661231005,0,0,-26376382.244782,-25992661.231005,-176650917.55937,-176834689.29098,0.0019988288209677,-0.00029245846952131,361585.85370117,-361585.85370117
195.75,0,-0.00073121388869688,16.44200364,65908130.565127,15.32,65908130.565127,73420247.202589,0.7061505520249,4.577254984933e-05,45.77254984933,1.4677499919177e+14,35.227809211065,6.0312325068749e-06,-0.00023029438895721,1.5123306199612e-05,2.1154538706487e-05,-3.257800842553e-05,-0.00026287239738274,-0.12715220839817,0.19210465181821,26880000,0,0,-1.4425493031515e-06,-1.4425493031515e-06,4.8563746236665e-11,6.7844004068211e-06,0.0014425493031515,0.0067844004069949,-65908130.565127,485.63746236665,67844004.068211,151.63468929098,150.78718444149,146.83468929098,150.3826928957,150.45830704619,0,0,0,65.729629676892,0.076101270846132,0.052793859825404,0.029286866749888,4.5359526938173e-07,3.9072648154572,0.027215716162904,0.052793859825404,0.0014425493031515,-1.4425493031515e-06,0.0037702730355659,2.2140833333333,2.2140833333333e-13,6587491.9175193,0.7061505520249,1.63e-06,1.63,4.5359526938173e-07,3.1880865081128e-09,8000000,6587491.9175193,73420247.202589,0.00043875541917557,180.89885932609,0,-1.4425493031515e-06,0,0,0,3000000,5000000,-4.8811444583147e-07,-3.7232755174283e-09,-0.51616643038687,0.0067844004069949,1,67.581534520546,67844004.069949,176.65091755937,176834689.29098,180.3826928957,26.376382244782,25.992661231005,0,0,-26376382.244782,-25992661.231005,-176650917.55937,-176834689.29098,0.0019988288209677,-0.00029245846952131,361585.85370117,-361585.85370117
196.5,0,-0.00073121388869688,16.44200364,65908130.565127,15.32,65908130.565127,73420247.202589,0.7061505520249,4.577254984933e-05,45.77254984933,1.4677499919177e+14,35.227809211065,6.0312325068749e-06,-0.00023029438895721,1.5123306199612e-05,2.1154538706487e-05,-3.257800842553e-05,-0.00026287239738274,-0.12715220839817,0.19210465181821,26880000,0,0,-1.4425493031515e-06,-1.4425493031515e-06,4.8563746236665e-11,6.7844004068211e-06,0.0014425493031515,0.0067844004069949,-65908130.565127,485.63746236665,67844004.068211,151.63468929098,150.78718444149,146.83468929098,150.3826928957,150.45830704619,0,0,0,65.729629676892,0.076101270846132,0.052793859825404,0.029286866749888,4.5359526938173e-07,3.9072648154572,0.027215716162904,0.052793859825404,0.0014425493031515,-1.4425493031515e-06,0.0037702730355659,2.2140833333333,2.2140833333333e-13,6587491.9175193,0.7061505520249,1.63e-06,1.63,4.5359526938173e-07,3.1880865081128e-09,8000000,6587491.9175193,73420247.202589,0.00043875541917557,180.89885932609,0,-1.4425493031515e-06,0,0,0,3000000,5000000,-4.8811444583147e-07,-3.7232755174283e-09,-0.51616643038687,0.0067844004069949,1,67.581534520546,67844004.069949,176.65091755937,176834689.29098,180.3826928957,26.376382244782,25.992661231005,0,0,-26376382.244782,-25992661.231005,-176650917.55937,-176834689.29098,0.0019988288209677,-0.00029245846952131,361585.85370117,-361585.85370117
197.25,0,-0.00073121388869688,16.44200364,65908130.565127,15.32,65908130.565127,73420247.202589,0.7061505520249,4.577254984933e-05,45.77254984933,1.4677499919177e+14,35.227809211065,6.0312325068749e-06,-0.00023029438895721,1.5123306199612e-05,2.1154538706487e-05,-3.257800842553e-05,-0.00026287239738274,-0.12715220839817,0.19210465181821,26880000,0,0,-1.4425493031515e-06,-1.4425493031515e-06,4.8563746236665e-11,6.7844004068211e-06,0.0014425493031515,0.0067844004069949,-65908130.565127,485.63746236665,67844004.068211,151.63468929098,150.78718444149,146.83468929098,150.3826928957,150.45830704619,0,0,0,65.729629676892,0.076101270846132,0.052793859825404,0.029286866749888,4.5359526938173e-07,3.9072648154572,0.027215716162904,0.052793859825404,0.0014425493031515,-1.4425493031515e-06,0.0037702730355659,2.2140833333333,2.2140833333333e-13,6587491.9175193,0.7061505520249,1.63e-06,1.63,4.5359526938173e-07,3.1880865081128e-09,8000000,6587491.9175193,73420247.202589,0.00043875541917557,180.89885932609,0,-1.4425493031515e-06,0,0,0,3000000,5000000,-4.8811444583147e-07,-3.7232755174283e-09,-0.51616643038687,0.0067844004069949,1,67.581534520546,67844004.069949,176.65091755937,176834689.29098,180.3826928957,26.376382244782,25.992661231005,0,0,-26376382.244782,-25992661.231005,-176650917.55937,-176834689.29098,0.0019988288209677,-0.00029245846952131,361585.85370117,-361585.85370117
198,0,-0.00073121388869688,16.44200364,65908130.565127,15.32,65908130.565127,73420247.202589,0.7061505520249,4.577254984933e-05,45.77254984933,1.4677499919177e+14,35.227809211065,6.0312325068749e-06,-0.00023029438895721,1.5123306199612e-05,2.1154538706487e-05,-3.257800842553e-05,-0.00026287239738274,-0.12715220839817,0.19210465181821,26880000,0,0,-1.4425493031515e-06,-1.4425493031515e-06,4.8563746236665e-11,6.7844004068211e-06,0.0014425493031515,0.0067844004069949,-65908130.565127,485.63746236665,67844004.068211,151.63468929098,150.78718444149,146.83468929098,150.3826928957,150.45830704619,0,0,0,65.729629676892,0.076101270846132,0.052793859825404,0.029286866749888,4.5359526938173e-07,3.9072648154572,0.027215716162904,0.052793859825404,0.0014425493031515,-1.4425493031515e-06,0.0037702730355659,2.2140833333333,2.2140833333333e-13,6587491.9175193,0.7061505520249,1.63e-06,1.63,4.5359526938173e-07,3.1880865081128e-09,8000000,6587491.9175193,73420247.202589,0.00043875541917557,180.89885932609,0,-1.4425493031515e-06,0,0,0,3000000,5000000,-4.8811444583147e-07,-3.7232755174283e-09,-0.51616643038687,0.0067844004069949,1,67.581534520546,67844004.069949,176.65091755937,176834689.29098,180.3826928957,26.376382244782,25.992661231005,0,0,-26376382.244782,-25992661.231005,-176650917.55937,-176834689.29098,0.0019988288209677,-0.00029245846952131,361585.85370117,-361585.85370117
198.75,0,-0.00073121388869688,16.44200364,65908130.565127,15.32,65908130.565127,73420247.202589,0.7061505520249,4.577254984933e-05,45.77254984933,1.4677499919177e+14,35.227809211065,6.0312325068749e-06,-0.00023029438895721,1.5123306199612e-05,2.1154538706487e-05,-3.257800842553e-05,-0.00026287239738274,-0.12715220839817,0.19210465181821,26880000,0,0,-1.4425493031515e-06,-1.4425493031515e-06,4.8563746236665e-11,6.7844004068211e-06,0.0014425493031515,0.0067844004069949,-65908130.565127,485.63746236665,67844004.068211,151.63468929098,150.78718444149,146.83468929098,150.3826928957,150.45830704619,0,0,0,65.729629676892,0.076101270846132,0.052793859825404,0.029286866749888,4.5359526938173e-07,3.9072648154572,0.027215716162904,0.052793859825404,0.0014425493031515,-1.4425493031515e-06,0.0037702730355659,2.2140833333333,2.2140833333333e-13,6587491.9175193,0.7061505520249,1.63e-06,1.63,4.5359526938173e-07,3.1880865081128e-09,8000000,6587491.9175193,73420247.202589,0.00043875541917557,180.89885932609,0,-1.4425493031515e-06,0,0,0,3000000,5000000,-4.8811444583147e-07,-3.7232755174283e-09,-0.51616643038687,0.0067844004069949,1,67.581534520546,67844004.069949,176.65091755937,176834689.29098,180.3826928957,26.376382244782,25.992661231005,0,0,-26376382.244782,-25992661.231005,-176650917.55937,-176834689.29098,0.0019988288209677,-0.00029245846952131,361585.85370117,-361585.85370117
199.5,0,-0.00073121388869688,16.44200364,65908130.565127,15.32,65908130.565127,73420247.202589,0.7061505520249,4.577254984933e-05,45.77254984933,1.4677499919177e+14,35.227809211065,6.0312325068749e-06,-0.00023029438895721,1.5123306199612e-05,2.1154538706487e-05,-3.257800842553e-05,-0.00026287239738274,-0.12715220839817,0.19210465181821,26880000,0,0,-1.4425493031515e-06,-1.4425493031515e-06,4.8563746236665e-11,6.7844004068211e-06,0.0014425493031515,0.0067844004069949,-65908130.565127,485.63746236665,67844004.068211,151.63468929098,150.78718444149,146.83468929098,150.3826928957,150.45830704619,0,0,0,65.729629676892,0.076101270846132,0.052793859825404,0.029286866749888,4.5359526938173e-07,3.9072648154572,0.027215716162904,0.052793859825404,0.0014425493031515,-1.4425493031515e-06,0.0037702730355659,2.2140833333333,2.2140833333333e-13,6587491.9175193,0.7061505520249,1.63e-06,1.63,4.5359526938173e-07,3.1880865081128e-09,8000000,6587491.9175193,73420247.202589,0.00043875541917557,180.89885932609,0,-1.4425493031515e-06,0,0,0,3000000,5000000,-4.8811444583147e-07,-3.7232755174283e-09,-0.51616643038687,0.0067844004069949,1,67.581534520546,67844004.069949,176.65091755937,176834689.29098,180.3826928957,26.376382244782,25.992661231005,0,0,-26376382.244782,-25992661.231005,-176650917.55937,-176834689.29098,0.0019988288209677,-0.00029245846952131,361585.85370117,-361585.85370117
200.25,0,-0.00073121388869688,16.44200364,65908130.565127,15.32,65908130.565127,73420247.202589,0.7061505520249,4.577254984933e-05,45.77254984933,1.4677499919177e+14,35.227809211065,6.0312325068749e-06,-0.00023029438895721,1.5123306199612e-05,2.1154538706487e-05,-3.257800842553e-05,-0.00026287239738274,-0.12715220839817,0.19210465181821,26880000,0,0,-1.4425493031515e-06,-1.4425493031515e-06,4.8563746236665e-11,6.7844004068211e-06,0.0014425493031515,0.0067844004069949,-65908130.565127,485.63746236665,67844004.068211,151.63468929098,150.78718444149,146.83468929098,150.3826928957,150.45830704619,0,0,0,65.729629676892,0.076101270846132,0.052793859825404,0.029286866749888,4.5359526938173e-07,3.9072648154572,0.027215716162904,0.052793859825404,0.0014425493031515,-1.4425493031515e-06,0.0037702730355659,2.2140833333333,2.2140833333333e-13,6587491.9175193,0.7061505520249,1.63e-06,1.63,4.5359526938173e-07,3.1880865081128e-09,8000000,6587491.9175193,73420247.202589,0.00043875541917557,180.89885932609,0,-1.4425493031515e-06,0,0,0,3000000,5000000,-4.8811444583147e-07,-3.7232755174283e-09,-0.51616643038687,0.0067844004069949,1,67.581534520546,67844004.069949,176.65091755937,176834689.29098,180.3826928957,26.376382244782,25.992661231005,0,0,-26376382.244782,-25992661.231005,-176650917.55937,-176834689.29098,0.0019988288209677,-0.00029245846952131,361585.85370117,-361585.85370117
201,0,-0.00073121388869688,16.44200364,65908130.565127,15.32,65908130.565127,73420247.202589,0.7061505520249,4.577254984933e-05,45.77254984933,1.4677499919177e+14,35.227809211065,6.0312325068749e-06,-0.00023029438895721,1.5123306199612e-05,2.1154538706487e-05,-3.257800842553e-05,-0.00026287239738274,-0.12715220839817,0.19210465181821,26880000,0,0,-1.4425493031515e-06,-1.4425493031515e-06,4.8563746236665e-11,6.7844004068211e-06,0.0014425493031515,0.0067844004069949,-65908130.565127,485.63746236665,67844004.068211,151.63468929098,150.78718444149,146.83468929098,150.3826928957,150.45830704619,0,0,0,65.729629676892,0.076101270846132,0.052793859825404,0.029286866749888,4.5359526938173e-07,3.9072648154572,0.027215716162904,0.052793859825404,0.0014425493031515,-1.4425493031515e-06,0.0037702730355659,2.2140833333333,2.2140833333333e-13,6587491.9175193,0.7061505520249,1.63e-06,1.63,4.5359526938173e-07,3.1880865081128e-09,8000000,6587491.9175193,73420247.202589,0.00043875541917557,180.89885932609,0,-1.4425493031515e-06,0,0,0,3000000,5000000,-4.8811444583147e-07,-3.7232755174283e-09,-0.51616643038687,0.0067844004069949,1,67.581534520546,67844004.069949,176.65091755937,176834689.29098,180.3826928957,26.376382244782,25.992661231005,0,0,-26376382.244782,-25992661.231005,-176650917.55937,-176834689.29098,0.0019988288209677,-0.00029245846952131,361585.85370117,-361585.85370117
201.75,0,-0.00073121388869688,16.44200364,65908130.565127,15.32,65908130.565127,73420247.202589,0.7061505520249,4.577254984933e-05,45.77254984933,1.4677499919177e+14,35.227809211065,6.0312325068749e-06,-0.00023029438895721,1.5123306199612e-05,2.1154538706487e-05,-3.257800842553e-05,-0.00026287239738274,-0.12715220839817,0.19210465181821,26880000,0,0,-1.4425493031515e-06,-1.4425493031515e-06,4.8563746236665e-11,6.7844004068211e-06,0.0014425493031515,0.0067844004069949,-65908130.565127,485.63746236665,67844004.068211,151.63468929098,150.78718444149,146.83468929098,150.3826928957,150.45830704619,0,0,0,65.729629676892,0.076101270846132,0.052793859825404,0.029286866749888,4.5359526938173e-07,3.9072648154572,0.027215716162904,0.052793859825404,0.0014425493031515,-1.4425493031515e-06,0.0037702730355659,2.2140833333333,2.2140833333333e-13,6587491.9175193,0.7061505520249,1.63e-06,1.63,4.5359526938173e-07,3.1880865081128e-09,8000000,6587491.9175193,73420247.202589,0.00043875541917557,180.89885932609,0,-1.4425493031515e-06,0,0,0,3000000,5000000,-4.8811444583147e-07,-3.7232755174283e-09,-0.51616643038687,0.0067844004069949,1,67.581534520546,67844004.069949,176.65091755937,176834689.29098,180.3826928957,26.376382244782,25.992661231005,0,0,-26376382.244782,-25992661.231005,-176650917.55937,-176834689.29098,0.0019988288209677,-0.00029245846952131,361585.85370117,-361585.85370117
202.5,0,-0.00073121388869688,16.44200364,65908130.565127,15.32,65908130.565127,73420247.202589,0.7061505520249,4.577254984933e-05,45.77254984933,1.4677499919177e+14,35.227809211065,6.0312325068749e-06,-0.00023029438895721,1.5123306199612e-05,2.1154538706487e-05,-3.257800842553e-05,-0.00026287239738274,-0.12715220839817,0.19210465181821,26880000,0,0,-1.4425493031515e-06,-1.4425493031515e-06,4.8563746236665e-11,6.7844004068211e-06,0.0014425493031515,0.0067844004069949,-65908130.565127,485.63746236665,67844004.068211,151.63468929098,150.78718444149,146.83468929098,150.3826928957,150.45830704619,0,0,0,65.729629676892,0.076101270846132,0.052793859825404,0.029286866749888,4.5359526938173e-07,3.9072648154572,0.027215716162904,0.052793859825404,0.0014425493031515,-1.4425493031515e-06,0.0037702730355659,2.2140833333333,2.2140833333333e-13,6587491.9175193,0.7061505520249,1.63e-06,1.63,4.5359526938173e-07,3.1880865081128e-09,8000000,6587491.9175193,73420247.202589,0.00043875541917557,180.89885932609,0,-1.4425493031515e-06,0,0,0,3000000,5000000,-4.8811444583147e-07,-3.7232755174283e-09,-0.51616643038687,0.0067844004069949,1,67.581534520546,67844004.069949,176.65091755937,176834689.29098,180.3826928957,26.376382244782,25.992661231005,0,0,-26376382.244782,-25992661.231005,-176650917.55937,-176834689.29098,0.0019988288209677,-0.00029245846952131,361585.85370117,-361585.85370117
203.25,0,-0.00073121388869688,16.44200364,65908130.565127,15.32,65908130.565127,73420247.202589,0.7061505520249,4.577254984933e-05,45.77254984933,1.4677499919177e+14,35.227809211065,6.0312325068749e-06,-0.00023029438895721,1.5123306199612e-05,2.1154538706487e-05,-3.257800842553e-05,-0.00026287239738274,-0.12715220839817,0.19210465181821,26880000,0,0,-1.4425493031515e-06,-1.4425493031515e-06,4.8563746236665e-11,6.7844004068211e-06,0.0014425493031515,0.0067844004069949,-65908130.565127,485.63746236665,67844004.068211,151.63468929098,150.78718444149,146.83468929098,150.3826928957,150.45830704619,0,0,0,65.729629676892,0.076101270846132,0.052793859825404,0.029286866749888,4.5359526938173e-07,3.9072648154572,0.027215716162904,0.052793859825404,0.0014425493031515,-1.4425493031515e-06,0.0037702730355659,2.2140833333333,2.2140833333333e-13,6587491.9175193,0.7061505520249,1.63e-06,1.63,4.5359526938173e-07,3.1880865081128e-09,8000000,6587491.9175193,73420247.202589,0.00043875541917557,180.89885932609,0,-1.4425493031515e-06,0,0,0,3000000,5000000,-4.8811444583147e-07,-3.7232755174283e-09,-0.51616643038687,0.0067844004069949,1,67.581534520546,67844004.069949,176.65091755937,176834689.29098,180.3826928957,26.376382244782,25.992661231005,0,0,-26376382.244782,-25992661.231005,-176650917.55937,-176834689.29098,0.0019988288209677,-0.00029245846952131,361585.85370117,-361585.85370117
204,0,-0.00073121388869688,16.44200364,65908130.565127,15.32,65908130.565127,73420247.202589,0.7061505520249,4.577254984933e-05,45.77254984933,1.4677499919177e+14,35.227809211065,6.0312325068749e-06,-0.00023029438895721,1.5123306199612e-05,2.1154538706487e-05,-3.257800842553e-05,-0.00026287239738274,-0.12715220839817,0.19210465181821,26880000,0,0,-1.4425493031515e-06,-1.4425493031515e-06,4.8563746236665e-11,6.7844004068211e-06,0.0014425493031515,0.0067844004069949,-65908130.565127,485.63746236665,67844004.068211,151.63468929098,150.78718444149,146.83468929098,150.3826928957,150.45830704619,0,0,0,65.729629676892,0.076101270846132,0.052793859825404,0.029286866749888,4.5359526938173e-07,3.9072648154572,0.027215716162904,0.052793859825404,0.0014425493031515,-1.4425493031515e-06,0.0037702730355659,2.2140833333333,2.2140833333333e-13,6587491.9175193,0.7061505520249,1.63e-06,1.63,4.5359526938173e-07,3.1880865081128e-09,8000000,6587491.9175193,73420247.202589,0.00043875541917557,180.89885932609,0,-1.4425493031515e-06,0,0,0,3000000,5000000,-4.8811444583147e-07,-3.7232755174283e-09,-0.51616643038687,0.0067844004069949,1,67.581534520546,67844004.069949,176.65091755937,176834689.29098,180.3826928957,26.376382244782,25.992661231005,0,0,-26376382.244782,-25992661.231005,-176650917.55937,-176834689.29098,0.0019988288209677,-0.00029245846952131,361585.85370117,-361585.85370117
204.75,0,-0.00073121388869688,16.44200364,65908130.565127,15.32,65908130.565127,73420247.202589,0.7061505520249,4.577254984933e-05,45.77254984933,1.4677499919177e+14,35.227809211065,6.0312325068749e-06,-0.00023029438895721,1.5123306199612e-05,2.1154538706487e-05,-3.257800842553e-05,-0.00026287239738274,-0.12715220839817,0.19210465181821,26880000,0,0,-1.4425493031515e-06,-1.4425493031515e-06,4.8563746236665e-11,6.7844004068211e-06,0.0014425493031515,0.0067844004069949,-65908130.565127,485.63746236665,67844004.068211,151.63468929098,150.78718444149,146.83468929098,150.3826928957,150.45830704619,0,0,0,65.729629676892,0.076101270846132,0.052793859825404,0.029286866749888,4.5359526938173e-07,3.9072648154572,0.027215716162904,0.052793859825404,0.0014425493031515,-1.4425493031515e-06,0.0037702730355659,2.2140833333333,2.2140833333333e-13,6587491.9175193,0.7061505520249,1.63e-06,1.63,4.5359526938173e-07,3.1880865081128e-09,8000000,6587491.9175193,73420247.202589,0.00043875541917557,180.89885932609,0,-1.4425493031515e-06,0,0,0,3000000,5000000,-4.8811444583147e-07,-3.7232755174283e-09,-0.51616643038687,0.0067844004069949,1,67.581534520546,67844004.069949,176.65091755937,176834689.29098,180.3826928957,26.376382244782,25.992661231005,0,0,-26376382.244782,-25992661.231005,-176650917.55937,-176834689.29098,0.0019988288209677,-0.00029245846952131,361585.85370117,-361585.85370117
205.5,0,-0.00073121388869688,16.44200364,65908130.565127,15.32,65908130.565127,73420247.202589,0.7061505520249,4.577254984933e-05,45.77254984933,1.4677499919177e+14,35.227809211065,6.0312325068749e-06,-0.00023029438895721,1.5123306199612e-05,2.1154538706487e-05,-3.257800842553e-05,-0.00026287239738274,-0.12715220839817,0.19210465181821,26880000,0,0,-1.4425493031515e-06,-1.4425493031515e-06,4.8563746236665e-11,6.7844004068211e-06,0.0014425493031515,0.0067844004069949,-65908130.565127,485.63746236665,67844004.068211,151.63468929098,150.78718444149,146.83468929098,150.3826928957,150.45830704619,0,0,0,65.729629676892,0.076101270846132,0.052793859825404,0.029286866749888,4.5359526938173e-07,3.9072648154572,0.027215716162904,0.052793859825404,0.0014425493031515,-1.4425493031515e-06,0.0037702730355659,2.2140833333333,2.2140833333333e-13,6587491.9175193,0.7061505520249,1.63e-06,1.63,4.5359526938173e-07,3.1880865081128e-09,8000000,6587491.9175193,73420247.202589,0.00043875541917557,180.89885932609,0,-1.4425493031515e-06,0,0,0,3000000,5000000,-4.8811444583147e-07,-3.7232755174283e-09,-0.51616643038687,0.0067844004069949,1,67.581534520546,67844004.069949,176.65091755937,176834689.29098,180.3826928957,26.376382244782,25.992661231005,0,0,-26376382.244782,-25992661.231005,-176650917.55937,-176834689.29098,0.0019988288209677,-0.00029245846952131,361585.85370117,-361585.85370117
206.25,0,-0.00073121388869688,16.44200364,65908130.565127,15.32,65908130.565127,73420247.202589,0.7061505520249,4.577254984933e-05,45.77254984933,1.4677499919177e+14,35.227809211065,6.0312325068749e-06,-0.00023029438895721,1.5123306199612e-05,2.1154538706487e-05,-3.257800842553e-05,-0.00026287239738274,-0.12715220839817,0.19210465181821,26880000,0,0,-1.4425493031515e-06,-1.4425493031515e-06,4.8563746236665e-11,6.7844004068211e-06,0.0014425493031515,0.0067844004069949,-65908130.565127,485.63746236665,67844004.068211,151.63468929098,150.78718444149,146.83468929098,150.3826928957,150.45830704619,0,0,0,65.729629676892,0.076101270846132,0.052793859825404,0.029286866749888,4.5359526938173e-07,3.9072648154572,0.027215716162904,0.052793859825404,0.0014425493031515,-1.4425493031515e-06,0.0037702730355659,2.2140833333333,2.2140833333333e-13,6587491.9175193,0.7061505520249,1.63e-06,1.63,4.5359526938173e-07,3.1880865081128e-09,8000000,6587491.9175193,73420247.202589,0.00043875541917557,180.89885932609,0,-1.4425493031515e-06,0,0,0,3000000,5000000,-4.8811444583147e-07,-3.7232755174283e-09,-0.51616643038687,0.0067844004069949,1,67.581534520546,67844004.069949,176.65091755937,176834689.29098,180.3826928957,26.376382244782,25.992661231005,0,0,-26376382.244782,-25992661.231005,-176650917.55937,-176834689.29098,0.0019988288209677,-0.00029245846952131,361585.85370117,-361585.85370117
207,0,-0.00073121388869688,16.44200364,65908130.565127,15.32,65908130.565127,73420247.202589,0.7061505520249,4.577254984933e-05,45.77254984933,1.4677499919177e+14,35.227809211065,6.0312325068749e-06,-0.00023029438895721,1.5123306199612e-05,2.1154538706487e-05,-3.257800842553e-05,-0.00026287239738274,-0.12715220839817,0.19210465181821,26880000,0,0,-1.4425493031515e-06,-1.4425493031515e-06,4.8563746236665e-11,6.7844004068211e-06,0.0014425493031515,0.0067844004069949,-65908130.565127,485.63746236665,67844004.068211,151.63468929098,150.78718444149,146.83468929098,150.3826928957,150.45830704619,0,0,0,65.729629676892,0.076101270846132,0.052793859825404,0.029286866749888,4.5359526938173e-07,3.9072648154572,0.027215716162904,0.052793859825404,0.0014425493031515,-1.4425493031515e-06,0.0037702730355659,2.2140833333333,2.2140833333333e-13,6587491.9175193,0.7061505520249,1.63e-06,1.63,4.5359526938173e-07,3.1880865081128e-09,8000000,6587491.9175193,73420247.202589,0.00043875541917557,180.89885932609,0,-1.4425493031515e-06,0,0,0,3000000,5000000,-4.8811444583147e-07,-3.7232755174283e-09,-0.51616643038687,0.0067844004069949,1,67.581534520546,67844004.069949,176.65091755937,176834689.29098,180.3826928957,26.376382244782,25.992661231005,0,0,-26376382.244782,-25992661.231005,-176650917.55937,-176834689.29098,0.0019988288209677,-0.00029245846952131,361585.85370117,-361585.85370117
207.75,0,-0.00073121388869688,16.44200364,65908130.565127,15.32,65908130.565127,73420247.202589,0.7061505520249,4.577254984933e-05,45.77254984933,1.4677499919177e+14,35.227809211065,6.0312325068749e-06,-0.00023029438895721,1.5123306199612e-05,2.1154538706487e-05,-3.257800842553e-05,-0.00026287239738274,-0.12715220839817,0.19210465181821,26880000,0,0,-1.4425493031515e-06,-1.4425493031515e-06,4.8563746236665e-11,6.7844004068211e-06,0.0014425493031515,0.0067844004069949,-65908130.565127,485.63746236665,67844004.068211,151.63468929098,150.78718444149,146.83468929098,150.3826928957,150.45830704619,0,0,0,65.729629676892,0.076101270846132,0.052793859825404,0.029286866749888,4.5359526938173e-07,3.9072648154572,0.027215716162904,0.052793859825404,0.0014425493031515,-1.4425493031515e-06,0.0037702730355659,2.2140833333333,2.2140833333333e-13,6587491.9175193,0.7061505520249,1.63e-06,1.63,4.5359526938173e-07,3.1880865081128e-09,8000000,6587491.9175193,73420247.202589,0.00043875541917557,180.89885932609,0,-1.4425493031515e-06,0,0,0,3000000,5000000,-4.8811444583147e-07,-3.7232755174283e-09,-0.51616643038687,0.0067844004069949,1,67.581534520546,67844004.069949,176.65091755937,176834689.29098,180.3826928957,26.376382244782,25.992661231005,0,0,-26376382.244782,-25992661.231005,-176650917.55937,-176834689.29098,0.0019988288209677,-0.00029245846952131,361585.85370117,-361585.85370117
208.5,0,-0.00073121388869688,16.44200364,65908130.565127,15.32,65908130.565127,73420247.202589,0.7061505520249,4.577254984933e-05,45.77254984933,1.4677499919177e+14,35.227809211065,6.0312325068749e-06,-0.00023029438895721,1.5123306199612e-05,2.1154538706487e-05,-3.257800842553e-05,-0.00026287239738274,-0.12715220839817,0.19210465181821,26880000,0,0,-1.4425493031515e-06,-1.4425493031515e-06,4.8563746236665e-11,6.7844004068211e-06,0.0014425493031515,0.0067844004069949,-65908130.565127,485.63746236665,67844004.068211,151.63468929098,150.78718444149,146.83468929098,150.3826928957,150.45830704619,0,0,0,65.729629676892,0.076101270846132,0.052793859825404,0.029286866749888,4.5359526938173e-07,3.9072648154572,0.027215716162904,0.052793859825404,0.0014425493031515,-1.4425493031515e-06,0.0037702730355659,2.2140833333333,2.2140833333333e-13,6587491.9175193,0.7061505520249,1.63e-06,1.63,4.5359526938173e-07,3.1880865081128e-09,8000000,6587491.9175193,73420247.202589,0.00043875541917557,180.89885932609,0,-1.4425493031515e-06,0,0,0,3000000,5000000,-4.8811444583147e-07,-3.7232755174283e-09,-0.51616643038687,0.0067844004069949,1,67.581534520546,67844004.069949,176.65091755937,176834689.29098,180.3826928957,26.376382244782,25.992661231005,0,0,-26376382.244782,-25992661.231005,-176650917.55937,-176834689.29098,0.0019988288209677,-0.00029245846952131,361585.85370117,-361585.85370117
209.25,0,-0.00073121388869688,16.44200364,65908130.565127,15.32,65908130.565127,73420247.202589,0.7061505520249,4.577254984933e-05,45.77254984933,1.4677499919177e+14,35.227809211065,6.0312325068749e-06,-0.00023029438895721,1.5123306199612e-05,2.1154538706487e-05,-3.257800842553e-05,-0.00026287239738274,-0.12715220839817,0.19210465181821,26880000,0,0,-1.4425493031515e-06,-1.4425493031515e-06,4.8563746236665e-11,6.7844004068211e-06,0.0014425493031515,0.0067844004069949,-65908130.565127,485.63746236665,67844004.068211,151.63468929098,150.78718444149,146.83468929098,150.3826928957,150.45830704619,0,0,0,65.729629676892,0.076101270846132,0.052793859825404,0.029286866749888,4.5359526938173e-07,3.9072648154572,0.027215716162904,0.052793859825404,0.0014425493031515,-1.4425493031515e-06,0.0037702730355659,2.2140833333333,2.2140833333333e-13,6587491.9175193,0.7061505520249,1.63e-06,1.63,4.5359526938173e-07,3.1880865081128e-09,8000000,6587491.9175193,73420247.202589,0.00043875541917557,180.89885932609,0,-1.4425493031515e-06,0,0,0,3000000,5000000,-4.8811444583147e-07,-3.7232755174283e-09,-0.51616643038687,0.0067844004069949,1,67.581534520546,67844004.069949,176.65091755937,176834689.29098,180.3826928957,26.376382244782,25.992661231005,0,0,-26376382.244782,-25992661.231005,-176650917.55937,-176834689.29098,0.0019988288209677,-0.00029245846952131,361585.85370117,-361585.85370117
210,0,-0.00073121388869688,16.44200364,65908130.565127,15.32,65908130.565127,73420247.202589,0.7061505520249,4.577254984933e-05,45.77254984933,1.4677499919177e+14,35.227809211065,6.0312325068749e-06,-0.00023029438895721,1.5123306199612e-05,2.1154538706487e-05,-3.257800842553e-05,-0.00026287239738274,-0.12715220839817,0.19210465181821,26880000,0,0,-1.4425493031515e-06,-1.4425493031515e-06,4.8563746236665e-11,6.7844004068211e-06,0.0014425493031515,0.0067844004069949,-65908130.565127,485.63746236665,67844004.068211,151.63468929098,150.78718444149,146.83468929098,150.3826928957,150.45830704619,0,0,0,65.729629676892,0.076101270846132,0.052793859825404,0.029286866749888,4.5359526938173e-07,3.9072648154572,0.027215716162904,0.052793859825404,0.0014425493031515,-1.4425493031515e-06,0.0037702730355659,2.2140833333333,2.2140833333333e-13,6587491.9175193,0.7061505520249,1.63e-06,1.63,4.5359526938173e-07,3.1880865081128e-09,8000000,6587491.9175193,73420247.202589,0.00043875541917557,180.89885932609,0,-1.4425493031515e-06,0,0,0,3000000,5000000,-4.8811444583147e-07,-3.7232755174283e-09,-0.51616643038687,0.0067844004069949,1,67.581534520546,67844004.069949,176.65091755937,176834689.29098,180.3826928957,26.376382244782,25.992661231005,0,0,-26376382.244782,-25992661.231005,-176650917.55937,-176834689.29098,0.0019988288209677,-0.00029245846952131,361585.85370117,-361585.85370117
210.75,0,-0.00073121388869688,16.44200364,65908130.565127,15.32,65908130.565127,73420247.202589,0.7061505520249,4.577254984933e-05,45.77254984933,1.4677499919177e+14,35.227809211065,6.0312325068749e-06,-0.00023029438895721,1.5123306199612e-05,2.1154538706487e-05,-3.257800842553e-05,-0.00026287239738274,-0.12715220839817,0.19210465181821,26880000,0,0,-1.4425493031515e-06,-1.4425493031515e-06,4.8563746236665e-11,6.7844004068211e-06,0.0014425493031515,0.0067844004069949,-65908130.565127,485.63746236665,67844004.068211,151.63468929098,150.78718444149,146.83468929098,150.3826928957,150.45830704619,0,0,0,65.729629676892,0.076101270846132,0.052793859825404,0.029286866749888,4.5359526938173e-07,3.9072648154572,0.027215716162904,0.052793859825404,0.0014425493031515,-1.4425493031515e-06,0.0037702730355659,2.2140833333333,2.2140833333333e-13,6587491.9175193,0.7061505520249,1.63e-06,1.63,4.5359526938173e-07,3.1880865081128e-09,8000000,6587491.9175193,73420247.202589,0.00043875541917557,180.89885932609,0,-1.4425493031515e-06,0,0,0,3000000,5000000,-4.8811444583147e-07,-3.7232755174283e-09,-0.51616643038687,0.0067844004069949,1,67.581534520546,67844004.069949,176.65091755937,176834689.29098,180.3826928957,26.376382244782,25.992661231005,0,0,-26376382.244782,-25992661.231005,-176650917.55937,-176834689.29098,0.0019988288209677,-0.00029245846952131,361585.85370117,-361585.85370117
211.5,0,-0.00073121388869688,16.44200364,65908130.565127,15.32,65908130.565127,73420247.202589,0.7061505520249,4.577254984933e-05,45.77254984933,1.4677499919177e+14,35.227809211065,6.0312325068749e-06,-0.00023029438895721,1.5123306199612e-05,2.1154538706487e-05,-3.257800842553e-05,-0.00026287239738274,-0.12715220839817,0.19210465181821,26880000,0,0,-1.4425493031515e-06,-1.4425493031515e-06,4.8563746236665e-11,6.7844004068211e-06,0.0014425493031515,0.0067844004069949,-65908130.565127,485.63746236665,67844004.068211,151.63468929098,150.78718444149,146.83468929098,150.3826928957,150.45830704619,0,0,0,65.729629676892,0.076101270846132,0.052793859825404,0.029286866749888,4.5359526938173e-07,3.9072648154572,0.027215716162904,0.052793859825404,0.0014425493031515,-1.4425493031515e-06,0.0037702730355659,2.2140833333333,2.2140833333333e-13,6587491.9175193,0.7061505520249,1.63e-06,1.63,4.5359526938173e-07,3.1880865081128e-09,8000000,6587491.9175193,73420247.202589,0.00043875541917557,180.89885932609,0,-1.4425493031515e-06,0,0,0,3000000,5000000,-4.8811444583147e-07,-3.7232755174283e-09,-0.51616643038687,0.0067844004069949,1,67.581534520546,67844004.069949,176.65091755937,176834689.29098,180.3826928957,26.376382244782,25.992661231005,0,0,-26376382.244782,-25992661.231005,-176650917.55937,-176834689.29098,0.0019988288209677,-0.00029245846952131,361585.85370117,-361585.85370117
212.25,0,-0.00073121388869688,16.44200364,65908130.565127,15.32,65908130.565127,73420247.202589,0.7061505520249,4.577254984933e-05,45.77254984933,1.4677499919177e+14,35.227809211065,6.0312325068749e-06,-0.00023029438895721,1.5123306199612e-05,2.1154538706487e-05,-3.257800842553e-05,-0.00026287239738274,-0.12715220839817,0.19210465181821,26880000,0,0,-1.4425493031515e-06,-1.4425493031515e-06,4.8563746236665e-11,6.7844004068211e-06,0.0014425493031515,0.0067844004069949,-65908130.565127,485.63746236665,67844004.068211,151.63468929098,150.78718444149,146.83468929098,150.3826928957,150.45830704619,0,0,0,65.729629676892,0.076101270846132,0.052793859825404,0.029286866749888,4.5359526938173e-07,3.9072648154572,0.027215716162904,0.052793859825404,0.0014425493031515,-1.4425493031515e-06,0.0037702730355659,2.2140833333333,2.2140833333333e-13,6587491.9175193,0.7061505520249,1.63e-06,1.63,4.5359526938173e-07,3.1880865081128e-09,8000000,6587491.9175193,73420247.202589,0.00043875541917557,180.89885932609,0,-1.4425493031515e-06,0,0,0,3000000,5000000,-4.8811444583147e-07,-3.7232755174283e-09,-0.51616643038687,0.0067844004069949,1,67.581534520546,67844004.069949,176.65091755937,176834689.29098,180.3826928957,26.376382244782,25.992661231005,0,0,-26376382.244782,-25992661.231005,-176650917.55937,-176834689.29098,0.0019988288209677,-0.00029245846952131,361585.85370117,-361585.85370117
213,0,-0.00073121388869688,16.44200364,65908130.565127,15.32,65908130.565127,73420247.202589,0.7061505520249,4.577254984933e-05,45.77254984933,1.4677499919177e+14,35.227809211065,6.0312325068749e-06,-0.00023029438895721,1.5123306199612e-05,2.1154538706487e-05,-3.257800842553e-05,-0.00026287239738274,-0.12715220839817,0.19210465181821,26880000,0,0,-1.4425493031515e-06,-1.4425493031515e-06,4.8563746236665e-11,6.7844004068211e-06,0.0014425493031515,0.0067844004069949,-65908130.565127,485.63746236665,67844004.068211,151.63468929098,150.78718444149,146.83468929098,150.3826928957,150.45830704619,0,0,0,65.729629676892,0.076101270846132,0.052793859825404,0.029286866749888,4.5359526938173e-07,3.9072648154572,0.027215716162904,0.052793859825404,0.0014425493031515,-1.4425493031515e-06,0.0037702730355659,2.2140833333333,2.2140833333333e-13,6587491.9175193,0.7061505520249,1.63e-06,1.63,4.5359526938173e-07,3.1880865081128e-09,8000000,6587491.9175193,73420247.202589,0.00043875541917557,180.89885932609,0,-1.4425493031515e-06,0,0,0,3000000,5000000,-4.8811444583147e-07,-3.7232755174283e-09,-0.51616643038687,0.0067844004069949,1,67.581534520546,67844004.069949,176.65091755937,176834689.29098,180.3826928957,26.376382244782,25.992661231005,0,0,-26376382.244782,-25992661.231005,-176650917.55937,-176834689.29098,0.0019988288209677,-0.00029245846952131,361585.85370117,-361585.85370117
213.75,0,-0.00073121388869688,16.44200364,65908130.565127,15.32,65908130.565127,73420247.202589,0.7061505520249,4.577254984933e-05,45.77254984933,1.4677499919177e+14,35.227809211065,6.0312325068749e-06,-0.00023029438895721,1.5123306199612e-05,2.1154538706487e-05,-3.257800842553e-05,-0.00026287239738274,-0.12715220839817,0.19210465181821,26880000,0,0,-1.4425493031515e-06,-1.4425493031515e-06,4.8563746236665e-11,6.7844004068211e-06,0.0014425493031515,0.0067844004069949,-65908130.565127,485.63746236665,67844004.068211,151.63468929098,150.78718444149,146.83468929098,150.3826928957,150.45830704619,0,0,0,65.729629676892,0.076101270846132,0.052793859825404,0.029286866749888,4.5359526938173e-07,3.9072648154572,0.027215716162904,0.052793859825404,0.0014425493031515,-1.4425493031515e-06,0.0037702730355659,2.2140833333333,2.2140833333333e-13,6587491.9175193,0.7061505520249,1.63e-06,1.63,4.5359526938173e-07,3.1880865081128e-09,8000000,6587491.9175193,73420247.202589,0.00043875541917557,180.89885932609,0,-1.4425493031515e-06,0,0,0,3000000,5000000,-4.8811444583147e-07,-3.7232755174283e-09,-0.51616643038687,0.0067844004069949,1,67.581534520546,67844004.069949,176.65091755937,176834689.29098,180.3826928957,26.376382244782,25.992661231005,0,0,-26376382.244782,-25992661.231005,-176650917.55937,-176834689.29098,0.0019988288209677,-0.00029245846952131,361585.85370117,-361585.85370117
214.5,0,-0.00073121388869688,16.44200364,65908130.565127,15.32,65908130.565127,73420247.202589,0.7061505520249,4.577254984933e-05,45.77254984933,1.4677499919177e+14,35.227809211065,6.0312325068749e-06,-0.00023029438895721,1.5123306199612e-05,2.1154538706487e-05,-3.257800842553e-05,-0.00026287239738274,-0.12715220839817,0.19210465181821,26880000,0,0,-1.4425493031515e-06,-1.4425493031515e-06,4.8563746236665e-11,6.7844004068211e-06,0.0014425493031515,0.0067844004069949,-65908130.565127,485.63746236665,67844004.068211,151.63468929098,150.78718444149,146.83468929098,150.3826928957,150.45830704619,0,0,0,65.729629676892,0.076101270846132,0.052793859825404,0.029286866749888,4.5359526938173e-07,3.9072648154572,0.027215716162904,0.052793859825404,0.0014425493031515,-1.4425493031515e-06,0.0037702730355659,2.2140833333333,2.2140833333333e-13,6587491.9175193,0.7061505520249,1.63e-06,1.63,4.5359526938173e-07,3.1880865081128e-09,8000000,6587491.9175193,73420247.202589,0.00043875541917557,180.89885932609,0,-1.4425493031515e-06,0,0,0,3000000,5000000,-4.8811444583147e-07,-3.7232755174283e-09,-0.51616643038687,0.0067844004069949,1,67.581534520546,67844004.069949,176.65091755937,176834689.29098,180.3826928957,26.376382244782,25.992661231005,0,0,-26376382.244782,-25992661.231005,-176650917.55937,-176834689.29098,0.0019988288209677,-0.00029245846952131,361585.85370117,-361585.85370117
215.25,0,-0.00073121388869688,16.44200364,65908130.565127,15.32,65908130.565127,73420247.202589,0.7061505520249,4.577254984933e-05,45.77254984933,1.4677499919177e+14,35.227809211065,6.0312325068749e-06,-0.00023029438895721,1.5123306199612e-05,2.1154538706487e-05,-3.257800842553e-05,-0.00026287239738274,-0.12715220839817,0.19210465181821,26880000,0,0,-1.4425493031515e-06,-1.4425493031515e-06,4.8563746236665e-11,6.7844004068211e-06,0.0014425493031515,0.0067844004069949,-65908130.565127,485.63746236665,67844004.068211,151.63468929098,150.78718444149,146.83468929098,150.3826928957,150.45830704619,0,0,0,65.729629676892,0.076101270846132,0.052793859825404,0.029286866749888,4.5359526938173e-07,3.9072648154572,0.027215716162904,0.052793859825404,0.0014425493031515,-1.4425493031515e-06,0.0037702730355659,2.2140833333333,2.2140833333333e-13,6587491.9175193,0.7061505520249,1.63e-06,1.63,4.5359526938173e-07,3.1880865081128e-09,8000000,6587491.9175193,73420247.202589,0.00043875541917557,180.89885932609,0,-1.4425493031515e-06,0,0,0,3000000,5000000,-4.8811444583147e-07,-3.7232755174283e-09,-0.51616643038687,0.0067844004069949,1,67.581534520546,67844004.069949,176.65091755937,176834689.29098,180.3826928957,26.376382244782,25.992661231005,0,0,-26376382.244782,-25992661.231005,-176650917.55937,-176834689.29098,0.0019988288209677,-0.00029245846952131,361585.85370117,-361585.85370117
216,0,-0.00073121388869688,16.44200364,65908130.565127,15.32,65908130.565127,73420247.202589,0.7061505520249,4.577254984933e-05,45.77254984933,1.4677499919177e+14,35.227809211065,6.0312325068749e-06,-0.00023029438895721,1.5123306199612e-05,2.1154538706487e-05,-3.257800842553e-05,-0.00026287239738274,-0.12715220839817,0.19210465181821,26880000,0,0,-1.4425493031515e-06,-1.4425493031515e-06,4.8563746236665e-11,6.7844004068211e-06,0.0014425493031515,0.0067844004069949,-65908130.565127,485.63746236665,67844004.068211,151.63468929098,150.78718444149,146.83468929098,150.3826928957,150.45830704619,0,0,0,65.729629676892,0.076101270846132,0.052793859825404,0.029286866749888,4.5359526938173e-07,3.9072648154572,0.027215716162904,0.052793859825404,0.0014425493031515,-1.4425493031515e-06,0.0037702730355659,2.2140833333333,2.2140833333333e-13,6587491.9175193,0.7061505520249,1.63e-06,1.63,4.5359526938173e-07,3.1880865081128e-09,8000000,6587491.9175193,73420247.202589,0.00043875541917557,180.89885932609,0,-1.4425493031515e-06,0,0,0,3000000,5000000,-4.8811444583147e-07,-3.7232755174283e-09,-0.51616643038687,0.0067844004069949,1,67.581534520546,67844004.069949,176.65091755937,176834689.29098,180.3826928957,26.376382244782,25.992661231005,0,0,-26376382.244782,-25992661.231005,-176650917.55937,-176834689.29098,0.0019988288209677,-0.00029245846952131,361585.85370117,-361585.85370117
216.75,0,-0.00073121388869688,16.44200364,65908130.565127,15.32,65908130.565127,73420247.202589,0.7061505520249,4.577254984933e-05,45.77254984933,1.4677499919177e+14,35.227809211065,6.0312325068749e-06,-0.00023029438895721,1.5123306199612e-05,2.1154538706487e-05,-3.257800842553e-05,-0.00026287239738274,-0.12715220839817,0.19210465181821,26880000,0,0,-1.4425493031515e-06,-1.4425493031515e-06,4.8563746236665e-11,6.7844004068211e-06,0.0014425493031515,0.0067844004069949,-65908130.565127,485.63746236665,67844004.068211,151.63468929098,150.78718444149,146.83468929098,150.3826928957,150.45830704619,0,0,0,65.729629676892,0.076101270846132,0.052793859825404,0.029286866749888,4.5359526938173e-07,3.9072648154572,0.027215716162904,0.052793859825404,0.0014425493031515,-1.4425493031515e-06,0.0037702730355659,2.2140833333333,2.2140833333333e-13,6587491.9175193,0.7061505520249,1.63e-06,1.63,4.5359526938173e-07,3.1880865081128e-09,8000000,6587491.9175193,73420247.202589,0.00043875541917557,180.89885932609,0,-1.4425493031515e-06,0,0,0,3000000,5000000,-4.8811444583147e-07,-3.7232755174283e-09,-0.51616643038687,0.0067844004069949,1,67.581534520546,67844004.069949,176.65091755937,176834689.29098,180.3826928957,26.376382244782,25.992661231005,0,0,-26376382.244782,-25992661.231005,-176650917.55937,-176834689.29098,0.0019988288209677,-0.00029245846952131,361585.85370117,-361585.85370117
217.5,0,-0.00073121388869688,16.44200364,65908130.565127,15.32,65908130.565127,73420247.202589,0.7061505520249,4.577254984933e-05,45.77254984933,1.4677499919177e+14,35.227809211065,6.0312325068749e-06,-0.00023029438895721,1.5123306199612e-05,2.1154538706487e-05,-3.257800842553e-05,-0.00026287239738274,-0.12715220839817,0.19210465181821,26880000,0,0,-1.4425493031515e-06,-1.4425493031515e-06,4.8563746236665e-11,6.7844004068211e-06,0.0014425493031515,0.0067844004069949,-65908130.565127,485.63746236665,67844004.068211,151.63468929098,150.78718444149,146.83468929098,150.3826928957,150.45830704619,0,0,0,65.729629676892,0.076101270846132,0.052793859825404,0.029286866749888,4.5359526938173e-07,3.9072648154572,0.027215716162904,0.052793859825404,0.0014425493031515,-1.4425493031515e-06,0.0037702730355659,2.2140833333333,2.2140833333333e-13,6587491.9175193,0.7061505520249,1.63e-06,1.63,4.5359526938173e-07,3.1880865081128e-09,8000000,6587491.9175193,73420247.202589,0.00043875541917557,180.89885932609,0,-1.4425493031515e-06,0,0,0,3000000,5000000,-4.8811444583147e-07,-3.7232755174283e-09,-0.51616643038687,0.0067844004069949,1,67.581534520546,67844004.069949,176.65091755937,176834689.29098,180.3826928957,26.376382244782,25.992661231005,0,0,-26376382.244782,-25992661.231005,-176650917.55937,-176834689.29098,0.0019988288209677,-0.00029245846952131,361585.85370117,-361585.85370117
218.25,0,-0.00073121388869688,16.44200364,65908130.565127,15.32,65908130.565127,73420247.202589,0.7061505520249,4.577254984933e-05,45.77254984933,1.4677499919177e+14,35.227809211065,6.0312325068749e-06,-0.00023029438895721,1.5123306199612e-05,2.1154538706487e-05,-3.257800842553e-05,-0.00026287239738274,-0.12715220839817,0.19210465181821,26880000,0,0,-1.4425493031515e-06,-1.4425493031515e-06,4.8563746236665e-11,6.7844004068211e-06,0.0014425493031515,0.0067844004069949,-65908130.565127,485.63746236665,67844004.068211,151.63468929098,150.78718444149,146.83468929098,150.3826928957,150.45830704619,0,0,0,65.729629676892,0.076101270846132,0.052793859825404,0.029286866749888,4.5359526938173e-07,3.9072648154572,0.027215716162904,0.052793859825404,0.0014425493031515,-1.4425493031515e-06,0.0037702730355659,2.2140833333333,2.2140833333333e-13,6587491.9175193,0.7061505520249,1.63e-06,1.63,4.5359526938173e-07,3.1880865081128e-09,8000000,6587491.9175193,73420247.202589,0.00043875541917557,180.89885932609,0,-1.4425493031515e-06,0,0,0,3000000,5000000,-4.8811444583147e-07,-3.7232755174283e-09,-0.51616643038687,0.0067844004069949,1,67.581534520546,67844004.069949,176.65091755937,176834689.29098,180.3826928957,26.376382244782,25.992661231005,0,0,-26376382.244782,-25992661.231005,-176650917.55937,-176834689.29098,0.0019988288209677,-0.00029245846952131,361585.85370117,-361585.85370117
219,0,-0.00073121388869688,16.44200364,65908130.565127,15.32,65908130.565127,73420247.202589,0.7061505520249,4.577254984933e-05,45.77254984933,1.4677499919177e+14,35.227809211065,6.0312325068749e-06,-0.00023029438895721,1.5123306199612e-05,2.1154538706487e-05,-3.257800842553e-05,-0.00026287239738274,-0.12715220839817,0.19210465181821,26880000,0,0,-1.4425493031515e-06,-1.4425493031515e-06,4.8563746236665e-11,6.7844004068211e-06,0.0014425493031515,0.0067844004069949,-65908130.565127,485.63746236665,67844004.068211,151.63468929098,150.78718444149,146.83468929098,150.3826928957,150.45830704619,0,0,0,65.729629676892,0.076101270846132,0.052793859825404,0.029286866749888,4.5359526938173e-07,3.9072648154572,0.027215716162904,0.052793859825404,0.0014425493031515,-1.4425493031515e-06,0.0037702730355659,2.2140833333333,2.2140833333333e-13,6587491.9175193,0.7061505520249,1.63e-06,1.63,4.5359526938173e-07,3.1880865081128e-09,8000000,6587491.9175193,73420247.202589,0.00043875541917557,180.89885932609,0,-1.4425493031515e-06,0,0,0,3000000,5000000,-4.8811444583147e-07,-3.7232755174283e-09,-0.51616643038687,0.0067844004069949,1,67.581534520546,67844004.069949,176.65091755937,176834689.29098,180.3826928957,26.376382244782,25.992661231005,0,0,-26376382.244782,-25992661.231005,-176650917.55937,-176834689.29098,0.0019988288209677,-0.00029245846952131,361585.85370117,-361585.85370117
219.75,0,-0.00073121388869688,16.44200364,65908130.565127,15.32,65908130.565127,73420247.202589,0.7061505520249,4.577254984933e-05,45.77254984933,1.4677499919177e+14,35.227809211065,6.0312325068749e-06,-0.00023029438895721,1.5123306199612e-05,2.1154538706487e-05,-3.257800842553e-05,-0.00026287239738274,-0.12715220839817,0.19210465181821,26880000,0,0,-1.4425493031515e-06,-1.4425493031515e-06,4.8563746236665e-11,6.7844004068211e-06,0.0014425493031515,0.0067844004069949,-65908130.565127,485.63746236665,67844004.068211,151.63468929098,150.78718444149,146.83468929098,150.3826928957,150.45830704619,0,0,0,65.729629676892,0.076101270846132,0.052793859825404,0.029286866749888,4.5359526938173e-07,3.9072648154572,0.027215716162904,0.052793859825404,0.0014425493031515,-1.4425493031515e-06,0.0037702730355659,2.2140833333333,2.2140833333333e-13,6587491.9175193,0.7061505520249,1.63e-06,1.63,4.5359526938173e-07,3.1880865081128e-09,8000000,6587491.9175193,73420247.202589,0.00043875541917557,180.89885932609,0,-1.4425493031515e-06,0,0,0,3000000,5000000,-4.8811444583147e-07,-3.7232755174283e-09,-0.51616643038687,0.0067844004069949,1,67.581534520546,67844004.069949,176.65091755937,176834689.29098,180.3826928957,26.376382244782,25.992661231005,0,0,-26376382.244782,-25992661.231005,-176650917.55937,-176834689.29098,0.0019988288209677,-0.00029245846952131,361585.85370117,-361585.85370117
220.5,0,-0.00073121388869688,16.44200364,65908130.565127,15.32,65908130.565127,73420247.202589,0.7061505520249,4.577254984933e-05,45.77254984933,1.4677499919177e+14,35.227809211065,6.0312325068749e-06,-0.00023029438895721,1.5123306199612e-05,2.1154538706487e-05,-3.257800842553e-05,-0.00026287239738274,-0.12715220839817,0.19210465181821,26880000,0,0,-1.4425493031515e-06,-1.4425493031515e-06,4.8563746236665e-11,6.7844004068211e-06,0.0014425493031515,0.0067844004069949,-65908130.565127,485.63746236665,67844004.068211,151.63468929098,150.78718444149,146.83468929098,150.3826928957,150.45830704619,0,0,0,65.729629676892,0.076101270846132,0.052793859825404,0.029286866749888,4.5359526938173e-07,3.9072648154572,0.027215716162904,0.052793859825404,0.0014425493031515,-1.4425493031515e-06,0.0037702730355659,2.2140833333333,2.2140833333333e-13,6587491.9175193,0.7061505520249,1.63e-06,1.63,4.5359526938173e-07,3.1880865081128e-09,8000000,6587491.9175193,73420247.202589,0.00043875541917557,180.89885932609,0,-1.4425493031515e-06,0,0,0,3000000,5000000,-4.8811444583147e-07,-3.7232755174283e-09,-0.51616643038687,0.0067844004069949,1,67.581534520546,67844004.069949,176.65091755937,176834689.29098,180.3826928957,26.376382244782,25.992661231005,0,0,-26376382.244782,-25992661.231005,-176650917.55937,-176834689.29098,0.0019988288209677,-0.00029245846952131,361585.85370117,-361585.85370117
221.25,0,-0.00073121388869688,16.44200364,65908130.565127,15.32,65908130.565127,73420247.202589,0.7061505520249,4.577254984933e-05,45.77254984933,1.4677499919177e+14,35.227809211065,6.0312325068749e-06,-0.00023029438895721,1.5123306199612e-05,2.1154538706487e-05,-3.257800842553e-05,-0.00026287239738274,-0.12715220839817,0.19210465181821,26880000,0,0,-1.4425493031515e-06,-1.4425493031515e-06,4.8563746236665e-11,6.7844004068211e-06,0.0014425493031515,0.0067844004069949,-65908130.565127,485.63746236665,67844004.068211,151.63468929098,150.78718444149,146.83468929098,150.3826928957,150.45830704619,0,0,0,65.729629676892,0.076101270846132,0.052793859825404,0.029286866749888,4.5359526938173e-07,3.9072648154572,0.027215716162904,0.052793859825404,0.0014425493031515,-1.4425493031515e-06,0.0037702730355659,2.2140833333333,2.2140833333333e-13,6587491.9175193,0.7061505520249,1.63e-06,1.63,4.5359526938173e-07,3.1880865081128e-09,8000000,6587491.9175193,73420247.202589,0.00043875541917557,180.89885932609,0,-1.4425493031515e-06,0,0,0,3000000,5000000,-4.8811444583147e-07,-3.7232755174283e-09,-0.51616643038687,0.0067844004069949,1,67.581534520546,67844004.069949,176.65091755937,176834689.29098,180.3826928957,26.376382244782,25.992661231005,0,0,-26376382.244782,-25992661.231005,-176650917.55937,-176834689.29098,0.0019988288209677,-0.00029245846952131,361585.85370117,-361585.85370117
222,0,-0.00073121388869688,16.44200364,65908130.565127,15.32,65908130.565127,73420247.202589,0.7061505520249,4.577254984933e-05,45.77254984933,1.4677499919177e+14,35.227809211065,6.0312325068749e-06,-0.00023029438895721,1.5123306199612e-05,2.1154538706487e-05,-3.257800842553e-05,-0.00026287239738274,-0.12715220839817,0.19210465181821,26880000,0,0,-1.4425493031515e-06,-1.4425493031515e-06,4.8563746236665e-11,6.7844004068211e-06,0.0014425493031515,0.0067844004069949,-65908130.565127,485.63746236665,67844004.068211,151.63468929098,150.78718444149,146.83468929098,150.3826928957,150.45830704619,0,0,0,65.729629676892,0.076101270846132,0.052793859825404,0.029286866749888,4.5359526938173e-07,3.9072648154572,0.027215716162904,0.052793859825404,0.0014425493031515,-1.4425493031515e-06,0.0037702730355659,2.2140833333333,2.2140833333333e-13,6587491.9175193,0.7061505520249,1.63e-06,1.63,4.5359526938173e-07,3.1880865081128e-09,8000000,6587491.9175193,73420247.202589,0.00043875541917557,180.89885932609,0,-1.4425493031515e-06,0,0,0,3000000,5000000,-4.8811444583147e-07,-3.7232755174283e-09,-0.51616643038687,0.0067844004069949,1,67.581534520546,67844004.069949,176.65091755937,176834689.29098,180.3826928957,26.376382244782,25.992661231005,0,0,-26376382.244782,-25992661.231005,-176650917.55937,-176834689.29098,0.0019988288209677,-0.00029245846952131,361585.85370117,-361585.85370117
222.75,0,-0.00073121388869688,16.44200364,65908130.565127,15.32,65908130.565127,73420247.202589,0.7061505520249,4.577254984933e-05,45.77254984933,1.4677499919177e+14,35.227809211065,6.0312325068749e-06,-0.00023029438895721,1.5123306199612e-05,2.1154538706487e-05,-3.257800842553e-05,-0.00026287239738274,-0.12715220839817,0.19210465181821,26880000,0,0,-1.4425493031515e-06,-1.4425493031515e-06,4.8563746236665e-11,6.7844004068211e-06,0.0014425493031515,0.0067844004069949,-65908130.565127,485.63746236665,67844004.068211,151.63468929098,150.78718444149,146.83468929098,150.3826928957,150.45830704619,0,0,0,65.729629676892,0.076101270846132,0.052793859825404,0.029286866749888,4.5359526938173e-07,3.9072648154572,0.027215716162904,0.052793859825404,0.0014425493031515,-1.4425493031515e-06,0.0037702730355659,2.2140833333333,2.2140833333333e-13,6587491.9175193,0.7061505520249,1.63e-06,1.63,4.5359526938173e-07,3.1880865081128e-09,8000000,6587491.9175193,73420247.202589,0.00043875541917557,180.89885932609,0,-1.4425493031515e-06,0,0,0,3000000,5000000,-4.8811444583147e-07,-3.7232755174283e-09,-0.51616643038687,0.0067844004069949,1,67.581534520546,67844004.069949,176.65091755937,176834689.29098,180.3826928957,26.376382244782,25.992661231005,0,0,-26376382.244782,-25992661.231005,-176650917.55937,-176834689.29098,0.0019988288209677,-0.00029245846952131,361585.85370117,-361585.85370117
223.5,0,-0.00073121388869688,16.44200364,65908130.565127,15.32,65908130.565127,73420247.202589,0.7061505520249,4.577254984933e-05,45.77254984933,1.4677499919177e+14,35.227809211065,6.0312325068749e-06,-0.00023029438895721,1.5123306199612e-05,2.1154538706487e-05,-3.257800842553e-05,-0.00026287239738274,-0.12715220839817,0.19210465181821,26880000,0,0,-1.4425493031515e-06,-1.4425493031515e-06,4.8563746236665e-11,6.7844004068211e-06,0.0014425493031515,0.0067844004069949,-65908130.565127,485.63746236665,67844004.068211,151.63468929098,150.78718444149,146.83468929098,150.3826928957,150.45830704619,0,0,0,65.729629676892,0.076101270846132,0.052793859825404,0.029286866749888,4.5359526938173e-07,3.9072648154572,0.027215716162904,0.052793859825404,0.0014425493031515,-1.4425493031515e-06,0.0037702730355659,2.2140833333333,2.2140833333333e-13,6587491.9175193,0.7061505520249,1.63e-06,1.63,4.5359526938173e-07,3.1880865081128e-09,8000000,6587491.9175193,73420247.202589,0.00043875541917557,180.89885932609,0,-1.4425493031515e-06,0,0,0,3000000,5000000,-4.8811444583147e-07,-3.7232755174283e-09,-0.51616643038687,0.0067844004069949,1,67.581534520546,67844004.069949,176.65091755937,176834689.29098,180.3826928957,26.376382244782,25.992661231005,0,0,-26376382.244782,-25992661.231005,-176650917.55937,-176834689.29098,0.0019988288209677,-0.00029245846952131,361585.85370117,-361585.85370117
224.25,0,-0.00073121388869688,16.44200364,65908130.565127,15.32,65908130.565127,73420247.202589,0.7061505520249,4.577254984933e-05,45.77254984933,1.4677499919177e+14,35.227809211065,6.0312325068749e-06,-0.00023029438895721,1.5123306199612e-05,2.1154538706487e-05,-3.257800842553e-05,-0.00026287239738274,-0.12715220839817,0.19210465181821,26880000,0,0,-1.4425493031515e-06,-1.4425493031515e-06,4.8563746236665e-11,6.7844004068211e-06,0.0014425493031515,0.0067844004069949,-65908130.565127,485.63746236665,67844004.068211,151.63468929098,150.78718444149,146.83468929098,150.3826928957,150.45830704619,0,0,0,65.729629676892,0.076101270846132,0.052793859825404,0.029286866749888,4.5359526938173e-07,3.9072648154572,0.027215716162904,0.052793859825404,0.0014425493031515,-1.4425493031515e-06,0.0037702730355659,2.2140833333333,2.2140833333333e-13,6587491.9175193,0.7061505520249,1.63e-06,1.63,4.5359526938173e-07,3.1880865081128e-09,8000000,6587491.9175193,73420247.202589,0.00043875541917557,180.89885932609,0,-1.4425493031515e-06,0,0,0,3000000,5000000,-4.8811444583147e-07,-3.7232755174283e-09,-0.51616643038687,0.0067844004069949,1,67.581534520546,67844004.069949,176.65091755937,176834689.29098,180.3826928957,26.376382244782,25.992661231005,0,0,-26376382.244782,-25992661.231005,-176650917.55937,-176834689.29098,0.0019988288209677,-0.00029245846952131,361585.85370117,-361585.85370117
225,0,-0.00073121388869688,16.44200364,65908130.565127,15.32,65908130.565127,73420247.202589,0.7061505520249,4.577254984933e-05,45.77254984933,1.4677499919177e+14,35.227809211065,6.0312325068749e-06,-0.00023029438895721,1.5123306199612e-05,2.1154538706487e-05,-3.257800842553e-05,-0.00026287239738274,-0.12715220839817,0.19210465181821,26880000,0,0,-1.4425493031515e-06,-1.4425493031515e-06,4.8563746236665e-11,6.7844004068211e-06,0.0014425493031515,0.0067844004069949,-65908130.565127,485.63746236665,67844004.068211,151.63468929098,150.78718444149,146.83468929098,150.3826928957,150.45830704619,0,0,0,65.729629676892,0.076101270846132,0.052793859825404,0.029286866749888,4.5359526938173e-07,3.9072648154572,0.027215716162904,0.052793859825404,0.0014425493031515,-1.4425493031515e-06,0.0037702730355659,2.2140833333333,2.2140833333333e-13,6587491.9175193,0.7061505520249,1.63e-06,1.63,4.5359526938173e-07,3.1880865081128e-09,8000000,6587491.9175193,73420247.202589,0.00043875541917557,180.89885932609,0,-1.4425493031515e-06,0,0,0,3000000,5000000,-4.8811444583147e-07,-3.7232755174283e-09,-0.51616643038687,0.0067844004069949,1,67.581534520546,67844004.069949,176.65091755937,176834689.29098,180.3826928957,26.376382244782,25.992661231005,0,0,-26376382.244782,-25992661.231005,-176650917.55937,-176834689.29098,0.0019988288209677,-0.00029245846952131,361585.85370117,-361585.85370117
225.75,0,-0.00073121388869688,16.44200364,65908130.565127,15.32,65908130.565127,73420247.202589,0.7061505520249,4.577254984933e-05,45.77254984933,1.4677499919177e+14,35.227809211065,6.0312325068749e-06,-0.00023029438895721,1.5123306199612e-05,2.1154538706487e-05,-3.257800842553e-05,-0.00026287239738274,-0.12715220839817,0.19210465181821,26880000,0,0,-1.4425493031515e-06,-1.4425493031515e-06,4.8563746236665e-11,6.7844004068211e-06,0.0014425493031515,0.0067844004069949,-65908130.565127,485.63746236665,67844004.068211,151.63468929098,150.78718444149,146.83468929098,150.3826928957,150.45830704619,0,0,0,65.729629676892,0.076101270846132,0.052793859825404,0.029286866749888,4.5359526938173e-07,3.9072648154572,0.027215716162904,0.052793859825404,0.0014425493031515,-1.4425493031515e-06,0.0037702730355659,2.2140833333333,2.2140833333333e-13,6587491.9175193,0.7061505520249,1.63e-06,1.63,4.5359526938173e-07,3.1880865081128e-09,8000000,6587491.9175193,73420247.202589,0.00043875541917557,180.89885932609,0,-1.4425493031515e-06,0,0,0,3000000,5000000,-4.8811444583147e-07,-3.7232755174283e-09,-0.51616643038687,0.0067844004069949,1,67.581534520546,67844004.069949,176.65091755937,176834689.29098,180.3826928957,26.376382244782,25.992661231005,0,0,-26376382.244782,-25992661.231005,-176650917.55937,-176834689.29098,0.0019988288209677,-0.00029245846952131,361585.85370117,-361585.85370117
226.5,0,-0.00073121388869688,16.44200364,65908130.565127,15.32,65908130.565127,73420247.202589,0.7061505520249,4.577254984933e-05,45.77254984933,1.4677499919177e+14,35.227809211065,6.0312325068749e-06,-0.00023029438895721,1.5123306199612e-05,2.1154538706487e-05,-3.257800842553e-05,-0.00026287239738274,-0.12715220839817,0.19210465181821,26880000,0,0,-1.4425493031515e-06,-1.4425493031515e-06,4.8563746236665e-11,6.7844004068211e-06,0.0014425493031515,0.0067844004069949,-65908130.565127,485.63746236665,67844004.068211,151.63468929098,150.78718444149,146.83468929098,150.3826928957,150.45830704619,0,0,0,65.729629676892,0.076101270846132,0.052793859825404,0.029286866749888,4.5359526938173e-07,3.9072648154572,0.027215716162904,0.052793859825404,0.0014425493031515,-1.4425493031515e-06,0.0037702730355659,2.2140833333333,2.2140833333333e-13,6587491.9175193,0.7061505520249,1.63e-06,1.63,4.5359526938173e-07,3.1880865081128e-09,8000000,6587491.9175193,73420247.202589,0.00043875541917557,180.89885932609,0,-1.4425493031515e-06,0,0,0,3000000,5000000,-4.8811444583147e-07,-3.7232755174283e-09,-0.51616643038687,0.0067844004069949,1,67.581534520546,67844004.069949,176.65091755937,176834689.29098,180.3826928957,26.376382244782,25.992661231005,0,0,-26376382.244782,-25992661.231005,-176650917.55937,-176834689.29098,0.0019988288209677,-0.00029245846952131,361585.85370117,-361585.85370117
227.25,0,-0.00073121388869688,16.44200364,65908130.565127,15.32,65908130.565127,73420247.202589,0.7061505520249,4.577254984933e-05,45.77254984933,1.4677499919177e+14,35.227809211065,6.0312325068749e-06,-0.00023029438895721,1.5123306199612e-05,2.1154538706487e-05,-3.257800842553e-05,-0.00026287239738274,-0.12715220839817,0.19210465181821,26880000,0,0,-1.4425493031515e-06,-1.4425493031515e-06,4.8563746236665e-11,6.7844004068211e-06,0.0014425493031515,0.0067844004069949,-65908130.565127,485.63746236665,67844004.068211,151.63468929098,150.78718444149,146.83468929098,150.3826928957,150.45830704619,0,0,0,65.729629676892,0.076101270846132,0.052793859825404,0.029286866749888,4.5359526938173e-07,3.9072648154572,0.027215716162904,0.052793859825404,0.0014425493031515,-1.4425493031515e-06,0.0037702730355659,2.2140833333333,2.2140833333333e-13,6587491.9175193,0.7061505520249,1.63e-06,1.63,4.5359526938173e-07,3.1880865081128e-09,8000000,6587491.9175193,73420247.202589,0.00043875541917557,180.89885932609,0,-1.4425493031515e-06,0,0,0,3000000,5000000,-4.8811444583147e-07,-3.7232755174283e-09,-0.51616643038687,0.0067844004069949,1,67.581534520546,67844004.069949,176.65091755937,176834689.29098,180.3826928957,26.376382244782,25.992661231005,0,0,-26376382.244782,-25992661.231005,-176650917.55937,-176834689.29098,0.0019988288209677,-0.00029245846952131,361585.85370117,-361585.85370117
228,0,-0.00073121388869688,16.44200364,65908130.565127,15.32,65908130.565127,73420247.202589,0.7061505520249,4.577254984933e-05,45.77254984933,1.4677499919177e+14,35.227809211065,6.0312325068749e-06,-0.00023029438895721,1.5123306199612e-05,2.1154538706487e-05,-3.257800842553e-05,-0.00026287239738274,-0.12715220839817,0.19210465181821,26880000,0,0,-1.4425493031515e-06,-1.4425493031515e-06,4.8563746236665e-11,6.7844004068211e-06,0.0014425493031515,0.0067844004069949,-65908130.565127,485.63746236665,67844004.068211,151.63468929098,150.78718444149,146.83468929098,150.3826928957,150.45830704619,0,0,0,65.729629676892,0.076101270846132,0.052793859825404,0.029286866749888,4.5359526938173e-07,3.9072648154572,0.027215716162904,0.052793859825404,0.0014425493031515,-1.4425493031515e-06,0.0037702730355659,2.2140833333333,2.2140833333333e-13,6587491.9175193,0.7061505520249,1.63e-06,1.63,4.5359526938173e-07,3.1880865081128e-09,8000000,6587491.9175193,73420247.202589,0.00043875541917557,180.89885932609,0,-1.4425493031515e-06,0,0,0,3000000,5000000,-4.8811444583147e-07,-3.7232755174283e-09,-0.51616643038687,0.0067844004069949,1,67.581534520546,67844004.069949,176.65091755937,176834689.29098,180.3826928957,26.376382244782,25.992661231005,0,0,-26376382.244782,-25992661.231005,-176650917.55937,-176834689.29098,0.0019988288209677,-0.00029245846952131,361585.85370117,-361585.85370117
228.75,0,-0.00073121388869688,16.44200364,65908130.565127,15.32,65908130.565127,73420247.202589,0.7061505520249,4.577254984933e-05,45.77254984933,1.4677499919177e+14,35.227809211065,6.0312325068749e-06,-0.00023029438895721,1.5123306199612e-05,2.1154538706487e-05,-3.257800842553e-05,-0.00026287239738274,-0.12715220839817,0.19210465181821,26880000,0,0,-1.4425493031515e-06,-1.4425493031515e-06,4.8563746236665e-11,6.7844004068211e-06,0.0014425493031515,0.0067844004069949,-65908130.565127,485.63746236665,67844004.068211,151.63468929098,150.78718444149,146.83468929098,150.3826928957,150.45830704619,0,0,0,65.729629676892,0.076101270846132,0.052793859825404,0.029286866749888,4.5359526938173e-07,3.9072648154572,0.027215716162904,0.052793859825404,0.0014425493031515,-1.4425493031515e-06,0.0037702730355659,2.2140833333333,2.2140833333333e-13,6587491.9175193,0.7061505520249,1.63e-06,1.63,4.5359526938173e-07,3.1880865081128e-09,8000000,6587491.9175193,73420247.202589,0.00043875541917557,180.89885932609,0,-1.4425493031515e-06,0,0,0,3000000,5000000,-4.8811444583147e-07,-3.7232755174283e-09,-0.51616643038687,0.0067844004069949,1,67.581534520546,67844004.069949,176.65091755937,176834689.29098,180.3826928957,26.376382244782,25.992661231005,0,0,-26376382.244782,-25992661.231005,-176650917.55937,-176834689.29098,0.0019988288209677,-0.00029245846952131,361585.85370117,-361585.85370117
229.5,0,-0.00073121388869688,16.44200364,65908130.565127,15.32,65908130.565127,73420247.202589,0.7061505520249,4.577254984933e-05,45.77254984933,1.4677499919177e+14,35.227809211065,6.0312325068749e-06,-0.00023029438895721,1.5123306199612e-05,2.1154538706487e-05,-3.257800842553e-05,-0.00026287239738274,-0.12715220839817,0.19210465181821,26880000,0,0,-1.4425493031515e-06,-1.4425493031515e-06,4.8563746236665e-11,6.7844004068211e-06,0.0014425493031515,0.0067844004069949,-65908130.565127,485.63746236665,67844004.068211,151.63468929098,150.78718444149,146.83468929098,150.3826928957,150.45830704619,0,0,0,65.729629676892,0.076101270846132,0.052793859825404,0.029286866749888,4.5359526938173e-07,3.9072648154572,0.027215716162904,0.052793859825404,0.0014425493031515,-1.4425493031515e-06,0.0037702730355659,2.2140833333333,2.2140833333333e-13,6587491.9175193,0.7061505520249,1.63e-06,1.63,4.5359526938173e-07,3.1880865081128e-09,8000000,6587491.9175193,73420247.202589,0.00043875541917557,180.89885932609,0,-1.4425493031515e-06,0,0,0,3000000,5000000,-4.8811444583147e-07,-3.7232755174283e-09,-0.51616643038687,0.0067844004069949,1,67.581534520546,67844004.069949,176.65091755937,176834689.29098,180.3826928957,26.376382244782,25.992661231005,0,0,-26376382.244782,-25992661.231005,-176650917.55937,-176834689.29098,0.0019988288209677,-0.00029245846952131,361585.85370117,-361585.85370117
230.25,0,-0.00073121388869688,16.44200364,65908130.565127,15.32,65908130.565127,73420247.202589,0.7061505520249,4.577254984933e-05,45.77254984933,1.4677499919177e+14,35.227809211065,6.0312325068749e-06,-0.00023029438895721,1.5123306199612e-05,2.1154538706487e-05,-3.257800842553e-05,-0.00026287239738274,-0.12715220839817,0.19210465181821,26880000,0,0,-1.4425493031515e-06,-1.4425493031515e-06,4.8563746236665e-11,6.7844004068211e-06,0.0014425493031515,0.0067844004069949,-65908130.565127,485.63746236665,67844004.068211,151.63468929098,150.78718444149,146.83468929098,150.3826928957,150.45830704619,0,0,0,65.729629676892,0.076101270846132,0.052793859825404,0.029286866749888,4.5359526938173e-07,3.9072648154572,0.027215716162904,0.052793859825404,0.0014425493031515,-1.4425493031515e-06,0.0037702730355659,2.2140833333333,2.2140833333333e-13,6587491.9175193,0.7061505520249,1.63e-06,1.63,4.5359526938173e-07,3.1880865081128e-09,8000000,6587491.9175193,73420247.202589,0.00043875541917557,180.89885932609,0,-1.4425493031515e-06,0,0,0,3000000,5000000,-4.8811444583147e-07,-3.7232755174283e-09,-0.51616643038687,0.0067844004069949,1,67.581534520546,67844004.069949,176.65091755937,176834689.29098,180.3826928957,26.376382244782,25.992661231005,0,0,-26376382.244782,-25992661.231005,-176650917.55937,-176834689.29098,0.0019988288209677,-0.00029245846952131,361585.85370117,-361585.85370117
231,0,-0.00073121388869688,16.44200364,65908130.565127,15.32,65908130.565127,73420247.202589,0.7061505520249,4.577254984933e-05,45.77254984933,1.4677499919177e+14,35.227809211065,6.0312325068749e-06,-0.00023029438895721,1.5123306199612e-05,2.1154538706487e-05,-3.257800842553e-05,-0.00026287239738274,-0.12715220839817,0.19210465181821,26880000,0,0,-1.4425493031515e-06,-1.4425493031515e-06,4.8563746236665e-11,6.7844004068211e-06,0.0014425493031515,0.0067844004069949,-65908130.565127,485.63746236665,67844004.068211,151.63468929098,150.78718444149,146.83468929098,150.3826928957,150.45830704619,0,0,0,65.729629676892,0.076101270846132,0.052793859825404,0.029286866749888,4.5359526938173e-07,3.9072648154572,0.027215716162904,0.052793859825404,0.0014425493031515,-1.4425493031515e-06,0.0037702730355659,2.2140833333333,2.2140833333333e-13,6587491.9175193,0.7061505520249,1.63e-06,1.63,4.5359526938173e-07,3.1880865081128e-09,8000000,6587491.9175193,73420247.202589,0.00043875541917557,180.89885932609,0,-1.4425493031515e-06,0,0,0,3000000,5000000,-4.8811444583147e-07,-3.7232755174283e-09,-0.51616643038687,0.0067844004069949,1,67.581534520546,67844004.069949,176.65091755937,176834689.29098,180.3826928957,26.376382244782,25.992661231005,0,0,-26376382.244782,-25992661.231005,-176650917.55937,-176834689.29098,0.0019988288209677,-0.00029245846952131,361585.85370117,-361585.85370117
231.75,0,-0.00073121388869688,16.44200364,65908130.565127,15.32,65908130.565127,73420247.202589,0.7061505520249,4.577254984933e-05,45.77254984933,1.4677499919177e+14,35.227809211065,6.0312325068749e-06,-0.00023029438895721,1.5123306199612e-05,2.1154538706487e-05,-3.257800842553e-05,-0.00026287239738274,-0.12715220839817,0.19210465181821,26880000,0,0,-1.4425493031515e-06,-1.4425493031515e-06,4.8563746236665e-11,6.7844004068211e-06,0.0014425493031515,0.0067844004069949,-65908130.565127,485.63746236665,67844004.068211,151.63468929098,150.78718444149,146.83468929098,150.3826928957,150.45830704619,0,0,0,65.729629676892,0.076101270846132,0.052793859825404,0.029286866749888,4.5359526938173e-07,3.9072648154572,0.027215716162904,0.052793859825404,0.0014425493031515,-1.4425493031515e-06,0.0037702730355659,2.2140833333333,2.2140833333333e-13,6587491.9175193,0.7061505520249,1.63e-06,1.63,4.5359526938173e-07,3.1880865081128e-09,8000000,6587491.9175193,73420247.202589,0.00043875541917557,180.89885932609,0,-1.4425493031515e-06,0,0,0,3000000,5000000,-4.8811444583147e-07,-3.7232755174283e-09,-0.51616643038687,0.0067844004069949,1,67.581534520546,67844004.069949,176.65091755937,176834689.29098,180.3826928957,26.376382244782,25.992661231005,0,0,-26376382.244782,-25992661.231005,-176650917.55937,-176834689.29098,0.0019988288209677,-0.00029245846952131,361585.85370117,-361585.85370117
232.5,0,-0.00073121388869688,16.44200364,65908130.565127,15.32,65908130.565127,73420247.202589,0.7061505520249,4.577254984933e-05,45.77254984933,1.4677499919177e+14,35.227809211065,6.0312325068749e-06,-0.00023029438895721,1.5123306199612e-05,2.1154538706487e-05,-3.257800842553e-05,-0.00026287239738274,-0.12715220839817,0.19210465181821,26880000,0,0,-1.4425493031515e-06,-1.4425493031515e-06,4.8563746236665e-11,6.7844004068211e-06,0.0014425493031515,0.0067844004069949,-65908130.565127,485.63746236665,67844004.068211,151.63468929098,150.78718444149,146.83468929098,150.3826928957,150.45830704619,0,0,0,65.729629676892,0.076101270846132,0.052793859825404,0.029286866749888,4.5359526938173e-07,3.9072648154572,0.027215716162904,0.052793859825404,0.0014425493031515,-1.4425493031515e-06,0.0037702730355659,2.2140833333333,2.2140833333333e-13,6587491.9175193,0.7061505520249,1.63e-06,1.63,4.5359526938173e-07,3.1880865081128e-09,8000000,6587491.9175193,73420247.202589,0.00043875541917557,180.89885932609,0,-1.4425493031515e-06,0,0,0,3000000,5000000,-4.8811444583147e-07,-3.7232755174283e-09,-0.51616643038687,0.0067844004069949,1,67.581534520546,67844004.069949,176.65091755937,176834689.29098,180.3826928957,26.376382244782,25.992661231005,0,0,-26376382.244782,-25992661.231005,-176650917.55937,-176834689.29098,0.0019988288209677,-0.00029245846952131,361585.85370117,-361585.85370117
233.25,0,-0.00073121388869688,16.44200364,65908130.565127,15.32,65908130.565127,73420247.202589,0.7061505520249,4.577254984933e-05,45.77254984933,1.4677499919177e+14,35.227809211065,6.0312325068749e-06,-0.00023029438895721,1.5123306199612e-05,2.1154538706487e-05,-3.257800842553e-05,-0.00026287239738274,-0.12715220839817,0.19210465181821,26880000,0,0,-1.4425493031515e-06,-1.4425493031515e-06,4.8563746236665e-11,6.7844004068211e-06,0.0014425493031515,0.0067844004069949,-65908130.565127,485.63746236665,67844004.068211,151.63468929098,150.78718444149,146.83468929098,150.3826928957,150.45830704619,0,0,0,65.729629676892,0.076101270846132,0.052793859825404,0.029286866749888,4.5359526938173e-07,3.9072648154572,0.027215716162904,0.052793859825404,0.0014425493031515,-1.4425493031515e-06,0.0037702730355659,2.2140833333333,2.2140833333333e-13,6587491.9175193,0.7061505520249,1.63e-06,1.63,4.5359526938173e-07,3.1880865081128e-09,8000000,6587491.9175193,73420247.202589,0.00043875541917557,180.89885932609,0,-1.4425493031515e-06,0,0,0,3000000,5000000,-4.8811444583147e-07,-3.7232755174283e-09,-0.51616643038687,0.0067844004069949,1,67.581534520546,67844004.069949,176.65091755937,176834689.29098,180.3826928957,26.376382244782,25.992661231005,0,0,-26376382.244782,-25992661.231005,-176650917.55937,-176834689.29098,0.0019988288209677,-0.00029245846952131,361585.85370117,-361585.85370117
234,0,-0.00073121388869688,16.44200364,65908130.565127,15.32,65908130.565127,73420247.202589,0.7061505520249,4.577254984933e-05,45.77254984933,1.4677499919177e+14,35.227809211065,6.0312325068749e-06,-0.00023029438895721,1.5123306199612e-05,2.1154538706487e-05,-3.257800842553e-05,-0.00026287239738274,-0.12715220839817,0.19210465181821,26880000,0,0,-1.4425493031515e-06,-1.4425493031515e-06,4.8563746236665e-11,6.7844004068211e-06,0.0014425493031515,0.0067844004069949,-65908130.565127,485.63746236665,67844004.068211,151.63468929098,150.78718444149,146.83468929098,150.3826928957,150.45830704619,0,0,0,65.729629676892,0.076101270846132,0.052793859825404,0.029286866749888,4.5359526938173e-07,3.9072648154572,0.027215716162904,0.052793859825404,0.0014425493031515,-1.4425493031515e-06,0.0037702730355659,2.2140833333333,2.2140833333333e-13,6587491.9175193,0.7061505520249,1.63e-06,1.63,4.5359526938173e-07,3.1880865081128e-09,8000000,6587491.9175193,73420247.202589,0.00043875541917557,180.89885932609,0,-1.4425493031515e-06,0,0,0,3000000,5000000,-4.8811444583147e-07,-3.7232755174283e-09,-0.51616643038687,0.0067844004069949,1,67.581534520546,67844004.069949,176.65091755937,176834689.29098,180.3826928957,26.376382244782,25.992661231005,0,0,-26376382.244782,-25992661.231005,-176650917.55937,-176834689.29098,0.0019988288209677,-0.00029245846952131,361585.85370117,-361585.85370117
234.75,0,-0.00073121388869688,16.44200364,65908130.565127,15.32,65908130.565127,73420247.202589,0.7061505520249,4.577254984933e-05,45.77254984933,1.4677499919177e+14,35.227809211065,6.0312325068749e-06,-0.00023029438895721,1.5123306199612e-05,2.1154538706487e-05,-3.257800842553e-05,-0.00026287239738274,-0.12715220839817,0.19210465181821,26880000,0,0,-1.4425493031515e-06,-1.4425493031515e-06,4.8563746236665e-11,6.7844004068211e-06,0.0014425493031515,0.0067844004069949,-65908130.565127,485.63746236665,67844004.068211,151.63468929098,150.78718444149,146.83468929098,150.3826928957,150.45830704619,0,0,0,65.729629676892,0.076101270846132,0.052793859825404,0.029286866749888,4.5359526938173e-07,3.9072648154572,0.027215716162904,0.052793859825404,0.0014425493031515,-1.4425493031515e-06,0.0037702730355659,2.2140833333333,2.2140833333333e-13,6587491.9175193,0.7061505520249,1.63e-06,1.63,4.5359526938173e-07,3.1880865081128e-09,8000000,6587491.9175193,73420247.202589,0.00043875541917557,180.89885932609,0,-1.4425493031515e-06,0,0,0,3000000,5000000,-4.8811444583147e-07,-3.7232755174283e-09,-0.51616643038687,0.0067844004069949,1,67.581534520546,67844004.069949,176.65091755937,176834689.29098,180.3826928957,26.376382244782,25.992661231005,0,0,-26376382.244782,-25992661.231005,-176650917.55937,-176834689.29098,0.0019988288209677,-0.00029245846952131,361585.85370117,-361585.85370117
235.5,0,-0.00073121388869688,16.44200364,65908130.565127,15.32,65908130.565127,73420247.202589,0.7061505520249,4.577254984933e-05,45.77254984933,1.4677499919177e+14,35.227809211065,6.0312325068749e-06,-0.00023029438895721,1.5123306199612e-05,2.1154538706487e-05,-3.257800842553e-05,-0.00026287239738274,-0.12715220839817,0.19210465181821,26880000,0,0,-1.4425493031515e-06,-1.4425493031515e-06,4.8563746236665e-11,6.7844004068211e-06,0.0014425493031515,0.0067844004069949,-65908130.565127,485.63746236665,67844004.068211,151.63468929098,150.78718444149,146.83468929098,150.3826928957,150.45830704619,0,0,0,65.729629676892,0.076101270846132,0.052793859825404,0.029286866749888,4.5359526938173e-07,3.9072648154572,0.027215716162904,0.052793859825404,0.0014425493031515,-1.4425493031515e-06,0.0037702730355659,2.2140833333333,2.2140833333333e-13,6587491.9175193,0.7061505520249,1.63e-06,1.63,4.5359526938173e-07,3.1880865081128e-09,8000000,6587491.9175193,73420247.202589,0.00043875541917557,180.89885932609,0,-1.4425493031515e-06,0,0,0,3000000,5000000,-4.8811444583147e-07,-3.7232755174283e-09,-0.51616643038687,0.0067844004069949,1,67.581534520546,67844004.069949,176.65091755937,176834689.29098,180.3826928957,26.376382244782,25.992661231005,0,0,-26376382.244782,-25992661.231005,-176650917.55937,-176834689.29098,0.0019988288209677,-0.00029245846952131,361585.85370117,-361585.85370117
236.25,0,-0.00073121388869688,16.44200364,65908130.565127,15.32,65908130.565127,73420247.202589,0.7061505520249,4.577254984933e-05,45.77254984933,1.4677499919177e+14,35.227809211065,6.0312325068749e-06,-0.00023029438895721,1.5123306199612e-05,2.1154538706487e-05,-3.257800842553e-05,-0.00026287239738274,-0.12715220839817,0.19210465181821,26880000,0,0,-1.4425493031515e-06,-1.4425493031515e-06,4.8563746236665e-11,6.7844004068211e-06,0.0014425493031515,0.0067844004069949,-65908130.565127,485.63746236665,67844004.068211,151.63468929098,150.78718444149,146.83468929098,150.3826928957,150.45830704619,0,0,0,65.729629676892,0.076101270846132,0.052793859825404,0.029286866749888,4.5359526938173e-07,3.9072648154572,0.027215716162904,0.052793859825404,0.0014425493031515,-1.4425493031515e-06,0.0037702730355659,2.2140833333333,2.2140833333333e-13,6587491.9175193,0.7061505520249,1.63e-06,1.63,4.5359526938173e-07,3.1880865081128e-09,8000000,6587491.9175193,73420247.202589,0.00043875541917557,180.89885932609,0,-1.4425493031515e-06,0,0,0,3000000,5000000,-4.8811444583147e-07,-3.7232755174283e-09,-0.51616643038687,0.0067844004069949,1,67.581534520546,67844004.069949,176.65091755937,176834689.29098,180.3826928957,26.376382244782,25.992661231005,0,0,-26376382.244782,-25992661.231005,-176650917.55937,-176834689.29098,0.0019988288209677,-0.00029245846952131,361585.85370117,-361585.85370117
237,0,-0.00073121388869688,16.44200364,65908130.565127,15.32,65908130.565127,73420247.202589,0.7061505520249,4.577254984933e-05,45.77254984933,1.4677499919177e+14,35.227809211065,6.0312325068749e-06,-0.00023029438895721,1.5123306199612e-05,2.1154538706487e-05,-3.257800842553e-05,-0.00026287239738274,-0.12715220839817,0.19210465181821,26880000,0,0,-1.4425493031515e-06,-1.4425493031515e-06,4.8563746236665e-11,6.7844004068211e-06,0.0014425493031515,0.0067844004069949,-65908130.565127,485.63746236665,67844004.068211,151.63468929098,150.78718444149,146.83468929098,150.3826928957,150.45830704619,0,0,0,65.729629676892,0.076101270846132,0.052793859825404,0.029286866749888,4.5359526938173e-07,3.9072648154572,0.027215716162904,0.052793859825404,0.0014425493031515,-1.4425493031515e-06,0.0037702730355659,2.2140833333333,2.2140833333333e-13,6587491.9175193,0.7061505520249,1.63e-06,1.63,4.5359526938173e-07,3.1880865081128e-09,8000000,6587491.9175193,73420247.202589,0.00043875541917557,180.89885932609,0,-1.4425493031515e-06,0,0,0,3000000,5000000,-4.8811444583147e-07,-3.7232755174283e-09,-0.51616643038687,0.0067844004069949,1,67.581534520546,67844004.069949,176.65091755937,176834689.29098,180.3826928957,26.376382244782,25.992661231005,0,0,-26376382.244782,-25992661.231005,-176650917.55937,-176834689.29098,0.0019988288209677,-0.00029245846952131,361585.85370117,-361585.85370117
237.75,0,-0.00073121388869688,16.44200364,65908130.565127,15.32,65908130.565127,73420247.202589,0.7061505520249,4.577254984933e-05,45.77254984933,1.4677499919177e+14,35.227809211065,6.0312325068749e-06,-0.00023029438895721,1.5123306199612e-05,2.1154538706487e-05,-3.257800842553e-05,-0.00026287239738274,-0.12715220839817,0.19210465181821,26880000,0,0,-1.4425493031515e-06,-1.4425493031515e-06,4.8563746236665e-11,6.7844004068211e-06,0.0014425493031515,0.0067844004069949,-65908130.565127,485.63746236665,67844004.068211,151.63468929098,150.78718444149,146.83468929098,150.3826928957,150.45830704619,0,0,0,65.729629676892,0.076101270846132,0.052793859825404,0.029286866749888,4.5359526938173e-07,3.9072648154572,0.027215716162904,0.052793859825404,0.0014425493031515,-1.4425493031515e-06,0.0037702730355659,2.2140833333333,2.2140833333333e-13,6587491.9175193,0.7061505520249,1.63e-06,1.63,4.5359526938173e-07,3.1880865081128e-09,8000000,6587491.9175193,73420247.202589,0.00043875541917557,180.89885932609,0,-1.4425493031515e-06,0,0,0,3000000,5000000,-4.8811444583147e-07,-3.7232755174283e-09,-0.51616643038687,0.0067844004069949,1,67.581534520546,67844004.069949,176.65091755937,176834689.29098,180.3826928957,26.376382244782,25.992661231005,0,0,-26376382.244782,-25992661.231005,-176650917.55937,-176834689.29098,0.0019988288209677,-0.00029245846952131,361585.85370117,-361585.85370117
238.5,0,-0.00073121388869688,16.44200364,65908130.565127,15.32,65908130.565127,73420247.202589,0.7061505520249,4.577254984933e-05,45.77254984933,1.4677499919177e+14,35.227809211065,6.0312325068749e-06,-0.00023029438895721,1.5123306199612e-05,2.1154538706487e-05,-3.257800842553e-05,-0.00026287239738274,-0.12715220839817,0.19210465181821,26880000,0,0,-1.4425493031515e-06,-1.4425493031515e-06,4.8563746236665e-11,6.7844004068211e-06,0.0014425493031515,0.0067844004069949,-65908130.565127,485.63746236665,67844004.068211,151.63468929098,150.78718444149,146.83468929098,150.3826928957,150.45830704619,0,0,0,65.729629676892,0.076101270846132,0.052793859825404,0.029286866749888,4.5359526938173e-07,3.9072648154572,0.027215716162904,0.052793859825404,0.0014425493031515,-1.4425493031515e-06,0.0037702730355659,2.2140833333333,2.2140833333333e-13,6587491.9175193,0.7061505520249,1.63e-06,1.63,4.5359526938173e-07,3.1880865081128e-09,8000000,6587491.9175193,73420247.202589,0.00043875541917557,180.89885932609,0,-1.4425493031515e-06,0,0,0,3000000,5000000,-4.8811444583147e-07,-3.7232755174283e-09,-0.51616643038687,0.0067844004069949,1,67.581534520546,67844004.069949,176.65091755937,176834689.29098,180.3826928957,26.376382244782,25.992661231005,0,0,-26376382.244782,-25992661.231005,-176650917.55937,-176834689.29098,0.0019988288209677,-0.00029245846952131,361585.85370117,-361585.85370117
239.25,0,-0.00073121388869688,16.44200364,65908130.565127,15.32,65908130.565127,73420247.202589,0.7061505520249,4.577254984933e-05,45.77254984933,1.4677499919177e+14,35.227809211065,6.0312325068749e-06,-0.00023029438895721,1.5123306199612e-05,2.1154538706487e-05,-3.257800842553e-05,-0.00026287239738274,-0.12715220839817,0.19210465181821,26880000,0,0,-1.4425493031515e-06,-1.4425493031515e-06,4.8563746236665e-11,6.7844004068211e-06,0.0014425493031515,0.0067844004069949,-65908130.565127,485.63746236665,67844004.068211,151.63468929098,150.78718444149,146.83468929098,150.3826928957,150.45830704619,0,0,0,65.729629676892,0.076101270846132,0.052793859825404,0.029286866749888,4.5359526938173e-07,3.9072648154572,0.027215716162904,0.052793859825404,0.0014425493031515,-1.4425493031515e-06,0.0037702730355659,2.2140833333333,2.2140833333333e-13,6587491.9175193,0.7061505520249,1.63e-06,1.63,4.5359526938173e-07,3.1880865081128e-09,8000000,6587491.9175193,73420247.202589,0.00043875541917557,180.89885932609,0,-1.4425493031515e-06,0,0,0,3000000,5000000,-4.8811444583147e-07,-3.7232755174283e-09,-0.51616643038687,0.0067844004069949,1,67.581534520546,67844004.069949,176.65091755937,176834689.29098,180.3826928957,26.376382244782,25.992661231005,0,0,-26376382.244782,-25992661.231005,-176650917.55937,-176834689.29098,0.0019988288209677,-0.00029245846952131,361585.85370117,-361585.85370117
240,0,-0.00073121388869688,16.44200364,65908130.565127,15.32,65908130.565127,73420247.202589,0.7061505520249,4.577254984933e-05,45.77254984933,1.4677499919177e+14,35.227809211065,6.0312325068749e-06,-0.00023029438895721,1.5123306199612e-05,2.1154538706487e-05,-3.257800842553e-05,-0.00026287239738274,-0.12715220839817,0.19210465181821,26880000,0,0,-1.4425493031515e-06,-1.4425493031515e-06,4.8563746236665e-11,6.7844004068211e-06,0.0014425493031515,0.0067844004069949,-65908130.565127,485.63746236665,67844004.068211,151.63468929098,150.78718444149,146.83468929098,150.3826928957,150.45830704619,0,0,0,65.729629676892,0.076101270846132,0.052793859825404,0.029286866749888,4.5359526938173e-07,3.9072648154572,0.027215716162904,0.052793859825404,0.0014425493031515,-1.4425493031515e-06,0.0037702730355659,2.2140833333333,2.2140833333333e-13,6587491.9175193,0.7061505520249,1.63e-06,1.63,4.5359526938173e-07,3.1880865081128e-09,8000000,6587491.9175193,73420247.202589,0.00043875541917557,180.89885932609,0,-1.4425493031515e-06,0,0,0,3000000,5000000,-4.8811444583147e-07,-3.7232755174283e-09,-0.51616643038687,0.0067844004069949,1,67.581534520546,67844004.069949,176.65091755937,176834689.29098,180.3826928957,26.376382244782,25.992661231005,0,0,-26376382.244782,-25992661.231005,-176650917.55937,-176834689.29098,0.0019988288209677,-0.00029245846952131,361585.85370117,-361585.85370117
240.75,0,-0.00073121388869688,16.44200364,65908130.565127,15.32,65908130.565127,73420247.202589,0.7061505520249,4.577254984933e-05,45.77254984933,1.4677499919177e+14,35.227809211065,6.0312325068749e-06,-0.00023029438895721,1.5123306199612e-05,2.1154538706487e-05,-3.257800842553e-05,-0.00026287239738274,-0.12715220839817,0.19210465181821,26880000,0,0,-1.4425493031515e-06,-1.4425493031515e-06,4.8563746236665e-11,6.7844004068211e-06,0.0014425493031515,0.0067844004069949,-65908130.565127,485.63746236665,67844004.068211,151.63468929098,150.78718444149,146.83468929098,150.3826928957,150.45830704619,0,0,0,65.729629676892,0.076101270846132,0.052793859825404,0.029286866749888,4.5359526938173e-07,3.9072648154572,0.027215716162904,0.052793859825404,0.0014425493031515,-1.4425493031515e-06,0.0037702730355659,2.2140833333333,2.2140833333333e-13,6587491.9175193,0.7061505520249,1.63e-06,1.63,4.5359526938173e-07,3.1880865081128e-09,8000000,6587491.9175193,73420247.202589,0.00043875541917557,180.89885932609,0,-1.4425493031515e-06,0,0,0,3000000,5000000,-4.8811444583147e-07,-3.7232755174283e-09,-0.51616643038687,0.0067844004069949,1,67.581534520546,67844004.069949,176.65091755937,176834689.29098,180.3826928957,26.376382244782,25.992661231005,0,0,-26376382.244782,-25992661.231005,-176650917.55937,-176834689.29098,0.0019988288209677,-0.00029245846952131,361585.85370117,-361585.85370117
241.5,0,-0.00073121388869688,16.44200364,65908130.565127,15.32,65908130.565127,73420247.202589,0.7061505520249,4.577254984933e-05,45.77254984933,1.4677499919177e+14,35.227809211065,6.0312325068749e-06,-0.00023029438895721,1.5123306199612e-05,2.1154538706487e-05,-3.257800842553e-05,-0.00026287239738274,-0.12715220839817,0.19210465181821,26880000,0,0,-1.4425493031515e-06,-1.4425493031515e-06,4.8563746236665e-11,6.7844004068211e-06,0.0014425493031515,0.0067844004069949,-65908130.565127,485.63746236665,67844004.068211,151.63468929098,150.78718444149,146.83468929098,150.3826928957,150.45830704619,0,0,0,65.729629676892,0.076101270846132,0.052793859825404,0.029286866749888,4.5359526938173e-07,3.9072648154572,0.027215716162904,0.052793859825404,0.0014425493031515,-1.4425493031515e-06,0.0037702730355659,2.2140833333333,2.2140833333333e-13,6587491.9175193,0.7061505520249,1.63e-06,1.63,4.5359526938173e-07,3.1880865081128e-09,8000000,6587491.9175193,73420247.202589,0.00043875541917557,180.89885932609,0,-1.4425493031515e-06,0,0,0,3000000,5000000,-4.8811444583147e-07,-3.7232755174283e-09,-0.51616643038687,0.0067844004069949,1,67.581534520546,67844004.069949,176.65091755937,176834689.29098,180.3826928957,26.376382244782,25.992661231005,0,0,-26376382.244782,-25992661.231005,-176650917.55937,-176834689.29098,0.0019988288209677,-0.00029245846952131,361585.85370117,-361585.85370117
242.25,0,-0.00073121388869688,16.44200364,65908130.565127,15.32,65908130.565127,73420247.202589,0.7061505520249,4.577254984933e-05,45.77254984933,1.4677499919177e+14,35.227809211065,6.0312325068749e-06,-0.00023029438895721,1.5123306199612e-05,2.1154538706487e-05,-3.257800842553e-05,-0.00026287239738274,-0.12715220839817,0.19210465181821,26880000,0,0,-1.4425493031515e-06,-1.4425493031515e-06,4.8563746236665e-11,6.7844004068211e-06,0.0014425493031515,0.0067844004069949,-65908130.565127,485.63746236665,67844004.068211,151.63468929098,150.78718444149,146.83468929098,150.3826928957,150.45830704619,0,0,0,65.729629676892,0.076101270846132,0.052793859825404,0.029286866749888,4.5359526938173e-07,3.9072648154572,0.027215716162904,0.052793859825404,0.0014425493031515,-1.4425493031515e-06,0.0037702730355659,2.2140833333333,2.2140833333333e-13,6587491.9175193,0.7061505520249,1.63e-06,1.63,4.5359526938173e-07,3.1880865081128e-09,8000000,6587491.9175193,73420247.202589,0.00043875541917557,180.89885932609,0,-1.4425493031515e-06,0,0,0,3000000,5000000,-4.8811444583147e-07,-3.7232755174283e-09,-0.51616643038687,0.0067844004069949,1,67.581534520546,67844004.069949,176.65091755937,176834689.29098,180.3826928957,26.376382244782,25.992661231005,0,0,-26376382.244782,-25992661.231005,-176650917.55937,-176834689.29098,0.0019988288209677,-0.00029245846952131,361585.85370117,-361585.85370117
243,0,-0.00073121388869688,16.44200364,65908130.565127,15.32,65908130.565127,73420247.202589,0.7061505520249,4.577254984933e-05,45.77254984933,1.4677499919177e+14,35.227809211065,6.0312325068749e-06,-0.00023029438895721,1.5123306199612e-05,2.1154538706487e-05,-3.257800842553e-05,-0.00026287239738274,-0.12715220839817,0.19210465181821,26880000,0,0,-1.4425493031515e-06,-1.4425493031515e-06,4.8563746236665e-11,6.7844004068211e-06,0.0014425493031515,0.0067844004069949,-65908130.565127,485.63746236665,67844004.068211,151.63468929098,150.78718444149,146.83468929098,150.3826928957,150.45830704619,0,0,0,65.729629676892,0.076101270846132,0.052793859825404,0.029286866749888,4.5359526938173e-07,3.9072648154572,0.027215716162904,0.052793859825404,0.0014425493031515,-1.4425493031515e-06,0.0037702730355659,2.2140833333333,2.2140833333333e-13,6587491.9175193,0.7061505520249,1.63e-06,1.63,4.5359526938173e-07,3.1880865081128e-09,8000000,6587491.9175193,73420247.202589,0.00043875541917557,180.89885932609,0,-1.4425493031515e-06,0,0,0,3000000,5000000,-4.8811444583147e-07,-3.7232755174283e-09,-0.51616643038687,0.0067844004069949,1,67.581534520546,67844004.069949,176.65091755937,176834689.29098,180.3826928957,26.376382244782,25.992661231005,0,0,-26376382.244782,-25992661.231005,-176650917.55937,-176834689.29098,0.0019988288209677,-0.00029245846952131,361585.85370117,-361585.85370117
243.75,0,-0.00073121388869688,16.44200364,65908130.565127,15.32,65908130.565127,73420247.202589,0.7061505520249,4.577254984933e-05,45.77254984933,1.4677499919177e+14,35.227809211065,6.0312325068749e-06,-0.00023029438895721,1.5123306199612e-05,2.1154538706487e-05,-3.257800842553e-05,-0.00026287239738274,-0.12715220839817,0.19210465181821,26880000,0,0,-1.4425493031515e-06,-1.4425493031515e-06,4.8563746236665e-11,6.7844004068211e-06,0.0014425493031515,0.0067844004069949,-65908130.565127,485.63746236665,67844004.068211,151.63468929098,150.78718444149,146.83468929098,150.3826928957,150.45830704619,0,0,0,65.729629676892,0.076101270846132,0.052793859825404,0.029286866749888,4.5359526938173e-07,3.9072648154572,0.027215716162904,0.052793859825404,0.0014425493031515,-1.4425493031515e-06,0.0037702730355659,2.2140833333333,2.2140833333333e-13,6587491.9175193,0.7061505520249,1.63e-06,1.63,4.5359526938173e-07,3.1880865081128e-09,8000000,6587491.9175193,73420247.202589,0.00043875541917557,180.89885932609,0,-1.4425493031515e-06,0,0,0,3000000,5000000,-4.8811444583147e-07,-3.7232755174283e-09,-0.51616643038687,0.0067844004069949,1,67.581534520546,67844004.069949,176.65091755937,176834689.29098,180.3826928957,26.376382244782,25.992661231005,0,0,-26376382.244782,-25992661.231005,-176650917.55937,-176834689.29098,0.0019988288209677,-0.00029245846952131,361585.85370117,-361585.85370117
244.5,0,-0.00073121388869688,16.44200364,65908130.565127,15.32,65908130.565127,73420247.202589,0.7061505520249,4.577254984933e-05,45.77254984933,1.4677499919177e+14,35.227809211065,6.0312325068749e-06,-0.00023029438895721,1.5123306199612e-05,2.1154538706487e-05,-3.257800842553e-05,-0.00026287239738274,-0.12715220839817,0.19210465181821,26880000,0,0,-1.4425493031515e-06,-1.4425493031515e-06,4.8563746236665e-11,6.7844004068211e-06,0.0014425493031515,0.0067844004069949,-65908130.565127,485.63746236665,67844004.068211,151.63468929098,150.78718444149,146.83468929098,150.3826928957,150.45830704619,0,0,0,65.729629676892,0.076101270846132,0.052793859825404,0.029286866749888,4.5359526938173e-07,3.9072648154572,0.027215716162904,0.052793859825404,0.0014425493031515,-1.4425493031515e-06,0.0037702730355659,2.2140833333333,2.2140833333333e-13,6587491.9175193,0.7061505520249,1.63e-06,1.63,4.5359526938173e-07,3.1880865081128e-09,8000000,6587491.9175193,73420247.202589,0.00043875541917557,180.89885932609,0,-1.4425493031515e-06,0,0,0,3000000,5000000,-4.8811444583147e-07,-3.7232755174283e-09,-0.51616643038687,0.0067844004069949,1,67.581534520546,67844004.069949,176.65091755937,176834689.29098,180.3826928957,26.376382244782,25.992661231005,0,0,-26376382.244782,-25992661.231005,-176650917.55937,-176834689.29098,0.0019988288209677,-0.00029245846952131,361585.85370117,-361585.85370117
245.25,0,-0.00073121388869688,16.44200364,65908130.565127,15.32,65908130.565127,73420247.202589,0.7061505520249,4.577254984933e-05,45.77254984933,1.4677499919177e+14,35.227809211065,6.0312325068749e-06,-0.00023029438895721,1.5123306199612e-05,2.1154538706487e-05,-3.257800842553e-05,-0.00026287239738274,-0.12715220839817,0.19210465181821,26880000,0,0,-1.4425493031515e-06,-1.4425493031515e-06,4.8563746236665e-11,6.7844004068211e-06,0.0014425493031515,0.0067844004069949,-65908130.565127,485.63746236665,67844004.068211,151.63468929098,150.78718444149,146.83468929098,150.3826928957,150.45830704619,0,0,0,65.729629676892,0.076101270846132,0.052793859825404,0.029286866749888,4.5359526938173e-07,3.9072648154572,0.027215716162904,0.052793859825404,0.0014425493031515,-1.4425493031515e-06,0.0037702730355659,2.2140833333333,2.2140833333333e-13,6587491.9175193,0.7061505520249,1.63e-06,1.63,4.5359526938173e-07,3.1880865081128e-09,8000000,6587491.9175193,73420247.202589,0.00043875541917557,180.89885932609,0,-1.4425493031515e-06,0,0,0,3000000,5000000,-4.8811444583147e-07,-3.7232755174283e-09,-0.51616643038687,0.0067844004069949,1,67.581534520546,67844004.069949,176.65091755937,176834689.29098,180.3826928957,26.376382244782,25.992661231005,0,0,-26376382.244782,-25992661.231005,-176650917.55937,-176834689.29098,0.0019988288209677,-0.00029245846952131,361585.85370117,-361585.85370117
246,0,-0.00073121388869688,16.44200364,65908130.565127,15.32,65908130.565127,73420247.202589,0.7061505520249,4.577254984933e-05,45.77254984933,1.4677499919177e+14,35.227809211065,6.0312325068749e-06,-0.00023029438895721,1.5123306199612e-05,2.1154538706487e-05,-3.257800842553e-05,-0.00026287239738274,-0.12715220839817,0.19210465181821,26880000,0,0,-1.4425493031515e-06,-1.4425493031515e-06,4.8563746236665e-11,6.7844004068211e-06,0.0014425493031515,0.0067844004069949,-65908130.565127,485.63746236665,67844004.068211,151.63468929098,150.78718444149,146.83468929098,150.3826928957,150.45830704619,0,0,0,65.729629676892,0.076101270846132,0.052793859825404,0.029286866749888,4.5359526938173e-07,3.9072648154572,0.027215716162904,0.052793859825404,0.0014425493031515,-1.4425493031515e-06,0.0037702730355659,2.2140833333333,2.2140833333333e-13,6587491.9175193,0.7061505520249,1.63e-06,1.63,4.5359526938173e-07,3.1880865081128e-09,8000000,6587491.9175193,73420247.202589,0.00043875541917557,180.89885932609,0,-1.4425493031515e-06,0,0,0,3000000,5000000,-4.8811444583147e-07,-3.7232755174283e-09,-0.51616643038687,0.0067844004069949,1,67.581534520546,67844004.069949,176.65091755937,176834689.29098,180.3826928957,26.376382244782,25.992661231005,0,0,-26376382.244782,-25992661.231005,-176650917.55937,-176834689.29098,0.0019988288209677,-0.00029245846952131,361585.85370117,-361585.85370117
246.75,0,-0.00073121388869688,16.44200364,65908130.565127,15.32,65908130.565127,73420247.202589,0.7061505520249,4.577254984933e-05,45.77254984933,1.4677499919177e+14,35.227809211065,6.0312325068749e-06,-0.00023029438895721,1.5123306199612e-05,2.1154538706487e-05,-3.257800842553e-05,-0.00026287239738274,-0.12715220839817,0.19210465181821,26880000,0,0,-1.4425493031515e-06,-1.4425493031515e-06,4.8563746236665e-11,6.7844004068211e-06,0.0014425493031515,0.0067844004069949,-65908130.565127,485.63746236665,67844004.068211,151.63468929098,150.78718444149,146.83468929098,150.3826928957,150.45830704619,0,0,0,65.729629676892,0.076101270846132,0.052793859825404,0.029286866749888,4.5359526938173e-07,3.9072648154572,0.027215716162904,0.052793859825404,0.0014425493031515,-1.4425493031515e-06,0.0037702730355659,2.2140833333333,2.2140833333333e-13,6587491.9175193,0.7061505520249,1.63e-06,1.63,4.5359526938173e-07,3.1880865081128e-09,8000000,6587491.9175193,73420247.202589,0.00043875541917557,180.89885932609,0,-1.4425493031515e-06,0,0,0,3000000,5000000,-4.8811444583147e-07,-3.7232755174283e-09,-0.51616643038687,0.0067844004069949,1,67.581534520546,67844004.069949,176.65091755937,176834689.29098,180.3826928957,26.376382244782,25.992661231005,0,0,-26376382.244782,-25992661.231005,-176650917.55937,-176834689.29098,0.0019988288209677,-0.00029245846952131,361585.85370117,-361585.85370117
247.5,0,-0.00073121388869688,16.44200364,65908130.565127,15.32,65908130.565127,73420247.202589,0.7061505520249,4.577254984933e-05,45.77254984933,1.4677499919177e+14,35.227809211065,6.0312325068749e-06,-0.00023029438895721,1.5123306199612e-05,2.1154538706487e-05,-3.257800842553e-05,-0.00026287239738274,-0.12715220839817,0.19210465181821,26880000,0,0,-1.4425493031515e-06,-1.4425493031515e-06,4.8563746236665e-11,6.7844004068211e-06,0.0014425493031515,0.0067844004069949,-65908130.565127,485.63746236665,67844004.068211,151.63468929098,150.78718444149,146.83468929098,150.3826928957,150.45830704619,0,0,0,65.729629676892,0.076101270846132,0.052793859825404,0.029286866749888,4.5359526938173e-07,3.9072648154572,0.027215716162904,0.052793859825404,0.0014425493031515,-1.4425493031515e-06,0.0037702730355659,2.2140833333333,2.2140833333333e-13,6587491.9175193,0.7061505520249,1.63e-06,1.63,4.5359526938173e-07,3.1880865081128e-09,8000000,6587491.9175193,73420247.202589,0.00043875541917557,180.89885932609,0,-1.4425493031515e-06,0,0,0,3000000,5000000,-4.8811444583147e-07,-3.7232755174283e-09,-0.51616643038687,0.0067844004069949,1,67.581534520546,67844004.069949,176.65091755937,176834689.29098,180.3826928957,26.376382244782,25.992661231005,0,0,-26376382.244782,-25992661.231005,-176650917.55937,-176834689.29098,0.0019988288209677,-0.00029245846952131,361585.85370117,-361585.85370117
248.25,0,-0.00073121388869688,16.44200364,65908130.565127,15.32,65908130.565127,73420247.202589,0.7061505520249,4.577254984933e-05,45.77254984933,1.4677499919177e+14,35.227809211065,6.0312325068749e-06,-0.00023029438895721,1.5123306199612e-05,2.1154538706487e-05,-3.257800842553e-05,-0.00026287239738274,-0.12715220839817,0.19210465181821,26880000,0,0,-1.4425493031515e-06,-1.4425493031515e-06,4.8563746236665e-11,6.7844004068211e-06,0.0014425493031515,0.0067844004069949,-65908130.565127,485.63746236665,67844004.068211,151.63468929098,150.78718444149,146.83468929098,150.3826928957,150.45830704619,0,0,0,65.729629676892,0.076101270846132,0.052793859825404,0.029286866749888,4.5359526938173e-07,3.9072648154572,0.027215716162904,0.052793859825404,0.0014425493031515,-1.4425493031515e-06,0.0037702730355659,2.2140833333333,2.2140833333333e-13,6587491.9175193,0.7061505520249,1.63e-06,1.63,4.5359526938173e-07,3.1880865081128e-09,8000000,6587491.9175193,73420247.202589,0.00043875541917557,180.89885932609,0,-1.4425493031515e-06,0,0,0,3000000,5000000,-4.8811444583147e-07,-3.7232755174283e-09,-0.51616643038687,0.0067844004069949,1,67.581534520546,67844004.069949,176.65091755937,176834689.29098,180.3826928957,26.376382244782,25.992661231005,0,0,-26376382.244782,-25992661.231005,-176650917.55937,-176834689.29098,0.0019988288209677,-0.00029245846952131,361585.85370117,-361585.85370117
249,0,-0.00073121388869688,16.44200364,65908130.565127,15.32,65908130.565127,73420247.202589,0.7061505520249,4.577254984933e-05,45.77254984933,1.4677499919177e+14,35.227809211065,6.0312325068749e-06,-0.00023029438895721,1.5123306199612e-05,2.1154538706487e-05,-3.257800842553e-05,-0.00026287239738274,-0.12715220839817,0.19210465181821,26880000,0,0,-1.4425493031515e-06,-1.4425493031515e-06,4.8563746236665e-11,6.7844004068211e-06,0.0014425493031515,0.0067844004069949,-65908130.565127,485.63746236665,67844004.068211,151.63468929098,150.78718444149,146.83468929098,150.3826928957,150.45830704619,0,0,0,65.729629676892,0.076101270846132,0.052793859825404,0.029286866749888,4.5359526938173e-07,3.9072648154572,0.027215716162904,0.052793859825404,0.0014425493031515,-1.4425493031515e-06,0.0037702730355659,2.2140833333333,2.2140833333333e-13,6587491.9175193,0.7061505520249,1.63e-06,1.63,4.5359526938173e-07,3.1880865081128e-09,8000000,6587491.9175193,73420247.202589,0.00043875541917557,180.89885932609,0,-1.4425493031515e-06,0,0,0,3000000,5000000,-4.8811444583147e-07,-3.7232755174283e-09,-0.51616643038687,0.0067844004069949,1,67.581534520546,67844004.069949,176.65091755937,176834689.29098,180.3826928957,26.376382244782,25.992661231005,0,0,-26376382.244782,-25992661.231005,-176650917.55937,-176834689.29098,0.0019988288209677,-0.00029245846952131,361585.85370117,-361585.85370117
249.75,0,-0.00073121388869688,16.44200364,65908130.565127,15.32,65908130.565127,73420247.202589,0.7061505520249,4.577254984933e-05,45.77254984933,1.4677499919177e+14,35.227809211065,6.0312325068749e-06,-0.00023029438895721,1.5123306199612e-05,2.1154538706487e-05,-3.257800842553e-05,-0.00026287239738274,-0.12715220839817,0.19210465181821,26880000,0,0,-1.4425493031515e-06,-1.4425493031515e-06,4.8563746236665e-11,6.7844004068211e-06,0.0014425493031515,0.0067844004069949,-65908130.565127,485.63746236665,67844004.068211,151.63468929098,150.78718444149,146.83468929098,150.3826928957,150.45830704619,0,0,0,65.729629676892,0.076101270846132,0.052793859825404,0.029286866749888,4.5359526938173e-07,3.9072648154572,0.027215716162904,0.052793859825404,0.0014425493031515,-1.4425493031515e-06,0.0037702730355659,2.2140833333333,2.2140833333333e-13,6587491.9175193,0.7061505520249,1.63e-06,1.63,4.5359526938173e-07,3.1880865081128e-09,8000000,6587491.9175193,73420247.202589,0.00043875541917557,180.89885932609,0,-1.4425493031515e-06,0,0,0,3000000,5000000,-4.8811444583147e-07,-3.7232755174283e-09,-0.51616643038687,0.0067844004069949,1,67.581534520546,67844004.069949,176.65091755937,176834689.29098,180.3826928957,26.376382244782,25.992661231005,0,0,-26376382.244782,-25992661.231005,-176650917.55937,-176834689.29098,0.0019988288209677,-0.00029245846952131,361585.85370117,-361585.85370117
250.5,0,-0.00073121388869688,16.44200364,65908130.565127,15.32,65908130.565127,73420247.202589,0.7061505520249,4.577254984933e-05,45.77254984933,1.4677499919177e+14,35.227809211065,6.0312325068749e-06,-0.00023029438895721,1.5123306199612e-05,2.1154538706487e-05,-3.257800842553e-05,-0.00026287239738274,-0.12715220839817,0.19210465181821,26880000,0,0,-1.4425493031515e-06,-1.4425493031515e-06,4.8563746236665e-11,6.7844004068211e-06,0.0014425493031515,0.0067844004069949,-65908130.565127,485.63746236665,67844004.068211,151.63468929098,150.78718444149,146.83468929098,150.3826928957,150.45830704619,0,0,0,65.729629676892,0.076101270846132,0.052793859825404,0.029286866749888,4.5359526938173e-07,3.9072648154572,0.027215716162904,0.052793859825404,0.0014425493031515,-1.4425493031515e-06,0.0037702730355659,2.2140833333333,2.2140833333333e-13,6587491.9175193,0.7061505520249,1.63e-06,1.63,4.5359526938173e-07,3.1880865081128e-09,8000000,6587491.9175193,73420247.202589,0.00043875541917557,180.89885932609,0,-1.4425493031515e-06,0,0,0,3000000,5000000,-4.8811444583147e-07,-3.7232755174283e-09,-0.51616643038687,0.0067844004069949,1,67.581534520546,67844004.069949,176.65091755937,176834689.29098,180.3826928957,26.376382244782,25.992661231005,0,0,-26376382.244782,-25992661.231005,-176650917.55937,-176834689.29098,0.0019988288209677,-0.00029245846952131,361585.85370117,-361585.85370117
251.25,0,-0.00073121388869688,16.44200364,65908130.565127,15.32,65908130.565127,73420247.202589,0.7061505520249,4.577254984933e-05,45.77254984933,1.4677499919177e+14,35.227809211065,6.0312325068749e-06,-0.00023029438895721,1.5123306199612e-05,2.1154538706487e-05,-3.257800842553e-05,-0.00026287239738274,-0.12715220839817,0.19210465181821,26880000,0,0,-1.4425493031515e-06,-1.4425493031515e-06,4.8563746236665e-11,6.7844004068211e-06,0.0014425493031515,0.0067844004069949,-65908130.565127,485.63746236665,67844004.068211,151.63468929098,150.78718444149,146.83468929098,150.3826928957,150.45830704619,0,0,0,65.729629676892,0.076101270846132,0.052793859825404,0.029286866749888,4.5359526938173e-07,3.9072648154572,0.027215716162904,0.052793859825404,0.0014425493031515,-1.4425493031515e-06,0.0037702730355659,2.2140833333333,2.2140833333333e-13,6587491.9175193,0.7061505520249,1.63e-06,1.63,4.5359526938173e-07,3.1880865081128e-09,8000000,6587491.9175193,73420247.202589,0.00043875541917557,180.89885932609,0,-1.4425493031515e-06,0,0,0,3000000,5000000,-4.8811444583147e-07,-3.7232755174283e-09,-0.51616643038687,0.0067844004069949,1,67.581534520546,67844004.069949,176.65091755937,176834689.29098,180.3826928957,26.376382244782,25.992661231005,0,0,-26376382.244782,-25992661.231005,-176650917.55937,-176834689.29098,0.0019988288209677,-0.00029245846952131,361585.85370117,-361585.85370117
252,0,-0.00073121388869688,16.44200364,65908130.565127,15.32,65908130.565127,73420247.202589,0.7061505520249,4.577254984933e-05,45.77254984933,1.4677499919177e+14,35.227809211065,6.0312325068749e-06,-0.00023029438895721,1.5123306199612e-05,2.1154538706487e-05,-3.257800842553e-05,-0.00026287239738274,-0.12715220839817,0.19210465181821,26880000,0,0,-1.4425493031515e-06,-1.4425493031515e-06,4.8563746236665e-11,6.7844004068211e-06,0.0014425493031515,0.0067844004069949,-65908130.565127,485.63746236665,67844004.068211,151.63468929098,150.78718444149,146.83468929098,150.3826928957,150.45830704619,0,0,0,65.729629676892,0.076101270846132,0.052793859825404,0.029286866749888,4.5359526938173e-07,3.9072648154572,0.027215716162904,0.052793859825404,0.0014425493031515,-1.4425493031515e-06,0.0037702730355659,2.2140833333333,2.2140833333333e-13,6587491.9175193,0.7061505520249,1.63e-06,1.63,4.5359526938173e-07,3.1880865081128e-09,8000000,6587491.9175193,73420247.202589,0.00043875541917557,180.89885932609,0,-1.4425493031515e-06,0,0,0,3000000,5000000,-4.8811444583147e-07,-3.7232755174283e-09,-0.51616643038687,0.0067844004069949,1,67.581534520546,67844004.069949,176.65091755937,176834689.29098,180.3826928957,26.376382244782,25.992661231005,0,0,-26376382.244782,-25992661.231005,-176650917.55937,-176834689.29098,0.0019988288209677,-0.00029245846952131,361585.85370117,-361585.85370117
252.75,0,-0.00073121388869688,16.44200364,65908130.565127,15.32,65908130.565127,73420247.202589,0.7061505520249,4.577254984933e-05,45.77254984933,1.4677499919177e+14,35.227809211065,6.0312325068749e-06,-0.00023029438895721,1.5123306199612e-05,2.1154538706487e-05,-3.257800842553e-05,-0.00026287239738274,-0.12715220839817,0.19210465181821,26880000,0,0,-1.4425493031515e-06,-1.4425493031515e-06,4.8563746236665e-11,6.7844004068211e-06,0.0014425493031515,0.0067844004069949,-65908130.565127,485.63746236665,67844004.068211,151.63468929098,150.78718444149,146.83468929098,150.3826928957,150.45830704619,0,0,0,65.729629676892,0.076101270846132,0.052793859825404,0.029286866749888,4.5359526938173e-07,3.9072648154572,0.027215716162904,0.052793859825404,0.0014425493031515,-1.4425493031515e-06,0.0037702730355659,2.2140833333333,2.2140833333333e-13,6587491.9175193,0.7061505520249,1.63e-06,1.63,4.5359526938173e-07,3.1880865081128e-09,8000000,6587491.9175193,73420247.202589,0.00043875541917557,180.89885932609,0,-1.4425493031515e-06,0,0,0,3000000,5000000,-4.8811444583147e-07,-3.7232755174283e-09,-0.51616643038687,0.0067844004069949,1,67.581534520546,67844004.069949,176.65091755937,176834689.29098,180.3826928957,26.376382244782,25.992661231005,0,0,-26376382.244782,-25992661.231005,-176650917.55937,-176834689.29098,0.0019988288209677,-0.00029245846952131,361585.85370117,-361585.85370117
253.5,0,-0.00073121388869688,16.44200364,65908130.565127,15.32,65908130.565127,73420247.202589,0.7061505520249,4.577254984933e-05,45.77254984933,1.4677499919177e+14,35.227809211065,6.0312325068749e-06,-0.00023029438895721,1.5123306199612e-05,2.1154538706487e-05,-3.257800842553e-05,-0.00026287239738274,-0.12715220839817,0.19210465181821,26880000,0,0,-1.4425493031515e-06,-1.4425493031515e-06,4.8563746236665e-11,6.7844004068211e-06,0.0014425493031515,0.0067844004069949,-65908130.565127,485.63746236665,67844004.068211,151.63468929098,150.78718444149,146.83468929098,150.3826928957,150.45830704619,0,0,0,65.729629676892,0.076101270846132,0.052793859825404,0.029286866749888,4.5359526938173e-07,3.9072648154572,0.027215716162904,0.052793859825404,0.0014425493031515,-1.4425493031515e-06,0.0037702730355659,2.2140833333333,2.2140833333333e-13,6587491.9175193,0.7061505520249,1.63e-06,1.63,4.5359526938173e-07,3.1880865081128e-09,8000000,6587491.9175193,73420247.202589,0.00043875541917557,180.89885932609,0,-1.4425493031515e-06,0,0,0,3000000,5000000,-4.8811444583147e-07,-3.7232755174283e-09,-0.51616643038687,0.0067844004069949,1,67.581534520546,67844004.069949,176.65091755937,176834689.29098,180.3826928957,26.376382244782,25.992661231005,0,0,-26376382.244782,-25992661.231005,-176650917.55937,-176834689.29098,0.0019988288209677,-0.00029245846952131,361585.85370117,-361585.85370117
254.25,0,-0.00073121388869688,16.44200364,65908130.565127,15.32,65908130.565127,73420247.202589,0.7061505520249,4.577254984933e-05,45.77254984933,1.4677499919177e+14,35.227809211065,6.0312325068749e-06,-0.00023029438895721,1.5123306199612e-05,2.1154538706487e-05,-3.257800842553e-05,-0.00026287239738274,-0.12715220839817,0.19210465181821,26880000,0,0,-1.4425493031515e-06,-1.4425493031515e-06,4.8563746236665e-11,6.7844004068211e-06,0.0014425493031515,0.0067844004069949,-65908130.565127,485.63746236665,67844004.068211,151.63468929098,150.78718444149,146.83468929098,150.3826928957,150.45830704619,0,0,0,65.729629676892,0.076101270846132,0.052793859825404,0.029286866749888,4.5359526938173e-07,3.9072648154572,0.027215716162904,0.052793859825404,0.0014425493031515,-1.4425493031515e-06,0.0037702730355659,2.2140833333333,2.2140833333333e-13,6587491.9175193,0.7061505520249,1.63e-06,1.63,4.5359526938173e-07,3.1880865081128e-09,8000000,6587491.9175193,73420247.202589,0.00043875541917557,180.89885932609,0,-1.4425493031515e-06,0,0,0,3000000,5000000,-4.8811444583147e-07,-3.7232755174283e-09,-0.51616643038687,0.0067844004069949,1,67.581534520546,67844004.069949,176.65091755937,176834689.29098,180.3826928957,26.376382244782,25.992661231005,0,0,-26376382.244782,-25992661.231005,-176650917.55937,-176834689.29098,0.0019988288209677,-0.00029245846952131,361585.85370117,-361585.85370117
255,0,-0.00073121388869688,16.44200364,65908130.565127,15.32,65908130.565127,73420247.202589,0.7061505520249,4.577254984933e-05,45.77254984933,1.4677499919177e+14,35.227809211065,6.0312325068749e-06,-0.00023029438895721,1.5123306199612e-05,2.1154538706487e-05,-3.257800842553e-05,-0.00026287239738274,-0.12715220839817,0.19210465181821,26880000,0,0,-1.4425493031515e-06,-1.4425493031515e-06,4.8563746236665e-11,6.7844004068211e-06,0.0014425493031515,0.0067844004069949,-65908130.565127,485.63746236665,67844004.068211,151.63468929098,150.78718444149,146.83468929098,150.3826928957,150.45830704619,0,0,0,65.729629676892,0.076101270846132,0.052793859825404,0.029286866749888,4.5359526938173e-07,3.9072648154572,0.027215716162904,0.052793859825404,0.0014425493031515,-1.4425493031515e-06,0.0037702730355659,2.2140833333333,2.2140833333333e-13,6587491.9175193,0.7061505520249,1.63e-06,1.63,4.5359526938173e-07,3.1880865081128e-09,8000000,6587491.9175193,73420247.202589,0.00043875541917557,180.89885932609,0,-1.4425493031515e-06,0,0,0,3000000,5000000,-4.8811444583147e-07,-3.7232755174283e-09,-0.51616643038687,0.0067844004069949,1,67.581534520546,67844004.069949,176.65091755937,176834689.29098,180.3826928957,26.376382244782,25.992661231005,0,0,-26376382.244782,-25992661.231005,-176650917.55937,-176834689.29098,0.0019988288209677,-0.00029245846952131,361585.85370117,-361585.85370117
255.75,0,-0.00073121388869688,16.44200364,65908130.565127,15.32,65908130.565127,73420247.202589,0.7061505520249,4.577254984933e-05,45.77254984933,1.4677499919177e+14,35.227809211065,6.0312325068749e-06,-0.00023029438895721,1.5123306199612e-05,2.1154538706487e-05,-3.257800842553e-05,-0.00026287239738274,-0.12715220839817,0.19210465181821,26880000,0,0,-1.4425493031515e-06,-1.4425493031515e-06,4.8563746236665e-11,6.7844004068211e-06,0.0014425493031515,0.0067844004069949,-65908130.565127,485.63746236665,67844004.068211,151.63468929098,150.78718444149,146.83468929098,150.3826928957,150.45830704619,0,0,0,65.729629676892,0.076101270846132,0.052793859825404,0.029286866749888,4.5359526938173e-07,3.9072648154572,0.027215716162904,0.052793859825404,0.0014425493031515,-1.4425493031515e-06,0.0037702730355659,2.2140833333333,2.2140833333333e-13,6587491.9175193,0.7061505520249,1.63e-06,1.63,4.5359526938173e-07,3.1880865081128e-09,8000000,6587491.9175193,73420247.202589,0.00043875541917557,180.89885932609,0,-1.4425493031515e-06,0,0,0,3000000,5000000,-4.8811444583147e-07,-3.7232755174283e-09,-0.51616643038687,0.0067844004069949,1,67.581534520546,67844004.069949,176.65091755937,176834689.29098,180.3826928957,26.376382244782,25.992661231005,0,0,-26376382.244782,-25992661.231005,-176650917.55937,-176834689.29098,0.0019988288209677,-0.00029245846952131,361585.85370117,-361585.85370117
256.5,0,-0.00073121388869688,16.44200364,65908130.565127,15.32,65908130.565127,73420247.202589,0.7061505520249,4.577254984933e-05,45.77254984933,1.4677499919177e+14,35.227809211065,6.0312325068749e-06,-0.00023029438895721,1.5123306199612e-05,2.1154538706487e-05,-3.257800842553e-05,-0.00026287239738274,-0.12715220839817,0.19210465181821,26880000,0,0,-1.4425493031515e-06,-1.4425493031515e-06,4.8563746236665e-11,6.7844004068211e-06,0.0014425493031515,0.0067844004069949,-65908130.565127,485.63746236665,67844004.068211,151.63468929098,150.78718444149,146.83468929098,150.3826928957,150.45830704619,0,0,0,65.729629676892,0.076101270846132,0.052793859825404,0.029286866749888,4.5359526938173e-07,3.9072648154572,0.027215716162904,0.052793859825404,0.0014425493031515,-1.4425493031515e-06,0.0037702730355659,2.2140833333333,2.2140833333333e-13,6587491.9175193,0.7061505520249,1.63e-06,1.63,4.5359526938173e-07,3.1880865081128e-09,8000000,6587491.9175193,73420247.202589,0.00043875541917557,180.89885932609,0,-1.4425493031515e-06,0,0,0,3000000,5000000,-4.8811444583147e-07,-3.7232755174283e-09,-0.51616643038687,0.0067844004069949,1,67.581534520546,67844004.069949,176.65091755937,176834689.29098,180.3826928957,26.376382244782,25.992661231005,0,0,-26376382.244782,-25992661.231005,-176650917.55937,-176834689.29098,0.0019988288209677,-0.00029245846952131,361585.85370117,-361585.85370117
257.25,0,-0.00073121388869688,16.44200364,65908130.565127,15.32,65908130.565127,73420247.202589,0.7061505520249,4.577254984933e-05,45.77254984933,1.4677499919177e+14,35.227809211065,6.0312325068749e-06,-0.00023029438895721,1.5123306199612e-05,2.1154538706487e-05,-3.257800842553e-05,-0.00026287239738274,-0.12715220839817,0.19210465181821,26880000,0,0,-1.4425493031515e-06,-1.4425493031515e-06,4.8563746236665e-11,6.7844004068211e-06,0.0014425493031515,0.0067844004069949,-65908130.565127,485.63746236665,67844004.068211,151.63468929098,150.78718444149,146.83468929098,150.3826928957,150.45830704619,0,0,0,65.729629676892,0.076101270846132,0.052793859825404,0.029286866749888,4.5359526938173e-07,3.9072648154572,0.027215716162904,0.052793859825404,0.0014425493031515,-1.4425493031515e-06,0.0037702730355659,2.2140833333333,2.2140833333333e-13,6587491.9175193,0.7061505520249,1.63e-06,1.63,4.5359526938173e-07,3.1880865081128e-09,8000000,6587491.9175193,73420247.202589,0.00043875541917557,180.89885932609,0,-1.4425493031515e-06,0,0,0,3000000,5000000,-4.8811444583147e-07,-3.7232755174283e-09,-0.51616643038687,0.0067844004069949,1,67.581534520546,67844004.069949,176.65091755937,176834689.29098,180.3826928957,26.376382244782,25.992661231005,0,0,-26376382.244782,-25992661.231005,-176650917.55937,-176834689.29098,0.0019988288209677,-0.00029245846952131,361585.85370117,-361585.85370117
258,0,-0.00073121388869688,16.44200364,65908130.565127,15.32,65908130.565127,73420247.202589,0.7061505520249,4.577254984933e-05,45.77254984933,1.4677499919177e+14,35.227809211065,6.0312325068749e-06,-0.00023029438895721,1.5123306199612e-05,2.1154538706487e-05,-3.257800842553e-05,-0.00026287239738274,-0.12715220839817,0.19210465181821,26880000,0,0,-1.4425493031515e-06,-1.4425493031515e-06,4.8563746236665e-11,6.7844004068211e-06,0.0014425493031515,0.0067844004069949,-65908130.565127,485.63746236665,67844004.068211,151.63468929098,150.78718444149,146.83468929098,150.3826928957,150.45830704619,0,0,0,65.729629676892,0.076101270846132,0.052793859825404,0.029286866749888,4.5359526938173e-07,3.9072648154572,0.027215716162904,0.052793859825404,0.0014425493031515,-1.4425493031515e-06,0.0037702730355659,2.2140833333333,2.2140833333333e-13,6587491.9175193,0.7061505520249,1.63e-06,1.63,4.5359526938173e-07,3.1880865081128e-09,8000000,6587491.9175193,73420247.202589,0.00043875541917557,180.89885932609,0,-1.4425493031515e-06,0,0,0,3000000,5000000,-4.8811444583147e-07,-3.7232755174283e-09,-0.51616643038687,0.0067844004069949,1,67.581534520546,67844004.069949,176.65091755937,176834689.29098,180.3826928957,26.376382244782,25.992661231005,0,0,-26376382.244782,-25992661.231005,-176650917.55937,-176834689.29098,0.0019988288209677,-0.00029245846952131,361585.85370117,-361585.85370117
258.75,0,-0.00073121388869688,16.44200364,65908130.565127,15.32,65908130.565127,73420247.202589,0.7061505520249,4.577254984933e-05,45.77254984933,1.4677499919177e+14,35.227809211065,6.0312325068749e-06,-0.00023029438895721,1.5123306199612e-05,2.1154538706487e-05,-3.257800842553e-05,-0.00026287239738274,-0.12715220839817,0.19210465181821,26880000,0,0,-1.4425493031515e-06,-1.4425493031515e-06,4.8563746236665e-11,6.7844004068211e-06,0.0014425493031515,0.0067844004069949,-65908130.565127,485.63746236665,67844004.068211,151.63468929098,150.78718444149,146.83468929098,150.3826928957,150.45830704619,0,0,0,65.729629676892,0.076101270846132,0.052793859825404,0.029286866749888,4.5359526938173e-07,3.9072648154572,0.027215716162904,0.052793859825404,0.0014425493031515,-1.4425493031515e-06,0.0037702730355659,2.2140833333333,2.2140833333333e-13,6587491.9175193,0.7061505520249,1.63e-06,1.63,4.5359526938173e-07,3.1880865081128e-09,8000000,6587491.9175193,73420247.202589,0.00043875541917557,180.89885932609,0,-1.4425493031515e-06,0,0,0,3000000,5000000,-4.8811444583147e-07,-3.7232755174283e-09,-0.51616643038687,0.0067844004069949,1,67.581534520546,67844004.069949,176.65091755937,176834689.29098,180.3826928957,26.376382244782,25.992661231005,0,0,-26376382.244782,-25992661.231005,-176650917.55937,-176834689.29098,0.0019988288209677,-0.00029245846952131,361585.85370117,-361585.85370117
259.5,0,-0.00073121388869688,16.44200364,65908130.565127,15.32,65908130.565127,73420247.202589,0.7061505520249,4.577254984933e-05,45.77254984933,1.4677499919177e+14,35.227809211065,6.0312325068749e-06,-0.00023029438895721,1.5123306199612e-05,2.1154538706487e-05,-3.257800842553e-05,-0.00026287239738274,-0.12715220839817,0.19210465181821,26880000,0,0,-1.4425493031515e-06,-1.4425493031515e-06,4.8563746236665e-11,6.7844004068211e-06,0.0014425493031515,0.0067844004069949,-65908130.565127,485.63746236665,67844004.068211,151.63468929098,150.78718444149,146.83468929098,150.3826928957,150.45830704619,0,0,0,65.729629676892,0.076101270846132,0.052793859825404,0.029286866749888,4.5359526938173e-07,3.9072648154572,0.027215716162904,0.052793859825404,0.0014425493031515,-1.4425493031515e-06,0.0037702730355659,2.2140833333333,2.2140833333333e-13,6587491.9175193,0.7061505520249,1.63e-06,1.63,4.5359526938173e-07,3.1880865081128e-09,8000000,6587491.9175193,73420247.202589,0.00043875541917557,180.89885932609,0,-1.4425493031515e-06,0,0,0,3000000,5000000,-4.8811444583147e-07,-3.7232755174283e-09,-0.51616643038687,0.0067844004069949,1,67.581534520546,67844004.069949,176.65091755937,176834689.29098,180.3826928957,26.376382244782,25.992661231005,0,0,-26376382.244782,-25992661.231005,-176650917.55937,-176834689.29098,0.0019988288209677,-0.00029245846952131,361585.85370117,-361585.85370117
260.25,0,-0.00073121388869688,16.44200364,65908130.565127,15.32,65908130.565127,73420247.202589,0.7061505520249,4.577254984933e-05,45.77254984933,1.4677499919177e+14,35.227809211065,6.0312325068749e-06,-0.00023029438895721,1.5123306199612e-05,2.1154538706487e-05,-3.257800842553e-05,-0.00026287239738274,-0.12715220839817,0.19210465181821,26880000,0,0,-1.4425493031515e-06,-1.4425493031515e-06,4.8563746236665e-11,6.7844004068211e-06,0.0014425493031515,0.0067844004069949,-65908130.565127,485.63746236665,67844004.068211,151.63468929098,150.78718444149,146.83468929098,150.3826928957,150.45830704619,0,0,0,65.729629676892,0.076101270846132,0.052793859825404,0.029286866749888,4.5359526938173e-07,3.9072648154572,0.027215716162904,0.052793859825404,0.0014425493031515,-1.4425493031515e-06,0.0037702730355659,2.2140833333333,2.2140833333333e-13,6587491.9175193,0.7061505520249,1.63e-06,1.63,4.5359526938173e-07,3.1880865081128e-09,8000000,6587491.9175193,73420247.202589,0.00043875541917557,180.89885932609,0,-1.4425493031515e-06,0,0,0,3000000,5000000,-4.8811444583147e-07,-3.7232755174283e-09,-0.51616643038687,0.0067844004069949,1,67.581534520546,67844004.069949,176.65091755937,176834689.29098,180.3826928957,26.376382244782,25.992661231005,0,0,-26376382.244782,-25992661.231005,-176650917.55937,-176834689.29098,0.0019988288209677,-0.00029245846952131,361585.85370117,-361585.85370117
261,0,-0.00073121388869688,16.44200364,65908130.565127,15.32,65908130.565127,73420247.202589,0.7061505520249,4.577254984933e-05,45.77254984933,1.4677499919177e+14,35.227809211065,6.0312325068749e-06,-0.00023029438895721,1.5123306199612e-05,2.1154538706487e-05,-3.257800842553e-05,-0.00026287239738274,-0.12715220839817,0.19210465181821,26880000,0,0,-1.4425493031515e-06,-1.4425493031515e-06,4.8563746236665e-11,6.7844004068211e-06,0.0014425493031515,0.0067844004069949,-65908130.565127,485.63746236665,67844004.068211,151.63468929098,150.78718444149,146.83468929098,150.3826928957,150.45830704619,0,0,0,65.729629676892,0.076101270846132,0.052793859825404,0.029286866749888,4.5359526938173e-07,3.9072648154572,0.027215716162904,0.052793859825404,0.0014425493031515,-1.4425493031515e-06,0.0037702730355659,2.2140833333333,2.2140833333333e-13,6587491.9175193,0.7061505520249,1.63e-06,1.63,4.5359526938173e-07,3.1880865081128e-09,8000000,6587491.9175193,73420247.202589,0.00043875541917557,180.89885932609,0,-1.4425493031515e-06,0,0,0,3000000,5000000,-4.8811444583147e-07,-3.7232755174283e-09,-0.51616643038687,0.0067844004069949,1,67.581534520546,67844004.069949,176.65091755937,176834689.29098,180.3826928957,26.376382244782,25.992661231005,0,0,-26376382.244782,-25992661.231005,-176650917.55937,-176834689.29098,0.0019988288209677,-0.00029245846952131,361585.85370117,-361585.85370117
261.75,0,-0.00073121388869688,16.44200364,65908130.565127,15.32,65908130.565127,73420247.202589,0.7061505520249,4.577254984933e-05,45.77254984933,1.4677499919177e+14,35.227809211065,6.0312325068749e-06,-0.00023029438895721,1.5123306199612e-05,2.1154538706487e-05,-3.257800842553e-05,-0.00026287239738274,-0.12715220839817,0.19210465181821,26880000,0,0,-1.4425493031515e-06,-1.4425493031515e-06,4.8563746236665e-11,6.7844004068211e-06,0.0014425493031515,0.0067844004069949,-65908130.565127,485.63746236665,67844004.068211,151.63468929098,150.78718444149,146.83468929098,150.3826928957,150.45830704619,0,0,0,65.729629676892,0.076101270846132,0.052793859825404,0.029286866749888,4.5359526938173e-07,3.9072648154572,0.027215716162904,0.052793859825404,0.0014425493031515,-1.4425493031515e-06,0.0037702730355659,2.2140833333333,2.2140833333333e-13,6587491.9175193,0.7061505520249,1.63e-06,1.63,4.5359526938173e-07,3.1880865081128e-09,8000000,6587491.9175193,73420247.202589,0.00043875541917557,180.89885932609,0,-1.4425493031515e-06,0,0,0,3000000,5000000,-4.8811444583147e-07,-3.7232755174283e-09,-0.51616643038687,0.0067844004069949,1,67.581534520546,67844004.069949,176.65091755937,176834689.29098,180.3826928957,26.376382244782,25.992661231005,0,0,-26376382.244782,-25992661.231005,-176650917.55937,-176834689.29098,0.0019988288209677,-0.00029245846952131,361585.85370117,-361585.85370117
262.5,0,-0.00073121388869688,16.44200364,65908130.565127,15.32,65908130.565127,73420247.202589,0.7061505520249,4.577254984933e-05,45.77254984933,1.4677499919177e+14,35.227809211065,6.0312325068749e-06,-0.00023029438895721,1.5123306199612e-05,2.1154538706487e-05,-3.257800842553e-05,-0.00026287239738274,-0.12715220839817,0.19210465181821,26880000,0,0,-1.4425493031515e-06,-1.4425493031515e-06,4.8563746236665e-11,6.7844004068211e-06,0.0014425493031515,0.0067844004069949,-65908130.565127,485.63746236665,67844004.068211,151.63468929098,150.78718444149,146.83468929098,150.3826928957,150.45830704619,0,0,0,65.729629676892,0.076101270846132,0.052793859825404,0.029286866749888,4.5359526938173e-07,3.9072648154572,0.027215716162904,0.052793859825404,0.0014425493031515,-1.4425493031515e-06,0.0037702730355659,2.2140833333333,2.2140833333333e-13,6587491.9175193,0.7061505520249,1.63e-06,1.63,4.5359526938173e-07,3.1880865081128e-09,8000000,6587491.9175193,73420247.202589,0.00043875541917557,180.89885932609,0,-1.4425493031515e-06,0,0,0,3000000,5000000,-4.8811444583147e-07,-3.7232755174283e-09,-0.51616643038687,0.0067844004069949,1,67.581534520546,67844004.069949,176.65091755937,176834689.29098,180.3826928957,26.376382244782,25.992661231005,0,0,-26376382.244782,-25992661.231005,-176650917.55937,-176834689.29098,0.0019988288209677,-0.00029245846952131,361585.85370117,-361585.85370117
263.25,0,-0.00073121388869688,16.44200364,65908130.565127,15.32,65908130.565127,73420247.202589,0.7061505520249,4.577254984933e-05,45.77254984933,1.4677499919177e+14,35.227809211065,6.0312325068749e-06,-0.00023029438895721,1.5123306199612e-05,2.1154538706487e-05,-3.257800842553e-05,-0.00026287239738274,-0.12715220839817,0.19210465181821,26880000,0,0,-1.4425493031515e-06,-1.4425493031515e-06,4.8563746236665e-11,6.7844004068211e-06,0.0014425493031515,0.0067844004069949,-65908130.565127,485.63746236665,67844004.068211,151.63468929098,150.78718444149,146.83468929098,150.3826928957,150.45830704619,0,0,0,65.729629676892,0.076101270846132,0.052793859825404,0.029286866749888,4.5359526938173e-07,3.9072648154572,0.027215716162904,0.052793859825404,0.0014425493031515,-1.4425493031515e-06,0.0037702730355659,2.2140833333333,2.2140833333333e-13,6587491.9175193,0.7061505520249,1.63e-06,1.63,4.5359526938173e-07,3.1880865081128e-09,8000000,6587491.9175193,73420247.202589,0.00043875541917557,180.89885932609,0,-1.4425493031515e-06,0,0,0,3000000,5000000,-4.8811444583147e-07,-3.7232755174283e-09,-0.51616643038687,0.0067844004069949,1,67.581534520546,67844004.069949,176.65091755937,176834689.29098,180.3826928957,26.376382244782,25.992661231005,0,0,-26376382.244782,-25992661.231005,-176650917.55937,-176834689.29098,0.0019988288209677,-0.00029245846952131,361585.85370117,-361585.85370117
264,0,-0.00073121388869688,16.44200364,65908130.565127,15.32,65908130.565127,73420247.202589,0.7061505520249,4.577254984933e-05,45.77254984933,1.4677499919177e+14,35.227809211065,6.0312325068749e-06,-0.00023029438895721,1.5123306199612e-05,2.1154538706487e-05,-3.257800842553e-05,-0.00026287239738274,-0.12715220839817,0.19210465181821,26880000,0,0,-1.4425493031515e-06,-1.4425493031515e-06,4.8563746236665e-11,6.7844004068211e-06,0.0014425493031515,0.0067844004069949,-65908130.565127,485.63746236665,67844004.068211,151.63468929098,150.78718444149,146.83468929098,150.3826928957,150.45830704619,0,0,0,65.729629676892,0.076101270846132,0.052793859825404,0.029286866749888,4.5359526938173e-07,3.9072648154572,0.027215716162904,0.052793859825404,0.0014425493031515,-1.4425493031515e-06,0.0037702730355659,2.2140833333333,2.2140833333333e-13,6587491.9175193,0.7061505520249,1.63e-06,1.63,4.5359526938173e-07,3.1880865081128e-09,8000000,6587491.9175193,73420247.202589,0.00043875541917557,180.89885932609,0,-1.4425493031515e-06,0,0,0,3000000,5000000,-4.8811444583147e-07,-3.7232755174283e-09,-0.51616643038687,0.0067844004069949,1,67.581534520546,67844004.069949,176.65091755937,176834689.29098,180.3826928957,26.376382244782,25.992661231005,0,0,-26376382.244782,-25992661.231005,-176650917.55937,-176834689.29098,0.0019988288209677,-0.00029245846952131,361585.85370117,-361585.85370117
264.75,0,-0.00073121388869688,16.44200364,65908130.565127,15.32,65908130.565127,73420247.202589,0.7061505520249,4.577254984933e-05,45.77254984933,1.4677499919177e+14,35.227809211065,6.0312325068749e-06,-0.00023029438895721,1.5123306199612e-05,2.1154538706487e-05,-3.257800842553e-05,-0.00026287239738274,-0.12715220839817,0.19210465181821,26880000,0,0,-1.4425493031515e-06,-1.4425493031515e-06,4.8563746236665e-11,6.7844004068211e-06,0.0014425493031515,0.0067844004069949,-65908130.565127,485.63746236665,67844004.068211,151.63468929098,150.78718444149,146.83468929098,150.3826928957,150.45830704619,0,0,0,65.729629676892,0.076101270846132,0.052793859825404,0.029286866749888,4.5359526938173e-07,3.9072648154572,0.027215716162904,0.052793859825404,0.0014425493031515,-1.4425493031515e-06,0.0037702730355659,2.2140833333333,2.2140833333333e-13,6587491.9175193,0.7061505520249,1.63e-06,1.63,4.5359526938173e-07,3.1880865081128e-09,8000000,6587491.9175193,73420247.202589,0.00043875541917557,180.89885932609,0,-1.4425493031515e-06,0,0,0,3000000,5000000,-4.8811444583147e-07,-3.7232755174283e-09,-0.51616643038687,0.0067844004069949,1,67.581534520546,67844004.069949,176.65091755937,176834689.29098,180.3826928957,26.376382244782,25.992661231005,0,0,-26376382.244782,-25992661.231005,-176650917.55937,-176834689.29098,0.0019988288209677,-0.00029245846952131,361585.85370117,-361585.85370117
265.5,0,-0.00073121388869688,16.44200364,65908130.565127,15.32,65908130.565127,73420247.202589,0.7061505520249,4.577254984933e-05,45.77254984933,1.4677499919177e+14,35.227809211065,6.0312325068749e-06,-0.00023029438895721,1.5123306199612e-05,2.1154538706487e-05,-3.257800842553e-05,-0.00026287239738274,-0.12715220839817,0.19210465181821,26880000,0,0,-1.4425493031515e-06,-1.4425493031515e-06,4.8563746236665e-11,6.7844004068211e-06,0.0014425493031515,0.0067844004069949,-65908130.565127,485.63746236665,67844004.068211,151.63468929098,150.78718444149,146.83468929098,150.3826928957,150.45830704619,0,0,0,65.729629676892,0.076101270846132,0.052793859825404,0.029286866749888,4.5359526938173e-07,3.9072648154572,0.027215716162904,0.052793859825404,0.0014425493031515,-1.4425493031515e-06,0.0037702730355659,2.2140833333333,2.2140833333333e-13,6587491.9175193,0.7061505520249,1.63e-06,1.63,4.5359526938173e-07,3.1880865081128e-09,8000000,6587491.9175193,73420247.202589,0.00043875541917557,180.89885932609,0,-1.4425493031515e-06,0,0,0,3000000,5000000,-4.8811444583147e-07,-3.7232755174283e-09,-0.51616643038687,0.0067844004069949,1,67.581534520546,67844004.069949,176.65091755937,176834689.29098,180.3826928957,26.376382244782,25.992661231005,0,0,-26376382.244782,-25992661.231005,-176650917.55937,-176834689.29098,0.0019988288209677,-0.00029245846952131,361585.85370117,-361585.85370117
266.25,0,-0.00073121388869688,16.44200364,65908130.565127,15.32,65908130.565127,73420247.202589,0.7061505520249,4.577254984933e-05,45.77254984933,1.4677499919177e+14,35.227809211065,6.0312325068749e-06,-0.00023029438895721,1.5123306199612e-05,2.1154538706487e-05,-3.257800842553e-05,-0.00026287239738274,-0.12715220839817,0.19210465181821,26880000,0,0,-1.4425493031515e-06,-1.4425493031515e-06,4.8563746236665e-11,6.7844004068211e-06,0.0014425493031515,0.0067844004069949,-65908130.565127,485.63746236665,67844004.068211,151.63468929098,150.78718444149,146.83468929098,150.3826928957,150.45830704619,0,0,0,65.729629676892,0.076101270846132,0.052793859825404,0.029286866749888,4.5359526938173e-07,3.9072648154572,0.027215716162904,0.052793859825404,0.0014425493031515,-1.4425493031515e-06,0.0037702730355659,2.2140833333333,2.2140833333333e-13,6587491.9175193,0.7061505520249,1.63e-06,1.63,4.5359526938173e-07,3.1880865081128e-09,8000000,6587491.9175193,73420247.202589,0.00043875541917557,180.89885932609,0,-1.4425493031515e-06,0,0,0,3000000,5000000,-4.8811444583147e-07,-3.7232755174283e-09,-0.51616643038687,0.0067844004069949,1,67.581534520546,67844004.069949,176.65091755937,176834689.29098,180.3826928957,26.376382244782,25.992661231005,0,0,-26376382.244782,-25992661.231005,-176650917.55937,-176834689.29098,0.0019988288209677,-0.00029245846952131,361585.85370117,-361585.85370117
267,0,-0.00073121388869688,16.44200364,65908130.565127,15.32,65908130.565127,73420247.202589,0.7061505520249,4.577254984933e-05,45.77254984933,1.4677499919177e+14,35.227809211065,6.0312325068749e-06,-0.00023029438895721,1.5123306199612e-05,2.1154538706487e-05,-3.257800842553e-05,-0.00026287239738274,-0.12715220839817,0.19210465181821,26880000,0,0,-1.4425493031515e-06,-1.4425493031515e-06,4.8563746236665e-11,6.7844004068211e-06,0.0014425493031515,0.0067844004069949,-65908130.565127,485.63746236665,67844004.068211,151.63468929098,150.78718444149,146.83468929098,150.3826928957,150.45830704619,0,0,0,65.729629676892,0.076101270846132,0.052793859825404,0.029286866749888,4.5359526938173e-07,3.9072648154572,0.027215716162904,0.052793859825404,0.0014425493031515,-1.4425493031515e-06,0.0037702730355659,2.2140833333333,2.2140833333333e-13,6587491.9175193,0.7061505520249,1.63e-06,1.63,4.5359526938173e-07,3.1880865081128e-09,8000000,6587491.9175193,73420247.202589,0.00043875541917557,180.89885932609,0,-1.4425493031515e-06,0,0,0,3000000,5000000,-4.8811444583147e-07,-3.7232755174283e-09,-0.51616643038687,0.0067844004069949,1,67.581534520546,67844004.069949,176.65091755937,176834689.29098,180.3826928957,26.376382244782,25.992661231005,0,0,-26376382.244782,-25992661.231005,-176650917.55937,-176834689.29098,0.0019988288209677,-0.00029245846952131,361585.85370117,-361585.85370117
267.75,0,-0.00073121388869688,16.44200364,65908130.565127,15.32,65908130.565127,73420247.202589,0.7061505520249,4.577254984933e-05,45.77254984933,1.4677499919177e+14,35.227809211065,6.0312325068749e-06,-0.00023029438895721,1.5123306199612e-05,2.1154538706487e-05,-3.257800842553e-05,-0.00026287239738274,-0.12715220839817,0.19210465181821,26880000,0,0,-1.4425493031515e-06,-1.4425493031515e-06,4.8563746236665e-11,6.7844004068211e-06,0.0014425493031515,0.0067844004069949,-65908130.565127,485.63746236665,67844004.068211,151.63468929098,150.78718444149,146.83468929098,150.3826928957,150.45830704619,0,0,0,65.729629676892,0.076101270846132,0.052793859825404,0.029286866749888,4.5359526938173e-07,3.9072648154572,0.027215716162904,0.052793859825404,0.0014425493031515,-1.4425493031515e-06,0.0037702730355659,2.2140833333333,2.2140833333333e-13,6587491.9175193,0.7061505520249,1.63e-06,1.63,4.5359526938173e-07,3.1880865081128e-09,8000000,6587491.9175193,73420247.202589,0.00043875541917557,180.89885932609,0,-1.4425493031515e-06,0,0,0,3000000,5000000,-4.8811444583147e-07,-3.7232755174283e-09,-0.51616643038687,0.0067844004069949,1,67.581534520546,67844004.069949,176.65091755937,176834689.29098,180.3826928957,26.376382244782,25.992661231005,0,0,-26376382.244782,-25992661.231005,-176650917.55937,-176834689.29098,0.0019988288209677,-0.00029245846952131,361585.85370117,-361585.85370117
268.5,0,-0.00073121388869688,16.44200364,65908130.565127,15.32,65908130.565127,73420247.202589,0.7061505520249,4.577254984933e-05,45.77254984933,1.4677499919177e+14,35.227809211065,6.0312325068749e-06,-0.00023029438895721,1.5123306199612e-05,2.1154538706487e-05,-3.257800842553e-05,-0.00026287239738274,-0.12715220839817,0.19210465181821,26880000,0,0,-1.4425493031515e-06,-1.4425493031515e-06,4.8563746236665e-11,6.7844004068211e-06,0.0014425493031515,0.0067844004069949,-65908130.565127,485.63746236665,67844004.068211,151.63468929098,150.78718444149,146.83468929098,150.3826928957,150.45830704619,0,0,0,65.729629676892,0.076101270846132,0.052793859825404,0.029286866749888,4.5359526938173e-07,3.9072648154572,0.027215716162904,0.052793859825404,0.0014425493031515,-1.4425493031515e-06,0.0037702730355659,2.2140833333333,2.2140833333333e-13,6587491.9175193,0.7061505520249,1.63e-06,1.63,4.5359526938173e-07,3.1880865081128e-09,8000000,6587491.9175193,73420247.202589,0.00043875541917557,180.89885932609,0,-1.4425493031515e-06,0,0,0,3000000,5000000,-4.8811444583147e-07,-3.7232755174283e-09,-0.51616643038687,0.0067844004069949,1,67.581534520546,67844004.069949,176.65091755937,176834689.29098,180.3826928957,26.376382244782,25.992661231005,0,0,-26376382.244782,-25992661.231005,-176650917.55937,-176834689.29098,0.0019988288209677,-0.00029245846952131,361585.85370117,-361585.85370117
269.25,0,-0.00073121388869688,16.44200364,65908130.565127,15.32,65908130.565127,73420247.202589,0.7061505520249,4.577254984933e-05,45.77254984933,1.4677499919177e+14,35.227809211065,6.0312325068749e-06,-0.00023029438895721,1.5123306199612e-05,2.1154538706487e-05,-3.257800842553e-05,-0.00026287239738274,-0.12715220839817,0.19210465181821,26880000,0,0,-1.4425493031515e-06,-1.4425493031515e-06,4.8563746236665e-11,6.7844004068211e-06,0.0014425493031515,0.0067844004069949,-65908130.565127,485.63746236665,67844004.068211,151.63468929098,150.78718444149,146.83468929098,150.3826928957,150.45830704619,0,0,0,65.729629676892,0.076101270846132,0.052793859825404,0.029286866749888,4.5359526938173e-07,3.9072648154572,0.027215716162904,0.052793859825404,0.0014425493031515,-1.4425493031515e-06,0.0037702730355659,2.2140833333333,2.2140833333333e-13,6587491.9175193,0.7061505520249,1.63e-06,1.63,4.5359526938173e-07,3.1880865081128e-09,8000000,6587491.9175193,73420247.202589,0.00043875541917557,180.89885932609,0,-1.4425493031515e-06,0,0,0,3000000,5000000,-4.8811444583147e-07,-3.7232755174283e-09,-0.51616643038687,0.0067844004069949,1,67.581534520546,67844004.069949,176.65091755937,176834689.29098,180.3826928957,26.376382244782,25.992661231005,0,0,-26376382.244782,-25992661.231005,-176650917.55937,-176834689.29098,0.0019988288209677,-0.00029245846952131,361585.85370117,-361585.85370117
270,0,-0.00073121388869688,16.44200364,65908130.565127,15.32,65908130.565127,73420247.202589,0.7061505520249,4.577254984933e-05,45.77254984933,1.4677499919177e+14,35.227809211065,6.0312325068749e-06,-0.00023029438895721,1.5123306199612e-05,2.1154538706487e-05,-3.257800842553e-05,-0.00026287239738274,-0.12715220839817,0.19210465181821,26880000,0,0,-1.4425493031515e-06,-1.4425493031515e-06,4.8563746236665e-11,6.7844004068211e-06,0.0014425493031515,0.0067844004069949,-65908130.565127,485.63746236665,67844004.068211,151.63468929098,150.78718444149,146.83468929098,150.3826928957,150.45830704619,0,0,0,65.729629676892,0.076101270846132,0.052793859825404,0.029286866749888,4.5359526938173e-07,3.9072648154572,0.027215716162904,0.052793859825404,0.0014425493031515,-1.4425493031515e-06,0.0037702730355659,2.2140833333333,2.2140833333333e-13,6587491.9175193,0.7061505520249,1.63e-06,1.63,4.5359526938173e-07,3.1880865081128e-09,8000000,6587491.9175193,73420247.202589,0.00043875541917557,180.89885932609,0,-1.4425493031515e-06,0,0,0,3000000,5000000,-4.8811444583147e-07,-3.7232755174283e-09,-0.51616643038687,0.0067844004069949,1,67.581534520546,67844004.069949,176.65091755937,176834689.29098,180.3826928957,26.376382244782,25.992661231005,0,0,-26376382.244782,-25992661.231005,-176650917.55937,-176834689.29098,0.0019988288209677,-0.00029245846952131,361585.85370117,-361585.85370117
270.75,0,-0.00073121388869688,16.44200364,65908130.565127,15.32,65908130.565127,73420247.202589,0.7061505520249,4.577254984933e-05,45.77254984933,1.4677499919177e+14,35.227809211065,6.0312325068749e-06,-0.00023029438895721,1.5123306199612e-05,2.1154538706487e-05,-3.257800842553e-05,-0.00026287239738274,-0.12715220839817,0.19210465181821,26880000,0,0,-1.4425493031515e-06,-1.4425493031515e-06,4.8563746236665e-11,6.7844004068211e-06,0.0014425493031515,0.0067844004069949,-65908130.565127,485.63746236665,67844004.068211,151.63468929098,150.78718444149,146.83468929098,150.3826928957,150.45830704619,0,0,0,65.729629676892,0.076101270846132,0.052793859825404,0.029286866749888,4.5359526938173e-07,3.9072648154572,0.027215716162904,0.052793859825404,0.0014425493031515,-1.4425493031515e-06,0.0037702730355659,2.2140833333333,2.2140833333333e-13,6587491.9175193,0.7061505520249,1.63e-06,1.63,4.5359526938173e-07,3.1880865081128e-09,8000000,6587491.9175193,73420247.202589,0.00043875541917557,180.89885932609,0,-1.4425493031515e-06,0,0,0,3000000,5000000,-4.8811444583147e-07,-3.7232755174283e-09,-0.51616643038687,0.0067844004069949,1,67.581534520546,67844004.069949,176.65091755937,176834689.29098,180.3826928957,26.376382244782,25.992661231005,0,0,-26376382.244782,-25992661.231005,-176650917.55937,-176834689.29098,0.0019988288209677,-0.00029245846952131,361585.85370117,-361585.85370117
271.5,0,-0.00073121388869688,16.44200364,65908130.565127,15.32,65908130.565127,73420247.202589,0.7061505520249,4.577254984933e-05,45.77254984933,1.4677499919177e+14,35.227809211065,6.0312325068749e-06,-0.00023029438895721,1.5123306199612e-05,2.1154538706487e-05,-3.257800842553e-05,-0.00026287239738274,-0.12715220839817,0.19210465181821,26880000,0,0,-1.4425493031515e-06,-1.4425493031515e-06,4.8563746236665e-11,6.7844004068211e-06,0.0014425493031515,0.0067844004069949,-65908130.565127,485.63746236665,67844004.068211,151.63468929098,150.78718444149,146.83468929098,150.3826928957,150.45830704619,0,0,0,65.729629676892,0.076101270846132,0.052793859825404,0.029286866749888,4.5359526938173e-07,3.9072648154572,0.027215716162904,0.052793859825404,0.0014425493031515,-1.4425493031515e-06,0.0037702730355659,2.2140833333333,2.2140833333333e-13,6587491.9175193,0.7061505520249,1.63e-06,1.63,4.5359526938173e-07,3.1880865081128e-09,8000000,6587491.9175193,73420247.202589,0.00043875541917557,180.89885932609,0,-1.4425493031515e-06,0,0,0,3000000,5000000,-4.8811444583147e-07,-3.7232755174283e-09,-0.51616643038687,0.0067844004069949,1,67.581534520546,67844004.069949,176.65091755937,176834689.29098,180.3826928957,26.376382244782,25.992661231005,0,0,-26376382.244782,-25992661.231005,-176650917.55937,-176834689.29098,0.0019988288209677,-0.00029245846952131,361585.85370117,-361585.85370117
272.25,0,-0.00073121388869688,16.44200364,65908130.565127,15.32,65908130.565127,73420247.202589,0.7061505520249,4.577254984933e-05,45.77254984933,1.4677499919177e+14,35.227809211065,6.0312325068749e-06,-0.00023029438895721,1.5123306199612e-05,2.1154538706487e-05,-3.257800842553e-05,-0.00026287239738274,-0.12715220839817,0.19210465181821,26880000,0,0,-1.4425493031515e-06,-1.4425493031515e-06,4.8563746236665e-11,6.7844004068211e-06,0.0014425493031515,0.0067844004069949,-65908130.565127,485.63746236665,67844004.068211,151.63468929098,150.78718444149,146.83468929098,150.3826928957,150.45830704619,0,0,0,65.729629676892,0.076101270846132,0.052793859825404,0.029286866749888,4.5359526938173e-07,3.9072648154572,0.027215716162904,0.052793859825404,0.0014425493031515,-1.4425493031515e-06,0.0037702730355659,2.2140833333333,2.2140833333333e-13,6587491.9175193,0.7061505520249,1.63e-06,1.63,4.5359526938173e-07,3.1880865081128e-09,8000000,6587491.9175193,73420247.202589,0.00043875541917557,180.89885932609,0,-1.4425493031515e-06,0,0,0,3000000,5000000,-4.8811444583147e-07,-3.7232755174283e-09,-0.51616643038687,0.0067844004069949,1,67.581534520546,67844004.069949,176.65091755937,176834689.29098,180.3826928957,26.376382244782,25.992661231005,0,0,-26376382.244782,-25992661.231005,-176650917.55937,-176834689.29098,0.0019988288209677,-0.00029245846952131,361585.85370117,-361585.85370117
273,0,-0.00073121388869688,16.44200364,65908130.565127,15.32,65908130.565127,73420247.202589,0.7061505520249,4.577254984933e-05,45.77254984933,1.4677499919177e+14,35.227809211065,6.0312325068749e-06,-0.00023029438895721,1.5123306199612e-05,2.1154538706487e-05,-3.257800842553e-05,-0.00026287239738274,-0.12715220839817,0.19210465181821,26880000,0,0,-1.4425493031515e-06,-1.4425493031515e-06,4.8563746236665e-11,6.7844004068211e-06,0.0014425493031515,0.0067844004069949,-65908130.565127,485.63746236665,67844004.068211,151.63468929098,150.78718444149,146.83468929098,150.3826928957,150.45830704619,0,0,0,65.729629676892,0.076101270846132,0.052793859825404,0.029286866749888,4.5359526938173e-07,3.9072648154572,0.027215716162904,0.052793859825404,0.0014425493031515,-1.4425493031515e-06,0.0037702730355659,2.2140833333333,2.2140833333333e-13,6587491.9175193,0.7061505520249,1.63e-06,1.63,4.5359526938173e-07,3.1880865081128e-09,8000000,6587491.9175193,73420247.202589,0.00043875541917557,180.89885932609,0,-1.4425493031515e-06,0,0,0,3000000,5000000,-4.8811444583147e-07,-3.7232755174283e-09,-0.51616643038687,0.0067844004069949,1,67.581534520546,67844004.069949,176.65091755937,176834689.29098,180.3826928957,26.376382244782,25.992661231005,0,0,-26376382.244782,-25992661.231005,-176650917.55937,-176834689.29098,0.0019988288209677,-0.00029245846952131,361585.85370117,-361585.85370117
273.75,0,-0.00073121388869688,16.44200364,65908130.565127,15.32,65908130.565127,73420247.202589,0.7061505520249,4.577254984933e-05,45.77254984933,1.4677499919177e+14,35.227809211065,6.0312325068749e-06,-0.00023029438895721,1.5123306199612e-05,2.1154538706487e-05,-3.257800842553e-05,-0.00026287239738274,-0.12715220839817,0.19210465181821,26880000,0,0,-1.4425493031515e-06,-1.4425493031515e-06,4.8563746236665e-11,6.7844004068211e-06,0.0014425493031515,0.0067844004069949,-65908130.565127,485.63746236665,67844004.068211,151.63468929098,150.78718444149,146.83468929098,150.3826928957,150.45830704619,0,0,0,65.729629676892,0.076101270846132,0.052793859825404,0.029286866749888,4.5359526938173e-07,3.9072648154572,0.027215716162904,0.052793859825404,0.0014425493031515,-1.4425493031515e-06,0.0037702730355659,2.2140833333333,2.2140833333333e-13,6587491.9175193,0.7061505520249,1.63e-06,1.63,4.5359526938173e-07,3.1880865081128e-09,8000000,6587491.9175193,73420247.202589,0.00043875541917557,180.89885932609,0,-1.4425493031515e-06,0,0,0,3000000,5000000,-4.8811444583147e-07,-3.7232755174283e-09,-0.51616643038687,0.0067844004069949,1,67.581534520546,67844004.069949,176.65091755937,176834689.29098,180.3826928957,26.376382244782,25.992661231005,0,0,-26376382.244782,-25992661.231005,-176650917.55937,-176834689.29098,0.0019988288209677,-0.00029245846952131,361585.85370117,-361585.85370117
274.5,0,-0.00073121388869688,16.44200364,65908130.565127,15.32,65908130.565127,73420247.202589,0.7061505520249,4.577254984933e-05,45.77254984933,1.4677499919177e+14,35.227809211065,6.0312325068749e-06,-0.00023029438895721,1.5123306199612e-05,2.1154538706487e-05,-3.257800842553e-05,-0.00026287239738274,-0.12715220839817,0.19210465181821,26880000,0,0,-1.4425493031515e-06,-1.4425493031515e-06,4.8563746236665e-11,6.7844004068211e-06,0.0014425493031515,0.0067844004069949,-65908130.565127,485.63746236665,67844004.068211,151.63468929098,150.78718444149,146.83468929098,150.3826928957,150.45830704619,0,0,0,65.729629676892,0.076101270846132,0.052793859825404,0.029286866749888,4.5359526938173e-07,3.9072648154572,0.027215716162904,0.052793859825404,0.0014425493031515,-1.4425493031515e-06,0.0037702730355659,2.2140833333333,2.2140833333333e-13,6587491.9175193,0.7061505520249,1.63e-06,1.63,4.5359526938173e-07,3.1880865081128e-09,8000000,6587491.9175193,73420247.202589,0.00043875541917557,180.89885932609,0,-1.4425493031515e-06,0,0,0,3000000,5000000,-4.8811444583147e-07,-3.7232755174283e-09,-0.51616643038687,0.0067844004069949,1,67.581534520546,67844004.069949,176.65091755937,176834689.29098,180.3826928957,26.376382244782,25.992661231005,0,0,-26376382.244782,-25992661.231005,-176650917.55937,-176834689.29098,0.0019988288209677,-0.00029245846952131,361585.85370117,-361585.85370117
275.25,0,-0.00073121388869688,16.44200364,65908130.565127,15.32,65908130.565127,73420247.202589,0.7061505520249,4.577254984933e-05,45.77254984933,1.4677499919177e+14,35.227809211065,6.0312325068749e-06,-0.00023029438895721,1.5123306199612e-05,2.1154538706487e-05,-3.257800842553e-05,-0.00026287239738274,-0.12715220839817,0.19210465181821,26880000,0,0,-1.4425493031515e-06,-1.4425493031515e-06,4.8563746236665e-11,6.7844004068211e-06,0.0014425493031515,0.0067844004069949,-65908130.565127,485.63746236665,67844004.068211,151.63468929098,150.78718444149,146.83468929098,150.3826928957,150.45830704619,0,0,0,65.729629676892,0.076101270846132,0.052793859825404,0.029286866749888,4.5359526938173e-07,3.9072648154572,0.027215716162904,0.052793859825404,0.0014425493031515,-1.4425493031515e-06,0.0037702730355659,2.2140833333333,2.2140833333333e-13,6587491.9175193,0.7061505520249,1.63e-06,1.63,4.5359526938173e-07,3.1880865081128e-09,8000000,6587491.9175193,73420247.202589,0.00043875541917557,180.89885932609,0,-1.4425493031515e-06,0,0,0,3000000,5000000,-4.8811444583147e-07,-3.7232755174283e-09,-0.51616643038687,0.0067844004069949,1,67.581534520546,67844004.069949,176.65091755937,176834689.29098,180.3826928957,26.376382244782,25.992661231005,0,0,-26376382.244782,-25992661.231005,-176650917.55937,-176834689.29098,0.0019988288209677,-0.00029245846952131,361585.85370117,-361585.85370117
276,0,-0.00073121388869688,16.44200364,65908130.565127,15.32,65908130.565127,73420247.202589,0.7061505520249,4.577254984933e-05,45.77254984933,1.4677499919177e+14,35.227809211065,6.0312325068749e-06,-0.00023029438895721,1.5123306199612e-05,2.1154538706487e-05,-3.257800842553e-05,-0.00026287239738274,-0.12715220839817,0.19210465181821,26880000,0,0,-1.4425493031515e-06,-1.4425493031515e-06,4.8563746236665e-11,6.7844004068211e-06,0.0014425493031515,0.0067844004069949,-65908130.565127,485.63746236665,67844004.068211,151.63468929098,150.78718444149,146.83468929098,150.3826928957,150.45830704619,0,0,0,65.729629676892,0.076101270846132,0.052793859825404,0.029286866749888,4.5359526938173e-07,3.9072648154572,0.027215716162904,0.052793859825404,0.0014425493031515,-1.4425493031515e-06,0.0037702730355659,2.2140833333333,2.2140833333333e-13,6587491.9175193,0.7061505520249,1.63e-06,1.63,4.5359526938173e-07,3.1880865081128e-09,8000000,6587491.9175193,73420247.202589,0.00043875541917557,180.89885932609,0,-1.4425493031515e-06,0,0,0,3000000,5000000,-4.8811444583147e-07,-3.7232755174283e-09,-0.51616643038687,0.0067844004069949,1,67.581534520546,67844004.069949,176.65091755937,176834689.29098,180.3826928957,26.376382244782,25.992661231005,0,0,-26376382.244782,-25992661.231005,-176650917.55937,-176834689.29098,0.0019988288209677,-0.00029245846952131,361585.85370117,-361585.85370117
276.75,0,-0.00073121388869688,16.44200364,65908130.565127,15.32,65908130.565127,73420247.202589,0.7061505520249,4.577254984933e-05,45.77254984933,1.4677499919177e+14,35.227809211065,6.0312325068749e-06,-0.00023029438895721,1.5123306199612e-05,2.1154538706487e-05,-3.257800842553e-05,-0.00026287239738274,-0.12715220839817,0.19210465181821,26880000,0,0,-1.4425493031515e-06,-1.4425493031515e-06,4.8563746236665e-11,6.7844004068211e-06,0.0014425493031515,0.0067844004069949,-65908130.565127,485.63746236665,67844004.068211,151.63468929098,150.78718444149,146.83468929098,150.3826928957,150.45830704619,0,0,0,65.729629676892,0.076101270846132,0.052793859825404,0.029286866749888,4.5359526938173e-07,3.9072648154572,0.027215716162904,0.052793859825404,0.0014425493031515,-1.4425493031515e-06,0.0037702730355659,2.2140833333333,2.2140833333333e-13,6587491.9175193,0.7061505520249,1.63e-06,1.63,4.5359526938173e-07,3.1880865081128e-09,8000000,6587491.9175193,73420247.202589,0.00043875541917557,180.89885932609,0,-1.4425493031515e-06,0,0,0,3000000,5000000,-4.8811444583147e-07,-3.7232755174283e-09,-0.51616643038687,0.0067844004069949,1,67.581534520546,67844004.069949,176.65091755937,176834689.29098,180.3826928957,26.376382244782,25.992661231005,0,0,-26376382.244782,-25992661.231005,-176650917.55937,-176834689.29098,0.0019988288209677,-0.00029245846952131,361585.85370117,-361585.85370117
277.5,0,-0.00073121388869688,16.44200364,65908130.565127,15.32,65908130.565127,73420247.202589,0.7061505520249,4.577254984933e-05,45.77254984933,1.4677499919177e+14,35.227809211065,6.0312325068749e-06,-0.00023029438895721,1.5123306199612e-05,2.1154538706487e-05,-3.257800842553e-05,-0.00026287239738274,-0.12715220839817,0.19210465181821,26880000,0,0,-1.4425493031515e-06,-1.4425493031515e-06,4.8563746236665e-11,6.7844004068211e-06,0.0014425493031515,0.0067844004069949,-65908130.565127,485.63746236665,67844004.068211,151.63468929098,150.78718444149,146.83468929098,150.3826928957,150.45830704619,0,0,0,65.729629676892,0.076101270846132,0.052793859825404,0.029286866749888,4.5359526938173e-07,3.9072648154572,0.027215716162904,0.052793859825404,0.0014425493031515,-1.4425493031515e-06,0.0037702730355659,2.2140833333333,2.2140833333333e-13,6587491.9175193,0.7061505520249,1.63e-06,1.63,4.5359526938173e-07,3.1880865081128e-09,8000000,6587491.9175193,73420247.202589,0.00043875541917557,180.89885932609,0,-1.4425493031515e-06,0,0,0,3000000,5000000,-4.8811444583147e-07,-3.7232755174283e-09,-0.51616643038687,0.0067844004069949,1,67.581534520546,67844004.069949,176.65091755937,176834689.29098,180.3826928957,26.376382244782,25.992661231005,0,0,-26376382.244782,-25992661.231005,-176650917.55937,-176834689.29098,0.0019988288209677,-0.00029245846952131,361585.85370117,-361585.85370117
278.25,0,-0.00073121388869688,16.44200364,65908130.565127,15.32,65908130.565127,73420247.202589,0.7061505520249,4.577254984933e-05,45.77254984933,1.4677499919177e+14,35.227809211065,6.0312325068749e-06,-0.00023029438895721,1.5123306199612e-05,2.1154538706487e-05,-3.257800842553e-05,-0.00026287239738274,-0.12715220839817,0.19210465181821,26880000,0,0,-1.4425493031515e-06,-1.4425493031515e-06,4.8563746236665e-11,6.7844004068211e-06,0.0014425493031515,0.0067844004069949,-65908130.565127,485.63746236665,67844004.068211,151.63468929098,150.78718444149,146.83468929098,150.3826928957,150.45830704619,0,0,0,65.729629676892,0.076101270846132,0.052793859825404,0.029286866749888,4.5359526938173e-07,3.9072648154572,0.027215716162904,0.052793859825404,0.0014425493031515,-1.4425493031515e-06,0.0037702730355659,2.2140833333333,2.2140833333333e-13,6587491.9175193,0.7061505520249,1.63e-06,1.63,4.5359526938173e-07,3.1880865081128e-09,8000000,6587491.9175193,73420247.202589,0.00043875541917557,180.89885932609,0,-1.4425493031515e-06,0,0,0,3000000,5000000,-4.8811444583147e-07,-3.7232755174283e-09,-0.51616643038687,0.0067844004069949,1,67.581534520546,67844004.069949,176.65091755937,176834689.29098,180.3826928957,26.376382244782,25.992661231005,0,0,-26376382.244782,-25992661.231005,-176650917.55937,-176834689.29098,0.0019988288209677,-0.00029245846952131,361585.85370117,-361585.85370117
279,0,-0.00073121388869688,16.44200364,65908130.565127,15.32,65908130.565127,73420247.202589,0.7061505520249,4.577254984933e-05,45.77254984933,1.4677499919177e+14,35.227809211065,6.0312325068749e-06,-0.00023029438895721,1.5123306199612e-05,2.1154538706487e-05,-3.257800842553e-05,-0.00026287239738274,-0.12715220839817,0.19210465181821,26880000,0,0,-1.4425493031515e-06,-1.4425493031515e-06,4.8563746236665e-11,6.7844004068211e-06,0.0014425493031515,0.0067844004069949,-65908130.565127,485.63746236665,67844004.068211,151.63468929098,150.78718444149,146.83468929098,150.3826928957,150.45830704619,0,0,0,65.729629676892,0.076101270846132,0.052793859825404,0.029286866749888,4.5359526938173e-07,3.9072648154572,0.027215716162904,0.052793859825404,0.0014425493031515,-1.4425493031515e-06,0.0037702730355659,2.2140833333333,2.2140833333333e-13,6587491.9175193,0.7061505520249,1.63e-06,1.63,4.5359526938173e-07,3.1880865081128e-09,8000000,6587491.9175193,73420247.202589,0.00043875541917557,180.89885932609,0,-1.4425493031515e-06,0,0,0,3000000,5000000,-4.8811444583147e-07,-3.7232755174283e-09,-0.51616643038687,0.0067844004069949,1,67.581534520546,67844004.069949,176.65091755937,176834689.29098,180.3826928957,26.376382244782,25.992661231005,0,0,-26376382.244782,-25992661.231005,-176650917.55937,-176834689.29098,0.0019988288209677,-0.00029245846952131,361585.85370117,-361585.85370117
279.75,0,-0.00073121388869688,16.44200364,65908130.565127,15.32,65908130.565127,73420247.202589,0.7061505520249,4.577254984933e-05,45.77254984933,1.4677499919177e+14,35.227809211065,6.0312325068749e-06,-0.00023029438895721,1.5123306199612e-05,2.1154538706487e-05,-3.257800842553e-05,-0.00026287239738274,-0.12715220839817,0.19210465181821,26880000,0,0,-1.4425493031515e-06,-1.4425493031515e-06,4.8563746236665e-11,6.7844004068211e-06,0.0014425493031515,0.0067844004069949,-65908130.565127,485.63746236665,67844004.068211,151.63468929098,150.78718444149,146.83468929098,150.3826928957,150.45830704619,0,0,0,65.729629676892,0.076101270846132,0.052793859825404,0.029286866749888,4.5359526938173e-07,3.9072648154572,0.027215716162904,0.052793859825404,0.0014425493031515,-1.4425493031515e-06,0.0037702730355659,2.2140833333333,2.2140833333333e-13,6587491.9175193,0.7061505520249,1.63e-06,1.63,4.5359526938173e-07,3.1880865081128e-09,8000000,6587491.9175193,73420247.202589,0.00043875541917557,180.89885932609,0,-1.4425493031515e-06,0,0,0,3000000,5000000,-4.8811444583147e-07,-3.7232755174283e-09,-0.51616643038687,0.0067844004069949,1,67.581534520546,67844004.069949,176.65091755937,176834689.29098,180.3826928957,26.376382244782,25.992661231005,0,0,-26376382.244782,-25992661.231005,-176650917.55937,-176834689.29098,0.0019988288209677,-0.00029245846952131,361585.85370117,-361585.85370117
280.5,0,-0.00073121388869688,16.44200364,65908130.565127,15.32,65908130.565127,73420247.202589,0.7061505520249,4.577254984933e-05,45.77254984933,1.4677499919177e+14,35.227809211065,6.0312325068749e-06,-0.00023029438895721,1.5123306199612e-05,2.1154538706487e-05,-3.257800842553e-05,-0.00026287239738274,-0.12715220839817,0.19210465181821,26880000,0,0,-1.4425493031515e-06,-1.4425493031515e-06,4.8563746236665e-11,6.7844004068211e-06,0.0014425493031515,0.0067844004069949,-65908130.565127,485.63746236665,67844004.068211,151.63468929098,150.78718444149,146.83468929098,150.3826928957,150.45830704619,0,0,0,65.729629676892,0.076101270846132,0.052793859825404,0.029286866749888,4.5359526938173e-07,3.9072648154572,0.027215716162904,0.052793859825404,0.0014425493031515,-1.4425493031515e-06,0.0037702730355659,2.2140833333333,2.2140833333333e-13,6587491.9175193,0.7061505520249,1.63e-06,1.63,4.5359526938173e-07,3.1880865081128e-09,8000000,6587491.9175193,73420247.202589,0.00043875541917557,180.89885932609,0,-1.4425493031515e-06,0,0,0,3000000,5000000,-4.8811444583147e-07,-3.7232755174283e-09,-0.51616643038687,0.0067844004069949,1,67.581534520546,67844004.069949,176.65091755937,176834689.29098,180.3826928957,26.376382244782,25.992661231005,0,0,-26376382.244782,-25992661.231005,-176650917.55937,-176834689.29098,0.0019988288209677,-0.00029245846952131,361585.85370117,-361585.85370117
281.25,0,-0.00073121388869688,16.44200364,65908130.565127,15.32,65908130.565127,73420247.202589,0.7061505520249,4.577254984933e-05,45.77254984933,1.4677499919177e+14,35.227809211065,6.0312325068749e-06,-0.00023029438895721,1.5123306199612e-05,2.1154538706487e-05,-3.257800842553e-05,-0.00026287239738274,-0.12715220839817,0.19210465181821,26880000,0,0,-1.4425493031515e-06,-1.4425493031515e-06,4.8563746236665e-11,6.7844004068211e-06,0.0014425493031515,0.0067844004069949,-65908130.565127,485.63746236665,67844004.068211,151.63468929098,150.78718444149,146.83468929098,150.3826928957,150.45830704619,0,0,0,65.729629676892,0.076101270846132,0.052793859825404,0.029286866749888,4.5359526938173e-07,3.9072648154572,0.027215716162904,0.052793859825404,0.0014425493031515,-1.4425493031515e-06,0.0037702730355659,2.2140833333333,2.2140833333333e-13,6587491.9175193,0.7061505520249,1.63e-06,1.63,4.5359526938173e-07,3.1880865081128e-09,8000000,6587491.9175193,73420247.202589,0.00043875541917557,180.89885932609,0,-1.4425493031515e-06,0,0,0,3000000,5000000,-4.8811444583147e-07,-3.7232755174283e-09,-0.51616643038687,0.0067844004069949,1,67.581534520546,67844004.069949,176.65091755937,176834689.29098,180.3826928957,26.376382244782,25.992661231005,0,0,-26376382.244782,-25992661.231005,-176650917.55937,-176834689.29098,0.0019988288209677,-0.00029245846952131,361585.85370117,-361585.85370117
282,0,-0.00073121388869688,16.44200364,65908130.565127,15.32,65908130.565127,73420247.202589,0.7061505520249,4.577254984933e-05,45.77254984933,1.4677499919177e+14,35.227809211065,6.0312325068749e-06,-0.00023029438895721,1.5123306199612e-05,2.1154538706487e-05,-3.257800842553e-05,-0.00026287239738274,-0.12715220839817,0.19210465181821,26880000,0,0,-1.4425493031515e-06,-1.4425493031515e-06,4.8563746236665e-11,6.7844004068211e-06,0.0014425493031515,0.0067844004069949,-65908130.565127,485.63746236665,67844004.068211,151.63468929098,150.78718444149,146.83468929098,150.3826928957,150.45830704619,0,0,0,65.729629676892,0.076101270846132,0.052793859825404,0.029286866749888,4.5359526938173e-07,3.9072648154572,0.027215716162904,0.052793859825404,0.0014425493031515,-1.4425493031515e-06,0.0037702730355659,2.2140833333333,2.2140833333333e-13,6587491.9175193,0.7061505520249,1.63e-06,1.63,4.5359526938173e-07,3.1880865081128e-09,8000000,6587491.9175193,73420247.202589,0.00043875541917557,180.89885932609,0,-1.4425493031515e-06,0,0,0,3000000,5000000,-4.8811444583147e-07,-3.7232755174283e-09,-0.51616643038687,0.0067844004069949,1,67.581534520546,67844004.069949,176.65091755937,176834689.29098,180.3826928957,26.376382244782,25.992661231005,0,0,-26376382.244782,-25992661.231005,-176650917.55937,-176834689.29098,0.0019988288209677,-0.00029245846952131,361585.85370117,-361585.85370117
282.75,0,-0.00073121388869688,16.44200364,65908130.565127,15.32,65908130.565127,73420247.202589,0.7061505520249,4.577254984933e-05,45.77254984933,1.4677499919177e+14,35.227809211065,6.0312325068749e-06,-0.00023029438895721,1.5123306199612e-05,2.1154538706487e-05,-3.257800842553e-05,-0.00026287239738274,-0.12715220839817,0.19210465181821,26880000,0,0,-1.4425493031515e-06,-1.4425493031515e-06,4.8563746236665e-11,6.7844004068211e-06,0.0014425493031515,0.0067844004069949,-65908130.565127,485.63746236665,67844004.068211,151.63468929098,150.78718444149,146.83468929098,150.3826928957,150.45830704619,0,0,0,65.729629676892,0.076101270846132,0.052793859825404,0.029286866749888,4.5359526938173e-07,3.9072648154572,0.027215716162904,0.052793859825404,0.0014425493031515,-1.4425493031515e-06,0.0037702730355659,2.2140833333333,2.2140833333333e-13,6587491.9175193,0.7061505520249,1.63e-06,1.63,4.5359526938173e-07,3.1880865081128e-09,8000000,6587491.9175193,73420247.202589,0.00043875541917557,180.89885932609,0,-1.4425493031515e-06,0,0,0,3000000,5000000,-4.8811444583147e-07,-3.7232755174283e-09,-0.51616643038687,0.0067844004069949,1,67.581534520546,67844004.069949,176.65091755937,176834689.29098,180.3826928957,26.376382244782,25.992661231005,0,0,-26376382.244782,-25992661.231005,-176650917.55937,-176834689.29098,0.0019988288209677,-0.00029245846952131,361585.85370117,-361585.85370117
283.5,0,-0.00073121388869688,16.44200364,65908130.565127,15.32,65908130.565127,73420247.202589,0.7061505520249,4.577254984933e-05,45.77254984933,1.4677499919177e+14,35.227809211065,6.0312325068749e-06,-0.00023029438895721,1.5123306199612e-05,2.1154538706487e-05,-3.257800842553e-05,-0.00026287239738274,-0.12715220839817,0.19210465181821,26880000,0,0,-1.4425493031515e-06,-1.4425493031515e-06,4.8563746236665e-11,6.7844004068211e-06,0.0014425493031515,0.0067844004069949,-65908130.565127,485.63746236665,67844004.068211,151.63468929098,150.78718444149,146.83468929098,150.3826928957,150.45830704619,0,0,0,65.729629676892,0.076101270846132,0.052793859825404,0.029286866749888,4.5359526938173e-07,3.9072648154572,0.027215716162904,0.052793859825404,0.0014425493031515,-1.4425493031515e-06,0.0037702730355659,2.2140833333333,2.2140833333333e-13,6587491.9175193,0.7061505520249,1.63e-06,1.63,4.5359526938173e-07,3.1880865081128e-09,8000000,6587491.9175193,73420247.202589,0.00043875541917557,180.89885932609,0,-1.4425493031515e-06,0,0,0,3000000,5000000,-4.8811444583147e-07,-3.7232755174283e-09,-0.51616643038687,0.0067844004069949,1,67.581534520546,67844004.069949,176.65091755937,176834689.29098,180.3826928957,26.376382244782,25.992661231005,0,0,-26376382.244782,-25992661.231005,-176650917.55937,-176834689.29098,0.0019988288209677,-0.00029245846952131,361585.85370117,-361585.85370117
284.25,0,-0.00073121388869688,16.44200364,65908130.565127,15.32,65908130.565127,73420247.202589,0.7061505520249,4.577254984933e-05,45.77254984933,1.4677499919177e+14,35.227809211065,6.0312325068749e-06,-0.00023029438895721,1.5123306199612e-05,2.1154538706487e-05,-3.257800842553e-05,-0.00026287239738274,-0.12715220839817,0.19210465181821,26880000,0,0,-1.4425493031515e-06,-1.4425493031515e-06,4.8563746236665e-11,6.7844004068211e-06,0.0014425493031515,0.0067844004069949,-65908130.565127,485.63746236665,67844004.068211,151.63468929098,150.78718444149,146.83468929098,150.3826928957,150.45830704619,0,0,0,65.729629676892,0.076101270846132,0.052793859825404,0.029286866749888,4.5359526938173e-07,3.9072648154572,0.027215716162904,0.052793859825404,0.0014425493031515,-1.4425493031515e-06,0.0037702730355659,2.2140833333333,2.2140833333333e-13,6587491.9175193,0.7061505520249,1.63e-06,1.63,4.5359526938173e-07,3.1880865081128e-09,8000000,6587491.9175193,73420247.202589,0.00043875541917557,180.89885932609,0,-1.4425493031515e-06,0,0,0,3000000,5000000,-4.8811444583147e-07,-3.7232755174283e-09,-0.51616643038687,0.0067844004069949,1,67.581534520546,67844004.069949,176.65091755937,176834689.29098,180.3826928957,26.376382244782,25.992661231005,0,0,-26376382.244782,-25992661.231005,-176650917.55937,-176834689.29098,0.0019988288209677,-0.00029245846952131,361585.85370117,-361585.85370117
285,0,-0.00073121388869688,16.44200364,65908130.565127,15.32,65908130.565127,73420247.202589,0.7061505520249,4.577254984933e-05,45.77254984933,1.4677499919177e+14,35.227809211065,6.0312325068749e-06,-0.00023029438895721,1.5123306199612e-05,2.1154538706487e-05,-3.257800842553e-05,-0.00026287239738274,-0.12715220839817,0.19210465181821,26880000,0,0,-1.4425493031515e-06,-1.4425493031515e-06,4.8563746236665e-11,6.7844004068211e-06,0.0014425493031515,0.0067844004069949,-65908130.565127,485.63746236665,67844004.068211,151.63468929098,150.78718444149,146.83468929098,150.3826928957,150.45830704619,0,0,0,65.729629676892,0.076101270846132,0.052793859825404,0.029286866749888,4.5359526938173e-07,3.9072648154572,0.027215716162904,0.052793859825404,0.0014425493031515,-1.4425493031515e-06,0.0037702730355659,2.2140833333333,2.2140833333333e-13,6587491.9175193,0.7061505520249,1.63e-06,1.63,4.5359526938173e-07,3.1880865081128e-09,8000000,6587491.9175193,73420247.202589,0.00043875541917557,180.89885932609,0,-1.4425493031515e-06,0,0,0,3000000,5000000,-4.8811444583147e-07,-3.7232755174283e-09,-0.51616643038687,0.0067844004069949,1,67.581534520546,67844004.069949,176.65091755937,176834689.29098,180.3826928957,26.376382244782,25.992661231005,0,0,-26376382.244782,-25992661.231005,-176650917.55937,-176834689.29098,0.0019988288209677,-0.00029245846952131,361585.85370117,-361585.85370117
285.75,0,-0.00073121388869688,16.44200364,65908130.565127,15.32,65908130.565127,73420247.202589,0.7061505520249,4.577254984933e-05,45.77254984933,1.4677499919177e+14,35.227809211065,6.0312325068749e-06,-0.00023029438895721,1.5123306199612e-05,2.1154538706487e-05,-3.257800842553e-05,-0.00026287239738274,-0.12715220839817,0.19210465181821,26880000,0,0,-1.4425493031515e-06,-1.4425493031515e-06,4.8563746236665e-11,6.7844004068211e-06,0.0014425493031515,0.0067844004069949,-65908130.565127,485.63746236665,67844004.068211,151.63468929098,150.78718444149,146.83468929098,150.3826928957,150.45830704619,0,0,0,65.729629676892,0.076101270846132,0.052793859825404,0.029286866749888,4.5359526938173e-07,3.9072648154572,0.027215716162904,0.052793859825404,0.0014425493031515,-1.4425493031515e-06,0.0037702730355659,2.2140833333333,2.2140833333333e-13,6587491.9175193,0.7061505520249,1.63e-06,1.63,4.5359526938173e-07,3.1880865081128e-09,8000000,6587491.9175193,73420247.202589,0.00043875541917557,180.89885932609,0,-1.4425493031515e-06,0,0,0,3000000,5000000,-4.8811444583147e-07,-3.7232755174283e-09,-0.51616643038687,0.0067844004069949,1,67.581534520546,67844004.069949,176.65091755937,176834689.29098,180.3826928957,26.376382244782,25.992661231005,0,0,-26376382.244782,-25992661.231005,-176650917.55937,-176834689.29098,0.0019988288209677,-0.00029245846952131,361585.85370117,-361585.85370117
286.5,0,-0.00073121388869688,16.44200364,65908130.565127,15.32,65908130.565127,73420247.202589,0.7061505520249,4.577254984933e-05,45.77254984933,1.4677499919177e+14,35.227809211065,6.0312325068749e-06,-0.00023029438895721,1.5123306199612e-05,2.1154538706487e-05,-3.257800842553e-05,-0.00026287239738274,-0.12715220839817,0.19210465181821,26880000,0,0,-1.4425493031515e-06,-1.4425493031515e-06,4.8563746236665e-11,6.7844004068211e-06,0.0014425493031515,0.0067844004069949,-65908130.565127,485.63746236665,67844004.068211,151.63468929098,150.78718444149,146.83468929098,150.3826928957,150.45830704619,0,0,0,65.729629676892,0.076101270846132,0.052793859825404,0.029286866749888,4.5359526938173e-07,3.9072648154572,0.027215716162904,0.052793859825404,0.0014425493031515,-1.4425493031515e-06,0.0037702730355659,2.2140833333333,2.2140833333333e-13,6587491.9175193,0.7061505520249,1.63e-06,1.63,4.5359526938173e-07,3.1880865081128e-09,8000000,6587491.9175193,73420247.202589,0.00043875541917557,180.89885932609,0,-1.4425493031515e-06,0,0,0,3000000,5000000,-4.8811444583147e-07,-3.7232755174283e-09,-0.51616643038687,0.0067844004069949,1,67.581534520546,67844004.069949,176.65091755937,176834689.29098,180.3826928957,26.376382244782,25.992661231005,0,0,-26376382.244782,-25992661.231005,-176650917.55937,-176834689.29098,0.0019988288209677,-0.00029245846952131,361585.85370117,-361585.85370117
287.25,0,-0.00073121388869688,16.44200364,65908130.565127,15.32,65908130.565127,73420247.202589,0.7061505520249,4.577254984933e-05,45.77254984933,1.4677499919177e+14,35.227809211065,6.0312325068749e-06,-0.00023029438895721,1.5123306199612e-05,2.1154538706487e-05,-3.257800842553e-05,-0.00026287239738274,-0.12715220839817,0.19210465181821,26880000,0,0,-1.4425493031515e-06,-1.4425493031515e-06,4.8563746236665e-11,6.7844004068211e-06,0.0014425493031515,0.0067844004069949,-65908130.565127,485.63746236665,67844004.068211,151.63468929098,150.78718444149,146.83468929098,150.3826928957,150.45830704619,0,0,0,65.729629676892,0.076101270846132,0.052793859825404,0.029286866749888,4.5359526938173e-07,3.9072648154572,0.027215716162904,0.052793859825404,0.0014425493031515,-1.4425493031515e-06,0.0037702730355659,2.2140833333333,2.2140833333333e-13,6587491.9175193,0.7061505520249,1.63e-06,1.63,4.5359526938173e-07,3.1880865081128e-09,8000000,6587491.9175193,73420247.202589,0.00043875541917557,180.89885932609,0,-1.4425493031515e-06,0,0,0,3000000,5000000,-4.8811444583147e-07,-3.7232755174283e-09,-0.51616643038687,0.0067844004069949,1,67.581534520546,67844004.069949,176.65091755937,176834689.29098,180.3826928957,26.376382244782,25.992661231005,0,0,-26376382.244782,-25992661.231005,-176650917.55937,-176834689.29098,0.0019988288209677,-0.00029245846952131,361585.85370117,-361585.85370117
288,0,-0.00073121388869688,16.44200364,65908130.565127,15.32,65908130.565127,73420247.202589,0.7061505520249,4.577254984933e-05,45.77254984933,1.4677499919177e+14,35.227809211065,6.0312325068749e-06,-0.00023029438895721,1.5123306199612e-05,2.1154538706487e-05,-3.257800842553e-05,-0.00026287239738274,-0.12715220839817,0.19210465181821,26880000,0,0,-1.4425493031515e-06,-1.4425493031515e-06,4.8563746236665e-11,6.7844004068211e-06,0.0014425493031515,0.0067844004069949,-65908130.565127,485.63746236665,67844004.068211,151.63468929098,150.78718444149,146.83468929098,150.3826928957,150.45830704619,0,0,0,65.729629676892,0.076101270846132,0.052793859825404,0.029286866749888,4.5359526938173e-07,3.9072648154572,0.027215716162904,0.052793859825404,0.0014425493031515,-1.4425493031515e-06,0.0037702730355659,2.2140833333333,2.2140833333333e-13,6587491.9175193,0.7061505520249,1.63e-06,1.63,4.5359526938173e-07,3.1880865081128e-09,8000000,6587491.9175193,73420247.202589,0.00043875541917557,180.89885932609,0,-1.4425493031515e-06,0,0,0,3000000,5000000,-4.8811444583147e-07,-3.7232755174283e-09,-0.51616643038687,0.0067844004069949,1,67.581534520546,67844004.069949,176.65091755937,176834689.29098,180.3826928957,26.376382244782,25.992661231005,0,0,-26376382.244782,-25992661.231005,-176650917.55937,-176834689.29098,0.0019988288209677,-0.00029245846952131,361585.85370117,-361585.85370117
288.75,0,-0.00073121388869688,16.44200364,65908130.565127,15.32,65908130.565127,73420247.202589,0.7061505520249,4.577254984933e-05,45.77254984933,1.4677499919177e+14,35.227809211065,6.0312325068749e-06,-0.00023029438895721,1.5123306199612e-05,2.1154538706487e-05,-3.257800842553e-05,-0.00026287239738274,-0.12715220839817,0.19210465181821,26880000,0,0,-1.4425493031515e-06,-1.4425493031515e-06,4.8563746236665e-11,6.7844004068211e-06,0.0014425493031515,0.0067844004069949,-65908130.565127,485.63746236665,67844004.068211,151.63468929098,150.78718444149,146.83468929098,150.3826928957,150.45830704619,0,0,0,65.729629676892,0.076101270846132,0.052793859825404,0.029286866749888,4.5359526938173e-07,3.9072648154572,0.027215716162904,0.052793859825404,0.0014425493031515,-1.4425493031515e-06,0.0037702730355659,2.2140833333333,2.2140833333333e-13,6587491.9175193,0.7061505520249,1.63e-06,1.63,4.5359526938173e-07,3.1880865081128e-09,8000000,6587491.9175193,73420247.202589,0.00043875541917557,180.89885932609,0,-1.4425493031515e-06,0,0,0,3000000,5000000,-4.8811444583147e-07,-3.7232755174283e-09,-0.51616643038687,0.0067844004069949,1,67.581534520546,67844004.069949,176.65091755937,176834689.29098,180.3826928957,26.376382244782,25.992661231005,0,0,-26376382.244782,-25992661.231005,-176650917.55937,-176834689.29098,0.0019988288209677,-0.00029245846952131,361585.85370117,-361585.85370117
289.5,0,-0.00073121388869688,16.44200364,65908130.565127,15.32,65908130.565127,73420247.202589,0.7061505520249,4.577254984933e-05,45.77254984933,1.4677499919177e+14,35.227809211065,6.0312325068749e-06,-0.00023029438895721,1.5123306199612e-05,2.1154538706487e-05,-3.257800842553e-05,-0.00026287239738274,-0.12715220839817,0.19210465181821,26880000,0,0,-1.4425493031515e-06,-1.4425493031515e-06,4.8563746236665e-11,6.7844004068211e-06,0.0014425493031515,0.0067844004069949,-65908130.565127,485.63746236665,67844004.068211,151.63468929098,150.78718444149,146.83468929098,150.3826928957,150.45830704619,0,0,0,65.729629676892,0.076101270846132,0.052793859825404,0.029286866749888,4.5359526938173e-07,3.9072648154572,0.027215716162904,0.052793859825404,0.0014425493031515,-1.4425493031515e-06,0.0037702730355659,2.2140833333333,2.2140833333333e-13,6587491.9175193,0.7061505520249,1.63e-06,1.63,4.5359526938173e-07,3.1880865081128e-09,8000000,6587491.9175193,73420247.202589,0.00043875541917557,180.89885932609,0,-1.4425493031515e-06,0,0,0,3000000,5000000,-4.8811444583147e-07,-3.7232755174283e-09,-0.51616643038687,0.0067844004069949,1,67.581534520546,67844004.069949,176.65091755937,176834689.29098,180.3826928957,26.376382244782,25.992661231005,0,0,-26376382.244782,-25992661.231005,-176650917.55937,-176834689.29098,0.0019988288209677,-0.00029245846952131,361585.85370117,-361585.85370117
290.25,0,-0.00073121388869688,16.44200364,65908130.565127,15.32,65908130.565127,73420247.202589,0.7061505520249,4.577254984933e-05,45.77254984933,1.4677499919177e+14,35.227809211065,6.0312325068749e-06,-0.00023029438895721,1.5123306199612e-05,2.1154538706487e-05,-3.257800842553e-05,-0.00026287239738274,-0.12715220839817,0.19210465181821,26880000,0,0,-1.4425493031515e-06,-1.4425493031515e-06,4.8563746236665e-11,6.7844004068211e-06,0.0014425493031515,0.0067844004069949,-65908130.565127,485.63746236665,67844004.068211,151.63468929098,150.78718444149,146.83468929098,150.3826928957,150.45830704619,0,0,0,65.729629676892,0.076101270846132,0.052793859825404,0.029286866749888,4.5359526938173e-07,3.9072648154572,0.027215716162904,0.052793859825404,0.0014425493031515,-1.4425493031515e-06,0.0037702730355659,2.2140833333333,2.2140833333333e-13,6587491.9175193,0.7061505520249,1.63e-06,1.63,4.5359526938173e-07,3.1880865081128e-09,8000000,6587491.9175193,73420247.202589,0.00043875541917557,180.89885932609,0,-1.4425493031515e-06,0,0,0,3000000,5000000,-4.8811444583147e-07,-3.7232755174283e-09,-0.51616643038687,0.0067844004069949,1,67.581534520546,67844004.069949,176.65091755937,176834689.29098,180.3826928957,26.376382244782,25.992661231005,0,0,-26376382.244782,-25992661.231005,-176650917.55937,-176834689.29098,0.0019988288209677,-0.00029245846952131,361585.85370117,-361585.85370117
291,0,-0.00073121388869688,16.44200364,65908130.565127,15.32,65908130.565127,73420247.202589,0.7061505520249,4.577254984933e-05,45.77254984933,1.4677499919177e+14,35.227809211065,6.0312325068749e-06,-0.00023029438895721,1.5123306199612e-05,2.1154538706487e-05,-3.257800842553e-05,-0.00026287239738274,-0.12715220839817,0.19210465181821,26880000,0,0,-1.4425493031515e-06,-1.4425493031515e-06,4.8563746236665e-11,6.7844004068211e-06,0.0014425493031515,0.0067844004069949,-65908130.565127,485.63746236665,67844004.068211,151.63468929098,150.78718444149,146.83468929098,150.3826928957,150.45830704619,0,0,0,65.729629676892,0.076101270846132,0.052793859825404,0.029286866749888,4.5359526938173e-07,3.9072648154572,0.027215716162904,0.052793859825404,0.0014425493031515,-1.4425493031515e-06,0.0037702730355659,2.2140833333333,2.2140833333333e-13,6587491.9175193,0.7061505520249,1.63e-06,1.63,4.5359526938173e-07,3.1880865081128e-09,8000000,6587491.9175193,73420247.202589,0.00043875541917557,180.89885932609,0,-1.4425493031515e-06,0,0,0,3000000,5000000,-4.8811444583147e-07,-3.7232755174283e-09,-0.51616643038687,0.0067844004069949,1,67.581534520546,67844004.069949,176.65091755937,176834689.29098,180.3826928957,26.376382244782,25.992661231005,0,0,-26376382.244782,-25992661.231005,-176650917.55937,-176834689.29098,0.0019988288209677,-0.00029245846952131,361585.85370117,-361585.85370117
291.75,0,-0.00073121388869688,16.44200364,65908130.565127,15.32,65908130.565127,73420247.202589,0.7061505520249,4.577254984933e-05,45.77254984933,1.4677499919177e+14,35.227809211065,6.0312325068749e-06,-0.00023029438895721,1.5123306199612e-05,2.1154538706487e-05,-3.257800842553e-05,-0.00026287239738274,-0.12715220839817,0.19210465181821,26880000,0,0,-1.4425493031515e-06,-1.4425493031515e-06,4.8563746236665e-11,6.7844004068211e-06,0.0014425493031515,0.0067844004069949,-65908130.565127,485.63746236665,67844004.068211,151.63468929098,150.78718444149,146.83468929098,150.3826928957,150.45830704619,0,0,0,65.729629676892,0.076101270846132,0.052793859825404,0.029286866749888,4.5359526938173e-07,3.9072648154572,0.027215716162904,0.052793859825404,0.0014425493031515,-1.4425493031515e-06,0.0037702730355659,2.2140833333333,2.2140833333333e-13,6587491.9175193,0.7061505520249,1.63e-06,1.63,4.5359526938173e-07,3.1880865081128e-09,8000000,6587491.9175193,73420247.202589,0.00043875541917557,180.89885932609,0,-1.4425493031515e-06,0,0,0,3000000,5000000,-4.8811444583147e-07,-3.7232755174283e-09,-0.51616643038687,0.0067844004069949,1,67.581534520546,67844004.069949,176.65091755937,176834689.29098,180.3826928957,26.376382244782,25.992661231005,0,0,-26376382.244782,-25992661.231005,-176650917.55937,-176834689.29098,0.0019988288209677,-0.00029245846952131,361585.85370117,-361585.85370117
292.5,0,-0.00073121388869688,16.44200364,65908130.565127,15.32,65908130.565127,73420247.202589,0.7061505520249,4.577254984933e-05,45.77254984933,1.4677499919177e+14,35.227809211065,6.0312325068749e-06,-0.00023029438895721,1.5123306199612e-05,2.1154538706487e-05,-3.257800842553e-05,-0.00026287239738274,-0.12715220839817,0.19210465181821,26880000,0,0,-1.4425493031515e-06,-1.4425493031515e-06,4.8563746236665e-11,6.7844004068211e-06,0.0014425493031515,0.0067844004069949,-65908130.565127,485.63746236665,67844004.068211,151.63468929098,150.78718444149,146.83468929098,150.3826928957,150.45830704619,0,0,0,65.729629676892,0.076101270846132,0.052793859825404,0.029286866749888,4.5359526938173e-07,3.9072648154572,0.027215716162904,0.052793859825404,0.0014425493031515,-1.4425493031515e-06,0.0037702730355659,2.2140833333333,2.2140833333333e-13,6587491.9175193,0.7061505520249,1.63e-06,1.63,4.5359526938173e-07,3.1880865081128e-09,8000000,6587491.9175193,73420247.202589,0.00043875541917557,180.89885932609,0,-1.4425493031515e-06,0,0,0,3000000,5000000,-4.8811444583147e-07,-3.7232755174283e-09,-0.51616643038687,0.0067844004069949,1,67.581534520546,67844004.069949,176.65091755937,176834689.29098,180.3826928957,26.376382244782,25.992661231005,0,0,-26376382.244782,-25992661.231005,-176650917.55937,-176834689.29098,0.0019988288209677,-0.00029245846952131,361585.85370117,-361585.85370117
293.25,0,-0.00073121388869688,16.44200364,65908130.565127,15.32,65908130.565127,73420247.202589,0.7061505520249,4.577254984933e-05,45.77254984933,1.4677499919177e+14,35.227809211065,6.0312325068749e-06,-0.00023029438895721,1.5123306199612e-05,2.1154538706487e-05,-3.257800842553e-05,-0.00026287239738274,-0.12715220839817,0.19210465181821,26880000,0,0,-1.4425493031515e-06,-1.4425493031515e-06,4.8563746236665e-11,6.7844004068211e-06,0.0014425493031515,0.0067844004069949,-65908130.565127,485.63746236665,67844004.068211,151.63468929098,150.78718444149,146.83468929098,150.3826928957,150.45830704619,0,0,0,65.729629676892,0.076101270846132,0.052793859825404,0.029286866749888,4.5359526938173e-07,3.9072648154572,0.027215716162904,0.052793859825404,0.0014425493031515,-1.4425493031515e-06,0.0037702730355659,2.2140833333333,2.2140833333333e-13,6587491.9175193,0.7061505520249,1.63e-06,1.63,4.5359526938173e-07,3.1880865081128e-09,8000000,6587491.9175193,73420247.202589,0.00043875541917557,180.89885932609,0,-1.4425493031515e-06,0,0,0,3000000,5000000,-4.8811444583147e-07,-3.7232755174283e-09,-0.51616643038687,0.0067844004069949,1,67.581534520546,67844004.069949,176.65091755937,176834689.29098,180.3826928957,26.376382244782,25.992661231005,0,0,-26376382.244782,-25992661.231005,-176650917.55937,-176834689.29098,0.0019988288209677,-0.00029245846952131,361585.85370117,-361585.85370117
294,0,-0.00073121388869688,16.44200364,65908130.565127,15.32,65908130.565127,73420247.202589,0.7061505520249,4.577254984933e-05,45.77254984933,1.4677499919177e+14,35.227809211065,6.0312325068749e-06,-0.00023029438895721,1.5123306199612e-05,2.1154538706487e-05,-3.257800842553e-05,-0.00026287239738274,-0.12715220839817,0.19210465181821,26880000,0,0,-1.4425493031515e-06,-1.4425493031515e-06,4.8563746236665e-11,6.7844004068211e-06,0.0014425493031515,0.0067844004069949,-65908130.565127,485.63746236665,67844004.068211,151.63468929098,150.78718444149,146.83468929098,150.3826928957,150.45830704619,0,0,0,65.729629676892,0.076101270846132,0.052793859825404,0.029286866749888,4.5359526938173e-07,3.9072648154572,0.027215716162904,0.052793859825404,0.0014425493031515,-1.4425493031515e-06,0.0037702730355659,2.2140833333333,2.2140833333333e-13,6587491.9175193,0.7061505520249,1.63e-06,1.63,4.5359526938173e-07,3.1880865081128e-09,8000000,6587491.9175193,73420247.202589,0.00043875541917557,180.89885932609,0,-1.4425493031515e-06,0,0,0,3000000,5000000,-4.8811444583147e-07,-3.7232755174283e-09,-0.51616643038687,0.0067844004069949,1,67.581534520546,67844004.069949,176.65091755937,176834689.29098,180.3826928957,26.376382244782,25.992661231005,0,0,-26376382.244782,-25992661.231005,-176650917.55937,-176834689.29098,0.0019988288209677,-0.00029245846952131,361585.85370117,-361585.85370117
294.75,0,-0.00073121388869688,16.44200364,65908130.565127,15.32,65908130.565127,73420247.202589,0.7061505520249,4.577254984933e-05,45.77254984933,1.4677499919177e+14,35.227809211065,6.0312325068749e-06,-0.00023029438895721,1.5123306199612e-05,2.1154538706487e-05,-3.257800842553e-05,-0.00026287239738274,-0.12715220839817,0.19210465181821,26880000,0,0,-1.4425493031515e-06,-1.4425493031515e-06,4.8563746236665e-11,6.7844004068211e-06,0.0014425493031515,0.0067844004069949,-65908130.565127,485.63746236665,67844004.068211,151.63468929098,150.78718444149,146.83468929098,150.3826928957,150.45830704619,0,0,0,65.729629676892,0.076101270846132,0.052793859825404,0.029286866749888,4.5359526938173e-07,3.9072648154572,0.027215716162904,0.052793859825404,0.0014425493031515,-1.4425493031515e-06,0.0037702730355659,2.2140833333333,2.2140833333333e-13,6587491.9175193,0.7061505520249,1.63e-06,1.63,4.5359526938173e-07,3.1880865081128e-09,8000000,6587491.9175193,73420247.202589,0.00043875541917557,180.89885932609,0,-1.4425493031515e-06,0,0,0,3000000,5000000,-4.8811444583147e-07,-3.7232755174283e-09,-0.51616643038687,0.0067844004069949,1,67.581534520546,67844004.069949,176.65091755937,176834689.29098,180.3826928957,26.376382244782,25.992661231005,0,0,-26376382.244782,-25992661.231005,-176650917.55937,-176834689.29098,0.0019988288209677,-0.00029245846952131,361585.85370117,-361585.85370117
295.5,0,-0.00073121388869688,16.44200364,65908130.565127,15.32,65908130.565127,73420247.202589,0.7061505520249,4.577254984933e-05,45.77254984933,1.4677499919177e+14,35.227809211065,6.0312325068749e-06,-0.00023029438895721,1.5123306199612e-05,2.1154538706487e-05,-3.257800842553e-05,-0.00026287239738274,-0.12715220839817,0.19210465181821,26880000,0,0,-1.4425493031515e-06,-1.4425493031515e-06,4.8563746236665e-11,6.7844004068211e-06,0.0014425493031515,0.0067844004069949,-65908130.565127,485.63746236665,67844004.068211,151.63468929098,150.78718444149,146.83468929098,150.3826928957,150.45830704619,0,0,0,65.729629676892,0.076101270846132,0.052793859825404,0.029286866749888,4.5359526938173e-07,3.9072648154572,0.027215716162904,0.052793859825404,0.0014425493031515,-1.4425493031515e-06,0.0037702730355659,2.2140833333333,2.2140833333333e-13,6587491.9175193,0.7061505520249,1.63e-06,1.63,4.5359526938173e-07,3.1880865081128e-09,8000000,6587491.9175193,73420247.202589,0.00043875541917557,180.89885932609,0,-1.4425493031515e-06,0,0,0,3000000,5000000,-4.8811444583147e-07,-3.7232755174283e-09,-0.51616643038687,0.0067844004069949,1,67.581534520546,67844004.069949,176.65091755937,176834689.29098,180.3826928957,26.376382244782,25.992661231005,0,0,-26376382.244782,-25992661.231005,-176650917.55937,-176834689.29098,0.0019988288209677,-0.00029245846952131,361585.85370117,-361585.85370117
296.25,0,-0.00073121388869688,16.44200364,65908130.565127,15.32,65908130.565127,73420247.202589,0.7061505520249,4.577254984933e-05,45.77254984933,1.4677499919177e+14,35.227809211065,6.0312325068749e-06,-0.00023029438895721,1.5123306199612e-05,2.1154538706487e-05,-3.257800842553e-05,-0.00026287239738274,-0.12715220839817,0.19210465181821,26880000,0,0,-1.4425493031515e-06,-1.4425493031515e-06,4.8563746236665e-11,6.7844004068211e-06,0.0014425493031515,0.0067844004069949,-65908130.565127,485.63746236665,67844004.068211,151.63468929098,150.78718444149,146.83468929098,150.3826928957,150.45830704619,0,0,0,65.729629676892,0.076101270846132,0.052793859825404,0.029286866749888,4.5359526938173e-07,3.9072648154572,0.027215716162904,0.052793859825404,0.0014425493031515,-1.4425493031515e-06,0.0037702730355659,2.2140833333333,2.2140833333333e-13,6587491.9175193,0.7061505520249,1.63e-06,1.63,4.5359526938173e-07,3.1880865081128e-09,8000000,6587491.9175193,73420247.202589,0.00043875541917557,180.89885932609,0,-1.4425493031515e-06,0,0,0,3000000,5000000,-4.8811444583147e-07,-3.7232755174283e-09,-0.51616643038687,0.0067844004069949,1,67.581534520546,67844004.069949,176.65091755937,176834689.29098,180.3826928957,26.376382244782,25.992661231005,0,0,-26376382.244782,-25992661.231005,-176650917.55937,-176834689.29098,0.0019988288209677,-0.00029245846952131,361585.85370117,-361585.85370117
297,0,-0.00073121388869688,16.44200364,65908130.565127,15.32,65908130.565127,73420247.202589,0.7061505520249,4.577254984933e-05,45.77254984933,1.4677499919177e+14,35.227809211065,6.0312325068749e-06,-0.00023029438895721,1.5123306199612e-05,2.1154538706487e-05,-3.257800842553e-05,-0.00026287239738274,-0.12715220839817,0.19210465181821,26880000,0,0,-1.4425493031515e-06,-1.4425493031515e-06,4.8563746236665e-11,6.7844004068211e-06,0.0014425493031515,0.0067844004069949,-65908130.565127,485.63746236665,67844004.068211,151.63468929098,150.78718444149,146.83468929098,150.3826928957,150.45830704619,0,0,0,65.729629676892,0.076101270846132,0.052793859825404,0.029286866749888,4.5359526938173e-07,3.9072648154572,0.027215716162904,0.052793859825404,0.0014425493031515,-1.4425493031515e-06,0.0037702730355659,2.2140833333333,2.2140833333333e-13,6587491.9175193,0.7061505520249,1.63e-06,1.63,4.5359526938173e-07,3.1880865081128e-09,8000000,6587491.9175193,73420247.202589,0.00043875541917557,180.89885932609,0,-1.4425493031515e-06,0,0,0,3000000,5000000,-4.8811444583147e-07,-3.7232755174283e-09,-0.51616643038687,0.0067844004069949,1,67.581534520546,67844004.069949,176.65091755937,176834689.29098,180.3826928957,26.376382244782,25.992661231005,0,0,-26376382.244782,-25992661.231005,-176650917.55937,-176834689.29098,0.0019988288209677,-0.00029245846952131,361585.85370117,-361585.85370117
297.75,0,-0.00073121388869688,16.44200364,65908130.565127,15.32,65908130.565127,73420247.202589,0.7061505520249,4.577254984933e-05,45.77254984933,1.4677499919177e+14,35.227809211065,6.0312325068749e-06,-0.00023029438895721,1.5123306199612e-05,2.1154538706487e-05,-3.257800842553e-05,-0.00026287239738274,-0.12715220839817,0.19210465181821,26880000,0,0,-1.4425493031515e-06,-1.4425493031515e-06,4.8563746236665e-11,6.7844004068211e-06,0.0014425493031515,0.0067844004069949,-65908130.565127,485.63746236665,67844004.068211,151.63468929098,150.78718444149,146.83468929098,150.3826928957,150.45830704619,0,0,0,65.729629676892,0.076101270846132,0.052793859825404,0.029286866749888,4.5359526938173e-07,3.9072648154572,0.027215716162904,0.052793859825404,0.0014425493031515,-1.4425493031515e-06,0.0037702730355659,2.2140833333333,2.2140833333333e-13,6587491.9175193,0.7061505520249,1.63e-06,1.63,4.5359526938173e-07,3.1880865081128e-09,8000000,6587491.9175193,73420247.202589,0.00043875541917557,180.89885932609,0,-1.4425493031515e-06,0,0,0,3000000,5000000,-4.8811444583147e-07,-3.7232755174283e-09,-0.51616643038687,0.0067844004069949,1,67.581534520546,67844004.069949,176.65091755937,176834689.29098,180.3826928957,26.376382244782,25.992661231005,0,0,-26376382.244782,-25992661.231005,-176650917.55937,-176834689.29098,0.0019988288209677,-0.00029245846952131,361585.85370117,-361585.85370117
298.5,0,-0.00073121388869688,16.44200364,65908130.565127,15.32,65908130.565127,73420247.202589,0.7061505520249,4.577254984933e-05,45.77254984933,1.4677499919177e+14,35.227809211065,6.0312325068749e-06,-0.00023029438895721,1.5123306199612e-05,2.1154538706487e-05,-3.257800842553e-05,-0.00026287239738274,-0.12715220839817,0.19210465181821,26880000,0,0,-1.4425493031515e-06,-1.4425493031515e-06,4.8563746236665e-11,6.7844004068211e-06,0.0014425493031515,0.0067844004069949,-65908130.565127,485.63746236665,67844004.068211,151.63468929098,150.78718444149,146.83468929098,150.3826928957,150.45830704619,0,0,0,65.729629676892,0.076101270846132,0.052793859825404,0.029286866749888,4.5359526938173e-07,3.9072648154572,0.027215716162904,0.052793859825404,0.0014425493031515,-1.4425493031515e-06,0.0037702730355659,2.2140833333333,2.2140833333333e-13,6587491.9175193,0.7061505520249,1.63e-06,1.63,4.5359526938173e-07,3.1880865081128e-09,8000000,6587491.9175193,73420247.202589,0.00043875541917557,180.89885932609,0,-1.4425493031515e-06,0,0,0,3000000,5000000,-4.8811444583147e-07,-3.7232755174283e-09,-0.51616643038687,0.0067844004069949,1,67.581534520546,67844004.069949,176.65091755937,176834689.29098,180.3826928957,26.376382244782,25.992661231005,0,0,-26376382.244782,-25992661.231005,-176650917.55937,-176834689.29098,0.0019988288209677,-0.00029245846952131,361585.85370117,-361585.85370117
299.25,0,-0.00073121388869688,16.44200364,65908130.565127,15.32,65908130.565127,73420247.202589,0.7061505520249,4.577254984933e-05,45.77254984933,1.4677499919177e+14,35.227809211065,6.0312325068749e-06,-0.00023029438895721,1.5123306199612e-05,2.1154538706487e-05,-3.257800842553e-05,-0.00026287239738274,-0.12715220839817,0.19210465181821,26880000,0,0,-1.4425493031515e-06,-1.4425493031515e-06,4.8563746236665e-11,6.7844004068211e-06,0.0014425493031515,0.0067844004069949,-65908130.565127,485.63746236665,67844004.068211,151.63468929098,150.78718444149,146.83468929098,150.3826928957,150.45830704619,0,0,0,65.729629676892,0.076101270846132,0.052793859825404,0.029286866749888,4.5359526938173e-07,3.9072648154572,0.027215716162904,0.052793859825404,0.0014425493031515,-1.4425493031515e-06,0.0037702730355659,2.2140833333333,2.2140833333333e-13,6587491.9175193,0.7061505520249,1.63e-06,1.63,4.5359526938173e-07,3.1880865081128e-09,8000000,6587491.9175193,73420247.202589,0.00043875541917557,180.89885932609,0,-1.4425493031515e-06,0,0,0,3000000,5000000,-4.8811444583147e-07,-3.7232755174283e-09,-0.51616643038687,0.0067844004069949,1,67.581534520546,67844004.069949,176.65091755937,176834689.29098,180.3826928957,26.376382244782,25.992661231005,0,0,-26376382.244782,-25992661.231005,-176650917.55937,-176834689.29098,0.0019988288209677,-0.00029245846952131,361585.85370117,-361585.85370117
300,0,-0.00073121388869688,16.44200364,65908130.565127,15.32,65908130.565127,73420247.202589,0.7061505520249,4.577254984933e-05,45.77254984933,1.4677499919177e+14,35.227809211065,6.0312325068749e-06,-0.00023029438895721,1.5123306199612e-05,2.1154538706487e-05,-3.257800842553e-05,-0.00026287239738274,-0.12715220839817,0.19210465181821,26880000,0,0,-1.4425493031515e-06,-1.4425493031515e-06,4.8563746236665e-11,6.7844004068211e-06,0.0014425493031515,0.0067844004069949,-65908130.565127,485.63746236665,67844004.068211,151.63468929098,150.78718444149,146.83468929098,150.3826928957,150.45830704619,0,0,0,65.729629676892,0.076101270846132,0.052793859825404,0.029286866749888,4.5359526938173e-07,3.9072648154572,0.027215716162904,0.052793859825404,0.0014425493031515,-1.4425493031515e-06,0.0037702730355659,2.2140833333333,2.2140833333333e-13,6587491.9175193,0.7061505520249,1.63e-06,1.63,4.5359526938173e-07,3.1880865081128e-09,8000000,6587491.9175193,73420247.202589,0.00043875541917557,180.89885932609,0,-1.4425493031515e-06,0,0,0,3000000,5000000,-4.8811444583147e-07,-3.7232755174283e-09,-0.51616643038687,0.0067844004069949,1,67.581534520546,67844004.069949,176.65091755937,176834689.29098,180.3826928957,26.376382244782,25.992661231005,0,0,-26376382.244782,-25992661.231005,-176650917.55937,-176834689.29098,0.0019988288209677,-0.00029245846952131,361585.85370117,-361585.85370117
300.75,0,-0.00073121388869688,16.44200364,65908130.565127,15.32,65908130.565127,73420247.202589,0.7061505520249,4.577254984933e-05,45.77254984933,1.4677499919177e+14,35.227809211065,6.0312325068749e-06,-0.00023029438895721,1.5123306199612e-05,2.1154538706487e-05,-3.257800842553e-05,-0.00026287239738274,-0.12715220839817,0.19210465181821,26880000,0,0,-1.4425493031515e-06,-1.4425493031515e-06,4.8563746236665e-11,6.7844004068211e-06,0.0014425493031515,0.0067844004069949,-65908130.565127,485.63746236665,67844004.068211,151.63468929098,150.78718444149,146.83468929098,150.3826928957,150.45830704619,0,0,0,65.729629676892,0.076101270846132,0.052793859825404,0.029286866749888,4.5359526938173e-07,3.9072648154572,0.027215716162904,0.052793859825404,0.0014425493031515,-1.4425493031515e-06,0.0037702730355659,2.2140833333333,2.2140833333333e-13,6587491.9175193,0.7061505520249,1.63e-06,1.63,4.5359526938173e-07,3.1880865081128e-09,8000000,6587491.9175193,73420247.202589,0.00043875541917557,180.89885932609,0,-1.4425493031515e-06,0,0,0,3000000,5000000,-4.8811444583147e-07,-3.7232755174283e-09,-0.51616643038687,0.0067844004069949,1,67.581534520546,67844004.069949,176.65091755937,176834689.29098,180.3826928957,26.376382244782,25.992661231005,0,0,-26376382.244782,-25992661.231005,-176650917.55937,-176834689.29098,0.0019988288209677,-0.00029245846952131,361585.85370117,-361585.85370117
301.5,0,-0.00073121388869688,16.44200364,65908130.565127,15.32,65908130.565127,73420247.202589,0.7061505520249,4.577254984933e-05,45.77254984933,1.4677499919177e+14,35.227809211065,6.0312325068749e-06,-0.00023029438895721,1.5123306199612e-05,2.1154538706487e-05,-3.257800842553e-05,-0.00026287239738274,-0.12715220839817,0.19210465181821,26880000,0,0,-1.4425493031515e-06,-1.4425493031515e-06,4.8563746236665e-11,6.7844004068211e-06,0.0014425493031515,0.0067844004069949,-65908130.565127,485.63746236665,67844004.068211,151.63468929098,150.78718444149,146.83468929098,150.3826928957,150.45830704619,0,0,0,65.729629676892,0.076101270846132,0.052793859825404,0.029286866749888,4.5359526938173e-07,3.9072648154572,0.027215716162904,0.052793859825404,0.0014425493031515,-1.4425493031515e-06,0.0037702730355659,2.2140833333333,2.2140833333333e-13,6587491.9175193,0.7061505520249,1.63e-06,1.63,4.5359526938173e-07,3.1880865081128e-09,8000000,6587491.9175193,73420247.202589,0.00043875541917557,180.89885932609,0,-1.4425493031515e-06,0,0,0,3000000,5000000,-4.8811444583147e-07,-3.7232755174283e-09,-0.51616643038687,0.0067844004069949,1,67.581534520546,67844004.069949,176.65091755937,176834689.29098,180.3826928957,26.376382244782,25.992661231005,0,0,-26376382.244782,-25992661.231005,-176650917.55937,-176834689.29098,0.0019988288209677,-0.00029245846952131,361585.85370117,-361585.85370117
302.25,0,-0.00073121388869688,16.44200364,65908130.565127,15.32,65908130.565127,73420247.202589,0.7061505520249,4.577254984933e-05,45.77254984933,1.4677499919177e+14,35.227809211065,6.0312325068749e-06,-0.00023029438895721,1.5123306199612e-05,2.1154538706487e-05,-3.257800842553e-05,-0.00026287239738274,-0.12715220839817,0.19210465181821,26880000,0,0,-1.4425493031515e-06,-1.4425493031515e-06,4.8563746236665e-11,6.7844004068211e-06,0.0014425493031515,0.0067844004069949,-65908130.565127,485.63746236665,67844004.068211,151.63468929098,150.78718444149,146.83468929098,150.3826928957,150.45830704619,0,0,0,65.729629676892,0.076101270846132,0.052793859825404,0.029286866749888,4.5359526938173e-07,3.9072648154572,0.027215716162904,0.052793859825404,0.0014425493031515,-1.4425493031515e-06,0.0037702730355659,2.2140833333333,2.2140833333333e-13,6587491.9175193,0.7061505520249,1.63e-06,1.63,4.5359526938173e-07,3.1880865081128e-09,8000000,6587491.9175193,73420247.202589,0.00043875541917557,180.89885932609,0,-1.4425493031515e-06,0,0,0,3000000,5000000,-4.8811444583147e-07,-3.7232755174283e-09,-0.51616643038687,0.0067844004069949,1,67.581534520546,67844004.069949,176.65091755937,176834689.29098,180.3826928957,26.376382244782,25.992661231005,0,0,-26376382.244782,-25992661.231005,-176650917.55937,-176834689.29098,0.0019988288209677,-0.00029245846952131,361585.85370117,-361585.85370117
303,0,-0.00073121388869688,16.44200364,65908130.565127,15.32,65908130.565127,73420247.202589,0.7061505520249,4.577254984933e-05,45.77254984933,1.4677499919177e+14,35.227809211065,6.0312325068749e-06,-0.00023029438895721,1.5123306199612e-05,2.1154538706487e-05,-3.257800842553e-05,-0.00026287239738274,-0.12715220839817,0.19210465181821,26880000,0,0,-1.4425493031515e-06,-1.4425493031515e-06,4.8563746236665e-11,6.7844004068211e-06,0.0014425493031515,0.0067844004069949,-65908130.565127,485.63746236665,67844004.068211,151.63468929098,150.78718444149,146.83468929098,150.3826928957,150.45830704619,0,0,0,65.729629676892,0.076101270846132,0.052793859825404,0.029286866749888,4.5359526938173e-07,3.9072648154572,0.027215716162904,0.052793859825404,0.0014425493031515,-1.4425493031515e-06,0.0037702730355659,2.2140833333333,2.2140833333333e-13,6587491.9175193,0.7061505520249,1.63e-06,1.63,4.5359526938173e-07,3.1880865081128e-09,8000000,6587491.9175193,73420247.202589,0.00043875541917557,180.89885932609,0,-1.4425493031515e-06,0,0,0,3000000,5000000,-4.8811444583147e-07,-3.7232755174283e-09,-0.51616643038687,0.0067844004069949,1,67.581534520546,67844004.069949,176.65091755937,176834689.29098,180.3826928957,26.376382244782,25.992661231005,0,0,-26376382.244782,-25992661.231005,-176650917.55937,-176834689.29098,0.0019988288209677,-0.00029245846952131,361585.85370117,-361585.85370117
303.75,0,-0.00073121388869688,16.44200364,65908130.565127,15.32,65908130.565127,73420247.202589,0.7061505520249,4.577254984933e-05,45.77254984933,1.4677499919177e+14,35.227809211065,6.0312325068749e-06,-0.00023029438895721,1.5123306199612e-05,2.1154538706487e-05,-3.257800842553e-05,-0.00026287239738274,-0.12715220839817,0.19210465181821,26880000,0,0,-1.4425493031515e-06,-1.4425493031515e-06,4.8563746236665e-11,6.7844004068211e-06,0.0014425493031515,0.0067844004069949,-65908130.565127,485.63746236665,67844004.068211,151.63468929098,150.78718444149,146.83468929098,150.3826928957,150.45830704619,0,0,0,65.729629676892,0.076101270846132,0.052793859825404,0.029286866749888,4.5359526938173e-07,3.9072648154572,0.027215716162904,0.052793859825404,0.0014425493031515,-1.4425493031515e-06,0.0037702730355659,2.2140833333333,2.2140833333333e-13,6587491.9175193,0.7061505520249,1.63e-06,1.63,4.5359526938173e-07,3.1880865081128e-09,8000000,6587491.9175193,73420247.202589,0.00043875541917557,180.89885932609,0,-1.4425493031515e-06,0,0,0,3000000,5000000,-4.8811444583147e-07,-3.7232755174283e-09,-0.51616643038687,0.0067844004069949,1,67.581534520546,67844004.069949,176.65091755937,176834689.29098,180.3826928957,26.376382244782,25.992661231005,0,0,-26376382.244782,-25992661.231005,-176650917.55937,-176834689.29098,0.0019988288209677,-0.00029245846952131,361585.85370117,-361585.85370117
304.5,0,-0.00073121388869688,16.44200364,65908130.565127,15.32,65908130.565127,73420247.202589,0.7061505520249,4.577254984933e-05,45.77254984933,1.4677499919177e+14,35.227809211065,6.0312325068749e-06,-0.00023029438895721,1.5123306199612e-05,2.1154538706487e-05,-3.257800842553e-05,-0.00026287239738274,-0.12715220839817,0.19210465181821,26880000,0,0,-1.4425493031515e-06,-1.4425493031515e-06,4.8563746236665e-11,6.7844004068211e-06,0.0014425493031515,0.0067844004069949,-65908130.565127,485.63746236665,67844004.068211,151.63468929098,150.78718444149,146.83468929098,150.3826928957,150.45830704619,0,0,0,65.729629676892,0.076101270846132,0.052793859825404,0.029286866749888,4.5359526938173e-07,3.9072648154572,0.027215716162904,0.052793859825404,0.0014425493031515,-1.4425493031515e-06,0.0037702730355659,2.2140833333333,2.2140833333333e-13,6587491.9175193,0.7061505520249,1.63e-06,1.63,4.5359526938173e-07,3.1880865081128e-09,8000000,6587491.9175193,73420247.202589,0.00043875541917557,180.89885932609,0,-1.4425493031515e-06,0,0,0,3000000,5000000,-4.8811444583147e-07,-3.7232755174283e-09,-0.51616643038687,0.0067844004069949,1,67.581534520546,67844004.069949,176.65091755937,176834689.29098,180.3826928957,26.376382244782,25.992661231005,0,0,-26376382.244782,-25992661.231005,-176650917.55937,-176834689.29098,0.0019988288209677,-0.00029245846952131,361585.85370117,-361585.85370117
305.25,0,-0.00073121388869688,16.44200364,65908130.565127,15.32,65908130.565127,73420247.202589,0.7061505520249,4.577254984933e-05,45.77254984933,1.4677499919177e+14,35.227809211065,6.0312325068749e-06,-0.00023029438895721,1.5123306199612e-05,2.1154538706487e-05,-3.257800842553e-05,-0.00026287239738274,-0.12715220839817,0.19210465181821,26880000,0,0,-1.4425493031515e-06,-1.4425493031515e-06,4.8563746236665e-11,6.7844004068211e-06,0.0014425493031515,0.0067844004069949,-65908130.565127,485.63746236665,67844004.068211,151.63468929098,150.78718444149,146.83468929098,150.3826928957,150.45830704619,0,0,0,65.729629676892,0.076101270846132,0.052793859825404,0.029286866749888,4.5359526938173e-07,3.9072648154572,0.027215716162904,0.052793859825404,0.0014425493031515,-1.4425493031515e-06,0.0037702730355659,2.2140833333333,2.2140833333333e-13,6587491.9175193,0.7061505520249,1.63e-06,1.63,4.5359526938173e-07,3.1880865081128e-09,8000000,6587491.9175193,73420247.202589,0.00043875541917557,180.89885932609,0,-1.4425493031515e-06,0,0,0,3000000,5000000,-4.8811444583147e-07,-3.7232755174283e-09,-0.51616643038687,0.0067844004069949,1,67.581534520546,67844004.069949,176.65091755937,176834689.29098,180.3826928957,26.376382244782,25.992661231005,0,0,-26376382.244782,-25992661.231005,-176650917.55937,-176834689.29098,0.0019988288209677,-0.00029245846952131,361585.85370117,-361585.85370117
306,0,-0.00073121388869688,16.44200364,65908130.565127,15.32,65908130.565127,73420247.202589,0.7061505520249,4.577254984933e-05,45.77254984933,1.4677499919177e+14,35.227809211065,6.0312325068749e-06,-0.00023029438895721,1.5123306199612e-05,2.1154538706487e-05,-3.257800842553e-05,-0.00026287239738274,-0.12715220839817,0.19210465181821,26880000,0,0,-1.4425493031515e-06,-1.4425493031515e-06,4.8563746236665e-11,6.7844004068211e-06,0.0014425493031515,0.0067844004069949,-65908130.565127,485.63746236665,67844004.068211,151.63468929098,150.78718444149,146.83468929098,150.3826928957,150.45830704619,0,0,0,65.729629676892,0.076101270846132,0.052793859825404,0.029286866749888,4.5359526938173e-07,3.9072648154572,0.027215716162904,0.052793859825404,0.0014425493031515,-1.4425493031515e-06,0.0037702730355659,2.2140833333333,2.2140833333333e-13,6587491.9175193,0.7061505520249,1.63e-06,1.63,4.5359526938173e-07,3.1880865081128e-09,8000000,6587491.9175193,73420247.202589,0.00043875541917557,180.89885932609,0,-1.4425493031515e-06,0,0,0,3000000,5000000,-4.8811444583147e-07,-3.7232755174283e-09,-0.51616643038687,0.0067844004069949,1,67.581534520546,67844004.069949,176.65091755937,176834689.29098,180.3826928957,26.376382244782,25.992661231005,0,0,-26376382.244782,-25992661.231005,-176650917.55937,-176834689.29098,0.0019988288209677,-0.00029245846952131,361585.85370117,-361585.85370117
306.75,0,-0.00073121388869688,16.44200364,65908130.565127,15.32,65908130.565127,73420247.202589,0.7061505520249,4.577254984933e-05,45.77254984933,1.4677499919177e+14,35.227809211065,6.0312325068749e-06,-0.00023029438895721,1.5123306199612e-05,2.1154538706487e-05,-3.257800842553e-05,-0.00026287239738274,-0.12715220839817,0.19210465181821,26880000,0,0,-1.4425493031515e-06,-1.4425493031515e-06,4.8563746236665e-11,6.7844004068211e-06,0.0014425493031515,0.0067844004069949,-65908130.565127,485.63746236665,67844004.068211,151.63468929098,150.78718444149,146.83468929098,150.3826928957,150.45830704619,0,0,0,65.729629676892,0.076101270846132,0.052793859825404,0.029286866749888,4.5359526938173e-07,3.9072648154572,0.027215716162904,0.052793859825404,0.0014425493031515,-1.4425493031515e-06,0.0037702730355659,2.2140833333333,2.2140833333333e-13,6587491.9175193,0.7061505520249,1.63e-06,1.63,4.5359526938173e-07,3.1880865081128e-09,8000000,6587491.9175193,73420247.202589,0.00043875541917557,180.89885932609,0,-1.4425493031515e-06,0,0,0,3000000,5000000,-4.8811444583147e-07,-3.7232755174283e-09,-0.51616643038687,0.0067844004069949,1,67.581534520546,67844004.069949,176.65091755937,176834689.29098,180.3826928957,26.376382244782,25.992661231005,0,0,-26376382.244782,-25992661.231005,-176650917.55937,-176834689.29098,0.0019988288209677,-0.00029245846952131,361585.85370117,-361585.85370117
307.5,0,-0.00073121388869688,16.44200364,65908130.565127,15.32,65908130.565127,73420247.202589,0.7061505520249,4.577254984933e-05,45.77254984933,1.4677499919177e+14,35.227809211065,6.0312325068749e-06,-0.00023029438895721,1.5123306199612e-05,2.1154538706487e-05,-3.257800842553e-05,-0.00026287239738274,-0.12715220839817,0.19210465181821,26880000,0,0,-1.4425493031515e-06,-1.4425493031515e-06,4.8563746236665e-11,6.7844004068211e-06,0.0014425493031515,0.0067844004069949,-65908130.565127,485.63746236665,67844004.068211,151.63468929098,150.78718444149,146.83468929098,150.3826928957,150.45830704619,0,0,0,65.729629676892,0.076101270846132,0.052793859825404,0.029286866749888,4.5359526938173e-07,3.9072648154572,0.027215716162904,0.052793859825404,0.0014425493031515,-1.4425493031515e-06,0.0037702730355659,2.2140833333333,2.2140833333333e-13,6587491.9175193,0.7061505520249,1.63e-06,1.63,4.5359526938173e-07,3.1880865081128e-09,8000000,6587491.9175193,73420247.202589,0.00043875541917557,180.89885932609,0,-1.4425493031515e-06,0,0,0,3000000,5000000,-4.8811444583147e-07,-3.7232755174283e-09,-0.51616643038687,0.0067844004069949,1,67.581534520546,67844004.069949,176.65091755937,176834689.29098,180.3826928957,26.376382244782,25.992661231005,0,0,-26376382.244782,-25992661.231005,-176650917.55937,-176834689.29098,0.0019988288209677,-0.00029245846952131,361585.85370117,-361585.85370117
308.25,0,-0.00073121388869688,16.44200364,65908130.565127,15.32,65908130.565127,73420247.202589,0.7061505520249,4.577254984933e-05,45.77254984933,1.4677499919177e+14,35.227809211065,6.0312325068749e-06,-0.00023029438895721,1.5123306199612e-05,2.1154538706487e-05,-3.257800842553e-05,-0.00026287239738274,-0.12715220839817,0.19210465181821,26880000,0,0,-1.4425493031515e-06,-1.4425493031515e-06,4.8563746236665e-11,6.7844004068211e-06,0.0014425493031515,0.0067844004069949,-65908130.565127,485.63746236665,67844004.068211,151.63468929098,150.78718444149,146.83468929098,150.3826928957,150.45830704619,0,0,0,65.729629676892,0.076101270846132,0.052793859825404,0.029286866749888,4.5359526938173e-07,3.9072648154572,0.027215716162904,0.052793859825404,0.0014425493031515,-1.4425493031515e-06,0.0037702730355659,2.2140833333333,2.2140833333333e-13,6587491.9175193,0.7061505520249,1.63e-06,1.63,4.5359526938173e-07,3.1880865081128e-09,8000000,6587491.9175193,73420247.202589,0.00043875541917557,180.89885932609,0,-1.4425493031515e-06,0,0,0,3000000,5000000,-4.8811444583147e-07,-3.7232755174283e-09,-0.51616643038687,0.0067844004069949,1,67.581534520546,67844004.069949,176.65091755937,176834689.29098,180.3826928957,26.376382244782,25.992661231005,0,0,-26376382.244782,-25992661.231005,-176650917.55937,-176834689.29098,0.0019988288209677,-0.00029245846952131,361585.85370117,-361585.85370117
309,0,-0.00073121388869688,16.44200364,65908130.565127,15.32,65908130.565127,73420247.202589,0.7061505520249,4.577254984933e-05,45.77254984933,1.4677499919177e+14,35.227809211065,6.0312325068749e-06,-0.00023029438895721,1.5123306199612e-05,2.1154538706487e-05,-3.257800842553e-05,-0.00026287239738274,-0.12715220839817,0.19210465181821,26880000,0,0,-1.4425493031515e-06,-1.4425493031515e-06,4.8563746236665e-11,6.7844004068211e-06,0.0014425493031515,0.0067844004069949,-65908130.565127,485.63746236665,67844004.068211,151.63468929098,150.78718444149,146.83468929098,150.3826928957,150.45830704619,0,0,0,65.729629676892,0.076101270846132,0.052793859825404,0.029286866749888,4.5359526938173e-07,3.9072648154572,0.027215716162904,0.052793859825404,0.0014425493031515,-1.4425493031515e-06,0.0037702730355659,2.2140833333333,2.2140833333333e-13,6587491.9175193,0.7061505520249,1.63e-06,1.63,4.5359526938173e-07,3.1880865081128e-09,8000000,6587491.9175193,73420247.202589,0.00043875541917557,180.89885932609,0,-1.4425493031515e-06,0,0,0,3000000,5000000,-4.8811444583147e-07,-3.7232755174283e-09,-0.51616643038687,0.0067844004069949,1,67.581534520546,67844004.069949,176.65091755937,176834689.29098,180.3826928957,26.376382244782,25.992661231005,0,0,-26376382.244782,-25992661.231005,-176650917.55937,-176834689.29098,0.0019988288209677,-0.00029245846952131,361585.85370117,-361585.85370117
309.75,0,-0.00073121388869688,16.44200364,65908130.565127,15.32,65908130.565127,73420247.202589,0.7061505520249,4.577254984933e-05,45.77254984933,1.4677499919177e+14,35.227809211065,6.0312325068749e-06,-0.00023029438895721,1.5123306199612e-05,2.1154538706487e-05,-3.257800842553e-05,-0.00026287239738274,-0.12715220839817,0.19210465181821,26880000,0,0,-1.4425493031515e-06,-1.4425493031515e-06,4.8563746236665e-11,6.7844004068211e-06,0.0014425493031515,0.0067844004069949,-65908130.565127,485.63746236665,67844004.068211,151.63468929098,150.78718444149,146.83468929098,150.3826928957,150.45830704619,0,0,0,65.729629676892,0.076101270846132,0.052793859825404,0.029286866749888,4.5359526938173e-07,3.9072648154572,0.027215716162904,0.052793859825404,0.0014425493031515,-1.4425493031515e-06,0.0037702730355659,2.2140833333333,2.2140833333333e-13,6587491.9175193,0.7061505520249,1.63e-06,1.63,4.5359526938173e-07,3.1880865081128e-09,8000000,6587491.9175193,73420247.202589,0.00043875541917557,180.89885932609,0,-1.4425493031515e-06,0,0,0,3000000,5000000,-4.8811444583147e-07,-3.7232755174283e-09,-0.51616643038687,0.0067844004069949,1,67.581534520546,67844004.069949,176.65091755937,176834689.29098,180.3826928957,26.376382244782,25.992661231005,0,0,-26376382.244782,-25992661.231005,-176650917.55937,-176834689.29098,0.0019988288209677,-0.00029245846952131,361585.85370117,-361585.85370117
310.5,0,-0.00073121388869688,16.44200364,65908130.565127,15.32,65908130.565127,73420247.202589,0.7061505520249,4.577254984933e-05,45.77254984933,1.4677499919177e+14,35.227809211065,6.0312325068749e-06,-0.00023029438895721,1.5123306199612e-05,2.1154538706487e-05,-3.257800842553e-05,-0.00026287239738274,-0.12715220839817,0.19210465181821,26880000,0,0,-1.4425493031515e-06,-1.4425493031515e-06,4.8563746236665e-11,6.7844004068211e-06,0.0014425493031515,0.0067844004069949,-65908130.565127,485.63746236665,67844004.068211,151.63468929098,150.78718444149,146.83468929098,150.3826928957,150.45830704619,0,0,0,65.729629676892,0.076101270846132,0.052793859825404,0.029286866749888,4.5359526938173e-07,3.9072648154572,0.027215716162904,0.052793859825404,0.0014425493031515,-1.4425493031515e-06,0.0037702730355659,2.2140833333333,2.2140833333333e-13,6587491.9175193,0.7061505520249,1.63e-06,1.63,4.5359526938173e-07,3.1880865081128e-09,8000000,6587491.9175193,73420247.202589,0.00043875541917557,180.89885932609,0,-1.4425493031515e-06,0,0,0,3000000,5000000,-4.8811444583147e-07,-3.7232755174283e-09,-0.51616643038687,0.0067844004069949,1,67.581534520546,67844004.069949,176.65091755937,176834689.29098,180.3826928957,26.376382244782,25.992661231005,0,0,-26376382.244782,-25992661.231005,-176650917.55937,-176834689.29098,0.0019988288209677,-0.00029245846952131,361585.85370117,-361585.85370117
311.25,0,-0.00073121388869688,16.44200364,65908130.565127,15.32,65908130.565127,73420247.202589,0.7061505520249,4.577254984933e-05,45.77254984933,1.4677499919177e+14,35.227809211065,6.0312325068749e-06,-0.00023029438895721,1.5123306199612e-05,2.1154538706487e-05,-3.257800842553e-05,-0.00026287239738274,-0.12715220839817,0.19210465181821,26880000,0,0,-1.4425493031515e-06,-1.4425493031515e-06,4.8563746236665e-11,6.7844004068211e-06,0.0014425493031515,0.0067844004069949,-65908130.565127,485.63746236665,67844004.068211,151.63468929098,150.78718444149,146.83468929098,150.3826928957,150.45830704619,0,0,0,65.729629676892,0.076101270846132,0.052793859825404,0.029286866749888,4.5359526938173e-07,3.9072648154572,0.027215716162904,0.052793859825404,0.0014425493031515,-1.4425493031515e-06,0.0037702730355659,2.2140833333333,2.2140833333333e-13,6587491.9175193,0.7061505520249,1.63e-06,1.63,4.5359526938173e-07,3.1880865081128e-09,8000000,6587491.9175193,73420247.202589,0.00043875541917557,180.89885932609,0,-1.4425493031515e-06,0,0,0,3000000,5000000,-4.8811444583147e-07,-3.7232755174283e-09,-0.51616643038687,0.0067844004069949,1,67.581534520546,67844004.069949,176.65091755937,176834689.29098,180.3826928957,26.376382244782,25.992661231005,0,0,-26376382.244782,-25992661.231005,-176650917.55937,-176834689.29098,0.0019988288209677,-0.00029245846952131,361585.85370117,-361585.85370117
312,0,-0.00073121388869688,16.44200364,65908130.565127,15.32,65908130.565127,73420247.202589,0.7061505520249,4.577254984933e-05,45.77254984933,1.4677499919177e+14,35.227809211065,6.0312325068749e-06,-0.00023029438895721,1.5123306199612e-05,2.1154538706487e-05,-3.257800842553e-05,-0.00026287239738274,-0.12715220839817,0.19210465181821,26880000,0,0,-1.4425493031515e-06,-1.4425493031515e-06,4.8563746236665e-11,6.7844004068211e-06,0.0014425493031515,0.0067844004069949,-65908130.565127,485.63746236665,67844004.068211,151.63468929098,150.78718444149,146.83468929098,150.3826928957,150.45830704619,0,0,0,65.729629676892,0.076101270846132,0.052793859825404,0.029286866749888,4.5359526938173e-07,3.9072648154572,0.027215716162904,0.052793859825404,0.0014425493031515,-1.4425493031515e-06,0.0037702730355659,2.2140833333333,2.2140833333333e-13,6587491.9175193,0.7061505520249,1.63e-06,1.63,4.5359526938173e-07,3.1880865081128e-09,8000000,6587491.9175193,73420247.202589,0.00043875541917557,180.89885932609,0,-1.4425493031515e-06,0,0,0,3000000,5000000,-4.8811444583147e-07,-3.7232755174283e-09,-0.51616643038687,0.0067844004069949,1,67.581534520546,67844004.069949,176.65091755937,176834689.29098,180.3826928957,26.376382244782,25.992661231005,0,0,-26376382.244782,-25992661.231005,-176650917.55937,-176834689.29098,0.0019988288209677,-0.00029245846952131,361585.85370117,-361585.85370117
312.75,0,-0.00073121388869688,16.44200364,65908130.565127,15.32,65908130.565127,73420247.202589,0.7061505520249,4.577254984933e-05,45.77254984933,1.4677499919177e+14,35.227809211065,6.0312325068749e-06,-0.00023029438895721,1.5123306199612e-05,2.1154538706487e-05,-3.257800842553e-05,-0.00026287239738274,-0.12715220839817,0.19210465181821,26880000,0,0,-1.4425493031515e-06,-1.4425493031515e-06,4.8563746236665e-11,6.7844004068211e-06,0.0014425493031515,0.0067844004069949,-65908130.565127,485.63746236665,67844004.068211,151.63468929098,150.78718444149,146.83468929098,150.3826928957,150.45830704619,0,0,0,65.729629676892,0.076101270846132,0.052793859825404,0.029286866749888,4.5359526938173e-07,3.9072648154572,0.027215716162904,0.052793859825404,0.0014425493031515,-1.4425493031515e-06,0.0037702730355659,2.2140833333333,2.2140833333333e-13,6587491.9175193,0.7061505520249,1.63e-06,1.63,4.5359526938173e-07,3.1880865081128e-09,8000000,6587491.9175193,73420247.202589,0.00043875541917557,180.89885932609,0,-1.4425493031515e-06,0,0,0,3000000,5000000,-4.8811444583147e-07,-3.7232755174283e-09,-0.51616643038687,0.0067844004069949,1,67.581534520546,67844004.069949,176.65091755937,176834689.29098,180.3826928957,26.376382244782,25.992661231005,0,0,-26376382.244782,-25992661.231005,-176650917.55937,-176834689.29098,0.0019988288209677,-0.00029245846952131,361585.85370117,-361585.85370117
313.5,0,-0.00073121388869688,16.44200364,65908130.565127,15.32,65908130.565127,73420247.202589,0.7061505520249,4.577254984933e-05,45.77254984933,1.4677499919177e+14,35.227809211065,6.0312325068749e-06,-0.00023029438895721,1.5123306199612e-05,2.1154538706487e-05,-3.257800842553e-05,-0.00026287239738274,-0.12715220839817,0.19210465181821,26880000,0,0,-1.4425493031515e-06,-1.4425493031515e-06,4.8563746236665e-11,6.7844004068211e-06,0.0014425493031515,0.0067844004069949,-65908130.565127,485.63746236665,67844004.068211,151.63468929098,150.78718444149,146.83468929098,150.3826928957,150.45830704619,0,0,0,65.729629676892,0.076101270846132,0.052793859825404,0.029286866749888,4.5359526938173e-07,3.9072648154572,0.027215716162904,0.052793859825404,0.0014425493031515,-1.4425493031515e-06,0.0037702730355659,2.2140833333333,2.2140833333333e-13,6587491.9175193,0.7061505520249,1.63e-06,1.63,4.5359526938173e-07,3.1880865081128e-09,8000000,6587491.9175193,73420247.202589,0.00043875541917557,180.89885932609,0,-1.4425493031515e-06,0,0,0,3000000,5000000,-4.8811444583147e-07,-3.7232755174283e-09,-0.51616643038687,0.0067844004069949,1,67.581534520546,67844004.069949,176.65091755937,176834689.29098,180.3826928957,26.376382244782,25.992661231005,0,0,-26376382.244782,-25992661.231005,-176650917.55937,-176834689.29098,0.0019988288209677,-0.00029245846952131,361585.85370117,-361585.85370117
314.25,0,-0.00073121388869688,16.44200364,65908130.565127,15.32,65908130.565127,73420247.202589,0.7061505520249,4.577254984933e-05,45.77254984933,1.4677499919177e+14,35.227809211065,6.0312325068749e-06,-0.00023029438895721,1.5123306199612e-05,2.1154538706487e-05,-3.257800842553e-05,-0.00026287239738274,-0.12715220839817,0.19210465181821,26880000,0,0,-1.4425493031515e-06,-1.4425493031515e-06,4.8563746236665e-11,6.7844004068211e-06,0.0014425493031515,0.0067844004069949,-65908130.565127,485.63746236665,67844004.068211,151.63468929098,150.78718444149,146.83468929098,150.3826928957,150.45830704619,0,0,0,65.729629676892,0.076101270846132,0.052793859825404,0.029286866749888,4.5359526938173e-07,3.9072648154572,0.027215716162904,0.052793859825404,0.0014425493031515,-1.4425493031515e-06,0.0037702730355659,2.2140833333333,2.2140833333333e-13,6587491.9175193,0.7061505520249,1.63e-06,1.63,4.5359526938173e-07,3.1880865081128e-09,8000000,6587491.9175193,73420247.202589,0.00043875541917557,180.89885932609,0,-1.4425493031515e-06,0,0,0,3000000,5000000,-4.8811444583147e-07,-3.7232755174283e-09,-0.51616643038687,0.0067844004069949,1,67.581534520546,67844004.069949,176.65091755937,176834689.29098,180.3826928957,26.376382244782,25.992661231005,0,0,-26376382.244782,-25992661.231005,-176650917.55937,-176834689.29098,0.0019988288209677,-0.00029245846952131,361585.85370117,-361585.85370117
315,0,-0.00073121388869688,16.44200364,65908130.565127,15.32,65908130.565127,73420247.202589,0.7061505520249,4.577254984933e-05,45.77254984933,1.4677499919177e+14,35.227809211065,6.0312325068749e-06,-0.00023029438895721,1.5123306199612e-05,2.1154538706487e-05,-3.257800842553e-05,-0.00026287239738274,-0.12715220839817,0.19210465181821,26880000,0,0,-1.4425493031515e-06,-1.4425493031515e-06,4.8563746236665e-11,6.7844004068211e-06,0.0014425493031515,0.0067844004069949,-65908130.565127,485.63746236665,67844004.068211,151.63468929098,150.78718444149,146.83468929098,150.3826928957,150.45830704619,0,0,0,65.729629676892,0.076101270846132,0.052793859825404,0.029286866749888,4.5359526938173e-07,3.9072648154572,0.027215716162904,0.052793859825404,0.0014425493031515,-1.4425493031515e-06,0.0037702730355659,2.2140833333333,2.2140833333333e-13,6587491.9175193,0.7061505520249,1.63e-06,1.63,4.5359526938173e-07,3.1880865081128e-09,8000000,6587491.9175193,73420247.202589,0.00043875541917557,180.89885932609,0,-1.4425493031515e-06,0,0,0,3000000,5000000,-4.8811444583147e-07,-3.7232755174283e-09,-0.51616643038687,0.0067844004069949,1,67.581534520546,67844004.069949,176.65091755937,176834689.29098,180.3826928957,26.376382244782,25.992661231005,0,0,-26376382.244782,-25992661.231005,-176650917.55937,-176834689.29098,0.0019988288209677,-0.00029245846952131,361585.85370117,-361585.85370117
315.75,0,-0.00073121388869688,16.44200364,65908130.565127,15.32,65908130.565127,73420247.202589,0.7061505520249,4.577254984933e-05,45.77254984933,1.4677499919177e+14,35.227809211065,6.0312325068749e-06,-0.00023029438895721,1.5123306199612e-05,2.1154538706487e-05,-3.257800842553e-05,-0.00026287239738274,-0.12715220839817,0.19210465181821,26880000,0,0,-1.4425493031515e-06,-1.4425493031515e-06,4.8563746236665e-11,6.7844004068211e-06,0.0014425493031515,0.0067844004069949,-65908130.565127,485.63746236665,67844004.068211,151.63468929098,150.78718444149,146.83468929098,150.3826928957,150.45830704619,0,0,0,65.729629676892,0.076101270846132,0.052793859825404,0.029286866749888,4.5359526938173e-07,3.9072648154572,0.027215716162904,0.052793859825404,0.0014425493031515,-1.4425493031515e-06,0.0037702730355659,2.2140833333333,2.2140833333333e-13,6587491.9175193,0.7061505520249,1.63e-06,1.63,4.5359526938173e-07,3.1880865081128e-09,8000000,6587491.9175193,73420247.202589,0.00043875541917557,180.89885932609,0,-1.4425493031515e-06,0,0,0,3000000,5000000,-4.8811444583147e-07,-3.7232755174283e-09,-0.51616643038687,0.0067844004069949,1,67.581534520546,67844004.069949,176.65091755937,176834689.29098,180.3826928957,26.376382244782,25.992661231005,0,0,-26376382.244782,-25992661.231005,-176650917.55937,-176834689.29098,0.0019988288209677,-0.00029245846952131,361585.85370117,-361585.85370117
316.5,0,-0.00073121388869688,16.44200364,65908130.565127,15.32,65908130.565127,73420247.202589,0.7061505520249,4.577254984933e-05,45.77254984933,1.4677499919177e+14,35.227809211065,6.0312325068749e-06,-0.00023029438895721,1.5123306199612e-05,2.1154538706487e-05,-3.257800842553e-05,-0.00026287239738274,-0.12715220839817,0.19210465181821,26880000,0,0,-1.4425493031515e-06,-1.4425493031515e-06,4.8563746236665e-11,6.7844004068211e-06,0.0014425493031515,0.0067844004069949,-65908130.565127,485.63746236665,67844004.068211,151.63468929098,150.78718444149,146.83468929098,150.3826928957,150.45830704619,0,0,0,65.729629676892,0.076101270846132,0.052793859825404,0.029286866749888,4.5359526938173e-07,3.9072648154572,0.027215716162904,0.052793859825404,0.0014425493031515,-1.4425493031515e-06,0.0037702730355659,2.2140833333333,2.2140833333333e-13,6587491.9175193,0.7061505520249,1.63e-06,1.63,4.5359526938173e-07,3.1880865081128e-09,8000000,6587491.9175193,73420247.202589,0.00043875541917557,180.89885932609,0,-1.4425493031515e-06,0,0,0,3000000,5000000,-4.8811444583147e-07,-3.7232755174283e-09,-0.51616643038687,0.0067844004069949,1,67.581534520546,67844004.069949,176.65091755937,176834689.29098,180.3826928957,26.376382244782,25.992661231005,0,0,-26376382.244782,-25992661.231005,-176650917.55937,-176834689.29098,0.0019988288209677,-0.00029245846952131,361585.85370117,-361585.85370117
317.25,0,-0.00073121388869688,16.44200364,65908130.565127,15.32,65908130.565127,73420247.202589,0.7061505520249,4.577254984933e-05,45.77254984933,1.4677499919177e+14,35.227809211065,6.0312325068749e-06,-0.00023029438895721,1.5123306199612e-05,2.1154538706487e-05,-3.257800842553e-05,-0.00026287239738274,-0.12715220839817,0.19210465181821,26880000,0,0,-1.4425493031515e-06,-1.4425493031515e-06,4.8563746236665e-11,6.7844004068211e-06,0.0014425493031515,0.0067844004069949,-65908130.565127,485.63746236665,67844004.068211,151.63468929098,150.78718444149,146.83468929098,150.3826928957,150.45830704619,0,0,0,65.729629676892,0.076101270846132,0.052793859825404,0.029286866749888,4.5359526938173e-07,3.9072648154572,0.027215716162904,0.052793859825404,0.0014425493031515,-1.4425493031515e-06,0.0037702730355659,2.2140833333333,2.2140833333333e-13,6587491.9175193,0.7061505520249,1.63e-06,1.63,4.5359526938173e-07,3.1880865081128e-09,8000000,6587491.9175193,73420247.202589,0.00043875541917557,180.89885932609,0,-1.4425493031515e-06,0,0,0,3000000,5000000,-4.8811444583147e-07,-3.7232755174283e-09,-0.51616643038687,0.0067844004069949,1,67.581534520546,67844004.069949,176.65091755937,176834689.29098,180.3826928957,26.376382244782,25.992661231005,0,0,-26376382.244782,-25992661.231005,-176650917.55937,-176834689.29098,0.0019988288209677,-0.00029245846952131,361585.85370117,-361585.85370117
318,0,-0.00073121388869688,16.44200364,65908130.565127,15.32,65908130.565127,73420247.202589,0.7061505520249,4.577254984933e-05,45.77254984933,1.4677499919177e+14,35.227809211065,6.0312325068749e-06,-0.00023029438895721,1.5123306199612e-05,2.1154538706487e-05,-3.257800842553e-05,-0.00026287239738274,-0.12715220839817,0.19210465181821,26880000,0,0,-1.4425493031515e-06,-1.4425493031515e-06,4.8563746236665e-11,6.7844004068211e-06,0.0014425493031515,0.0067844004069949,-65908130.565127,485.63746236665,67844004.068211,151.63468929098,150.78718444149,146.83468929098,150.3826928957,150.45830704619,0,0,0,65.729629676892,0.076101270846132,0.052793859825404,0.029286866749888,4.5359526938173e-07,3.9072648154572,0.027215716162904,0.052793859825404,0.0014425493031515,-1.4425493031515e-06,0.0037702730355659,2.2140833333333,2.2140833333333e-13,6587491.9175193,0.7061505520249,1.63e-06,1.63,4.5359526938173e-07,3.1880865081128e-09,8000000,6587491.9175193,73420247.202589,0.00043875541917557,180.89885932609,0,-1.4425493031515e-06,0,0,0,3000000,5000000,-4.8811444583147e-07,-3.7232755174283e-09,-0.51616643038687,0.0067844004069949,1,67.581534520546,67844004.069949,176.65091755937,176834689.29098,180.3826928957,26.376382244782,25.992661231005,0,0,-26376382.244782,-25992661.231005,-176650917.55937,-176834689.29098,0.0019988288209677,-0.00029245846952131,361585.85370117,-361585.85370117
318.75,0,-0.00073121388869688,16.44200364,65908130.565127,15.32,65908130.565127,73420247.202589,0.7061505520249,4.577254984933e-05,45.77254984933,1.4677499919177e+14,35.227809211065,6.0312325068749e-06,-0.00023029438895721,1.5123306199612e-05,2.1154538706487e-05,-3.257800842553e-05,-0.00026287239738274,-0.12715220839817,0.19210465181821,26880000,0,0,-1.4425493031515e-06,-1.4425493031515e-06,4.8563746236665e-11,6.7844004068211e-06,0.0014425493031515,0.0067844004069949,-65908130.565127,485.63746236665,67844004.068211,151.63468929098,150.78718444149,146.83468929098,150.3826928957,150.45830704619,0,0,0,65.729629676892,0.076101270846132,0.052793859825404,0.029286866749888,4.5359526938173e-07,3.9072648154572,0.027215716162904,0.052793859825404,0.0014425493031515,-1.4425493031515e-06,0.0037702730355659,2.2140833333333,2.2140833333333e-13,6587491.9175193,0.7061505520249,1.63e-06,1.63,4.5359526938173e-07,3.1880865081128e-09,8000000,6587491.9175193,73420247.202589,0.00043875541917557,180.89885932609,0,-1.4425493031515e-06,0,0,0,3000000,5000000,-4.8811444583147e-07,-3.7232755174283e-09,-0.51616643038687,0.0067844004069949,1,67.581534520546,67844004.069949,176.65091755937,176834689.29098,180.3826928957,26.376382244782,25.992661231005,0,0,-26376382.244782,-25992661.231005,-176650917.55937,-176834689.29098,0.0019988288209677,-0.00029245846952131,361585.85370117,-361585.85370117
319.5,0,-0.00073121388869688,16.44200364,65908130.565127,15.32,65908130.565127,73420247.202589,0.7061505520249,4.577254984933e-05,45.77254984933,1.4677499919177e+14,35.227809211065,6.0312325068749e-06,-0.00023029438895721,1.5123306199612e-05,2.1154538706487e-05,-3.257800842553e-05,-0.00026287239738274,-0.12715220839817,0.19210465181821,26880000,0,0,-1.4425493031515e-06,-1.4425493031515e-06,4.8563746236665e-11,6.7844004068211e-06,0.0014425493031515,0.0067844004069949,-65908130.565127,485.63746236665,67844004.068211,151.63468929098,150.78718444149,146.83468929098,150.3826928957,150.45830704619,0,0,0,65.729629676892,0.076101270846132,0.052793859825404,0.029286866749888,4.5359526938173e-07,3.9072648154572,0.027215716162904,0.052793859825404,0.0014425493031515,-1.4425493031515e-06,0.0037702730355659,2.2140833333333,2.2140833333333e-13,6587491.9175193,0.7061505520249,1.63e-06,1.63,4.5359526938173e-07,3.1880865081128e-09,8000000,6587491.9175193,73420247.202589,0.00043875541917557,180.89885932609,0,-1.4425493031515e-06,0,0,0,3000000,5000000,-4.8811444583147e-07,-3.7232755174283e-09,-0.51616643038687,0.0067844004069949,1,67.581534520546,67844004.069949,176.65091755937,176834689.29098,180.3826928957,26.376382244782,25.992661231005,0,0,-26376382.244782,-25992661.231005,-176650917.55937,-176834689.29098,0.0019988288209677,-0.00029245846952131,361585.85370117,-361585.85370117
320,0,-0.00073121388869688,16.44200364,65908130.565127,15.32,65908130.565127,73420247.202589,0.7061505520249,4.577254984933e-05,45.77254984933,1.4677499919177e+14,35.227809211065,6.0312325068749e-06,-0.00023029438895721,1.5123306199612e-05,2.1154538706487e-05,-3.257800842553e-05,-0.00026287239738274,-0.12715220839817,0.19210465181821,26880000,0,0,-1.4425493031515e-06,-1.4425493031515e-06,4.8563746236665e-11,6.7844004068211e-06,0.0014425493031515,0.0067844004069949,-65908130.565127,485.63746236665,67844004.068211,151.63468929098,150.78718444149,146.83468929098,150.3826928957,150.45830704619,0,0,0,65.729629676892,0.076101270846132,0.052793859825404,0.029286866749888,4.5359526938173e-07,3.9072648154572,0.027215716162904,0.052793859825404,0.0014425493031515,-1.4425493031515e-06,0.0037702730355659,2.2140833333333,2.2140833333333e-13,6587491.9175193,0.7061505520249,1.63e-06,1.63,4.5359526938173e-07,3.1880865081128e-09,8000000,6587491.9175193,73420247.202589,0.00043875541917557,180.89885932609,0,-1.4425493031515e-06,0,0,0,3000000,5000000,-4.8811444583147e-07,-3.7232755174283e-09,-0.51616643038687,0.0067844004069949,1,67.581534520546,67844004.069949,176.65091755937,176834689.29098,180.3826928957,26.376382244782,25.992661231005,0,0,-26376382.244782,-25992661.231005,-176650917.55937,-176834689.29098,0.0019988288209677,-0.00029245846952131,361585.85370117,-361585.85370117
