time,aperture_open_pp,axial_command_m_pp,bb_dilation_angle_pp,bb_effective_normal_stress_pp,bb_jrc_mobilized_pp,bb_law_normal_stress_pp,bb_limit_tau_pp,bb_mu_peak_pp,bb_normal_closure_pp,bb_normal_closure_um_pp,bb_normal_stiffness_tangent_pp,bb_peak_friction_angle_pp,bulk_delta_x_pp,bulk_delta_z_pp,bulk_disp_x_lower_pp,bulk_disp_x_upper_pp,bulk_disp_z_lower_pp,bulk_disp_z_upper_pp,bulk_normal_dilation_paper_mm_pp,bulk_shear_slip_mm_pp,cohesion_effective_pp,cumulative_dilation_pp,cumulative_plastic_slip_pp,czm_dn_pp,czm_dn_total_pp,czm_ds_1_pp,czm_ds_2_pp,czm_normal_dilation_paper_mm_pp,czm_shear_slip_mm_pp,czm_sigma_n_pp,czm_tau_1_pp,czm_tau_2_pp,differential_stress_biot_corrected_injection_pp,differential_stress_biot_corrected_pp,differential_stress_mpa_pp,differential_stress_reaction_mpa_pp,differential_stress_skeleton_bulk_pp,dilation_jump_increment_pp,effective_normal_compression_mpa_pp,effective_normal_compression_pp,effective_normal_paper_frame_mpa_pp,flow_mass_imbalance_fraction_pp,flow_rate_mesh_geometry_ml_min_pp,flow_rate_outlet_residual_volume_ml_min_pp,flow_rate_pp,flow_rate_reference_area_ml_min_pp,flow_rate_residual_volume_ml_min_pp,flow_rate_validation_ml_min_pp,frac_normal_dilation_paper_mm,frac_normal_jump_avg,fracture_interface_area_pp,fracture_permeability_1e13_m2_pp,fracture_permeability_pp,fracture_pressure_mean_pp,friction_coefficient_effective_pp,hydraulic_aperture_pp,hydraulic_aperture_um_pp,inj_reaction_sum_pp,inj_saveiin_sum_legacy_pp,injection_pressure_pp,interface_pressure_pp,limit_tau_pp,machine_spring_gap_m_pp,machine_spring_sigma1_mpa_pp,mechanical_aperture_pp,mechanical_aperture_raw_pp,normal_stress_aperture_pp,normal_stress_aperture_um_pp,plastic_slip_increment_pp,pp_drop_pp,pp_outlet_pp,prod_reaction_sum_pp,prod_saveiin_sum_legacy_pp,reaction_vs_machine_spring_mpa_pp,reported_czm_shear_slip_mm_pp,roughness_state_pp,shear_stress_paper_frame_mpa_pp,shear_traction_magnitude_pa,sigma1_fault_mpa_pp,sigma1_pp,sigma1_reaction_mpa_pp,sigma3_bulk_mpa_pp,sigma3_fault_mpa_pp,slip_damage_aperture_pp,slip_damage_aperture_um_pp,stress_xx_bulk_pp,stress_xx_fault_pp,stress_zz_fault_pp,stress_zz_top_pp,top_boundary_area_pp,top_disp_z_mean_m_pp,top_reaction_z_abs,top_reaction_z_raw
0,0,0,0,0,0,0,0,0,0,0,0,0,0,0,0,0,0,0,0,0,0,0,0,0,0,0,0,0,0,0,0,0,0,0,0,0,0,0,0,0,0,0,0,0,0,0,0,0,0,0,0,0,0,0,0,0,0,0,0,0,0,0,0,0,0,0,0,0,0,0,0,0,0,0,0,0,0,0,0,0,0,0,0,0,0,0,0,0,0,0,0,0,0
0.5,3.6672723665243e-08,-3.426132e-05,2.296,30772227.240604,12.1,30772227.240604,38773485.377764,1.2600155718572,4.4293327840754e-05,44.293327840754,6014952540561.8,51.563043294758,3.7413299466685e-07,5.0068247878492e-07,1.9134780669311e-07,5.6548080135996e-07,1.6145087475555e-08,5.1682756626048e-07,-9.5283641275523e-05,0.0006177211911258,0,0,0,3.6672723665243e-08,3.6672723665243e-08,1.0867029401394e-11,2.5164970303146e-08,-3.6672723665243e-05,2.5164972649509e-05,-30772227.240604,108.67029401394,251649.70303146,3.9245844250677,3.5398322095119,2.1245844250677,0.57491777148925,0.56041227635076,0,0,0,30.126713916797,1.973910810405,0,0.00013321148893378,2.2796661239507e-09,0,0.00013677996743704,0,-3.6672723665243e-05,3.6672723665243e-08,0.0041766659494274,0.0084314142692084,8.4314142692084e-16,2358746.307407,1.2600155718572,1.0064768288302e-07,0.10064768288302,2.2796661239507e-09,8.2178867655145e-10,3000000,2358746.307407,38773485.377764,3.4873974949316e-05,33.590263931432,3.6672723665243e-08,3.6672723665243e-08,0,0,0,0,3000000,2.2201914822297e-09,7.9829812306557e-10,-0.015346159942453,2.5164972649509e-05,1,0.2383142168471,251649.72649509,32.137880507312,32124584.425068,33.574917771489,31.564172148717,31.560191889445,0,0,-31564172.148717,-31560191.889445,-32137880.507312,-32124584.425068,0.0019610285944388,6.1265494931603e-07,65871.468064285,-65871.468064285
1,3.6672723665243e-08,-3.426132e-05,2.296,30772227.240604,12.1,30772227.240604,38773485.377764,1.2600155718572,4.4293327840754e-05,44.293327840754,6014952540561.8,51.563043294758,3.7413299466685e-07,5.0068247878492e-07,1.9134780669311e-07,5.6548080135996e-07,1.6145087475555e-08,5.1682756626048e-07,-9.5283641275523e-05,0.0006177211911258,0,0,0,3.6672723665243e-08,3.6672723665243e-08,1.0867029401394e-11,2.5164970303146e-08,-3.6672723665243e-05,2.5164972649509e-05,-30772227.240604,108.67029401394,251649.70303146,3.9245844250677,3.5398322095119,2.1245844250677,0.57491777148925,0.56041227635076,0,0,0,30.126713916797,1.9726338164455,0,0.00010940367519389,1.8746979137826e-09,0,0.00011248187482695,0,-3.6672723665243e-05,3.6672723665243e-08,0.0041766659494274,0.0084314142692084,8.4314142692084e-16,2358746.307407,1.2600155718572,1.0064768288302e-07,0.10064768288302,1.8746979137826e-09,8.2178867655145e-10,3000000,2358746.307407,38773485.377764,3.4873974949316e-05,33.590263931432,3.6672723665243e-08,3.6672723665243e-08,0,0,0,0,3000000,1.8233945865648e-09,7.9829812306557e-10,-0.015346159942453,2.5164972649509e-05,1,0.2383142168471,251649.72649509,32.137880507312,32124584.425068,33.574917771489,31.564172148717,31.560191889445,0,0,-31564172.148717,-31560191.889445,-32137880.507312,-32124584.425068,0.0019610285944388,6.1265494931603e-07,65871.468064285,-65871.468064285
1.6,3.6672723665243e-08,-3.426132e-05,2.296,30772227.240604,12.1,30772227.240604,38773485.377764,1.2600155718572,4.4293327840754e-05,44.293327840754,6014952540561.8,51.563043294758,3.7413299466685e-07,5.0068247878492e-07,1.9134780669311e-07,5.6548080135996e-07,1.6145087475555e-08,5.1682756626048e-07,-9.5283641275523e-05,0.0006177211911258,0,0,0,3.6672723665243e-08,3.6672723665243e-08,1.0867029401394e-11,2.5164970303146e-08,-3.6672723665243e-05,2.5164972649509e-05,-30772227.240604,108.67029401394,251649.70303146,3.9245844250677,3.5398322095119,2.1245844250677,0.57491777148925,0.56041227635076,0,0,0,30.126713916797,1.9726338164455,0,0.00010940367519389,1.8746979137826e-09,0,0.00011248187482695,0,-3.6672723665243e-05,3.6672723665243e-08,0.0041766659494274,0.0084314142692084,8.4314142692084e-16,2358746.307407,1.2600155718572,1.0064768288302e-07,0.10064768288302,1.8746979137826e-09,8.2178867655145e-10,3000000,2358746.307407,38773485.377764,3.4873974949316e-05,33.590263931432,3.6672723665243e-08,3.6672723665243e-08,0,0,0,0,3000000,1.8233945865648e-09,7.9829812306557e-10,-0.015346159942453,2.5164972649509e-05,1,0.2383142168471,251649.72649509,32.137880507312,32124584.425068,33.574917771489,31.564172148717,31.560191889445,0,0,-31564172.148717,-31560191.889445,-32137880.507312,-32124584.425068,0.0019610285944388,6.1265494931603e-07,65871.468064285,-65871.468064285
2,3.6672723665243e-08,-3.426132e-05,2.296,30772227.240604,12.1,30772227.240604,38773485.377764,1.2600155718572,4.4293327840754e-05,44.293327840754,6014952540561.8,51.563043294758,3.7413299466685e-07,5.0068247878492e-07,1.9134780669311e-07,5.6548080135996e-07,1.6145087475555e-08,5.1682756626048e-07,-9.5283641275523e-05,0.0006177211911258,0,0,0,3.6672723665243e-08,3.6672723665243e-08,1.0867029401394e-11,2.5164970303146e-08,-3.6672723665243e-05,2.5164972649509e-05,-30772227.240604,108.67029401394,251649.70303146,3.9245844250677,3.5398322095119,2.1245844250677,0.57491777148925,0.56041227635076,0,0,0,30.126713916797,1.9726338164455,0,0.00010940367519389,1.8746979137826e-09,0,0.00011248187482695,0,-3.6672723665243e-05,3.6672723665243e-08,0.0041766659494274,0.0084314142692084,8.4314142692084e-16,2358746.307407,1.2600155718572,1.0064768288302e-07,0.10064768288302,1.8746979137826e-09,8.2178867655145e-10,3000000,2358746.307407,38773485.377764,3.4873974949316e-05,33.590263931432,3.6672723665243e-08,3.6672723665243e-08,0,0,0,0,3000000,1.8233945865648e-09,7.9829812306557e-10,-0.015346159942453,2.5164972649509e-05,1,0.2383142168471,251649.72649509,32.137880507312,32124584.425068,33.574917771489,31.564172148717,31.560191889445,0,0,-31564172.148717,-31560191.889445,-32137880.507312,-32124584.425068,0.0019610285944388,6.1265494931603e-07,65871.468064285,-65871.468064285
3.5,1.0102188000478e-07,-4.545261e-05,2.296,30394736.65615,12.1,30394736.65615,38387006.208673,1.2629491396674,4.4228978685235e-05,44.228978685235,5722053738217.9,51.627905964496,7.792267078759e-07,-5.2275499601356e-06,4.6312665621683e-07,1.2423533640927e-06,-3.1933403255397e-07,-5.5468839926896e-06,-0.0031422023953366,0.0042498278735405,0,0,0,1.0102188000478e-07,1.0102188000478e-07,2.9758367104904e-11,2.1450253409176e-07,-0.00010102188000478,0.00021450253615598,-30394736.65615,297.58367104904,2145025.3409176,7.6011685572091,8.0581582049585,5.8011685572091,5.1347703967673,5.0767676728065,0,0,0,31.131721614972,2.0409508590256,0,0.00013905031173253,2.2263348701316e-09,0,0.0001335800922079,0,-0.00010102188000478,1.0102188000478e-07,0.0041766659494274,0.0086049024202898,8.6049024202898e-16,3761649.4129157,1.2629491396674,1.015721434058e-07,0.1015721434058,-2.2263348701316e-09,-8.6032069311601e-10,3000000,3761649.4129157,38387006.208673,3.9610254176577e-05,38.152200720337,1.0102188000478e-07,1.0102188000478e-07,0,0,0,0,3000000,-2.3175051955421e-09,-9.0014085003799e-10,-0.017430323570089,0.00021450253615598,1,2.1284587926817,2145025.3615598,35.841191430031,35801168.557209,38.134770396767,30.724400884403,30.73336570203,0,0,-30724400.884403,-30733365.70203,-35841191.430031,-35801168.557209,0.0019610285944388,-5.8423558234228e-06,74817.556588705,-74817.556588705
5.3,1.8227167272737e-07,-5.8882158e-05,2.296,29943744.023772,12.1,29943744.023772,37924146.555641,1.2665134730601,4.4147728893553e-05,44.147728893553,5387224936049.7,51.70646567462,1.231230294834e-06,-1.2097231220152e-05,7.9503790089182e-07,2.0262681957258e-06,-7.2242460977721e-07,-1.2819655829929e-05,-0.0067664178713855,0.010103193575426,0,0,0,1.8227167272737e-07,1.8227167272737e-07,3.4637764681953e-11,4.4168152808231e-07,-0.00018227167272737,0.0004416815294405,-29943744.023772,346.37764681953,4416815.2808231,12.013672895881,13.485703915389,10.213672895881,10.605285539406,10.494820549207,0,0,0,32.337442563245,2.0225321425832,0,0.00035638268737719,5.8088261570743e-09,0,0.00034852956942446,0,-0.00018227167272737,1.8227167272737e-07,0.0041766659494274,0.0088264866249786,8.8264866249786e-16,5453385.0325137,1.2665134730601,1.0264125324746e-07,0.10264125324746,-5.8088261570743e-09,-2.4440061795351e-09,3000000,5453385.0325137,37924146.555641,4.5292430674255e-05,43.625216301136,1.8227167272737e-07,1.8227167272737e-07,0,0,0,0,3000000,-5.9397114562865e-09,-2.5039855536995e-09,-0.0199307617304,0.0004416815294405,1,4.3960900899209,4416815.294405,40.298061010082,40213672.895881,43.605285539406,29.718852346675,29.756670822297,0,0,-29718852.346675,-29756670.822297,-40298061.010082,-40213672.895881,0.0019610285944388,-1.3589727325745e-05,85550.296605107,-85550.296605107
7.46,2.8532238763354e-07,-7.49976156e-05,2.296,29408796.887741,12.1,29408796.887741,37373493.969536,1.2708287882901,4.4044678179972e-05,44.044678179972,5010757946094.2,51.801210761757,1.7361310096638e-06,-2.0337363660059e-05,1.1996176966675e-06,2.9357487063313e-06,-1.206771807567e-06,-2.1544135467626e-05,-0.011080726596303,0.017141762150438,0,0,0,2.8532238763354e-07,2.8532238763354e-07,2.5228103901299e-11,7.143076187549e-07,-0.00028532238763354,0.00071430761920041,-29408796.887741,252.28103901299,7143076.187549,17.310487643817,20.001230824396,15.510487643817,17.168933203655,16.995687857333,0,0,0,33.784093798004,2.0185010820298,0,0.00058196146631371,9.5231688439298e-09,0,0.00057139013063579,0,-0.00028532238763354,2.8532238763354e-07,0.0041766659494274,0.0091116130575453,9.1116130575453e-16,7484571.9676327,1.2708287882901,1.0393147725494e-07,0.10393147725494,-9.5231688439298e-09,-4.1319896876029e-09,3000000,7484571.9676327,37373493.969536,5.211003439192e-05,50.191864025953,2.8532238763354e-07,2.8532238763354e-07,0,0,0,0,3000000,-9.6993577718952e-09,-4.2169683371324e-09,-0.022930822297866,0.00071430761920041,1,7.1168453532591,7143076.1920041,45.659362225606,45510487.643817,50.168933203655,28.514799786484,28.599161979917,0,0,-28514799.786484,-28599161.979917,-45659362.225606,-45510487.643817,0.0019610285944388,-2.288758120808e-05,98427.680563081,-98427.680563081
10.052,4.1733930564984e-07,-9.433616472e-05,2.296,28776776.588001,12.1,28776776.588001,36720576.810618,1.2760554446998,4.3912661263662e-05,43.912661263662,4593870489842.7,51.915426630657,2.295558158513e-06,-3.0221384301136e-05,1.6925210419093e-06,3.9880792004223e-06,-1.7887710071175e-06,-3.2010155308253e-05,-0.016214938067734,0.025606199245409,0,0,0,4.1733930564984e-07,4.1733930564984e-07,4.4390743469841e-12,1.0414866562564e-06,-0.00041733930564984,0.0010414866562658,-28776776.588001,44.390743469839,10414866.562564,23.669438365864,27.820425448488,21.869438365864,25.044576604358,24.796163355213,0,0,0,35.519913548386,2.0177876756485,0,0.00082668514346098,1.3537288821631e-08,0,0.00081223732929786,0,-0.00041733930564984,4.1733930564984e-07,0.0041766659494274,0.0094836107002914,9.4836107002914e-16,9918311.8043729,1.2760554446998,1.0554842025494e-07,0.10554842025494,-1.3537288821631e-08,-5.9970887108977e-09,3000000,9918311.8043729,36720576.810618,6.0290396665185e-05,58.07110716394,4.1733930564984e-07,4.1733930564984e-07,0,0,0,0,3000000,-1.377808572435e-08,-6.1095001761527e-09,-0.026530559581097,0.0010414866562658,1,10.381447496873,10414866.562658,52.107719015687,51869438.365864,58.044576604358,27.07327501065,27.22574773444,0,0,-27073275.01065,-27225747.73444,-52107719.015687,-51869438.365864,0.0019610285944388,-3.4045768054815e-05,113879.10165921,-113879.10165921
13.1624,5.8876258317412e-07,-0.000117542423664,2.296,28032604.544061,12.1,28032604.544061,35948441.565001,1.2823981511531,4.374123798837e-05,43.74123798837,4140021363611.5,52.053238822134,2.9067572796102e-06,-4.2076800975768e-05,2.2935146493356e-06,5.2002719289458e-06,-2.4881657068733e-06,-4.4564966682641e-05,-0.022320375854182,0.035786970254061,0,0,0,5.8876258317412e-07,5.8876258317412e-07,-2.4568136504529e-11,1.4341420680732e-06,-0.00058876258317412,0.0014341420682837,-28032604.544061,-245.68136504529,14341420.680732,31.304509385329,37.202881687472,29.504509385329,34.494878885976,34.156594859173,0,0,0,37.602793703428,2.0178243872718,0,0.0011008620126306,1.8026390839083e-08,0,0.001081583450345,0,-0.00058876258317412,5.8876258317412e-07,0.0041766659494274,0.0099780212089816,9.9780212089816e-16,12830620.503573,1.2823981511531,1.0767407504861e-07,0.10767407504861,-1.8026390839083e-08,-8.0667966604039e-09,3000000,12830620.503573,35948441.565001,7.0106343416736e-05,67.525728915566,5.8876258317412e-07,5.8876258317412e-07,0,0,0,0,3000000,-1.834770021051e-08,-8.2139670339205e-09,-0.030850029589743,0.0014341420682837,1,14.298775328605,14341420.682837,59.864154269716,59504509.385329,67.494878885976,25.347914526155,25.596324796583,0,0,-25347914.526155,-25596324.796583,-59864154.269716,-59504509.385329,0.0019610285944388,-4.7436080247264e-05,132419.88526375,-132419.88526375
16.89488,8.1509342498297e-07,-0.0001453899343968,2.296,27159716.766266,12.1,27159716.766266,35037945.0433,1.2901162531435,4.3514907149536e-05,43.514907149536,3655890134337.2,52.219763993036,3.5644713751778e-06,-5.6296819749258e-05,3.027311374328e-06,6.5917827495058e-06,-3.3288169895233e-06,-5.9625636738781e-05,-0.029576997368088,0.04803372353621,0,0,0,8.1509342498297e-07,8.1509342498297e-07,-5.6684881949456e-11,1.9053845955806e-06,-0.00081509342498297,0.0019053845964238,-27159716.766266,-566.84881949456,19053845.955806,40.473806826008,48.460292865846,38.673806826008,45.835465908402,45.39040393815,0,0,0,40.102299322574,2.0180449879889,0,0.0014095451090065,2.3076012121871e-08,0,0.0013845607273123,0,-0.00081509342498297,8.1509342498297e-07,0.0041766659494274,0.010650687346503,1.0650687346503e-15,16310810.066396,1.2901162531435,1.1050883205429e-07,0.11050883205429,-2.3076012121871e-08,-1.03870649009e-08,3000000,16310810.066396,35037945.0433,8.1885712480945e-05,78.871499404521,8.1509342498297e-07,8.1509342498297e-07,0,0,0,0,3000000,-2.3492418483442e-08,-1.0577668734364e-08,-0.036033496119884,0.0019053845964238,1,18.999661696815,19053845.964238,69.194961168131,68673806.826008,78.835465908402,23.283402887859,23.663270144503,0,0,-23283402.887859,-23663270.144503,-69194961.168131,-68673806.826008,0.0019610285944388,-6.3504221915855e-05,154669.26561852,-154669.26561852
21.373856,1.120212654491e-06,-0.00017880694727616,2.296,26139878.64758,12.1,26139878.64758,33967288.870555,1.2995467677411,4.320978792409e-05,43.20978792409,3151701969274.7,52.421494211651,4.2578613718258e-06,-7.3353270031258e-05,3.9254809798234e-06,8.1833423516493e-06,-4.3396324230125e-06,-7.769290245427e-05,-0.038196742766011,0.062768148370073,0,0,0,1.120212654491e-06,1.120212654491e-06,-8.4144972665099e-11,2.4709613778459e-06,-0.001120212654491,0.0024709613792786,-26139878.64758,-841.44972665099,24709613.778459,51.489014333496,61.967035670201,49.689014333496,59.445821828027,58.875170299976,0,0,0,43.102070060404,2.0184497313245,0,0.00175790961976,2.876773665065e-08,0,0.001726064199039,0,-0.001120212654491,1.120212654491e-06,0.0041766659494274,0.011593804513184,1.1593804513184e-15,20463368.894509,1.2995467677411,1.1438133610908e-07,0.11438133610908,-2.876773665065e-08,-1.3003063372278e-08,3000000,20463368.894509,33967288.870555,9.6022670749142e-05,92.488076238866,1.120212654491e-06,1.120212654491e-06,0,0,0,0,3000000,-2.9298493662667e-08,-1.324582144891e-08,-0.04225441083878,0.0024709613792786,1,24.641409913423,24709613.792786,80.421880361069,79689014.333496,92.445821828027,20.81384403352,21.370621650276,0,0,-20813844.03352,-21370621.650276,-80421880.361069,-79689014.333496,0.0019610285944388,-8.2784276527018e-05,181371.76214896,-181371.76214896
26.373856,1.5108603071071e-06,-0.00021611124727616,2.296,25034216.940853,12.1,25034216.940853,32797725.593613,1.3103236822491,4.2819140276764e-05,42.819140276764,2673680132614.4,52.649691073963,4.9231440372038e-06,-9.2386036516492e-05,4.9511830851986e-06,9.8743271224024e-06,-5.4708714506597e-06,-9.7856907967152e-05,-0.047719495119939,0.079260752431048,0,0,0,1.5108603071071e-06,1.5108603071071e-06,-9.6052658462924e-11,3.1024637299367e-06,-0.0015108603071071,0.0031024637314236,-25034216.940853,-960.52658462923,31024637.299367,63.802816390642,77.042998951896,62.002816390642,74.643556492539,73.936773558092,0,0,0,46.451704706047,2.018833251704,0,0.0021261991916979,3.4781602520038e-08,0,0.0020868961512023,0,-0.0015108603071071,1.5108603071071e-06,0.0041766659494274,0.012862969412178,1.2862969412178e-15,25066970.935423,1.3103236822491,1.1942067686647e-07,0.11942067686647,-3.4781602520038e-08,-1.5766175119302e-08,3000000,25066970.935423,32797725.593613,0.00011180842550771,107.69275736477,1.5108603071071e-06,1.5108603071071e-06,0,0,0,0,3000000,-3.5436653194965e-08,-1.6066154164254e-08,-0.049200872228852,0.0031024637314236,1,30.941156440725,31024637.314236,92.990460894488,92002816.390642,107.64355649254,18.066042832551,18.840583401103,0,0,-18066042.832551,-18840583.401103,-92990460.894488,-92002816.390642,0.0019610285944388,-0.00010430282176845,211188.576606,-211188.576606
27.623856,1.6867994859383e-06,-0.00022543732227616,2.296,24660387.315633,12.1,24660387.315633,32387503.496658,1.3135436947896,4.2673777483948e-05,42.673777483948,2524119088690.6,52.72877763182,5.3009028784991e-06,-9.7194564384033e-05,5.0758351709844e-06,1.0376738049483e-05,-5.7499372078565e-06,-0.00010294450159189,-0.050310503472215,0.083329083503308,0,0,6.926785868009e-07,1.6867994859383e-06,1.6867994859383e-06,7.6103867661108e-10,4.009160183104e-06,-0.0016867994859383,0.0040091602553361,-24660387.315633,4832.3082726871,32465587.320217,66.665392005563,80.605813057934,64.865392005563,78.204338333336,77.444906874696,3.0576384024311e-08,0,0,47.236513658355,2.0164971434652,0,0.0022207340633242,3.6411547859902e-08,0,0.0021846928715941,0,-0.0016867994859383,1.6867994859383e-06,0.0041766659494274,0.013455055075417,1.3455055075417e-15,26234035.087285,1.3135436947896,1.2163289181787e-07,0.12163289181787,-3.6411547859902e-08,-1.651536953296e-08,3000000,26234035.087285,32387503.496658,0.00011550697863462,111.25516675108,1.6867994859383e-06,1.6867994859383e-06,0,0,7.6261320089932e-07,0,3000000,-3.7012234388737e-08,-1.6777223329441e-08,-0.050828417740888,0.0040091602553361,0.99543941063283,32.417167407571,32465587.679847,95.932504776726,94865392.005563,111.20433833334,17.420485130867,18.21743002595,0,0,-17420485.130867,-18217430.02595,-95932504.776726,-94865392.005563,0.0019610285944388,-0.00010993034364154,218174.56325551,-218174.56325551
28.373856,1.8456319062166e-06,-0.00023103296727616,2.296,24410860.262061,12.1,24410860.262061,32078908.933391,1.3142714974058,4.2575028088668e-05,42.575028088668,2425452321786.3,52.781793055585,5.6356405007133e-06,-0.00010009619316839,5.0739126184211e-06,1.0709553119134e-05,-5.9176779564328e-06,-0.00010601387112483,-0.051968291450007,0.085733919859206,0,0,1.9101375485104e-06,1.8456319062166e-06,1.8456319062166e-06,1.246427707586e-09,5.5487554326542e-06,-0.0018456319062166,0.0055487555726479,-24410860.262061,6902.8810077931,32876726.928474,68.129789165135,82.451550009266,66.329789165135,80.060577519821,79.246419360126,6.0083023642304e-08,0,0,47.645635361484,2.0171352948363,0,0.0023357425637241,3.8273219822739e-08,0,0.0022963931893643,0,-0.0018456319062166,1.8456319062166e-06,0.0041766659494274,0.01399767389827,1.399767389827e-15,26869601.406885,1.3142714974058,1.2359484511024e-07,0.12359484511024,-3.8273219822739e-08,-1.7197155452555e-08,3000000,26869601.406885,32078908.933391,0.00011743503812217,113.11225436889,1.8456319062166e-06,1.8456319062166e-06,0,0,1.4985456404242e-06,0,3000000,-3.8929042728736e-08,-1.7402291278951e-08,-0.051676849068954,0.0055487555726479,0.98654659551996,33.186613422193,32876727.653147,97.471528911224,96329789.165135,113.06057751982,17.083369805009,17.858583847455,0,0,-17083369.805009,-17858583.847455,-97471528.911224,-96329789.165135,0.0019610285944388,-0.00011359792915399,221816.36518409,-221816.36518409
29.273856,2.062575953803e-06,-0.00023774774127616,2.296,24173238.102107,12.1,24173238.102107,31704726.411179,1.3116515911234,4.2477349464371e-05,42.477349464371,2334605849635.4,52.832795202593,6.0785366483969e-06,-0.00010358318096335,5.0470144820626e-06,1.1125551130459e-05,-6.1163796650037e-06,-0.00010969956062836,-0.053996387147006,0.088604820192489,0,0,4.3735061584737e-06,2.062575953803e-06,2.062575953803e-06,3.2238987001169e-09,8.5378859635665e-06,-0.002062575953803,0.0085378865722372,-24173238.102107,14867.3927278,33024120.561222,69.571943791632,84.247745841453,67.771943791632,81.93271712311,81.027021672503,1.1926542194287e-07,0,0,48.058261572895,2.0017380129753,0,0.002548513856026,4.2401536513133e-08,0,0.002544092190788,0,-0.002062575953803,2.062575953803e-06,0.0041766659494274,0.014756023580319,1.4756023580319e-15,27459670.083035,1.3116515911234,1.2627661214308e-07,0.12627661214308,-4.2401536513133e-08,-1.8309494712874e-08,3000000,27459670.083035,31704726.411179,0.00011937961324815,114.98524968449,2.062575953803e-06,2.062575953803e-06,0,0,2.9746285601378e-06,0,3000000,-4.2475230933766e-08,-1.8205793862583e-08,-0.052532561379238,0.0085378865722372,0.96915316760296,33.962650458291,33024123.907857,99.042713435807,97771943.791632,114.93271712311,16.744922119129,17.468169327268,0,0,-16744922.119129,-17468169.327268,-99042713.435807,-97771943.791632,0.0019610285944388,-0.00011836812802801,225489.36253674,-225489.36253674
29.813856,2.1953048007248e-06,-0.00024177660567616,2.296,24064734.694076,12.1,24064734.694076,31481018.571114,1.3082411600651,4.2431492444634e-05,42.431492444634,2294121904887.5,52.856257309041,6.3463916253338e-06,-0.00010567532865276,5.0468326953081e-06,1.1393224320642e-05,-6.2325343085885e-06,-0.00011190786296135,-0.055215092899453,0.090326326664134,0,0,6.2210734150823e-06,2.1953048007248e-06,2.1953048007248e-06,4.8235589370194e-09,1.0710204315601e-05,-0.0021953048007248,0.010710205401795,-24064734.694076,19391.622365667,33082582.329706,70.3241439785,85.172420145383,68.5241439785,82.924380976042,81.957158103626,8.6871826549631e-08,0,0,48.276827804767,1.987284917742,0,0.0026563924460884,4.4843394889557e-08,0,0.0026906036933734,0,-0.0021953048007248,2.1953048007248e-06,0.0041766659494274,0.015230026303503,1.5230026303503e-15,27747126.944805,1.3082411600651,1.2793003142692e-07,0.12793003142692,-4.4843394889557e-08,-1.8768955409747e-08,3000000,27747126.944805,31481018.571114,0.00012040964580208,115.9773667401,2.1953048007248e-06,2.1953048007248e-06,0,0,2.166691838391e-06,0,3000000,-4.4273207434807e-08,-1.8472497498887e-08,-0.05298576406301,0.010710205401795,0.95669935414981,34.373713755004,33082588.012983,99.881090854243,98524143.9785,115.92438097604,16.566985874874,17.254600230833,0,0,-16566985.874874,-17254600.230833,-99881090.854243,-98524143.9785,0.0019610285944388,-0.00012136695987408,227434.93256802,-227434.93256802
30.461856,2.3488317839742e-06,-0.00024661124295616,2.296,23999967.848265,12.1,23999967.848265,31234175.070699,1.30146538796,4.2403345522929e-05,42.403345522929,2270564635954.6,52.87036876212,6.6403374950314e-06,-0.00010813821907726,5.1331846880411e-06,1.1773522183073e-05,-6.3597796222284e-06,-0.00011449799869949,-0.056630888714093,0.0923629306091,0,0,9.0197040843489e-06,2.3488317839742e-06,2.3488317839742e-06,7.0484443970019e-09,1.3844767233229e-05,-0.0023488317839742,0.013844769027429,-23999967.848265,21975.559191625,33160554.058851,71.055499639417,86.051029123311,69.255499639417,83.906429090928,82.860963419802,1.2538006115353e-07,0,0,48.493274693855,1.9888673957755,0,0.0027092359420878,4.5662272374465e-08,0,0.0027397363424679,0,-0.0023488317839742,2.3488317839742e-06,0.0041766659494274,0.015788766141285,1.5788766141285e-15,27992549.139823,1.30146538796,1.2991133793816e-07,0.12991133793816,-4.5662272374465e-08,-1.9195084166386e-08,3000000,27992549.139823,31234175.070699,0.00012142969068814,116.95986377391,2.3488317839742e-06,2.3488317839742e-06,0,0,3.1271352979223e-06,0,3000000,-4.5153932368131e-08,-1.8818446772245e-08,-0.053434682981717,0.013844769027429,0.93903708776108,34.780791147652,33160561.340472,100.73925651371,99255499.639417,116.90642909093,16.394536219615,17.05996008954,0,0,-16394536.219615,-17059960.08954,-100739256.51371,-99255499.639417,0.0019610285944388,-0.00012518155226802,229361.63724314,-229361.63724314
31.239456,2.5191824961502e-06,-0.00025241280769216,2.296,24028230.359178,12.1,24028230.359178,30970044.402281,1.2889276708758,4.2414676793254e-05,42.414676793254,2281606203425.4,52.864343034482,7.3147338001432e-06,-0.00011006514218311,5.4202412376466e-06,1.273497503779e-05,-6.4817414164136e-06,-0.00011654688359952,-0.058130980910194,0.093747692839733,0,0,1.3332203730895e-05,2.5191824961502e-06,2.5191824961502e-06,1.0128252022732e-08,1.838924079955e-05,-0.0025191824961502,0.018389243588721,-24028230.359178,22590.083759547,33296982.461995,71.695771607484,86.778459267079,69.895771607484,84.742318450902,83.639025626371,1.8168198265714e-07,0,0,48.67750767475,1.9862582903312,0,0.0026331779782742,4.449777514485e-08,0,0.002669866508691,0,-0.0025191824961502,2.5191824961502e-06,0.0041766659494274,0.016422335776232,1.6422335776232e-15,28137812.765993,1.2889276708758,1.3221433893885e-07,0.13221433893885,-4.449777514485e-08,-1.9145164780633e-08,3000000,28137812.765993,30970044.402281,0.00012229792193936,117.79613543277,2.5191824961502e-06,2.5191824961502e-06,0,0,4.5313755292232e-06,0,3000000,-4.3886299637903e-08,-1.8783841102332e-08,-0.053816981868422,0.018389243588721,0.91408375298056,35.127282990611,33296990.125029,101.47989018522,99895771.607484,117.7423184509,16.256745981112,16.956176435719,0,0,-16256745.981112,-16956176.43572,-101479890.18522,-99895771.607484,0.0019610285944388,-0.0001301148857528,231001.58941385,-231001.58941385
31.706016,2.6223942396837e-06,-0.00025589374653376,2.296,24068949.668264,12.1,24068949.668264,30799314.694771,1.279643852971,4.2431805652995e-05,42.431805652995,2296884554678.6,52.855550678975,7.8295527900258e-06,-0.00011097273929397,5.6356233114882e-06,1.3465176101514e-05,-6.5471848799852e-06,-0.00011751992417395,-0.059011630132086,0.094307360648323,0,0,1.6234200828573e-05,2.6223942396837e-06,2.6223942396837e-06,1.2139021065055e-08,2.1397508904684e-05,-0.0026223942396837,0.021397512347978,-24068949.668264,22586.344732894,33368694.933407,71.996888730866,87.104228485367,70.196888730866,85.132366170821,84.000837399548,1.203406035116e-07,0,0,48.763475576212,1.9833587717806,0,0.0026019164598463,4.4099138153053e-08,0,0.0026459482891832,0,-0.0026223942396837,2.6223942396837e-06,0.0041766659494274,0.01681221804425,1.681221804425e-15,28178899.590835,1.279643852971,1.3366442084236e-07,0.13366442084236,-4.4099138153053e-08,-1.9067387718128e-08,3000000,28178899.590835,30799314.694771,0.00012270305982655,118.18636019433,2.6223942396837e-06,2.6223942396837e-06,0,0,3.0014449308868e-06,0,3000000,-4.3365274330771e-08,-1.8726460630051e-08,-0.053994023510413,0.021397512347978,0.897964253768,35.288965098062,33368702.577442,101.82024819951,100196888.73087,118.13236617082,16.196051331318,16.922546551541,0,0,-16196051.331318,-16922546.551541,-101820248.19951,-100196888.73087,0.0019610285944388,-0.00013319068670721,231766.83375789,-231766.83375789
32.265888,2.7524429316943e-06,-0.00026007087314368,2.296,24140003.540181,12.1,24140003.540181,30570345.590759,1.266378385219,4.2461941255757e-05,42.461941255757,2323342035868.5,52.840173652346,8.5787644144963e-06,-0.00011181268774683,5.9408500655938e-06,1.451961448009e-05,-6.6167858083408e-06,-0.00011842947355517,-0.060067476645279,0.094697257560705,0,0,2.0134723717631e-05,2.7524429316943e-06,2.7524429316943e-06,1.476438506936e-08,2.5397528556423e-05,-0.0027524429316943,0.025397532847925,-24140003.540181,22350.466226542,33421165.442412,72.243433065703,87.349373208584,70.443433065703,85.452699520441,84.291401666373,1.6018429518997e-07,0,0,48.834078183096,1.9757980118099,0,0.002580462314789,4.4074393189954e-08,0,0.0026444635913972,0,-0.0027524429316943,2.7524429316943e-06,0.0041766659494274,0.017309600169828,1.7309600169828e-15,28176566.904802,1.266378385219,1.3556535542356e-07,0.13556535542356,-4.4074393189954e-08,-1.8904363982828e-08,3000000,28176566.904802,30570345.590759,0.00012303578760787,118.50684026602,2.7524429316943e-06,2.7524429316943e-06,0,0,3.9951963575374e-06,0,3000000,-4.3007705246483e-08,-1.8617753892837e-08,-0.054140745579019,0.025397532847925,0.87700017787344,35.421749289351,33421172.915869,102.09151864252,100443433.0657,118.45269952044,16.15203139933,16.913916160269,0,0,-16152031.39933,-16913916.160269,-102091518.64252,-100443433.0657,0.0019610285944388,-0.00013703508553581,232395.30374114,-232395.30374114
32.6018112,2.8333505490417e-06,-0.00026257714910963,2.296,24189346.113739,12.1,24189346.113739,30419349.507868,1.2575438586805,4.248278490638e-05,42.48278490638,2341775048684.8,52.829506351727,9.0714076303363e-06,-0.00011223695648166,6.138928684007e-06,1.5210336314343e-05,-6.6555733847688e-06,-0.00011889252986643,-0.060701636892825,0.094840582638413,0,0,2.2622020787486e-05,2.8333505490417e-06,2.8333505490417e-06,1.6410662011244e-08,2.7936756421619e-05,-0.0028333505490417,0.027936761241609,-24189346.113739,22153.16226554,33437923.072413,72.350502426762,87.44551553243,70.550502426762,85.592997870527,84.414784077875,1.0175126825851e-07,0,0,48.865000437271,1.9698638802494,0,0.0025754041717018,4.4257141373961e-08,0,0.0026554284824377,0,-0.0028333505490417,2.8333505490417e-06,0.0041766659494274,0.01762255056256,1.762255056256e-15,28158355.176115,1.2575438586805,1.3678199103431e-07,0.13678199103431,-4.4257141373961e-08,-1.876617483284e-08,3000000,28158355.176115,30419349.507868,0.0001231815146028,118.64720305027,2.8333505490417e-06,2.8333505490417e-06,0,0,2.537803695822e-06,0,3000000,-4.2923402861697e-08,-1.8529576135447e-08,-0.054205179745381,0.027936761241609,0.86397005127958,35.479905591145,33437930.410825,102.20629671008,100550502.42676,118.59299787053,16.135718348887,16.919412797574,0,0,-16135718.348887,-16919412.797574,-102206296.71008,-100550502.42676,0.0019610285944388,-0.00013939563450683,232670.55857125,-232670.55857125
33.00491904,2.9350242460937e-06,-0.00026558468026877,2.296,24256641.178271,12.1,24256641.178271,30221157.259649,1.2458729382992,4.2511077614601e-05,42.511077614601,2367011195101.4,52.814975829824,9.7159813931749e-06,-0.00011264427322374,6.3956398512246e-06,1.6111621244399e-05,-6.6982009784292e-06,-0.00011934247420217,-0.061461985372597,0.094897612923593,0,0,2.5809080327816e-05,2.9350242460937e-06,2.9350242460937e-06,1.8467055559702e-08,3.1177664743111e-05,-0.0029350242460937,0.031177670212284,-24256641.178271,21799.822829032,33434682.585262,72.422121742286,87.490927670187,70.622121742286,85.689920964183,84.492109594104,1.2996640566478e-07,0,0,48.886362631021,1.9656400425242,0,0.0025845576067916,4.4608713616092e-08,0,0.0026765228169655,0,-0.0029350242460937,2.9350242460937e-06,0.0041766659494274,0.018019610646098,1.8019610646098e-15,28114676.546501,1.2458729382992,1.3835111194706e-07,0.13835111194706,-4.4608713616092e-08,-1.8560480172094e-08,3000000,28114676.546501,30221157.259649,0.00012328218868817,118.74417132256,2.9350242460937e-06,2.9350242460937e-06,0,0,3.2415244574413e-06,0,3000000,-4.3075960113194e-08,-1.8378290037036e-08,-0.054250358378383,0.031177670212284,0.84764346679086,35.52008203429,33434689.692137,102.27865865465,100622121.74229,118.68992096418,16.130012148182,16.940184658739,0,0,-16130012.148182,-16940184.658739,-102278658.65465,-100622121.74229,0.0019610285944388,-0.0001423024915806,232860.7144046,-232860.7144046
33.488648448,3.0638075233112e-06,-0.00026919371765975,2.296,24347986.228886,12.1,24347986.228886,29957890.54425,1.2303718646316,4.2549130569216e-05,42.549130569216,2401530876892.7,52.79529994342,1.055703538889e-05,-0.00011300128636488,6.7282355470982e-06,1.7285270935988e-05,-6.7441692902301e-06,-0.00011974545565511,-0.062372199490881,0.094817985883422,0,0,2.9910893744083e-05,3.0638075233112e-06,3.0638075233112e-06,2.1022030906114e-08,3.5334581659405e-05,-0.0030638075233112,0.035334587912851,-24347986.228886,21217.769961787,33396105.663538,72.429502756336,87.449050561755,70.629502756336,85.70829768645,84.487345324294,1.6683623235784e-07,0,0,48.890412925814,1.9658632386352,0,0.0026139625123691,4.5105808079393e-08,0,0.0027063484847636,0,-0.0030638075233112,3.0638075233112e-06,0.0041766659494274,0.018528676423338,1.8528676423338e-15,28032579.675699,1.2303718646316,1.4038984449393e-07,0.14038984449393,-4.5105808079393e-08,-1.8268281276567e-08,3000000,28032579.675699,29957890.54425,0.00012330127515775,118.7625552192,3.0638075233112e-06,3.0638075233112e-06,0,0,4.1611039776573e-06,0,3000000,-4.3566041872819e-08,-1.8119872945702e-08,-0.054257532748181,0.035334587912851,0.827195007472,35.5276995309,33396112.403751,102.27704526294,100629502.75634,118.70829768645,16.142157432042,16.984243953221,0,0,-16142157.432042,-16984243.953221,-102277045.26294,-100629502.75634,0.0019610285944388,-0.00014589244250199,232896.76815407,-232896.76815407
33.7788860928,3.1435417850274e-06,-0.00027135914009433,2.296,24406791.889701,12.1,24406791.889701,29788841.444723,1.2204723923157,4.257337323492e-05,42.57337323492,2423952300905.7,52.782668059277,1.108584005021e-05,-0.00011316927718102,6.9363658134122e-06,1.8022205863622e-05,-6.7699236821322e-06,-0.00011993920086315,-0.062917973204674,0.094718054219398,0,0,3.2470643963143e-05,3.1435417850274e-06,3.1435417850274e-06,2.2581113566398e-08,3.7924144409683e-05,-0.0031435417850274,0.037924151132401,-24406791.889701,20819.539000308,33360476.376467,72.405952831374,87.389423912468,70.605952831374,85.684495534726,84.449756259982,1.0397692775404e-07,0,0,48.885166847118,1.9665348913825,0,0.0026338027301977,4.5416583054931e-08,0,0.0027249949832959,0,-0.0031435417850274,3.1435417850274e-06,0.0041766659494274,0.01884734835303,1.884734835303e-15,27972451.801822,1.2204723923157,1.4166738852634e-07,0.14166738852634,-4.5416583054931e-08,-1.8077052363414e-08,3000000,27972451.801822,29788841.444723,0.00012327655256071,118.73874266095,3.1435417850274e-06,3.1435417850274e-06,0,0,2.5933144230662e-06,0,3000000,-4.3896712169962e-08,-1.7947450013582e-08,-0.05424712622542,0.037924151132401,0.81473468715962,35.517833091856,33360482.872974,102.24468781049,100605952.83137,118.68449553473,16.156196571392,17.017460094645,0,0,-16156196.571392,-17017460.094645,-102244687.81049,-100605952.83137,0.0019610285944388,-0.00014808258753362,232850.07011931,-232850.07011931
34.12717126656,3.2426194396275e-06,-0.00027395764701583,2.296,24482941.634305,12.1,24482941.634305,29573262.631073,1.2078605507446,4.2604474515931e-05,42.604474515931,2453216907839.1,52.766350726846,1.1753423852439e-05,-0.00011330731062885,7.1977809321356e-06,1.8951204784575e-05,-6.7983128286747e-06,-0.00012010562345753,-0.063572217494355,0.094526518908974,0,0,3.5679729966722e-05,3.2426194396275e-06,3.2426194396275e-06,2.4480864113785e-08,4.1164711304374e-05,-0.0032426194396275,0.041164718583821,-24482941.634305,20285.814864405,33300017.511933,72.338642444726,87.269684866855,70.538642444726,85.607421169765,84.356205780393,1.3017893603964e-07,0,0,48.8681793836,1.9674816712666,0,0.0026588742962496,4.5804042516015e-08,0,0.0027482425509609,0,-0.0032426194396275,3.2426194396275e-06,0.0041766659494274,0.01924704138342,1.924704138342e-15,27885070.703549,1.2078605507446,1.4326777837499e-07,0.14326777837499,-4.5804042516015e-08,-1.7825617049304e-08,3000000,27885070.703549,29573262.631073,0.00012319649538395,118.66163238887,3.2426194396275e-06,3.2426194396275e-06,0,0,3.2468252303737e-06,0,3000000,-4.431457160416e-08,-1.7717335947793e-08,-0.05421121910355,0.041164718583821,0.79943471437235,35.485884319639,33300023.690822,102.16212856493,100538642.44473,118.60742116976,16.182436664334,17.066619153276,0,0,-16182436.664334,-17066619.153276,-102162128.56493,-100538642.44473,0.0019610285944388,-0.00015076115163188,232698.85600154,-232698.85600154
34.545113475072,3.3662433611509e-06,-0.00027707585532163,2.296,24582332.086898,12.1,24582332.086898,29296907.184446,1.1917223166044,4.2644558191851e-05,42.644558191851,2491824475277.8,52.745124214652,1.2599831368482e-05,-0.00011338574282217,7.5273879586486e-06,2.012721932713e-05,-6.8289242291749e-06,-0.00012021466705134,-0.064356372657592,0.094198406165955,0,0,3.9720851029019e-05,3.3662433611509e-06,3.3662433611509e-06,2.6788018889603e-08,4.5237827972067e-05,-0.0033662433611509,0.045237835903459,-24582332.086898,19584.544201722,33202800.46053,72.203729677525,87.058927247628,70.403729677525,85.447763053965,84.176803872528,1.6370759799476e-07,0,0,48.832990168369,1.9687817159638,0,0.0026902888700366,4.6283024436867e-08,0,0.002776981466212,0,-0.0033662433611509,3.3662433611509e-06,0.0041766659494274,0.019751550912613,1.9751550912613e-15,27758662.616839,1.1917223166044,1.4528000469745e-07,0.14528000469745,-4.6283024436867e-08,-1.7494379797194e-08,3000000,27758662.616839,29296907.184446,0.00012303066191724,118.50190325206,3.3662433611509e-06,3.3662433611509e-06,0,0,4.0830719296242e-06,0,3000000,-4.4838147833944e-08,-1.740941423288e-08,-0.054140198099091,0.045237835903459,0.78065790070288,35.419703031259,33202806.236464,102.00253457702,100403729.67752,118.44776305396,16.226925804997,17.138398537803,0,0,-16226925.804997,-17138398.537803,-102002534.57702,-100403729.67752,0.0019610285944388,-0.00015404519340439,232385.61876451,-232385.61876451
34.795878800179,3.4421440357875e-06,-0.00027894678030511,2.296,24645049.780064,12.1,24645049.780064,29123798.486561,1.1816580016752,4.2669545404995e-05,42.669545404995,2516440533085.5,52.731772781379,1.3123960075833e-05,-0.0001134017010502,7.7308568160097e-06,2.0854816891843e-05,-6.8460596019784e-06,-0.00012024776065218,-0.06482664277235,0.093966432921641,0,0,4.2213226458683e-05,3.4421440357875e-06,3.4421440357875e-06,2.8178965254347e-08,4.7747266335121e-05,-0.0034421440357875,0.047747274650299,-24645049.780064,19145.163390194,33135807.551344,72.103529158785,86.908467213337,70.303529158785,85.328074993606,84.045283550422,1.0088788812423e-07,0,0,48.806610495181,1.9696235689232,0,0.0027092594213649,4.6568921318157e-08,0,0.0027941352790894,0,-0.0034421440357875,3.4421440357875e-06,0.0041766659494274,0.020064508366561,2.0064508366561e-15,27674896.757586,1.1816580016752,1.46519452932e-07,0.146519452932,-4.6568921318157e-08,-1.7284989553442e-08,3000000,27674896.757586,29123798.486561,0.00012290634232657,118.38215986553,3.4421440357875e-06,3.4421440357875e-06,0,0,2.5162699171431e-06,0,3000000,-4.5154323689415e-08,-1.7213269430888e-08,-0.054084871921575,0.047747274650299,0.76933818512982,35.370090081747,33135813.082178,101.88522981506,100303529.15879,118.32807499361,16.258245608363,17.186032681979,0,0,-16258245.608363,-17186032.681979,-101885229.81506,-100303529.15879,0.0019610285944388,-0.00015604043797854,232150.79977555,-232150.79977555
35.096797190308,3.5355808710334e-06,-0.00028119189028528,2.296,24724571.715918,12.1,24724571.715918,28907735.062647,1.1691097016618,4.2700894784165e-05,42.700894784165,2547932821048.3,52.714891028592,1.377540244321e-05,-0.00011337748101147,7.9829409724013e-06,2.1758343415611e-05,-6.8649060777742e-06,-0.00012024238708924,-0.065390461623075,0.093639214230463,0,0,4.5298619127441e-05,3.5355808710334e-06,3.5355808710334e-06,2.9852648803307e-08,5.085018996361e-05,-0.0035355808710334,0.050850198726415,-24724571.715918,18596.512964792,33043277.034332,71.956375771851,86.694354550432,70.156375771851,85.151068992993,83.854084344688,1.2478621484579e-07,0,0,48.767597744582,1.9707116128511,0,0.0027324850467404,4.691549667559e-08,0,0.0028149298005354,0,-0.0035355808710334,3.5355808710334e-06,0.0041766659494274,0.020453114630057,2.0453114630057e-15,27563297.964301,1.1691097016618,1.4805052871401e-07,0.14805052871401,-4.691549667559e-08,-1.7019777322713e-08,3000000,27563297.964301,28907735.062647,0.00012272248693522,118.20507219113,3.5355808710334e-06,3.5355808710334e-06,0,0,3.1123240294603e-06,0,3000000,-4.5541417445673e-08,-1.6962937714168e-08,-0.0540031981363,0.050850198726415,0.75559702266027,35.296717769209,33043282.267321,101.71436431988,100156375.77185,118.15106899299,16.302291427163,17.249529483761,0,0,-16302291.427163,-17249529.483761,-101714364.31988,-100156375.77185,0.0019610285944388,-0.00015846940335007,231803.5272909,-231803.5272909
35.457899258462,3.6461853223387e-06,-0.00028388602226149,2.296,24825667.714584,12.1,24825667.714584,28636586.812676,1.1534151987112,4.2740256207303e-05,42.740256207303,2588389097077.9,52.693499185302,1.4598273998167e-05,-0.00011328954458836,8.2933142063784e-06,2.2891588204546e-05,-6.884530177041e-06,-0.0001201740747654,-0.066075730431776,0.09317525618248,0,0,4.913513375524e-05,3.6461853223387e-06,3.6461853223387e-06,3.1864505410144e-08,5.4702865089126e-05,-0.0036461853223387,0.054702874369687,-24825667.714584,17934.004068864,32917063.830654,71.740961461172,86.395152874129,69.940961461172,84.89006154571,83.576568953301,1.5498252357628e-07,0,0,48.710070777077,1.9721641675964,0,0.0027610678184646,4.7335417729069e-08,0,0.0028401250637441,0,-0.0036461853223387,3.6461853223387e-06,0.0041766659494274,0.02091737968272,2.091737968272e-15,27423652.354928,1.1534151987112,1.498426221463e-07,0.1498426221463,-4.7335417729069e-08,-1.6681203463926e-08,3000000,27423652.354928,28636586.812676,0.00012245138151617,117.94394616256,3.6461853223387e-06,3.6461853223387e-06,0,0,3.8654576779159e-06,0,3000000,-4.601779697441e-08,-1.6640837506581e-08,-0.053884616851661,0.054702874369687,0.73892272662315,35.188525278952,32917068.716091,101.46354237032,99940961.461172,117.89006154571,16.364392507871,17.33358746243,0,0,-16364392.507871,-17333587.46243,-101463542.37032,-99940961.461172,0.0019610285944388,-0.00016143464074532,231291.4502742,-231291.4502742
35.891221740247,3.7625493980894e-06,-0.00028711898063294,2.296,24944616.318822,12.1,24944616.318822,28285012.320061,1.1338087708278,4.2785277019953e-05,42.785277019953,2637182996084.4,52.668518428678,1.5646929050367e-05,-0.000113101939407,8.6753469412322e-06,2.4322275991599e-05,-6.9039837152833e-06,-0.00012000592312228,-0.066913562588173,0.092517296913007,0,0,5.3927416595781e-05,3.7625493980894e-06,3.7625493980894e-06,3.426486745603e-08,5.9509898768038e-05,-0.0037625493980894,0.059509908632624,-24944616.318822,17043.902354235,32737921.04037,71.426864033152,85.964229343127,69.626864033152,84.50748237252,83.174847660355,1.934594186913e-07,0,0,48.625748969814,1.974279740782,0,0.0027979019604137,4.7862741457397e-08,0,0.0028717644874438,0,-0.0037625493980894,3.7625493980894e-06,0.0041766659494274,0.021410323596348,2.1410323596348e-15,27228942.183291,1.1338087708278,1.5184127552007e-07,0.15184127552007,-4.7862741457397e-08,-1.6253534038912e-08,3000000,27228942.183291,28285012.320061,0.00012205399923912,117.56119152713,3.7625493980894e-06,3.7625493980894e-06,0,0,4.8251194915211e-06,0,3000000,-4.6631699340229e-08,-1.623485435343e-08,-0.053709154609209,0.059509908632624,0.7187026259145,35.029939024426,32737925.477039,101.09789170044,99626864.033152,117.50748237252,16.452016372797,17.445532185057,0,0,-16452016.372797,-17445532.185057,-101097891.70044,-99626864.033152,0.0019610285944388,-0.00016506498139382,230540.85865815,-230540.85865815
36.151215229319,3.7927413810543e-06,-0.00028905875565581,2.296,24995158.978807,12.1,24995158.978807,28044810.907586,1.1218996759666,4.2803816327755e-05,42.803816327755,2658572409083.5,52.65799603521,1.6325274776181e-05,-0.00011296291001683,8.8990408865937e-06,2.5224315662774e-05,-6.9130980736475e-06,-0.00011987600809048,-0.067447235968834,0.09207607721962,0,0,5.6877241929866e-05,3.7927413810543e-06,3.7927413810543e-06,3.5724491088934e-08,6.2468188221118e-05,-0.0037927413810543,0.06246819843623,-24995158.978807,16659.462332774,32614271.025261,71.212538952943,85.681834013991,69.412538952943,84.24548833262,82.902347462223,1.191098902899e-07,0,0,48.568004553796,1.9761707553775,0,0.0028287350045282,4.8296451362727e-08,0,0.0028977870817636,0,-0.0037927413810543,3.7927413810543e-06,0.0041766659494274,0.021537983869315,2.1537983869315e-15,27115491.768412,1.1218996759666,1.5255372096965e-07,0.15255372096965,-4.8296451362727e-08,-1.6017200513888e-08,3000000,27115491.768412,28044810.907586,0.00012178186857906,117.29907799666,3.7927413810543e-06,3.7927413810543e-06,0,0,2.9707494065348e-06,0,3000000,-4.7145583408804e-08,-1.6020254744959e-08,-0.053589664041894,0.06246819843623,0.70657303666175,34.921337572995,32614275.280111,100.84584238032,99412538.952943,117.24548833262,16.510191490721,17.514584412939,0,0,-16510191.490721,-17514584.412939,-100845842.38032,-99412538.952943,0.0019610285944388,-0.00016727688707676,230026.84602081,-230026.84602081
36.463207416204,3.8299384200165e-06,-0.00029138648568326,2.296,25065181.795277,12.1,25065181.795277,27754281.031331,1.1071660654786,4.2829883544895e-05,42.829883544895,2687731594692.4,52.643355538435,1.7159212613655e-05,-0.00011275219021312,9.1755286208606e-06,2.6334741234515e-05,-6.9225105260329e-06,-0.00011967470073916,-0.068084632419468,0.091498512576342,0,0,6.0514659864603e-05,3.8299384200165e-06,3.8299384200165e-06,3.7458469525414e-08,6.6114114235341e-05,-0.0038299384200165,0.066114124846819,-25065181.795277,16085.133981035,32449065.067641,70.926705177433,85.304661518573,69.126705177433,83.896285323588,82.539969827949,1.4684708934335e-07,0,0,48.49103897154,1.9777396366218,0,0.0028599110614291,4.8750385656699e-08,0,0.002925023139402,0,-0.0038299384200165,3.8299384200165e-06,0.0041766659494274,0.021696479916989,2.1696479916989e-15,26963260.568566,1.1071660654786,1.5342493527217e-07,0.15342493527217,-4.8750385656699e-08,-1.5723401747898e-08,3000000,26963260.568566,27754281.031331,0.00012141915435273,116.94971528101,3.8299384200165e-06,3.8299384200165e-06,0,0,3.6625497887756e-06,0,3000000,-4.7665184357152e-08,-1.5744574711648e-08,-0.053429957420363,0.066114124846819,0.69194539642297,34.776586365526,32449069.054374,100.51379999008,99126705.177433,116.89628532359,16.586735349484,17.604813084382,0,0,-16586735.349484,-17604813.084382,-100513799.99008,-99126705.177433,0.0019610285944388,-0.00016996733133053,229341.73593316,-229341.73593316
36.837598040466,3.8728881208864e-06,-0.00029417976171619,2.296,25160851.376011,12.1,25160851.376011,27402456.028738,1.0889637757125,4.2865180483171e-05,42.865180483171,2727856292018.4,52.62339865985,1.8189137514286e-05,-0.00011244021555289,9.5180321218455e-06,2.7707169636132e-05,-6.9315518120746e-06,-0.00011937176736496,-0.068847538900015,0.090739534848401,0,0,6.5009014238195e-05,3.8728881208864e-06,3.8728881208864e-06,3.9506403382957e-08,7.0614718426977e-05,-0.0038728881208864,0.070614729478184,-25160851.376011,15335.419882746,32233306.186563,70.545381290381,84.803676558176,68.745381290381,83.430504009518,82.057811235387,1.8131768698501e-07,0,0,48.388379117204,1.978777259539,0,0.0028831727720432,4.9094805856734e-08,0,0.002945688351404,0,-0.0038728881208864,3.8728881208864e-06,0.0041766659494274,0.021880609731421,2.1880609731421e-15,26763825.446326,1.0889637757125,1.5444174297131e-07,0.15444174297131,-4.9094805856734e-08,-1.5333356256481e-08,3000000,26763825.446326,27402456.028738,0.00012093535167127,116.48372137625,3.8728881208864e-06,3.8728881208864e-06,0,0,4.5222895403946e-06,0,3000000,-4.8052879534054e-08,-1.5365419129687e-08,-0.053217366733961,0.070614729478184,0.67436957987273,34.583511260547,32233309.834577,100.07469770582,98745381.290381,116.43050400952,16.687570054993,17.722272112544,0,0,-16687570.054993,-17722272.112544,-100074697.70582,-98745381.290381,0.0019610285944388,-0.00017324441004492,228427.90796302,-228427.90796302
37.062232415024,3.8447689693262e-06,-0.00029585572733596,2.296,25186329.062067,12.1,25186329.062067,27156587.740338,1.0780947459851,4.2874328533734e-05,42.874328533734,2738813912456.6,52.618122909699,1.8842100227788e-05,-0.00011223336213431,9.7155649587357e-06,2.8557665186524e-05,-6.9344429339984e-06,-0.00011916780506831,-0.069326958958442,0.090250346694845,0,0,6.7762390419996e-05,3.8447689693262e-06,3.8447689693262e-06,4.0735809973691e-08,7.3371154787111e-05,-0.0038447689693262,0.073371166095411,-25186329.062067,14917.808591346,32089846.767669,70.292298137065,84.491101970557,68.492298137065,83.121753271372,81.73949312684,1.1109480607457e-07,0,0,48.320329358987,1.9791754425176,0,0.0028850980764896,4.9107612235309e-08,0,0.0029464567341185,0,-0.0038447689693262,3.8447689693262e-06,0.0041766659494274,0.021758546095014,2.1758546095014e-15,26664673.05582,1.0780947459851,1.5429242775684e-07,0.15429242775684,-4.9107612235309e-08,-1.5120920148088e-08,3000000,26664673.05582,27156587.740338,0.00012061465457885,116.1748291438,3.8447689693262e-06,3.8447689693262e-06,0,0,2.7708431971029e-06,0,3000000,-4.8084967941494e-08,-1.5157675995735e-08,-0.053075872429815,0.073371166095411,0.66385948202269,34.455528279309,32089850.235136,99.782187147319,98492298.137065,116.12175327137,16.752805010224,17.791946067557,0,0,-16752805.010224,-17791946.067557,-99782187.147319,-98492298.137065,0.0019610285944388,-0.00017524107275711,227822.16219393,-227822.16219393
37.331793664493,3.8297325798408e-06,-0.00029786688607967,2.296,25241814.048208,12.1,25241814.048208,26877937.076867,1.0646797626951,4.2894519599164e-05,42.894519599164,2762356746573.7,52.606590192181,1.9616549329161e-05,-0.0001119422809004,9.9639176753296e-06,2.9580467004491e-05,-6.9370751243781e-06,-0.00011887935602478,-0.069874102566508,0.089629755390116,0,0,7.1136102538694e-05,3.8297325798408e-06,3.8297325798408e-06,4.2195071339726e-08,7.6745635858771e-05,-0.0038297325798408,0.076745647458283,-25241814.048208,14404.588951835,31911281.033587,69.970876249868,84.083171984651,68.170876249868,82.729078417757,81.335213114969,1.3601579639615e-07,0,0,48.233782427936,1.9798596116324,0,0.0028748345510368,4.8898748979073e-08,0,0.0029339249387444,0,-0.0038297325798408,3.8297325798408e-06,0.0041766659494274,0.021693145430139,2.1693145430139e-15,26520492.891306,1.0646797626951,1.5434797035172e-07,0.15434797035172,-4.8898748979073e-08,-1.4832541641516e-08,3000000,26520492.891306,26877937.076867,0.00012020678698212,115.78197515331,3.8297325798408e-06,3.8297325798408e-06,0,0,3.3924038167111e-06,0,3000000,-4.7913909183946e-08,-1.4874570890824e-08,-0.052896735550036,0.076745647458283,0.6512530886611,34.292757175587,31911284.284666,99.413380101742,98170876.249868,115.72907841776,16.835663134899,17.88185349122,0,0,-16835663.134899,-17881853.49122,-99413380.101742,-98170876.249868,0.0019610285944388,-0.00017766009909755,227051.76361081,-227051.76361081
37.655267163856,3.8238145502119e-06,-0.00030028027657212,2.296,25326276.893333,12.1,25326276.893333,26552244.332629,1.0482628990725,4.2925035653606e-05,42.925035653606,2798394294389.4,52.589066245319,2.0550579570647e-05,-0.00011153990061552,1.0274096191637e-05,3.0824675762284e-05,-6.9387587744225e-06,-0.00011847865938994,-0.070509896218709,0.088835974049008,0,0,7.5272635546787e-05,3.8238145502119e-06,3.8238145502119e-06,4.3910223674002e-08,8.0878283690478e-05,-0.0038238145502119,0.080878295610288,-25326276.893333,13764.062825222,31689557.969277,69.561702202783,83.557220871932,67.761702202783,82.22821436854,80.820689119725,1.6658707995594e-07,0,0,48.123390214291,1.9810033940402,0,0.0028599754997662,4.8589289923989e-08,0,0.0029153573954393,0,-0.0038238145502119,3.8238145502119e-06,0.0041766659494274,0.021667000381352,2.1667000381352e-15,26325864.448582,1.0482628990725,1.545738866861e-07,0.1545738866861,-4.8589289923989e-08,-1.4472843011874e-08,3000000,26325864.448582,26552244.332629,0.00011968654408936,115.28088240143,3.8238145502119e-06,3.8238145502119e-06,0,0,4.1548898056951e-06,0,3000000,-4.7666258329437e-08,-1.452232196974e-08,-0.052668032888278,0.080878295610288,0.63619637512588,34.085139617815,31689560.958422,98.944871034604,97761702.202783,115.22821436854,16.941013083059,17.996794377412,0,0,-16941013.083059,-17996794.377412,-98944871.034604,-97761702.202783,0.0019610285944388,-0.00018059373248277,226069.10594811,-226069.10594811
37.849351263473,3.7595788854548e-06,-0.0003017283108676,2.296,25337169.891056,12.1,25337169.891056,26318577.45919,1.0385863215267,4.2928794472072e-05,42.928794472072,2803246368089,52.586834274054,2.112665277192e-05,-0.00011126915357395,1.0450638813066e-05,3.1577291584986e-05,-6.9371996813729e-06,-0.00011820635325532,-0.070891430628357,0.088326468614299,0,0,7.7797457662139e-05,3.7595788854548e-06,3.7595788854548e-06,4.4941617032138e-08,8.3399729514225e-05,-0.0037595788854548,0.08339974162307,-25337169.891056,13432.929661816,31544649.409489,69.295454670209,83.238676218521,67.495454670209,81.901968611252,80.487283180002,1.0167795677004e-07,0,0,48.051484491778,1.9817019690206,0,0.002837222482766,4.8168428781506e-08,0,0.0028901057268904,0,-0.0037595788854548,3.7595788854548e-06,0.0041766659494274,0.021391238837265,2.1391238837265e-15,26238702.580519,1.0385863215267,1.538280007556e-07,0.1538280007556,-4.8168428781506e-08,-1.4289187682951e-08,3000000,26238702.580519,26318577.45919,0.00011934767494246,114.95448702783,3.7595788854548e-06,3.7595788854548e-06,0,0,2.535975215813e-06,0,3000000,-4.7287041379434e-08,-1.4343795794712e-08,-0.052518416578494,0.08339974162307,0.62720913207207,33.949904622476,31544652.269619,98.637525544845,97495454.670209,114.90196861125,17.008171490208,18.063017557196,0,0,-17008171.490208,-18063017.557196,-98637525.544845,-97495454.670209,0.0019610285944388,-0.00018238063592513,225429.03626488,-225429.03626488
38.082252183014,3.7113332968028e-06,-0.00030346595202217,2.296,25382347.792448,12.1,25382347.792448,26063282.670338,1.0266761445821,4.2944939421245e-05,42.944939421245,2822701711990.8,52.577487747426,2.1818607095136e-05,-0.00011091952854106,1.067381907176e-05,3.2492426166896e-05,-6.9351577011259e-06,-0.00011785468624219,-0.071338251021831,0.087692915155611,0,0,8.0875486968456e-05,3.7113332968028e-06,3.7113332968028e-06,4.6156151810444e-08,8.6471243077263e-05,-0.0037113332968028,0.086471255395753,-25382347.792448,12982.600882095,31368427.46424,68.965954321618,82.827878265396,67.165954321618,81.497960546565,80.074336341907,1.2385816497491e-07,0,0,47.962439680793,1.9826139404364,0,0.0028054695874328,4.7585144615846e-08,0,0.0028551086769507,0,-0.0037113332968028,3.7113332968028e-06,0.0041766659494274,0.021185155990852,2.1185155990852e-15,26103206.572963,1.0266761445821,1.5333625051673e-07,0.15333625051673,-4.7585144615846e-08,-1.4038967576237e-08,3000000,26103206.572963,26063282.670338,0.00011892803522213,114.5502942456,3.7113332968028e-06,3.7113332968028e-06,0,0,3.0891773067686e-06,0,3000000,-4.6757826457213e-08,-1.4099528958901e-08,-0.052333699034151,0.086471255395753,0.61646452992223,33.782435689855,31368430.150826,98.25929718595,97165954.321618,114.49796054656,17.091617979711,18.148427399227,0,0,-17091617.979711,-18148427.399227,-98259297.18595,-97165954.321618,0.0019610285944388,-0.00018453791680004,224636.40277247,-224636.40277247
38.361733286464,3.6735288730719e-06,-0.00030555112140765,2.296,25457846.090452,12.1,25457846.090452,25772235.013196,1.0121952596774,4.2971746576719e-05,42.971746576719,2855375009080.1,52.561893822027,2.2657961493505e-05,-0.0001104683393748,1.0952426232791e-05,3.3610387726297e-05,-6.9320374387463e-06,-0.00011740037681354,-0.071867536484429,0.086900485746202,0,0,8.4626313031106e-05,3.6735288730719e-06,3.6735288730719e-06,4.7571242245887e-08,9.0210425657766e-05,-0.0036735288730719,0.090210438200789,-25457846.090452,12398.345225735,31154206.567314,68.557273025244,82.307868814946,66.757273025244,80.996149991753,79.561929101806,1.5078026051641e-07,0,0,47.851838853956,1.9838995171299,0,0.0027728535719101,4.697047350253e-08,0,0.0028182284101518,0,-0.0036735288730719,3.6735288730719e-06,0.0041766659494274,0.021024158820206,2.1024158820206e-15,25917659.649504,1.0121952596774,1.5304008185955e-07,0.15304008185955,-4.697047350253e-08,-1.3727151323164e-08,3000000,25917659.649504,25772235.013196,0.00011840680881307,114.04825418066,3.6735288730719e-06,3.6735288730719e-06,0,0,3.7606479894814e-06,0,3000000,-4.6214226198501e-08,-1.3795627547188e-08,-0.052104188907904,0.090210438200789,0.60367940415557,33.574425787733,31154209.034379,97.790574489953,96757273.025244,113.99614999175,17.195343923438,18.256711816076,0,0,-17195343.923438,-18256711.816076,-97790574.489953,-96757273.025244,0.0019610285944388,-0.00018714431259458,223651.88813685,-223651.88813685
38.697110610603,3.6431769065746e-06,-0.00030805332467022,2.296,25562471.492015,12.1,25562471.492015,25431889.380559,0.99473469394016,4.30084068306e-05,43.0084068306,2901152583856.7,52.540357845862,2.3682077489328e-05,-0.0001098869816536,1.129780070376e-05,3.4979878193087e-05,-6.9272038705906e-06,-0.00011681418552419,-0.072498846319842,0.08590638400865,0,0,8.9197409867677e-05,3.6431769065746e-06,3.6431769065746e-06,4.9202290221387e-08,9.476287425537e-05,-0.0036431769065746,0.094762887028648,-25562471.492015,11677.575853346,30892506.781316,68.049387723858,81.655829693495,66.249387723858,80.371601944774,78.925035422004,1.8357789107217e-07,0,0,47.71418624834,1.9857422705433,0,0.0027401886489023,4.633037679298e-08,0,0.0027798226075788,0,-0.0036431769065746,3.6431769065746e-06,0.0041766659494274,0.020895070789522,2.0895070789522e-15,25677403.28273,0.99473469394016,1.5291480263984e-07,0.15291480263984,-4.633037679298e-08,-1.3346589808684e-08,3000000,25677403.28273,25431889.380559,0.00011775809695117,113.4234214024,3.6431769065746e-06,3.6431769065746e-06,0,0,4.5786618527445e-06,0,3000000,-4.5669810815038e-08,-1.3425668018177e-08,-0.05181945762601,0.094762887028648,0.58853956394844,33.315538889328,30892508.988417,97.207412806945,96249387.723858,113.37160194477,17.324352301854,18.392601552434,0,0,-17324352.301854,-18392601.552434,-97207412.806945,-96249387.723858,0.0019610285944388,-0.00019029522771905,222426.571756,-222426.571756
38.898337005087,3.5501143152356e-06,-0.00030955464662777,2.296,25573567.005678,12.1,25573567.005678,25182585.632878,0.98455264967872,4.3012120773644e-05,43.012120773644,2906220159467.7,52.538102147157,2.4309915550827e-05,-0.00010950638478394,1.1492233139382e-05,3.5802148690208e-05,-6.9213725371133e-06,-0.00011642775732106,-0.072874515017757,0.085275584802827,0,0,9.1979540634255e-05,3.5501143152356e-06,3.5501143152356e-06,5.017742040373e-08,9.7532920772424e-05,-0.0035501143152356,0.097532933679724,-25573567.005678,11323.052448233,30722500.376115,67.723033464347,81.267179165678,65.923033464347,79.969882917251,78.517325391338,1.1174541787049e-07,0,0,47.625645949269,1.9870382118679,0,0.0027058878353892,4.5690359347359e-08,0,0.0027414215608416,0,-0.0035501143152356,3.5501143152356e-06,0.0041766659494274,0.020503488457341,2.0503488457341e-15,25573576.168886,0.98455264967872,1.5174573942679e-07,0.15174573942679,-4.5690359347359e-08,-1.3159200885127e-08,3000000,25573576.168886,25182585.632878,0.00011734083505641,113.02151891799,3.5501143152356e-06,3.5501143152356e-06,0,0,2.7870702677146e-06,0,3000000,-4.5098130589821e-08,-1.3245760488137e-08,-0.051636000734277,0.097532933679724,0.57954745745134,33.149018805614,30722502.462721,96.829070512131,95923033.464347,112.96988291725,17.405708073009,18.469539938252,0,0,-17405708.073009,-18469539.938252,-96829070.512131,-95923033.464347,0.0019610285944388,-0.00019221381157136,221638.42918266,-221638.42918266
39.139808678467,3.4753786427159e-06,-0.00031135623297683,2.296,25625150.129133,12.1,25625150.129133,24914799.040589,0.97211908413987,4.302995515788e-05,43.02995515788,2929045776747.9,52.527521267825,2.5069382307491e-05,-0.00010903300114068,1.1737557237282e-05,3.6806939544773e-05,-6.9146089497993e-06,-0.00011594761009047,-0.073322844203608,0.084501063809369,0,0,9.5358144620194e-05,3.4753786427159e-06,3.4753786427159e-06,5.131000880012e-08,0.000100894905778,-0.0034753786427159,0.10089491882482,-25625150.129133,10837.61558926,30517706.626306,67.32490392392,80.772847452797,65.52490392392,79.479771261147,78.019462811728,1.3561824061429e-07,0,0,47.517623601218,1.9885444493519,0,0.0026621491441699,4.4883315496761e-08,0,0.0026929989298056,0,-0.0034753786427159,3.4753786427159e-06,0.0041766659494274,0.020191550904266,2.0191550904266e-15,25413239.214794,0.97211908413987,1.5087579761897e-07,0.15087579761897,-4.4883315496761e-08,-1.2899408761496e-08,3000000,25413239.214794,24914799.040589,0.00011683175925549,112.5311821973,3.4753786427159e-06,3.4753786427159e-06,0,0,3.3824882789744e-06,0,3000000,-4.4369152402831e-08,-1.2994011078512e-08,-0.051410936147988,0.10089491882482,0.56885624320479,32.945858316786,30517708.550662,96.369734521322,95524903.92392,112.47977126115,17.505441112192,18.568018113184,0,0,-17505441.112192,-18568018.113184,-96369734.521322,-95524903.92392,0.0019610285944388,-0.00019452447372134,220676.86690802,-220676.86690802
39.429574686523,3.4124358689238e-06,-0.00031351813659569,2.296,25711318.82998,12.1,25711318.82998,24613829.991417,0.95715436315927,4.305949512142e-05,43.05949512142,2967432294670.7,52.509884275874,2.5993065148377e-05,-0.00010844374713982,1.2042640485777e-05,3.8035705634154e-05,-6.9063064846791e-06,-0.0001153500536245,-0.073861769747873,0.0835471405809,0,0,9.9455335781304e-05,3.4124358689238e-06,3.4124358689238e-06,5.2608493533824e-08,0.00010496884871791,-0.0034124358689238,0.10496886190112,-25711318.82998,10221.493410893,30271451.478204,66.8389339599,80.156754588577,65.0389339599,78.881040755365,77.411371909122,1.6432986849279e-07,0,0,47.385661273289,1.9904662977941,0,0.0026188530268084,4.4067678571211e-08,0,0.0026440607142727,0,-0.0034124358689238,3.4124358689238e-06,0.0041766659494274,0.019930456643449,1.9930456643449e-15,25196367.714462,0.95715436315927,1.5023375653964e-07,0.15023375653964,-4.4067678571211e-08,-1.2574200424425e-08,3000000,25196367.714462,24613829.991417,0.00011620986395149,111.93217885943,3.4124358689238e-06,3.4124358689238e-06,0,0,4.0985921329231e-06,0,3000000,-4.3647550446806e-08,-1.2678488296333e-08,-0.051138104067348,0.10496886190112,0.55622036140671,32.697673274222,30271453.203904,95.809333510583,95038933.9599,111.88104075537,17.627562050778,18.691523903517,0,0,-17627562.050778,-18691523.903517,-95809333.510583,-95038933.9599,0.0019610285944388,-0.00019730827264421,219502.20260477,-219502.20260477
39.603434291357,3.2993363719832e-06,-0.00031481527876702,2.296,25709362.637968,12.1,25709362.637968,24389200.388835,0.94848915998348,4.3058699012803e-05,43.058699012803,2966727715205.6,52.510305678233,2.6556859701829e-05,-0.00010806406713072,1.2211851346267e-05,3.8768711048095e-05,-6.8985913580562e-06,-0.00011496265848877,-0.07418132182448,0.08294721752071,0,0,0.00010194164127572,3.2993363719832e-06,3.2993363719832e-06,5.3385341511217e-08,0.00010744058993916,-0.0032993363719832,0.10744060320227,-25709362.637968,9929.6662707739,30112418.728169,66.528902106822,79.794983366246,64.728902106822,78.498753555378,77.024886774755,9.9740678179298e-08,0,0,47.301403817956,1.9918127320182,0,0.0025798054278063,4.3351689025623e-08,0,0.0026011013415374,0,-0.0032993363719832,3.2993363719832e-06,0.0041766659494274,0.019466360844884,1.9466360844884e-15,25110135.432373,0.94848915998348,1.48739954945e-07,0.148739954945,-4.3351689025623e-08,-1.2420017286483e-08,3000000,25110135.432373,24389200.388835,0.00011581278544728,111.54971681496,3.2993363719832e-06,3.2993363719832e-06,0,0,2.4876570684745e-06,0,3000000,-4.2996757130106e-08,-1.2531151086607e-08,-0.050963259582872,0.10744060320227,0.54871759695991,32.539208048074,30112420.365339,95.448148311972,94728902.106822,111.49875355538,17.704015332067,18.760091944093,0,0,-17704015.332067,-18760091.944093,-95448148.311972,-94728902.106822,0.0019610285944388,-0.00019900249331974,218752.18381823,-218752.18381823
39.812065817158,3.2063702500927e-06,-0.0003163718493726,2.296,25749191.297737,12.1,25749191.297737,24154656.99989,0.9379131350105,4.3072227747252e-05,43.072227747252,2984609754101.5,52.502173104686,2.723731042008e-05,-0.00010760126831091,1.2426658249382e-05,3.9663968669462e-05,-6.8900448521101e-06,-0.00011449131316302,-0.074564853263028,0.082219138154687,0,0,0.00010495031207936,3.2063702500927e-06,3.2063702500927e-06,5.4283844843104e-08,0.000110430359106,-0.0032063702500927,0.11043037244805,-25749191.297737,9516.7153469453,29923018.599868,66.155427032949,79.336449079994,64.355427032949,78.038352827349,76.558697797113,1.2063237735343e-07,0,0,47.199929863875,1.9932750347601,0,0.002531158186193,4.2471589734532e-08,0,0.0025482953840719,0,-0.0032063702500927,3.2063702500927e-06,0.0041766659494274,0.019088854170087,1.9088854170087e-15,24968370.078407,0.9379131350105,1.4756896483439e-07,0.14756896483439,-4.2471589734532e-08,-1.2199366090627e-08,3000000,24968370.078407,24154656.99989,0.00011533457082822,111.08910527604,3.2063702500927e-06,3.2063702500927e-06,0,0,3.0087221351297e-06,0,3000000,-4.2185969769884e-08,-1.231741011552e-08,-0.050752448687177,0.11043037244805,0.53980790318254,32.34836329709,29923020.113216,95.015554459545,94355427.032949,111.03835282735,17.796729235836,18.848183196439,0,0,-17796729.235836,-18848183.196439,-95015554.459545,-94355427.032949,0.0019610285944388,-0.00020103727854438,217848.91215396,-217848.91215396
40.062423648118,3.126049042168e-06,-0.0003182397340993,2.296,25823654.675244,12.1,25823654.675244,23896592.287532,0.92521570595706,4.3097351142892e-05,43.097351142892,3018215662579.7,52.486994299647,2.8062820951145e-05,-0.00010703658633786,1.269413727364e-05,4.0756958224785e-05,-6.8801374223546e-06,-0.00011391672376022,-0.075028633670948,0.08133299984674,0,0,0.00010858391841871,3.126049042168e-06,3.126049042168e-06,5.5309982754633e-08,0.00011403889959413,-0.003126049042168,0.11403891300707,-25823654.675244,8988.6359149374,29697890.084124,65.705296491655,78.768999129977,63.905296491655,77.483133968224,75.996307524783,1.4558477734409e-07,0,0,47.07755765726,1.9950863376702,0,0.002484024823439,4.1604845887958e-08,0,0.0024962907532775,0,-0.003126049042168,3.126049042168e-06,0.0041766659494274,0.018765476651878,1.8765476651878e-15,24772837.730537,0.92521570595706,1.4663508628125e-07,0.14663508628125,-4.1604845887958e-08,-1.192143351853e-08,3000000,24772837.730537,23896592.287532,0.0001147578695877,110.53363240818,3.126049042168e-06,3.126049042168e-06,0,0,3.631066151106e-06,0,3000000,-4.1400413723983e-08,-1.204772939643e-08,-0.05049843995485,0.11403891300707,0.52929044707697,32.118214649487,29697891.444416,94.494683952741,93905296.491655,110.48313396822,17.908988966872,18.95846357025,0,0,-17908988.966872,-18958463.57025,-94494683.952741,-93905296.491655,0.0019610285944388,-0.0002034818645116,216759.61443486,-216759.61443486
40.362853045271,3.0542200218148e-06,-0.00032048119577134,2.296,25928645.250404,12.1,25928645.250404,23602988.855417,0.91014684145501,4.3132290656003e-05,43.132290656003,3066139547843.3,52.465668546231,2.9065807703219e-05,-0.00010634776980708,1.3023537114779e-05,4.2089344817998e-05,-6.8684175526411e-06,-0.00011321618735972,-0.07559083863618,0.08025393719101,0,0,0.00011296607280361,3.0542200218148e-06,3.0542200218148e-06,5.6467176257983e-08,0.00011838829900124,-0.0030542200218148,0.11838831246769,-25928645.250404,8359.4752366857,29429560.865731,65.162847989158,78.07658220192,63.362847989158,76.813565911508,75.318148457501,1.7546211938101e-07,0,0,46.929982481755,1.997460567483,0,0.0024393491050747,4.0759323970576e-08,0,0.0024455594382345,0,-0.0030542200218148,3.0542200218148e-06,0.0041766659494274,0.018478410925586,1.8478410925586e-15,24522890.354604,0.91014684145501,1.4589540357046e-07,0.14589540357046,-4.0759323970576e-08,-1.1582926545118e-08,3000000,24522890.354604,23602988.855417,0.00011406239589166,109.86375909889,3.0542200218148e-06,3.0542200218148e-06,0,0,4.3762443719501e-06,0,3000000,-4.0655818417912e-08,-1.1719648319992e-08,-0.050193187377886,0.11838831246769,0.51694816975009,31.840666111286,29429562.052987,93.866274447674,93362847.989158,109.81356591151,18.044699531658,19.094290576043,0,0,-18044699.531658,-19094290.576043,-93866274.447674,-93362847.989158,0.0019610285944388,-0.00020641879987969,215445.97217473,-215445.97217473
40.543110683563,2.9273980281712e-06,-0.00032182607277457,2.296,25930737.912869,12.1,25930737.912869,23380229.428479,0.90148309132817,4.31328448683e-05,43.1328448683,3067292356137.1,52.465267682902,2.9680406084511e-05,-0.00010591159675623,1.3204547189936e-05,4.2884953274448e-05,-6.8585366881481e-06,-0.00011277013344438,-0.07592872595369,0.07958028278314,0,0,0.0001156171172326,2.9273980281712e-06,2.9273980281712e-06,5.7156662905788e-08,0.00012101945566983,-0.0029273980281712,0.12101946916718,-25930737.912869,8077.7224017826,29257102.325957,64.819713358695,77.673744998723,63.019713358695,76.389649058059,74.890718138634,1.061858900102e-07,0,0,46.836549703086,1.9992808494574,0,0.0024025496363715,4.0071311244748e-08,0,0.0024042786746849,0,-0.0029273980281712,2.9273980281712e-06,0.0041766659494274,0.0179777983016,1.79777983016e-15,24423386.066713,0.90148309132817,1.4422752986405e-07,0.14422752986405,-4.0071311244748e-08,-1.1425367965841e-08,3000000,24423386.066713,23380229.428479,0.00011362207698112,109.43964832744,2.9273980281712e-06,2.9273980281712e-06,0,0,2.6484087002824e-06,0,3000000,-4.0042493939526e-08,-1.156979334287e-08,-0.049999269381175,0.12101946916718,0.50965189422819,31.664944611713,29257103.441063,93.464125790677,93019713.358695,109.38964905806,18.128995220061,19.168920200345,0,0,-18128995.220061,-19168920.200345,-93464125.790677,-93019713.358695,0.0019610285944388,-0.00020820399579345,214614.2791334,-214614.2791334
40.759419849513,2.8212473769059e-06,-0.00032343992517844,2.296,25976737.110756,12.1,25976737.110756,23149283.781568,0.89099742596766,4.3147965653861e-05,43.147965653861,3088509368565.3,52.455954168736,3.0419272484822e-05,-0.00010538641566923,1.3433347902129e-05,4.3852620386951e-05,-6.847709017121e-06,-0.00011223412468635,-0.076334548677631,0.078769698642919,0,0,0.00011881384096746,2.8212473769059e-06,2.8212473769059e-06,5.7946383087813e-08,0.00012419142434752,-0.0028212473769059,0.1241914378661,-25976737.110756,7687.1346977576,29052664.545987,64.409620195983,77.168949837356,62.609620195983,75.883298155681,74.379222375673,1.2799754513405e-07,0,0,46.724948167535,2.0012446919218,0,0.0023549149352193,3.9199790590972e-08,0,0.0023519874354583,0,-0.0028212473769059,2.8212473769059e-06,0.0041766659494274,0.017563974524401,1.7563974524401e-15,24265549.402288,0.89099742596766,1.4289477629527e-07,0.14289477629527,-3.9199790590972e-08,-1.1199076831032e-08,3000000,24265549.402288,23149283.781568,0.00011309613431841,108.93306561415,2.8212473769059e-06,2.8212473769059e-06,0,0,3.1924186171952e-06,0,3000000,-3.9248582253655e-08,-1.1351199094416e-08,-0.04976745846939,0.1241914378661,0.50102635437783,31.455052650228,29052665.562969,92.986292003149,92609620.195983,108.88329815568,18.23039782031,19.263901197729,0,0,-18230397.82031,-19263901.197729,-92986292.003149,-92609620.195983,0.0019610285944388,-0.00021034379086003,213620.85667672,-213620.85667672
41.018990848653,2.7282312851593e-06,-0.00032537654806308,2.296,26058866.147739,12.1,26058866.147739,22897200.822147,0.87851761669024,4.3174756404174e-05,43.174756404174,3126616852323.9,52.439357549648,3.1310991303272e-05,-0.0001047544754197,1.3717069681596e-05,4.5028060984869e-05,-6.8354630601168e-06,-0.00011158993847981,-0.076825211685352,0.077793091893497,0,0,0.00012265892823795,2.7282312851593e-06,2.7282312851593e-06,5.8837969935877e-08,0.00012800508438977,-0.0027282312851593,0.1280050979123,-26058866.147739,7197.8686980552,28811236.08811,63.919937525389,76.551056530809,62.119937525389,75.278539807958,73.767886449593,1.538739635416e-07,0,0,46.591657281854,2.0036136083943,0,0.0023084038423791,3.8334870164366e-08,0,0.002300092209862,0,-0.0027282312851593,2.7282312851593e-06,0.0041766659494274,0.017205177046927,1.7205177046927e-15,24051865.009032,0.87851761669024,1.4181095913332e-07,0.14181095913332,-3.8334870164366e-08,-1.0914664978129e-08,3000000,24051865.009032,22897200.822147,0.00011246797689457,108.32803066508,2.7282312851593e-06,2.7282312851593e-06,0,0,3.8378088064919e-06,0,3000000,-3.8473397372985e-08,-1.1075623024084e-08,-0.049490857120261,0.1280050979123,0.49089705410831,31.204368953939,28811236.987227,92.416426496362,92119937.525389,108.27853980796,18.352051075797,19.381656405482,0,0,-18352051.075797,-19381656.405482,-92416426.496362,-92119937.525389,0.0019610285944388,-0.00021290857116851,212434.36620012,-212434.36620012
41.330476047621,2.6442823201533e-06,-0.00032770049552465,2.296,26172394.779679,12.1,26172394.779679,22612931.551412,0.86384813972625,4.3211244840369e-05,43.211244840369,3179939456687.1,52.416503015819,3.2387735936928e-05,-0.00010399551834194,1.4064912005939e-05,4.6452647942867e-05,-6.821457154361e-06,-0.0001108169754963,-0.07741961200238,0.076617471582725,0,0,0.00012727447828212,2.6442823201533e-06,2.6442823201533e-06,5.9830515491494e-08,0.00013258110517128,-0.0026442823201533,0.13258111867128,-26172394.779679,6628.3079634621,28525932.060897,63.336189618794,75.805751656212,61.536189618794,74.557332728021,73.038614701566,1.846161236492e-07,0,0,46.432700682402,2.0066143492029,0,0.0022640961909998,3.7486984510548e-08,0,0.0022492190706329,0,-0.0026442823201533,2.6442823201533e-06,0.0041766659494274,0.016884400817787,1.6884400817787e-15,23782603.395696,0.86384813972625,1.409343681022e-07,0.1409343681022,-3.7486984510548e-08,-1.0570319457115e-08,3000000,23782603.395696,22612931.551412,0.00011171886606232,107.60649460256,2.6442823201533e-06,2.6442823201533e-06,0,0,4.6045566697704e-06,0,3000000,-3.7734936516664e-08,-1.0742045418435e-08,-0.049161874541156,0.13258111867128,0.47908105956974,30.905415070509,28525932.830977,91.736469694793,91536189.618794,107.55733272802,18.497574917228,19.525158035239,0,0,-18497574.917228,-19525158.035239,-91736469.694793,-91536189.618794,0.0019610285944388,-0.00021598162946234,211019.41205318,-211019.41205318
41.517367167002,2.50279380447e-06,-0.0003290948640016,2.296,26174317.950452,12.1,26174317.950452,22395069.276882,0.85546217075887,4.3211712658283e-05,43.211712658283,3181065773765,52.416142088154,3.3050764724318e-05,-0.000103521837551,1.4254274294114e-05,4.7305039018432e-05,-6.8101385895917e-06,-0.0001103319761406,-0.07778265201302,0.075887963107597,0,0,0.00013005897916255,2.50279380447e-06,2.50279380447e-06,6.0421896871487e-08,0.00013534205958996,-0.00250279380447,0.13534207307728,-26174317.950452,6393.1256058623,28343349.914811,62.96926167372,75.37509347308,61.16926167372,74.103616412312,72.581858787422,1.1143048557286e-07,0,0,46.332699996514,2.0090197417071,0,0.0022306858724014,3.6845758647357e-08,0,0.0022107455188414,0,-0.00250279380447,2.50279380447e-06,0.0041766659494274,0.016351305799111,1.6351305799111e-15,23676386.332265,0.85546217075887,1.3908499801914e-07,0.13908499801914,-3.6845758647357e-08,-1.0412284469517e-08,3000000,23676386.332265,22395069.276882,0.00011124759440402,107.152570454,2.50279380447e-06,2.50279380447e-06,0,0,2.7792154631325e-06,0,3000000,-3.7178097873357e-08,-1.0592161755367e-08,-0.048954041692454,0.13534207307728,0.47212273110543,30.717341134006,28343350.635828,91.303643907024,91169261.673721,107.10361641231,18.587402886299,19.603211728427,0,0,-18587402.886299,-19603211.728427,-91303643.907024,-91169261.673721,0.0019610285944388,-0.00021784726959758,210129.25470406,-210129.25470406
41.741636510259,2.383504064853e-06,-0.00033076810617393,2.296,26222976.587126,12.1,26222976.587126,22172332.395114,0.84538294703523,4.3227146197884e-05,43.227146197884,3204177425689.5,52.406380164639,3.3842531767024e-05,-0.00010295695496279,1.4493309360734e-05,4.8335841127759e-05,-6.7979418448162e-06,-0.00010975489680761,-0.078216544506005,0.075017489275187,0,0,0.00013340545952909,2.383504064853e-06,2.383504064853e-06,6.1093749813668e-08,0.00013865986991963,-0.002383504064853,0.13865988337863,-26222976.587126,6058.4581001947,28128227.664673,62.534064366798,74.839461597849,60.734064366798,73.565935025617,72.039400356733,1.33887661372e-07,0,0,46.214193111051,2.0115353328885,0,0.0021848237565704,3.5998474884897e-08,0,0.0021599084930938,0,-0.002383504064853,2.383504064853e-06,0.0041766659494274,0.015908480410979,1.5908480410979e-15,23508995.385086,0.84538294703523,1.3759439026579e-07,0.13759439026579,-3.5998474884897e-08,-1.018404690291e-08,3000000,23508995.385086,22172332.395114,0.00011068910940258,106.61464328547,2.383504064853e-06,2.383504064853e-06,0,0,3.3393254716143e-06,0,3000000,-3.6413729276173e-08,-1.0371674881619e-08,-0.048708259851765,0.13865988337863,0.46393075072728,30.49446209819,28128228.31713,90.793545932338,90734064.366798,106.56593502562,18.694664010065,19.702024535766,0,0,-18694664.010065,-19702024.535766,-90793545.932338,-90734064.366798,0.0019610285944388,-0.00022007899677135,209074.36418925,-209074.36418925
42.010759722167,2.2786061385428e-06,-0.00033277599678073,2.296,26309590.663607,12.1,26309590.663607,21932304.488143,0.83347965533258,4.3254398402748e-05,43.254398402748,3245572050520.5,52.38903862009,3.4791562060016e-05,-0.00010228486531825,1.4789045319264e-05,4.9580607379281e-05,-6.7844805742614e-06,-0.00010906934589251,-0.078738961542996,0.073978526606569,0,0,0.00013741492179285,2.2786061385428e-06,2.2786061385428e-06,6.1844693676851e-08,0.0001426337684551,-0.0022786061385428,0.14263378186274,-26309590.663607,5637.6855921473,27876186.606272,62.019082296938,74.189571534962,60.219082296938,72.929683963426,71.396846427622,1.6034103584814e-07,0,0,46.073961119357,2.0144777413953,0,0.002139398474901,3.5147780767774e-08,0,0.0021088668460665,0,-0.0022786061385428,2.2786061385428e-06,0.0041766659494274,0.015524079937661,1.5524079937661e-15,23284148.730039,0.83347965533258,1.3637291003027e-07,0.13637291003027,-3.5147780767774e-08,-9.8983625845852e-09,3000000,23284148.730039,21932304.488143,0.00011002824075849,105.97810121617,2.2786061385428e-06,2.2786061385428e-06,0,0,3.9991056655501e-06,0,3000000,-3.565664124835e-08,-1.0094604091002e-08,-0.048417252746418,0.14263378186274,0.45435713817239,30.230724080123,27876187.176355,90.190894921806,90219082.296938,105.92968396343,18.822235869316,19.823646037624,0,0,-18822235.869316,-19823646.037624,-90190894.921806,-90219082.296938,0.0019610285944388,-0.00022274775602224,207826.08737115,-207826.08737115
42.333707576457,2.1839640791229e-06,-0.00033518546550889,2.296,26428496.824333,12.1,26428496.824333,21664773.416947,0.81961073222321,4.3291236774971e-05,43.291236774971,3303123832303.6,52.365325861585,3.5929451455741e-05,-0.00010148815683607,1.5150460649043e-05,5.1079912104784e-05,-6.7695585484715e-06,-0.00010825771538454,-0.079369626269678,0.072740868057132,0,0,0.00014220594491328,2.1839640791229e-06,2.1839640791229e-06,6.2671413100834e-08,0.0001473810395471,-0.0021839640791229,0.1473810528721,-26428496.824333,5152.9762741722,27581216.403193,61.411628470075,73.41372541729,59.611628470075,72.179039989048,70.638316389488,1.9152093772408e-07,0,0,45.90851652392,2.0180995115815,0,0.0020957749920957,3.4308614044354e-08,0,0.0020585168426613,0,-0.0021839640791229,2.1839640791229e-06,0.0041766659494274,0.015181316233578,1.5181316233578e-15,23003494.912025,0.81961073222321,1.3537792431257e-07,0.13537792431257,-3.4308614044354e-08,-9.5553545230175e-09,3000000,23003494.912025,21664773.416947,0.00010924855412308,105.22711484581,2.1839640791229e-06,2.1839640791229e-06,0,0,4.7767713553334e-06,0,3000000,-3.4929583201595e-08,-9.7619709306743e-09,-0.04807485676298,0.1473810528721,0.4432513279083,29.919568050937,27581216.884557,89.479471691232,89611628.470075,105.17903998905,18.973312080587,19.970522466987,0,0,-18973312.080587,-19970522.466987,-89479471.691232,-89611628.470075,0.0019610285944388,-0.00022593691138581,206353.38024726,-206353.38024726
42.527476289032,2.0300762296514e-06,-0.00033663114674578,2.296,26429598.265639,12.1,26429598.265639,21457181.030256,0.81172354206608,4.3291424717744e-05,43.291424717744,3303901077185.1,52.365133694896,3.6633685529012e-05,-0.00010099719614485,1.5345522359991e-05,5.1979207889003e-05,-6.7576780528255e-06,-0.00010775487419767,-0.079760935966508,0.071976757625683,0,0,0.00014508841825825,2.0300762296514e-06,2.0300762296514e-06,6.3165627361598e-08,0.00015023779795874,-0.0020300762296514,0.15023781123734,-26429598.265639,4974.5588164461,27393228.093364,61.031864591128,72.968477638656,59.231864591128,71.70935677511,70.165822740474,1.1529331061924e-07,0,0,45.804996677008,2.0210351735711,0,0.002065903877662,3.3722375277183e-08,0,0.002023342516631,0,-0.0020300762296514,2.0300762296514e-06,0.0041766659494274,0.014632591155049,1.4632591155049e-15,22894355.079212,0.81172354206608,1.333794042813e-07,0.1333794042813,-3.3722375277183e-08,-9.3999743450045e-09,3000000,22894355.079212,21457181.030256,0.00010876069771466,104.75721643178,2.0300762296514e-06,2.0300762296514e-06,0,0,2.8755591434131e-06,0,3000000,-3.4431731294366e-08,-9.6144800170683e-09,-0.047859656669743,0.15023781123734,0.43673432645442,29.72487553516,27393228.545049,89.028567670656,89231864.591128,104.70935677511,19.066041850654,20.049560177993,0,0,-19066041.850654,-20049560.177993,-89028567.670656,-89231864.591128,0.0019610285944388,-0.00022787044903113,205431.89704251,-205431.89704251
42.75999874412,1.899854992794e-06,-0.00033836596423006,2.296,26479611.612938,12.1,26479611.612938,21248320.361005,0.80230550829456,4.3306707983906e-05,43.306707983906,3328391059573.2,52.355195254649,3.7468744902893e-05,-0.00010041655340423,1.559155340985e-05,5.3060298312743e-05,-6.745149775485e-06,-0.00010716170317972,-0.080225654375712,0.071072043886268,0,0,0.00014854145881399,1.899854992794e-06,1.899854992794e-06,6.3723451097997e-08,0.00015365999048226,-0.001899854992794,0.15366000369545,-26479611.612938,4705.6738099521,27173227.034945,60.584852252209,72.418288445632,58.784852252209,71.157065457696,69.608874950208,1.3809231999383e-07,0,0,45.683269710974,2.0240842911028,0,0.0020223496580217,3.2913138036125e-08,0,0.0019747882821675,0,-0.001899854992794,1.899854992794e-06,0.0041766659494274,0.014176268307636,1.4176268307636e-15,22722393.655704,0.80230550829456,1.3176127674865e-07,0.13176127674865,-3.2913138036125e-08,-9.1750128573184e-09,3000000,22722393.655704,21248320.361005,0.00010818703751407,104.20467266317,1.899854992794e-06,1.899854992794e-06,0,0,3.4441949082787e-06,0,3000000,-3.3705827633695e-08,-9.3968473183148e-09,-0.047607205477604,0.15366000369545,0.42909123765906,29.495940408594,27173227.442393,88.501425780634,88784852.252209,104.1570654577,19.175977302002,20.149207264475,0,0,-19175977.302002,-20149207.264475,-88501425.780634,-88784852.252209,0.0019610285944388,-0.00023017892671599,204348.34294047,-204348.34294047
43.039025690227,1.7853709737516e-06,-0.00034044774521119,2.296,26568815.184473,12.1,26568815.184473,21026403.767523,0.79126295198798,4.3333746174831e-05,43.333746174831,3372343094446,52.337505076402,3.8462753117588e-05,-9.9732565263777e-05,1.5895412575792e-05,5.435816569338e-05,-6.7317041756397e-06,-0.00010646426943942,-0.080782198554933,0.070001459614136,0,0,0.00015266311032471,1.7853709737516e-06,1.7853709737516e-06,6.4341768728681e-08,0.00015774397087984,-0.0017853709737516,0.15774398400194,-26568815.184473,4361.4238399594,26917633.917005,60.060600282247,71.756201860927,58.260600282247,70.509437462333,68.954965036908,1.6476891568329e-07,0,0,45.540530202841,2.0275907113621,0,0.0019785546375547,3.2090510610203e-08,0,0.0019254306366122,0,-0.0017853709737516,1.7853709737516e-06,0.0041766659494274,0.01378122190105,1.378122190105e-15,22492669.297801,0.79126295198798,1.3043220481346e-07,0.13043220481346,-3.2090510610203e-08,-8.8949874214428e-09,3000000,22492669.297801,21026403.767523,0.00010751435224666,103.55674894046,1.7853709737516e-06,1.7853709737516e-06,0,0,4.1095425181093e-06,0,3000000,-3.2975910625911e-08,-9.1249314447253e-09,-0.04731147812538,0.15774398400194,0.42019829772244,29.227486437997,26917634.270342,87.884301370539,88260600.282247,103.50943746233,19.305635245339,20.271067393155,0,0,-19305635.245339,-20271067.393155,-87884301.370539,-88260600.282247,0.0019610285944388,-0.00023293339296453,203077.74543359,-203077.74543359
43.206441857891,1.6258323821562e-06,-0.00034169681379986,2.296,26556428.346591,12.1,26556428.346591,20849894.23996,0.78498679235453,4.3329877909402e-05,43.329877909402,3366435747584,52.339982580161,3.9079926605306e-05,-9.9312735233909e-05,1.605709169351e-05,5.5137018298816e-05,-6.7209481676616e-06,-0.00010603368340157,-0.081130032140063,0.069341026298065,0,0,0.00015514046714361,1.6258323821562e-06,1.6258323821562e-06,6.4715237025677e-08,0.00016019913683848,-0.0016258323821562,0.16019914990991,-26556428.346591,4249.394468963,26754802.908866,59.732534439483,71.37944049944,57.932534439483,70.103840560518,68.547353008154,9.9090901566399e-08,0,0,45.451135206516,2.0303601289729,0,0.0019503279491459,3.1547674356831e-08,0,0.0018928604614098,0,-0.0016258323821562,1.6258323821562e-06,0.0041766659494274,0.013240139051865,1.3240139051865e-15,22411510.09993,0.78498679235453,1.2832058582584e-07,0.12832058582584,-3.1547674356831e-08,-8.7718387074865e-09,3000000,22411510.09993,20849894.23996,0.00010709306199065,103.15096637877,1.6258323821562e-06,1.6258323821562e-06,0,0,2.4714508283081e-06,0,3000000,-3.2505465819098e-08,-9.0078320079459e-09,-0.04712581825622,0.16019914990991,0.41496630078696,29.059358902539,26754803.246326,87.492477946041,87932534.439483,103.10384056052,19.385181431328,20.335550113827,0,0,-19385181.431328,-20335550.113827,-87492477.946041,-87932534.439483,0.0019610285944388,-0.00023460375180921,202281.99476201,-202281.99476201
43.407341259088,1.4906629739635e-06,-0.00034319569610628,2.296,26591783.388759,12.1,26591783.388759,20677476.791737,0.77746173710165,4.3340503880812e-05,43.340503880812,3383983718350.9,52.332986700888,3.9807480677486e-05,-9.8818064103323e-05,1.6263387145455e-05,5.6070867822941e-05,-6.7098546183264e-06,-0.00010552791872165,-0.081540190228028,0.06856269166678,0,0,0.00015810529148036,1.4906629739635e-06,1.4906629739635e-06,6.5137583450214e-08,0.00016313744157789,-0.0014906629739635,0.16313745458197,-26591783.388759,4053.0298056069,26565461.083884,59.348433707979,70.911267870903,57.548433707979,69.629496771002,68.069293501008,1.1856828693071e-07,0,0,45.346588152209,2.0331659609167,0,0.0019085277574775,3.0787692550125e-08,0,0.0018472615530075,0,-0.0014906629739635,1.4906629739635e-06,0.0041766659494274,0.012790396409786,1.2790396409786e-15,22271390.271541,0.77746173710165,1.2659247147363e-07,0.12659247147363,-3.0787692550125e-08,-8.5876839679825e-09,3000000,22271390.271541,20677476.791737,0.0001066003652116,102.67640576816,1.4906629739635e-06,1.4906629739635e-06,0,0,2.9572411423627e-06,0,3000000,-3.1808795957958e-08,-8.8289778856969e-09,-0.046908997155967,0.16313745458197,0.40881811317462,28.86273449063,26565461.393065,87.037524845678,87548433.707979,102.629496771,19.479140206971,20.417925940645,0,0,-19479140.206971,-20417925.940645,-87037524.845678,-87548433.707979,0.0019610285944388,-0.00023659533089468,201351.36785787,-201351.36785787
43.648420540524,1.3715205863362e-06,-0.00034499435487397,2.296,26665229.276352,12.1,26665229.276352,20498422.461984,0.76860878873044,4.3362456742981e-05,43.362456742981,3420580964234.6,52.318473117777,4.0670263509406e-05,-9.823741627159e-05,1.651979658357e-05,5.7190060092976e-05,-6.698169030563e-06,-0.00010493558530215,-0.08202938460764,0.067644958057005,0,0,0.00016164056044884,1.3715205863362e-06,1.3715205863362e-06,6.5606942704446e-08,0.00016664036338402,-0.0013715205863362,0.16664037629887,-26665229.276352,3785.5899881683,26346759.667418,58.900032321291,70.346677712835,57.100032321291,69.075801680263,67.510445930149,1.4132390824988e-07,0,0,45.224551789554,2.0363349078524,0,0.0018666717018893,3.0020406333663e-08,0,0.0018012243800198,0,-0.0013715205863362,1.3715205863362e-06,0.0041766659494274,0.012400686090299,1.2400686090299e-15,22077742.319241,0.76860878873044,1.2514948155145e-07,0.12514948155145,-3.0020406333663e-08,-8.3568804803312e-09,3000000,22077742.319241,20498422.461984,0.00010602524686118,102.12245752422,1.3715205863362e-06,1.3715205863362e-06,0,0,3.5247947549438e-06,0,3000000,-3.1111195031488e-08,-8.60414973197e-09,-0.046655843959229,0.16664037629887,0.40164652354081,28.633217473649,26346759.939381,86.507750106128,87100032.321291,102.07580168026,19.589586391141,20.519385073302,0,0,-19589586.391141,-20519385.073302,-86507750.106128,-87100032.321291,0.0019610285944388,-0.00023896910801279,200265.05965794,-200265.05965794
43.937715678247,1.2637543616882e-06,-0.00034715274539521,2.296,26769838.896891,12.1,26769838.896891,20303900.0651,0.75834291247152,4.3393305172491e-05,43.393305172491,3473283343195,52.297872381773,4.1695180191228e-05,-9.755935624766e-05,1.6833482767034e-05,5.8528662958262e-05,-6.6858650962686e-06,-0.00010424522134393,-0.082616002425638,0.066565097354723,0,0,0.0001658426845447,1.2637543616882e-06,1.2637543616882e-06,6.6120428407677e-08,0.00017080330219142,-0.0012637543616882,0.17080331498951,-26769838.896891,3467.2744525185,26094708.229484,58.378723645927,69.679437821847,56.578723645927,68.431945643669,66.860010253927,1.6792052339732e-07,0,0,45.082643634517,2.0401298688273,0,0.0018264946757121,2.9267093312929e-08,0,0.0017560255987757,0,-0.0012637543616882,1.2637543616882e-06,0.0041766659494274,0.012053733152412,1.2053733152412e-15,21834523.626533,0.75834291247152,1.2394020554952e-07,0.12394020554952,-2.9267093312929e-08,-8.0820135313959e-09,3000000,21834523.626533,20303900.0651,0.00010535647966822,101.47830765163,1.2637543616882e-06,1.2637543616882e-06,0,0,4.1881475501778e-06,0,3000000,-3.0441577928534e-08,-8.3369488539183e-09,-0.04636200796034,0.17080331498951,0.39334145186379,28.366327050823,26094708.459838,85.891445573479,86578723.645927,101.43194564367,19.718713392,20.641344205521,0,0,-19718713.392,-20641344.205521,-85891445.573479,-86578723.645927,0.0019610285944388,-0.00024179626572699,199001.86245099,-199001.86245099
44.111292760881,1.1069771796889e-06,-0.00034844777970795,2.296,26764743.259931,12.1,26764743.259931,20144400.84656,0.75252950661332,4.339167976202e-05,43.39167976202,3470934319033.7,52.298898839028,4.2335048658271e-05,-9.7147741008948e-05,1.6999897302172e-05,5.9334945960443e-05,-6.6758762461966e-06,-0.00010382361725514,-0.082987731098976,0.065901262621318,0,0,0.00016836220000074,1.1069771796889e-06,1.1069771796889e-06,6.6430982627947e-08,0.00017329995100157,-0.0011069771796889,0.17329996373404,-26764743.259931,3372.3227107775,25934669.45929,58.054160382668,69.302475531319,56.254160382668,68.030698733808,66.456642588947,1.0074295067012e-07,0,0,44.994207391853,2.0430446330425,0,0.001803173160875,2.8812655817922e-08,0,0.0017287593490753,0,-0.0011069771796889,1.1069771796889e-06,0.0041766659494274,0.011557533678035,1.1557533678035e-15,21747191.914418,0.75252950661332,1.2189177734687e-07,0.12189177734687,-2.8812655817922e-08,-7.962432418568e-09,3000000,21747191.914418,20144400.84656,0.00010493970760832,101.07687697126,1.1069771796889e-06,1.1069771796889e-06,0,0,2.5126549960092e-06,0,3000000,-3.0052886014584e-08,-8.2227010505645e-09,-0.04617823744799,0.17329996373404,0.38846904551652,28.20000266875,25934669.678544,85.501450994015,86254160.382668,101.03069873381,19.797517793722,20.705346322064,0,0,-19797517.793722,-20705346.322064,-85501450.994015,-86254160.382668,0.0019610285944388,-0.00024350807209963,198214.64613705,-198214.64613705
44.319585260042,9.733315089864e-07,-0.00035000182088324,2.296,26805353.593155,12.1,26805353.593155,19989300.033324,0.74560584576903,4.340351461378e-05,43.40351461378,3491602389611.6,52.290925980302,4.3086305081426e-05,-9.6665333511613e-05,1.7210948107083e-05,6.0297253188508e-05,-6.6658099989514e-06,-0.00010333114351056,-0.083424574547747,0.065122628555738,0,0,0.00017137003302298,9.733315089864e-07,9.733315089864e-07,6.678072859342e-08,0.00017628079130039,-0.0009733315089864,0.17628080394971,-26805353.593155,3209.0555051105,25749228.153016,57.67617587471,68.838324806513,55.87617587471,67.563945810575,65.986070025357,1.202581059247e-07,0,0,44.89133339141,2.0462226285011,0,0.0017665861324114,2.8142291520725e-08,0,0.0016885374912435,0,-0.0009733315089864,9.733315089864e-07,0.0041766659494274,0.01114316191145,1.114316191145e-15,21603581.553005,0.74560584576903,1.2021022064374e-07,0.12021022064374,-2.8142291520725e-08,-7.7854814939412e-09,3000000,21603581.553005,19989300.033324,0.00010445489537562,100.60991067685,9.733315089864e-07,9.733315089864e-07,0,0,2.9993873382937e-06,0,3000000,-2.9443102206856e-08,-8.0510861548697e-09,-0.045964866271689,0.17628080394971,0.38275864110129,28.00652481352,25749228.352984,85.050795688387,85876175.87471,100.56394581058,19.890105849353,20.786367634605,0,0,-19890105.849353,-20786367.634605,-85050795.688387,-85876175.87471,0.0019610285944388,-0.00024554692550761,197298.91194268,-197298.91194268
44.569536259035,8.5532365680407e-07,-0.00035186667029358,2.296,26882422.294122,12.1,26882422.294122,19828967.329417,0.73750752579307,4.3425839061152e-05,43.425839061152,3530997013482.3,52.275817734911,4.3973115081038e-05,-9.6102891259944e-05,1.747219631995e-05,6.1445311400988e-05,-6.6555337211469e-06,-0.00010275842498109,-0.083943530659359,0.064209689447092,0,0,0.00017494744165805,8.5532365680407e-07,8.5532365680407e-07,6.7167487841178e-08,0.00017982572436661,-0.00085532365680407,0.17982573691062,-26882422.294122,2988.7238582501,25536065.073252,57.237676612251,68.283219347957,55.437676612251,67.022573728955,65.439396190212,1.4298614551526e-07,0,0,44.772013063689,2.0498718675979,0,0.0017294540866525,2.7455002526634e-08,0,0.0016473001515981,0,-0.00085532365680407,8.5532365680407e-07,0.0041766659494274,0.010784040651705,1.0784040651705e-15,21409237.892843,0.73750752579307,1.1880798415106e-07,0.11880798415106,-2.7455002526634e-08,-7.56492858851e-09,3000000,21409237.892843,19828967.329417,0.00010389257715892,100.0682913937,8.5532365680407e-07,8.5532365680407e-07,0,0,3.5662530281195e-06,0,3000000,-2.8824234777541e-08,-7.8368635885741e-09,-0.045717664747912,0.17982573691062,0.37611591856596,27.782115915322,25536065.248151,84.529121625063,85437676.612251,100.02257372896,19.998280422039,20.88534749534,0,0,-19998280.422039,-20885347.49534,-84529121.625063,-85437676.612251,0.0019610285944388,-0.00024797409313466,196236.78056151,-196236.78056151
44.869477457827,7.4893369302132e-07,-0.000354104489586,2.296,26989211.296147,12.1,26989211.296147,19655556.507374,0.72816839019696,4.345635195076e-05,43.45635195076,3586193270163.4,52.254956015441,4.5021594586992e-05,-9.5451475742848e-05,1.7790769383372e-05,6.2812363970365e-05,-6.6451628987012e-06,-0.00010209663864155,-0.08456346205447,0.063142292372111,0,0,0.00017918832395926,7.4893369302132e-07,7.4893369302132e-07,6.7588756482181e-08,0.00018402778312683,-0.00074893369302132,0.18402779553865,-26989211.296147,2730.4127658051,25291935.893584,56.731562998871,67.632609198043,54.931562998871,66.397667859152,64.807679789013,1.6945728406557e-07,0,0,44.634281592653,2.0542389456459,0,0.0016935084832136,2.6773001987324e-08,0,0.0016063801192394,0,-0.00074893369302132,7.4893369302132e-07,0.0041766659494274,0.010465920507658,1.0465920507658e-15,21168410.331954,0.72816839019696,1.1764189780338e-07,0.11764189780338,-2.6773001987324e-08,-7.3038108431813e-09,3000000,21168410.331954,19655556.507374,0.00010324349308014,99.44310009986,7.4893369302132e-07,7.4893369302132e-07,0,0,4.2264762803279e-06,0,3000000,-2.8225141386893e-08,-7.5838297109211e-09,-0.04543224070801,0.18402779553865,0.36844519884396,27.523080692634,25291936.040966,83.926379444172,84931562.998871,99.397667859152,20.123883209857,21.003356759977,0,0,-20123883.209857,-21003356.759977,-83926379.444172,-84931562.998871,0.0019610285944388,-0.00025086099650586,195010.76215914,-195010.76215914
45.049442177102,5.9236274688919e-07,-0.00035544718116145,2.296,26985370.798445,12.1,26985370.798445,19510284.949711,0.72289020544482,4.345512929571e-05,43.45512929571,3584442787483.2,52.255730201833,4.5679532686453e-05,-9.5059940623567e-05,1.795921613059e-05,6.3638748817043e-05,-6.6364079213599e-06,-0.00010169634854493,-0.084960572311304,0.062487704153252,0,0,0.0001817268856965,5.9236274688919e-07,5.9236274688919e-07,6.7845770064725e-08,0.00018654390874447,-0.00059236274688919,0.18654392108218,-26985370.798445,2668.5903331131,25137152.428753,56.417330633901,67.266943880665,54.617330633901,66.009284976615,64.417057489834,1.015028117797e-07,0,0,44.548680627257,2.0574717602645,0,0.0016748523375848,2.6397116854859e-08,0,0.0015838270112915,0,-0.00059236274688919,5.9236274688919e-07,0.0041766659494274,0.010005683692766,1.0005683692766e-15,21082688.744607,0.72289020544482,1.1561864580939e-07,0.11561864580939,-2.6397116854859e-08,-7.1915612301439e-09,3000000,21082688.744607,19510284.949711,0.00010284008272007,99.054539275147,5.9236274688919e-07,5.9236274688919e-07,0,0,2.5316068809854e-06,0,3000000,-2.7914205626414e-08,-7.4767409974352e-09,-0.045254298531987,0.18654392108218,0.3639529927448,27.362088691553,25137152.570404,83.545511705253,84617330.633901,99.009284976615,20.200273144067,21.06468305159,0,0,-20200273.144067,-21064683.05159,-83545511.705253,-84617330.633901,0.0019610285944388,-0.00025260709844138,194248.78410106,-194248.78410106
45.265399840232,4.5906058150096e-07,-0.00035705841105199,2.296,27026713.707686,12.1,27026713.707686,19370929.284668,0.71663075846631,4.346679739849e-05,43.46679739849,3606038772537.3,52.247679454854,4.6448309247852e-05,-9.4603327573032e-05,1.8172420962056e-05,6.4620730209908e-05,-6.6279378656141e-06,-0.00010123126543865,-0.085424994883215,0.061723620025702,0,0,0.00018475205732024,4.5906058150096e-07,4.5906058150096e-07,6.8134913222336e-08,0.00018954282702811,-0.00045906058150096,0.18954283927433,-27026713.707686,2546.7156421169,24958616.461361,56.053268839758,66.818634423262,54.253268839758,65.559898821769,63.963669845148,1.2095526998279e-07,0,0,44.449634324188,2.0611032719613,0,0.0016426141185183,2.5800412362034e-08,0,0.001548024741722,0,-0.00045906058150096,4.5906058150096e-07,0.0041766659494274,0.0096225964602225,9.6225964602225e-16,20942275.972507,0.71663075846631,1.139633333402e-07,0.1139633333402,-2.5800412362034e-08,-7.0245403441236e-09,3000000,20942275.972507,19370929.284668,0.00010237330916005,98.604947649869,4.5906058150096e-07,4.5906058150096e-07,0,0,3.0167754805105e-06,0,3000000,-2.7376901975306e-08,-7.3150911083957e-09,-0.045048828099581,0.18954283927433,0.35869793903587,27.175809688077,24958616.591292,83.107755156539,84253268.839758,98.559898821769,20.289598994609,21.142101694334,0,0,-20289598.994609,-21142101.694334,-83107755.156539,-84253268.839758,0.0019610285944388,-0.00025468510189194,193367.12220247,-193367.12220247
45.524549035987,3.401239743802e-07,-0.00035899188692064,2.296,27109849.898088,12.1,27109849.898088,19232512.227327,0.70933166983352,4.3490161995138e-05,43.490161995138,3649561593256.5,52.231505376295,4.7352857009326e-05,-9.4074826788491e-05,1.8435714499992e-05,6.5788571509318e-05,-6.6196748950681e-06,-0.00010069450168356,-0.085975547062582,0.060832322078973,0,0,0.000188340674649,3.401239743802e-07,3.401239743802e-07,6.8447126044006e-08,0.00019309969613224,-0.0003401239743802,0.1930997082633,-27109849.898088,2346.8171718462,24754124.061659,55.63415813975,66.286629867291,53.83415813975,65.042418999226,63.440808322517,1.4342997908573e-07,0,0,44.335579935144,2.0654320100979,0,0.0016093906070721,2.517586906561e-08,0,0.0015105521439366,0,-0.0003401239743802,3.401239743802e-07,0.0041766659494274,0.0092911830440513,9.2911830440513e-16,20754119.545902,0.70933166983352,1.127006838749e-07,0.1127006838749,-2.517586906561e-08,-6.8164331166119e-09,3000000,20754119.545902,19232512.227327,0.00010183580767247,98.087231592047,3.4130182974693e-07,3.401239743802e-07,0,0,3.5773227916198e-06,0,3000000,-2.6823176784536e-08,-7.1141897561366e-09,-0.044812592821117,0.1930997082633,0.35260179522282,26.961304580113,24754124.172904,82.604888504297,83834158.13975,98.042418999226,20.393349817233,21.237318562113,0,0,-20393349.817233,-21237318.562113,-82604888.504297,-83834158.13975,0.0019610285944388,-0.00025715607924817,192351.86563992,-192351.86563992
45.835528070895,2.2549631424189e-07,-0.00036131205796301,2.296,27243724.960296,12.1,27243724.960296,19098362.174949,0.70093048215609,4.3527291861304e-05,43.527291861304,3720314120397.4,52.205543847134,4.842095030079e-05,-9.3469959422694e-05,1.8755533835349e-05,6.7176484136139e-05,-6.6116877172829e-06,-0.00010008164713998,-0.08663464943573,0.059796816467599,0,0,0.00019257431225038,2.2549631424189e-07,2.2549631424189e-07,6.8759783811469e-08,0.00019729491937413,-0.00022549631424189,0.19729493135596,-27243724.960296,2036.9466338138,24524076.791797,55.156890128077,65.656951542974,53.356890128077,64.45217714029,62.844141710025,1.6912679755268e-07,0,0,44.2054885351,2.071006478412,0,0.0015770926642415,2.4542221048309e-08,0,0.0014725332628985,0,-0.00022549631424189,2.2549631424189e-07,0.0041766659494274,0.0090792210491272,9.0792210491272e-16,20500102.358161,0.70093048215609,1.1208846468247e-07,0.11208846468247,-2.4542221048309e-08,-6.5696775928436e-09,3000000,20500102.358161,19098362.174949,0.00010122272834158,97.496719711326,2.656948886164e-07,2.2549631424189e-07,0,0,4.2182335339899e-06,0,3000000,-2.6284877737358e-08,-6.8800685622287e-09,-0.04454257103616,0.19729493135596,0.34559753551125,26.716638241137,24524076.876391,82.031909379575,83356890.128077,97.45217714029,20.512748418053,21.353160551758,0,0,-20512748.418053,-21353160.551758,-82031909.379575,-83356890.128077,0.0019610285944388,-0.00026008932962143,191193.8554245,-191193.8554245
46.022115491839,4.1626256330852e-08,-0.00036270416058844,2.296,27307493.3571,12.1,27307493.3571,19011357.286985,0.69611938350969,4.3544890306672e-05,43.544890306672,3753945816698.3,52.193184999056,4.911124967794e-05,-9.3115725913902e-05,1.891911878517e-05,6.803036846311e-05,-6.6032234230372e-06,-9.971894933694e-05,-0.087077845050173,0.059159970916321,0,0,0.00019508925952481,4.1626256330852e-08,4.1626256330852e-08,6.8922224226945e-08,0.00019978630656304,-4.1626256330852e-05,0.19978631845142,-27307493.3571,1825.36971685,24382611.01956,54.863883425953,65.271480809497,53.063883425953,64.08767532126,62.478702852338,1.0045757791899e-07,0,0,44.125151040837,2.0776005465349,0,0.0015651876950513,2.4207914210948e-08,0,0.0014524748526569,0,-4.1626256330852e-05,4.1626256330852e-08,0.0041766659494274,0.0088698997209512,8.8698997209512e-16,20345995.63924,0.69611938350969,1.1116560900098e-07,0.11116560900098,-2.4207914210948e-08,-6.4595859776457e-09,3000000,20345995.63924,19011357.286985,0.00010084412350662,97.132051320342,1.9191322084589e-07,4.1626256330852e-08,0,0,2.5055374432268e-06,0,3000000,-2.6086461584189e-08,-6.7895675873929e-09,-0.044375999082177,0.19978631845142,0.34152912875569,26.565545389517,24382611.087887,81.673130551751,83063883.425953,97.08767532126,20.585180573615,21.419618175075,0,0,-20585180.573615,-21419618.175075,-81673130.551751,-83063883.425953,0.0019610285944388,-0.00026186003708182,190478.73022018,-190478.73022018
46.246020396972,0,-0.00036437468373895,2.296,27406869.732539,12.1,27406869.732539,18926664.016187,0.69051279345477,4.3571877410173e-05,43.571877410173,3807243018543.4,52.174011430113,4.9918537488704e-05,-9.2708930491096e-05,1.9124266000388e-05,6.9042803489093e-05,-6.5949017208534e-06,-9.930383221195e-05,-0.087599658996553,0.058421793206831,0,0,0.00019806585955972,-1.3378231787353e-07,-1.3378231787353e-07,6.9071224087508e-08,0.0002027344261538,0.00013378231787353,0.20273443792002,-27406869.732539,1513.862852875,24222052.20022,54.53018561592,64.824894962478,52.73018561592,63.672678485754,62.061633663707,1.1884650733336e-07,0,0,44.033684265773,2.084113540332,0,0.0015387873548533,2.3656614330606e-08,0,0.0014193968598364,0,0.00013378231787353,-1.3378231787353e-07,0.0041766659494274,0.0087099656296457,8.7099656296457e-16,20157848.91093,0.69051279345477,1.1067456253456e-07,0.11067456253456,-2.3656614330606e-08,-6.2980782934442e-09,3000000,20157848.91093,18926664.016187,0.00010041307008632,96.716864976442,1.3456220402544e-07,-1.3378231787353e-07,0,0,2.9641803066424e-06,0,3000000,-2.5646455914222e-08,-6.6537856619721e-09,-0.044186490688375,0.20273443792002,0.33680285481083,26.393521404953,24222052.247527,81.266105836752,82730185.61592,96.672678485754,20.668551952213,21.500343136117,0,0,-20668551.952213,-21500343.136117,-81266105.836752,-82730185.61592,0.0019610285944388,-0.00026396161365263,189664.53758438,-189664.53758438
46.514706283132,0,-0.00036637931151957,2.296,27527102.258183,12.1,27527102.258183,18832401.076412,0.68407567087914,4.3603952191104e-05,43.603952191104,3872795823608,52.150923471523,5.0861369710153e-05,-9.2246024685007e-05,1.9376487510807e-05,7.023785722096e-05,-6.5872527940744e-06,-9.8833277479082e-05,-0.088214809324744,0.057570438723176,0,0,0.00020158131025984,-3.0213966486223e-07,-3.0213966486223e-07,6.9205413198076e-08,0.00020621614490198,0.00030213966486223,0.20621615651453,-27527102.258183,1186.483191982,24042437.402598,54.151387984651,64.312700134435,52.351387984651,63.202204510541,61.58754393247,1.4031721101015e-07,0,0,43.92999013227,2.090777251825,0,0.0015108703981064,2.3085532137422e-08,0,0.0013851319282453,0,0.00030213966486223,-3.0213966486223e-07,0.0041766659494274,0.0086213470742492,8.6213470742492e-16,19935520.249641,0.68407567087914,1.1046354294774e-07,0.11046354294774,-2.3085532137422e-08,-6.1042831319212e-09,3000000,19935520.249641,18832401.076412,9.9924393074857e-05,96.246176165771,1.0279632048208e-07,-3.0213966486223e-07,0,0,3.4996864686366e-06,0,3000000,-2.5181173301773e-08,-6.4851665860428e-09,-0.043971655229882,0.20621615651453,0.33134181616697,26.198501103773,24042437.431874,80.803870159047,82351387.984651,96.202204510541,20.763844052181,21.59450899994,0,0,-20763844.052181,-21594508.99994,-80803870.159047,-82351387.984651,0.0019610285944388,-0.00026645491844471,188741.50296538,-188741.50296538
46.837129346523,0,-0.0003687848648563,2.296,27656230.491664,12.1,27656230.491664,18718486.572893,0.67676387871567,4.3637596438277e-05,43.637596438277,3944653202056.4,52.126278600294,5.1961599876434e-05,-9.1723967641414e-05,1.96828920908e-05,7.1644491967234e-05,-6.5810421464403e-06,-9.8305009787855e-05,-0.088941163965533,0.056592962937613,0,0,0.000205727861899,-4.6041123703194e-07,-4.6041123703194e-07,6.9334537349664e-08,0.00021032435896366,0.00046041123703194,0.21032437039191,-27656230.491664,929.79100795735,23840214.934011,53.722831771421,63.737594667099,51.922831771421,62.67092541962,61.050624597605,1.6552675996497e-07,0,0,43.812894335512,2.0975879729227,0,0.0014837902665185,2.2531075763756e-08,0,0.0013518645458254,0,0.00046041123703194,-4.6041123703194e-07,0.0041766659494274,0.0085738545893465,8.5738545893465e-16,19691271.492796,0.67676387871567,1.1046828225464e-07,0.11046828225464,-2.2531075763756e-08,-5.8851488210981e-09,3000000,19691271.492796,18718486.572893,9.937255757824e-05,95.714653733785,8.5867033535102e-08,-4.6041123703194e-07,0,0,4.1284441008789e-06,0,3000000,-2.4729837775308e-08,-6.2847348957278e-09,-0.043728314165577,0.21032437039191,0.3250616249251,25.97827593983,23840214.952143,80.27899054643,81922831.771421,95.67092541962,20.872207173817,21.701758167134,0,0,-20872207.173817,-21701758.167134,-80278990.54643,-81922831.771421,0.0019610285944388,-0.00026941230727806,187699.17327424,-187699.17327424
47.030583184558,0,-0.00037022819685834,2.296,27736033.130334,12.1,27736033.130334,18655616.397504,0.67255277231101,4.365829239449e-05,43.65829239449,3989093494379.1,52.111060507319,5.2689956570402e-05,-9.142579309059e-05,1.9832208658848e-05,7.252216522925e-05,-6.5733356754278e-06,-9.7999128766018e-05,-0.089444280282857,0.055987747680327,0,0,0.00020818667398401,-6.8735703935841e-07,-6.8735703935841e-07,6.9401219525991e-08,0.00021275915116191,0.00068735703935841,0.21275916248111,-27736033.130334,803.20020456926,23715688.938971,53.45802736267,63.372590985279,51.65802736267,62.340779167418,60.719844992232,9.812058636532e-08,0,0,43.74012893008,2.1028049769273,0,0.0014793374878225,2.235719398523e-08,0,0.0013414316391138,0,0.00068735703935841,-6.8735703935841e-07,0.0041766659494274,0.0085088931143288,8.5088931143288e-16,19524272.704347,0.67255277231101,1.1014871928174e-07,0.11014871928174,-2.235719398523e-08,-5.803637742036e-09,3000000,19524272.704347,18655616.397504,9.9029637843127e-05,95.384356874121,6.2854104594125e-08,-6.8735703935841e-07,0,0,2.447249955478e-06,0,3000000,-2.4655624797041e-08,-6.2203816178511e-09,-0.043577706703644,0.21275916248111,0.32141958101872,25.841424116073,23715688.952572,79.946848236337,81658027.36267,95.340779167418,20.938182370439,21.76484972224,0,0,-20938182.370439,-21764849.72224,-79946848.236337,-81658027.36267,0.0019610285944388,-0.00027119855901522,187051.45111282,-187051.45111282
47.2627277902,0,-0.00037196019526079,2.296,27823763.829694,12.1,27823763.829694,18579504.852837,0.66769778834171,4.3680480150599e-05,43.680480150599,4039092427216.4,52.094441597153,5.352862557394e-05,-9.1084615797725e-05,2.0023303116291e-05,7.3551928690231e-05,-6.5670023009138e-06,-9.7651618098639e-05,-0.090024608023867,0.055292774763103,0,0,0.00021109865309787,-8.988785187554e-07,-8.988785187554e-07,6.9463849827456e-08,0.0002156439062607,0.0008988785187554,0.21564391744865,-27823763.829694,661.20523558928,23574421.707449,53.158813869372,62.965579770745,51.358813869372,61.968596423997,60.345441260989,1.1622868237374e-07,0,0,43.658098532828,2.1065731393139,0,0.001456632434695,2.1939089593272e-08,0,0.0013163453755963,0,0.0008988785187554,-8.988785187554e-07,0.0041766659494274,0.0084711939451425,8.4711939451425e-16,19344609.835622,0.66769778834171,1.1001594923893e-07,0.11001594923893,-2.1939089593272e-08,-5.6793748160534e-09,3000000,19344609.835622,18579504.852837,9.864305495258e-05,95.012004099775,4.9549446091684e-08,-8.988785187554e-07,0,0,2.8988884830486e-06,0,3000000,-2.4277207244916e-08,-6.1043441067517e-09,-0.04340767577817,0.21564391744865,0.31718165724284,25.687147376997,23574421.716721,79.572135062938,81358813.869372,94.968596423997,21.013372608382,21.837733573811,0,0,-21013372.608382,-21837733.573811,-79572135.062938,-81358813.869372,0.0019610285944388,-0.00027331714030821,186321.25651147,-186321.25651147
47.541301316971,0,-0.00037403859334373,2.296,27914539.02151,12.1,27914539.02151,18484891.208695,0.66213794627424,4.3702979525844e-05,43.702979525844,4091749004870.2,52.077335891605,5.4494887598639e-05,-9.0697669246165e-05,2.0262683769898e-05,7.4757571368537e-05,-6.5625993761644e-06,-9.7260268622329e-05,-0.090696106350371,0.054497488694042,0,0,0.00021454466148642,-1.0918493533339e-06,-1.0918493533339e-06,6.9524376527931e-08,0.00021906003001239,0.0010918493533339,0.21906004104507,-27914539.02151,536.7909625351,23413168.187549,52.82085917938,62.515629964197,51.02085917938,61.549339371133,59.921994003008,1.3761369302618e-07,0,0,43.565692790741,2.1100439833353,0,0.0014307352311162,2.1481659774979e-08,0,0.0012888995864987,0,0.0010918493533339,-1.0918493533339e-06,0.0041766659494274,0.0084495899018136,8.4495899018136e-16,19157951.308027,0.66213794627424,1.1003476232809e-07,0.11003476232809,-2.1481659774979e-08,-5.524191047624e-09,3000000,19157951.308027,18484891.208695,9.8207576288451e-05,94.592555405273,4.202967816889e-08,-1.0918493533339e-06,0,0,3.4322573540034e-06,0,3000000,-2.3845587185271e-08,-5.9496032777787e-09,-0.043216034140386,0.21906004104507,0.31226888358502,25.513357452305,23413168.193703,79.148538824377,81020859.17938,94.549339371133,21.098865176372,21.920380187453,0,0,-21098865.176372,-21920380.187453,-79148538.824377,-81020859.17938,0.0019610285944388,-0.00027583101705528,185498.70564906,-185498.70564906
47.875589549095,0,-0.00037653267104326,2.296,28008501.323705,12.1,28008501.323705,18369737.573888,0.65580638114254,4.3725904367074e-05,43.725904367074,4146980602012.7,52.059700825084,5.5610282829178e-05,-9.0261995519565e-05,2.0558371697255e-05,7.6168654526432e-05,-6.560760067313e-06,-9.6822755586878e-05,-0.09147640545897,0.053589165283864,0,0,0.00021862008209503,-1.2626832845413e-06,-1.2626832845413e-06,6.959005494978e-08,0.00022310309476681,0.0012626832845413,0.22310310562003,-28008501.323705,460.41008631979,23229491.67404,52.439576715248,62.017724524953,50.639576715248,61.077600176959,59.443695196701,1.6284036627043e-07,0,0,43.46171979849,2.1136529719651,0,0.0014043905847214,2.101777693284e-08,0,0.0012610666159704,0,0.0012626832845413,-1.2626832845413e-06,0.0041766659494274,0.0084321681371544,8.4321681371544e-16,18963579.682842,0.65580638114254,1.1019403192765e-07,0.11019403192765,-2.101777693284e-08,-5.3392883024183e-09,3000000,18963579.682842,18369737.573888,9.771758496816e-05,94.120600665482,3.5896796569439e-08,-1.2626832845413e-06,0,0,4.0614420874089e-06,0,3000000,-2.3406509745357e-08,-5.7601843461991e-09,-0.043000488523177,0.22310310562003,0.30659904310813,25.317812694097,23229491.678603,78.669242627291,80639576.715248,94.077600176959,21.195881518547,22.013008274233,0,0,-21195881.518547,-22013008.274233,-78669242.627291,-80639576.715248,0.0019610285944388,-0.0002788150860751,184573.18876544,-184573.18876544
48.07616248837,0,-0.00037802911766298,2.296,28075245.533412,12.1,28075245.533412,18310698.593426,0.65214602800664,4.3742220309021e-05,43.742220309021,4186042936058.7,52.047163993948,5.6351343191859e-05,-9.0016777521662e-05,2.0701729952813e-05,7.7053073144672e-05,-6.5560272901286e-06,-9.6572804811791e-05,-0.092015600045664,0.053024743876303,0,0,0.00022103851519736,-1.4960474239701e-06,-1.4960474239701e-06,6.9641331315528e-08,0.00022550118530996,0.0014960474239701,0.22550119606359,-28075245.533412,497.9779301893,23115805.432993,52.202428551039,61.695194987858,50.402428551039,60.782551694605,59.14719365808,9.6605642361236e-08,0,0,43.396690066069,2.1140076237679,0,0.0013990973348295,2.0931893477494e-08,0,0.0012559136086497,0,0.0014960474239701,-1.4960474239701e-06,0.0041766659494274,0.00839873679186,8.39873679186e-16,18821277.394698,0.65214602800664,1.1006614928864e-07,0.11006614928864,-2.0931893477494e-08,-5.2810115398356e-09,3000000,18821277.394698,18310698.593426,9.7411120179018e-05,93.825416845228,2.396208764503e-08,-1.4960474239701e-06,0,0,2.4094653601767e-06,0,3000000,-2.3318288913826e-08,-5.6962713352437e-09,-0.042865150623285,0.22550119606359,0.30330717155016,25.195509555298,23115805.438357,78.364541160824,80402428.551039,93.782551694605,21.255234892959,22.068290587148,0,0,-21255234.892959,-22068290.587148,-78364541.160824,-80402428.551039,0.0019610285944388,-0.00028061799748396,183994.32579353,-183994.32579353
48.3168500155,0,-0.00037982485360664,2.296,28144034.165922,12.1,28144034.165922,18236761.484395,0.64792640544344,4.3758739788495e-05,43.758739788495,4226950896193.1,52.034303232216,5.7197613526027e-05,-8.9736061191845e-05,2.0887896320195e-05,7.8085509846223e-05,-6.5532414086365e-06,-9.6289302600482e-05,-0.092631024066067,0.052379586212293,0,0,0.00022390693226815,-1.7081283135837e-06,-1.7081283135837e-06,6.9692155672087e-08,0.00022834684760537,0.0017081283135837,0.2283468582405,-28144034.165922,472.62423673171,22987293.646514,51.935884989682,61.339630977992,50.135884989682,60.451812121509,58.81328051102,1.146101849593e-07,0,0,43.323793890607,2.1164068830568,0,0.0013770005417918,2.0557029321626e-08,0,0.0012334217592976,0,0.0017081283135837,-1.7081283135837e-06,0.0041766659494274,0.0083703780577369,8.3703780577369e-16,18672909.980518,0.64792640544344,1.1005853222433e-07,0.11005853222433,-2.0557029321626e-08,-5.1741256280826e-09,3000000,18672909.980518,18236761.484395,9.7067583888879e-05,93.494526125929,1.3649229713265e-08,-1.7081283135837e-06,0,0,2.858521136377e-06,0,3000000,-2.2950009029863e-08,-5.584164032719e-09,-0.042714004419523,0.2283468582405,0.29946976547089,25.058411788885,22987293.651372,78.022424913086,80135884.989682,93.451812121509,21.322604478661,22.131205414528,0,0,-21322604.478661,-22131205.414528,-78022424.913086,-80135884.989682,0.0019610285944388,-0.00028275726971776,183345.43958106,-183345.43958106
48.605675048055,0,-0.00038197973673903,2.296,28214632.726236,12.1,28214632.726236,18145838.329401,0.64308419841664,4.3775483705042e-05,43.775483705042,4269379970345.8,52.021146145414,5.8166538945698e-05,-8.9417429565873e-05,2.1123811829292e-05,7.9290350774991e-05,-6.5529471786348e-06,-9.5970376744508e-05,-0.093336945945627,0.051643368254137,0,0,0.00022730775729674,-1.8960206428993e-06,-1.8960206428993e-06,6.9737824063634e-08,0.00023172279391541,0.0018960206428993,0.23172280440934,-28214632.726236,400.53546456647,22841414.680298,51.635903637521,60.947603543993,49.835903637521,60.080642700558,58.436855157122,1.3594119754802e-07,0,0,43.241986833222,2.1200364982515,0,0.0013519614738696,2.0117818719601e-08,0,0.0012070691231761,0,0.0018960206428993,-1.8960206428993e-06,0.0041766659494274,0.0083532686500119,8.3532686500119e-16,18519499.844119,0.64308419841664,1.101639780574e-07,0.1101639780574,-2.0117818719601e-08,-5.0312517421166e-09,3000000,18519499.844119,18145838.329401,9.6682053764516e-05,93.123187365444,7.3743760154136e-09,-1.8960206428993e-06,0,0,3.3905432281906e-06,0,3000000,-2.253269123116e-08,-5.4369655241762e-09,-0.042544664886265,0.23172280440934,0.29501200971852,24.904555091009,22841414.68381,77.637101094966,79835903.637522,93.080642700558,21.3990484804,22.201954137295,0,0,-21399048.4804,-22201954.137295,-77637101.094966,-79835903.637522,0.0019610285944388,-0.00028529768297452,182617.23304233,-182617.23304233
48.952265087122,0,-0.0003845655964979,2.296,28288974.402264,12.1,28288974.402264,18037226.377617,0.63755667120736,4.3792927016535e-05,43.792927016535,4314449703918.5,52.007328909125,5.9280145049541e-05,-8.9058345159109e-05,2.1417800230704e-05,8.0697945280245e-05,-6.5557935764479e-06,-9.5614138735557e-05,-0.094151621856792,0.050803509143652,0,0,0.00023133801440625,-2.056699521363e-06,-2.056699521363e-06,6.9780553885803e-08,0.00023572600694853,0.002056699521363,0.23572601727688,-28288974.402264,326.51846774402,22676346.087469,51.298238513972,60.513744246641,49.498238513972,59.664021285385,58.012507453069,1.6116794850819e-07,0,0,43.150161995035,2.1250438822026,0,0.0013267900067369,1.9655381562234e-08,0,0.001179322893734,0,0.002056699521363,-2.056699521363e-06,0.0041766659494274,0.0083453620381601,8.3453620381601e-16,18359176.221115,0.63755667120736,1.1038665224251e-07,0.11038665224251,-1.9655381562234e-08,-4.8564636956994e-09,3000000,18359176.221115,18037226.377617,9.6249312292686e-05,92.706375107193,4.4675078192894e-09,-2.056699521363e-06,0,0,4.0197298999281e-06,0,3000000,-2.2113166778949e-08,-5.2597848314731e-09,-0.042353821808092,0.23572601727688,0.28985600927578,24.731857687654,22676346.089819,77.202326932608,79498238.513972,92.664021285385,21.485731060903,22.280977527356,0,0,-21485731.060903,-22280977.527356,-77202326.932608,-79498238.513972,0.0019610285944388,-0.00028831628420522,181799.85310319,-181799.85310319
49.368173134002,0,-0.00038766862820855,2.296,28369988.39311,12.1,28369988.39311,17911032.177589,0.63128996932741,4.3811732952818e-05,43.811732952818,4363988320634.3,51.992311989621,6.0564799746254e-05,-8.8656760800838e-05,2.1779759148545e-05,8.2344558894799e-05,-6.5625961971884e-06,-9.5219356998027e-05,-0.095097372192642,0.049845822353081,0,0,0.00023611074318269,-2.1871184550409e-06,-2.1871184550409e-06,6.98318935407e-08,0.00024046929111438,0.0021871184550409,0.24046930125392,-28369988.39311,297.69301509782,22490706.259301,50.918785606255,60.031531956701,49.118785606255,59.197085345849,57.534945571477,1.9092302020456e-07,0,0,43.047247657149,2.1317419116799,0,0.0013026116421874,1.9182990231608e-08,0,0.0011509794138965,0,0.0021871184550409,-2.1871184550409e-06,0.0041766659494274,0.0083408305737226,8.3408305737226e-16,18187910.584077,0.63128996932741,1.1073739638575e-07,0.11073739638575,-1.9182990231608e-08,-4.6515918930101e-09,3000000,18187910.584077,17911032.177589,9.5764310754752e-05,92.23922647587,2.7881413444166e-09,-2.1871184550409e-06,0,0,4.7618585457259e-06,0,3000000,-2.1710194036457e-08,-5.0554149888583e-09,-0.04214113002061,0.24046930125392,0.28392432710357,24.538303968728,22490706.261271,76.711825419071,79118785.606255,92.197085345849,21.583840034778,22.368891509834,0,0,-21583840.034778,-22368891.509834,-76711825.419071,-79118785.606255,0.0019610285944388,-0.0002919043174538,180883.75984457,-180883.75984457
49.61771796213,0,-0.00038953044723494,2.296,28431321.530626,12.1,28431321.530626,17847358.3573,0.62769011934797,4.3825962764237e-05,43.825962764237,4401438397423.2,51.98094225526,6.1405366788461e-05,-8.8434340410072e-05,2.1964334865649e-05,8.336970165411e-05,-6.5634368683445e-06,-9.4997777278417e-05,-0.095735128790747,0.049254814481521,0,0,0.0002389439586063,-2.3901060763856e-06,-2.3901060763856e-06,6.9879143713967e-08,0.00024328385336947,0.0023901060763856,0.24328386340526,-28431321.530626,362.48045216277,22377051.451531,50.684413394438,59.719970581363,48.884413394438,58.907191073159,57.240921097315,1.1330362690913e-07,0,0,42.983353930827,2.1343348512531,0,0.001295887117845,1.9040337698248e-08,0,0.0011424202618949,0,0.0023901060763856,-2.3901060763856e-06,0.0041766659494274,0.0083337466944556,8.3337466944556e-16,18059261.978208,0.62769011934797,1.1077306941e-07,0.11077306941,-1.9040337698248e-08,-4.574457380787e-09,3000000,18059261.978208,17847358.3573,9.5463199428565e-05,91.9491990576,1.5492784026748e-10,-2.3901060763856e-06,0,0,2.8259339469955e-06,0,3000000,-2.159811863075e-08,-4.9751262202903e-09,-0.042007984440787,0.24328386340526,0.2804921156449,24.418137346664,22377051.454466,76.403208733413,78884413.394438,91.907191073159,21.643492297123,22.421564003694,0,0,-21643492.297123,-22421564.003694,-76403208.733413,-78884413.394438,0.0019610285944388,-0.00029406724780637,180315.00904508,-180315.00904508
49.917171755884,0,-0.0003917646300666,2.296,28494210.722931,12.1,28494210.722931,17769033.639438,0.62355763973736,4.384037287165e-05,43.84037287165,4440254796108.6,51.969321448433,6.236737004521e-05,-8.8181776785493e-05,2.2199580630484e-05,8.4566950675694e-05,-6.5672282600563e-06,-9.4749005045549e-05,-0.096465955811082,0.048580180864803,0,0,0.00024230645113249,-2.5673388288536e-06,-2.5673388288536e-06,6.9925265962749e-08,0.00024662548248306,0.0025673388288536,0.24662549239595,-28494210.722931,350.92332310759,22249647.078381,50.422207971876,59.377510835251,48.622207971876,58.583727455228,56.911237153242,1.3449112849168e-07,0,0,42.9120614017,2.1397693420933,0,0.0012766153918965,1.8667744790535e-08,0,0.0011200646874321,0,0.0025673388288536,-2.5673388288536e-06,0.0041766659494274,0.0083333333333333,8.3333333333333e-16,17925504.772291,0.62355763973736,1.1091324582862e-07,0.11091324582862,-1.8667744790535e-08,-4.4533327710133e-09,3000000,17925504.772291,17769033.639438,9.5127220968414e-05,91.625587964567,0,-2.5673388288536e-06,0,0,3.3543766951007e-06,0,3000000,-2.1276923198275e-08,-4.8546058396788e-09,-0.041860509338093,0.24662549239595,0.27650113427764,24.284055600354,22249647.081148,76.057423821622,78622207.971876,91.583727455228,21.710970818634,22.480909586917,0,0,-21710970.818634,-22480909.586917,-76057423.821622,-78622207.971876,0.0019610285944388,-0.00029663740909819,179680.3977104,-179680.3977104
50.276516308388,0,-0.0003944456494646,2.296,28559964.052148,12.1,28559964.052148,17675223.174278,0.6188392032413,4.3855273192674e-05,43.855273192674,4481215766528.8,51.957205570376,6.3472134350287e-05,-8.7897870782357e-05,2.249393078625e-05,8.5966065136537e-05,-6.5747201883565e-06,-9.4472590970714e-05,-0.09730811899995,0.047810851317922,0,0,0.00024629576625865,-2.715651706141e-06,-2.715651706141e-06,6.9970441084064e-08,0.00025059196834111,0.002715651706141,0.2505919781097,-28559964.052148,308.89442888921,22106381.960322,50.128601583345,59.000200032184,48.328601583346,58.222551475082,56.541330057693,1.5960789203223e-07,0,0,42.832456934128,2.147007821846,0,0.0012556458827671,1.8245238594598e-08,0,0.0010947143156759,0,0.002715651706141,-2.715651706141e-06,0.0041766659494274,0.0083333333333333,8.3333333333333e-16,17785997.414731,0.6188392032413,1.1116488269414e-07,0.11116488269414,-1.8245238594598e-08,-4.3005443241416e-09,3000000,17785997.414731,17675223.174278,9.4752070678639e-05,91.264246956958,0,-2.715651706141e-06,0,0,3.9808201432424e-06,0,3000000,-2.0927431379451e-08,-4.7052336432721e-09,-0.041695481876317,0.2505919781097,0.27187921871581,24.134341371432,22106381.96248,75.669063470597,78328601.583346,91.222551475082,21.787271525653,22.54720923503,0,0,-21787271.525653,-22547209.23503,-75669063.470597,-78328601.583346,0.0019610285944388,-0.00029969357878596,178971.79755228,-178971.79755228
50.707729771393,0,-0.0003976628727422,2.296,28631125.207083,12.1,28631125.207083,17566013.383995,0.61348877470648,4.3871224029581e-05,43.871224029581,4525944118344.1,51.944129302844,6.4746121130514e-05,-8.7581922758976e-05,2.2857381207142e-05,8.7603502337656e-05,-6.5868313077846e-06,-9.4168754066761e-05,-0.098284653948589,0.046933785206527,0,0,0.0002510261625769,-2.8317375117925e-06,-2.8317375117925e-06,7.0024671291831e-08,0.00025529754806961,0.0028317375117925,0.25529755767302,-28631125.207083,291.8350657828,21945841.938179,49.800158856083,58.583099391713,48.000158856083,57.819663809341,56.126739373603,1.8931055462304e-07,0,0,42.743659063047,2.1560768757515,0,0.0012353210141289,1.7809095571981e-08,0,0.0010685457343189,0,0.0028317375117925,-2.8317375117925e-06,0.0041766659494274,0.0083333333333333,8.3333333333333e-16,17638234.226049,0.61348877470648,1.1154010349025e-07,0.11154010349025,-1.7809095571981e-08,-4.1207875747632e-09,3000000,17638234.226049,17566013.383995,9.4333594998784e-05,90.861175366879,0,-2.8317375117925e-06,0,0,4.7216416404998e-06,0,3000000,-2.0588683568815e-08,-4.5314710867511e-09,-0.04151155753776,0.25529755767302,0.26655390933893,23.967336865222,21945841.94012,75.232565694064,78000158.856083,90.819663809341,21.87341948248,22.620906991074,0,0,-21873419.48248,-22620906.991074,-75232565.694064,-78000158.856083,0.0019610285944388,-0.00030332927774341,178181.36219849,-178181.36219849
50.966457849196,0,-0.00039959320670875,2.296,28686301.196719,12.1,28686301.196719,17511695.196416,0.61041659436423,4.3883555332375e-05,43.883555332375,4560669401228,51.933996637748,6.5578652002701e-05,-8.741076153478e-05,2.3044883065574e-05,8.8623535068275e-05,-6.5910763972124e-06,-9.4001837931993e-05,-0.098939379750756,0.046391809246,0,0,0.00025383633741706,-3.0187071956507e-06,-3.0187071956507e-06,7.0071059704054e-08,0.00025809191827056,0.0030187071956507,0.25809192778259,-28686301.196719,347.51419564551,21847097.871031,49.596592382977,58.311005747845,47.796592382977,57.568619194245,55.870701662237,1.1243419775433e-07,0,0,42.688327939107,2.1601417966801,0,0.0012303979552534,1.7675970856527e-08,0,0.0010605582513916,0,0.0030187071956507,-3.0187071956507e-06,0.0041766659494274,0.0083333333333333,8.3333333333333e-16,17524022.27478,0.61041659436423,1.1161768996305e-07,0.11161768996305,-1.7675970856527e-08,-4.0524889072299e-09,3000000,17524022.27478,17511695.196416,9.4072836403654e-05,90.610015295635,0,-3.0187071956507e-06,0,0,2.8042492981448e-06,0,3000000,-2.0506632587556e-08,-4.4633253410016e-09,-0.041396101390362,0.25809192778259,0.26346952268612,23.863274156071,21847097.873795,74.957278779202,77796592.382977,90.568619194245,21.92589072074,22.665433193101,0,0,-21925890.72074,-22665433.193101,-74957278.779202,-77796592.382977,0.0019610285944388,-0.0003055203703051,177688.83151059,-177688.83151059
51.27693154256,0,-0.00040190960746862,2.296,28741935.981427,12.1,28741935.981427,17444222.610614,0.60688901278085,4.3895867740768e-05,43.895867740768,4595973505970.2,51.923805212175,6.653133527109e-05,-8.7217350489014e-05,2.3283444962949e-05,8.9814780234039e-05,-6.5987610507699e-06,-9.3816111539784e-05,-0.099689748163421,0.045773779725858,0,0,0.00025717480078721,-3.1788684684061e-06,-3.1788684684061e-06,7.011671050213e-08,0.00026141281230988,0.0031788684684061,0.26141282171331,-28741935.981427,333.79684823027,21736881.741789,49.370084171564,58.014726996983,47.570084171564,57.290095961759,55.585031376636,1.3359078451386e-07,0,0,42.626940430393,2.1667724211277,0,0.0012142819728054,1.7345313030736e-08,0,0.0010407187818442,0,0.0031788684684061,-3.1788684684061e-06,0.0041766659494274,0.0083333333333333,8.3333333333333e-16,17407738.042365,0.60688901278085,1.1179280467752e-07,0.11179280467752,-1.7345313030736e-08,-3.9467971002305e-09,3000000,17407738.042365,17444222.610614,9.3783537253097e-05,90.331365246811,0,-3.1788684684061e-06,0,0,3.3319209919578e-06,0,3000000,-2.023803288009e-08,-4.3604274798223e-09,-0.041269285051683,0.26141282171331,0.25987892022546,23.747821043791,21736881.744352,74.649970775705,77570084.171564,90.290095961759,21.985052794928,22.715320991862,0,0,-21985052.794928,-22715320.991862,-74649970.775705,-77570084.171564,0.0019610285944388,-0.00030812607021553,177142.38983831,-177142.38983831
51.649499974596,0,-0.00040468928838047,2.296,28799727.960563,12.1,28799727.960563,17363205.658722,0.60285973687307,4.3908532066277e-05,43.908532066277,4632948296972.2,51.913245047616,6.7625991224583e-05,-8.7001340774485e-05,2.358169452365e-05,9.1207685748233e-05,-6.6107015350722e-06,-9.3612042309557e-05,-0.10055486158431,0.045069144627181,0,0,0.0002611403755388,-3.3089335956299e-06,-3.3089335956299e-06,7.0163538623361e-08,0.00026535929481579,0.0033089335956299,0.26535930409175,-28799727.960563,299.33330392535,21613484.467971,49.117620250872,57.690518649644,47.317620250872,56.980633976867,55.265839094532,1.5872613228156e-07,0,0,42.558733910869,2.1752387440214,0,0.0011967805726635,1.6972162447158e-08,0,0.0010183297468295,0,0.0033089335956299,-3.3089335956299e-06,0.0041766659494274,0.0083333333333333,8.3333333333333e-16,17288163.997954,0.60285973687307,1.1207440858038e-07,0.11207440858038,-1.6972162447158e-08,-3.813888269391e-09,3000000,17288163.997954,17363205.658722,9.3462101791008e-05,90.021761824081,0,-3.3089335956299e-06,0,0,3.9588279539322e-06,0,3000000,-1.9946342877725e-08,-4.2326564783148e-09,-0.041127847213716,0.26535930409175,0.25571515794344,23.619543237415,21613484.470044,74.305807042786,77317620.250872,89.980633976867,22.05178115634,22.770789428487,0,0,-22051781.15634,-22770789.428487,-74305807.042786,-77317620.250872,0.0019610285944388,-0.00031122718658946,176535.2486565,-176535.2486565
52.09658209304,0,-0.00040802490547468,2.296,28862326.668905,12.1,28862326.668905,17268975.529486,0.59828921319505,4.3922111877628e-05,43.922111877628,4673334310238.8,51.901835746866,6.8889727179331e-05,-8.6762975556677e-05,2.3949833261463e-05,9.2839560440794e-05,-6.62789339121e-06,-9.3390868947887e-05,-0.10155876851225,0.044265392538272,0,0,0.00026584918190584,-3.4054548068619e-06,-3.4054548068619e-06,7.0223547397649e-08,0.00027004750124172,0.0034054548068619,0.27004751037223,-28862326.668905,297.86961695497,21475768.753249,48.836322653696,57.333929394602,47.036322653696,56.636928991909,54.909343916812,1.885223842306e-07,0,0,42.482980112628,2.1855577253006,0,0.0011801448388803,1.6590571870313e-08,0,0.00099543431221879,0,0.0034054548068619,-3.4054548068619e-06,0.0041766659494274,0.0083333333333333,8.3333333333333e-16,17162677.90151,0.59828921319505,1.124771121971e-07,0.1124771121971,-1.6590571870313e-08,-3.6579473610227e-09,3000000,17162677.90151,17268975.529486,9.3105098598826e-05,89.677899919403,0,-3.4054548068619e-06,0,0,4.7019836866569e-06,0,3000000,-1.9669080648005e-08,-4.083942996305e-09,-0.040970927494314,0.27004751037223,0.25091048699577,23.477071064212,21475768.755314,73.919781517997,77036322.653696,89.636928991909,22.126978736884,22.832223055837,0,0,-22126978.736884,-22832223.055837,-73919781.517997,-77036322.653696,0.0019610285944388,-0.00031491980687585,175860.92527932,-175860.92527932
52.364831364106,0,-0.00041002627573121,2.296,28911945.938951,12.1,28911945.938951,17222786.390038,0.59566597238648,4.3932839872007e-05,43.932839872007,4705410201564.8,51.892798960588,6.9713586282985e-05,-8.6637997604814e-05,2.4142321649615e-05,9.38559079326e-05,-6.6354141262573e-06,-9.3273411731072e-05,-0.1022275193303,0.043768265135606,0,0,0.00026864901207593,-3.5720546383905e-06,-3.5720546383905e-06,7.0271607940752e-08,0.00027283413956904,0.0035720546383905,0.27283414861867,-28911945.938951,349.50843650128,21390741.74266,48.661318598231,57.099140167678,46.861318598231,56.421909008139,54.688461107776,1.120691427243e-07,0,0,42.435588945258,2.1901695684442,0,0.0011769218698102,1.6481151103937e-08,0,0.00098886906623622,0,0.0035720546383905,-3.5720546383905e-06,0.0041766659494274,0.0083333333333333,8.3333333333333e-16,17063035.949078,0.59566597238648,1.1259148478983e-07,0.11259148478983,-1.6481151103937e-08,-3.598280655602e-09,3000000,17063035.949078,17222786.390038,9.288175846806e-05,89.46278093885,0,-3.5720546383905e-06,0,0,2.7951443698204e-06,0,3000000,-1.9615364496836e-08,-4.0253804695184e-09,-0.040871930711077,0.27283414861867,0.24812482530651,23.387941241515,21390741.745516,73.675673305449,76861318.598231,89.421909008139,22.172857490455,22.869603055895,0,0,-22172857.490455,-22869603.055895,-73675673.305449,-76861318.598231,0.0019610285944388,-0.00031714451726315,175439.07221357,-175439.07221357
52.686730489386,0,-0.00041242792003904,2.296,28961539.442787,12.1,28961539.442787,17165021.197659,0.59265271359882,4.3943477219329e-05,43.943477219329,4737679317983.8,51.883784965514,7.0657426795852e-05,-8.6497832263511e-05,2.4386244110586e-05,9.5043670906438e-05,-6.6468266958833e-06,-9.3144658959394e-05,-0.10299507739735,0.043201400204304,0,0,0.00027197877759145,-3.7113413489146e-06,-3.7113413489146e-06,7.032249080117e-08,0.00027614934678789,0.0037113413489146,0.27614935574184,-28961539.442787,347.01273160293,21296298.331464,48.467591522099,56.8454959317,46.667591522099,56.184669904645,54.443143013856,1.332994727335e-07,0,0,42.383300605061,2.197322332892,0,0.0011638010805488,1.6200052519662e-08,0,0.00097200315117969,0,0.0037113413489146,-3.7113413489146e-06,0.0041766659494274,0.0083333333333333,8.3333333333333e-16,16963174.016002,0.59265271359882,1.127993246272e-07,0.1127993246272,-1.6200052519662e-08,-3.5067351596808e-09,3000000,16963174.016002,17165021.197659,9.2635340453335e-05,89.225433571248,0,-3.7113413489146e-06,0,0,3.3246553123699e-06,0,3000000,-1.9396684675814e-08,-3.9369765258288e-09,-0.040763666603198,0.27614935574184,0.24487832896498,23.289601176277,21296298.334291,73.403883347815,76667591.522099,89.184669904645,22.224448508243,22.911222448271,0,0,-22224448.508243,-22911222.448271,-73403883.347815,-76667591.522099,0.0019610285944388,-0.00031979257958571,174973.626903,-174973.626903
53.073009439721,0,-0.00041530989320844,2.296,29012994.660623,12.1,29012994.660623,17095582.995912,0.58920972645514,4.3954417218347e-05,43.954417218347,4771404781423.4,51.87445337367,7.1743723959192e-05,-8.6342869327585e-05,2.469042822895e-05,9.6434152188142e-05,-6.6630096742433e-06,-9.3005879001828e-05,-0.10388147017114,0.042554590426122,0,0,0.000275938919469,-3.8199403114783e-06,-3.8199403114783e-06,7.0380099967004e-08,0.00028009380117903,0.0038199403114783,0.28009381002135,-29012994.660623,333.90930146785,21191032.464395,48.252614325678,56.569602972145,46.452614325678,55.922350301907,54.17009094944,1.5857204885858e-07,0,0,42.325484433838,2.2063829217494,0,0.0011496676198195,1.5883121894005e-08,0,0.00095298731364031,0,0.0038199403114783,-3.8199403114783e-06,0.0041766659494274,0.0083333333333333,8.3333333333333e-16,16861647.744113,0.58920972645514,1.1311127383055e-07,0.11311127383055,-1.5883121894005e-08,-3.3918958724178e-09,3000000,16861647.744113,17095582.995912,9.2362871255556e-05,88.962993964639,0,-3.8199403114783e-06,0,0,3.954984920946e-06,0,3000000,-1.9161126996992e-08,-3.8273175574934e-09,-0.040643662731711,0.28009381002135,0.24110889545518,23.180864772933,21191032.467026,73.100047564237,76452614.325678,88.922350301907,22.282523376238,22.95725021103,0,0,-22282523.376238,-22957250.21103,-73100047.564237,-76452614.325678,0.0019610285944388,-0.00032294702195288,174458.97553581,-174458.97553581
53.536544180124,0,-0.00041876826101172,2.296,29068988.020602,12.1,29068988.020602,17014978.830465,0.58530348061705,4.3966211392286e-05,43.966211392286,4808390941495.9,51.864322763164,7.3000301412411e-05,-8.6174189048295e-05,2.5065315916906e-05,9.8065617329317e-05,-6.6850312136843e-06,-9.285922026198e-05,-0.10491177161437,0.041815727198837,0,0,0.00028064779087961,-3.8942799427471e-06,-3.8942799427471e-06,7.0458705570344e-08,0.0002847858996446,0.0038942799427471,0.28478590836068,-29068988.020602,358.66959141321,21074033.912056,48.014001190438,56.267512882458,46.214001190438,55.632257862416,53.866121400315,1.8859529355955e-07,0,0,42.261547030849,2.2173161827717,0,0.0011366510961716,1.556225506923e-08,0,0.00093373530415378,0,0.0038942799427471,-3.8942799427471e-06,0.0041766659494274,0.0083333333333333,8.3333333333333e-16,16755852.820034,0.58530348061705,1.1354358309815e-07,0.11354358309815,-1.556225506923e-08,-3.2574528799352e-09,3000000,16755852.820034,17014978.830465,9.2061555399055e-05,88.672769544816,0,-3.8942799427471e-06,0,0,4.703802136369e-06,0,3000000,-1.8944184936194e-08,-3.6998190621936e-09,-0.040511682400052,0.28478590836068,0.23675330804492,23.060616007007,21074033.915108,72.759624351476,76214001.190438,88.632257862416,22.347879790123,23.008012074799,0,0,-22347879.790123,-23008012.074799,-72759624.351476,-76214001.190438,0.0019610285944388,-0.00032670670561266,173889.83594793,-173889.83594793
53.814665024365,0,-0.00042084328169369,2.296,29113988.347463,12.1,29113988.347463,16976055.055791,0.58306281378344,4.397566225915e-05,43.97566225915,4838169191137.7,51.856186520177,7.3816717185756e-05,-8.6090382826903e-05,2.5264084476912e-05,9.9080801662668e-05,-6.6956748360585e-06,-9.2786057662962e-05,-0.10559327931849,0.041358446708397,0,0,0.00028345026729967,-4.0386693459092e-06,-4.0386693459092e-06,7.0517040824202e-08,0.00028757755864425,0.0040386693459092,0.28757756729001,-29113988.347463,412.99483674473,21001503.567719,47.86492698806,56.066737655287,46.06492698806,55.449961934158,53.67710371252,1.1222029316274e-07,0,0,42.221368361427,2.2220289155666,0,0.0011350066304162,1.5479811428874e-08,0,0.00092878868573246,0,0.0040386693459092,-4.0386693459092e-06,0.0041766659494274,0.0083333333333333,8.3333333333333e-16,16669684.445378,0.58306281378344,1.1369158021144e-07,0.11369158021144,-1.5479811428874e-08,-3.2055021484236e-09,3000000,16669684.445378,16976055.055791,9.1872205440968e-05,88.490389558686,0,-4.0386693459092e-06,0,0,2.7989142505094e-06,0,3000000,-1.8916777173603e-08,-3.6491718361137e-09,-0.040427624527922,0.28757756729001,0.23422563797303,22.985050920082,21001503.57178,72.543781802224,76064926.98806,88.449961934158,22.38782327554,23.039119214696,0,0,-22387823.27554,-23039119.214696,-72543781.802224,-76064926.98806,0.0019610285944388,-0.00032897107625272,173532.18502238,-173532.18502238
54.148410037455,0,-0.00042333330651205,2.296,29158824.32733,12.1,29158824.32733,16927092.289656,0.58048819786277,4.3985013611135e-05,43.985013611135,4868005229532.5,51.848094031896,7.475386646711e-05,-8.5997684916285e-05,2.5514738440849e-05,0.00010026860490796,-6.7106291405492e-06,-9.2708314056834e-05,-0.10637721398765,0.040836634373672,0,0,0.00028678675597062,-4.1556128422735e-06,-4.1556128422735e-06,7.0583784560199e-08,0.00029090221496329,0.0041556128422735,0.29090222352643,-29158824.32733,425.81332395551,20921352.652698,47.70077524895,55.851388130565,45.90077524895,55.249993115808,53.468137197893,1.3362097028662e-07,0,0,42.17729452432,2.2293409214554,0,0.0011247092292299,1.5248132957541e-08,0,0.00091488797745245,0,0.0041556128422735,-4.1556128422735e-06,0.0041766659494274,0.0083333333333333,8.3333333333333e-16,16584354.802692,0.58048819786277,1.1393072947457e-07,0.11393072947457,-1.5248132957541e-08,-3.1264039049381e-09,3000000,16584354.802692,16927092.289656,9.1664499793752e-05,88.290329556344,0,-4.1556128422735e-06,0,0,3.3326738628261e-06,0,3000000,-1.8745153820498e-08,-3.5730085620968e-09,-0.04033644053537,0.29090222352643,0.23127680191369,22.902160088206,20921352.657032,72.303925114505,75900775.24895,88.249993115808,22.432638051057,23.073521136271,0,0,-22432638.051057,-23073521.136271,-72303925.114505,-75900775.24895,0.0019610285944388,-0.0003316688067183,173139.86121323,-173139.86121323
54.548904053163,0,-0.00042632133629408,2.296,29205445.824105,12.1,29205445.824105,16868190.694275,0.57754596770563,4.3994658249453e-05,43.994658249453,4899240568826.6,51.839696634999,7.5834917224189e-05,-8.5897160069394e-05,2.5826321796532e-05,0.00010166123902072,-6.7308332623819e-06,-9.2627993331776e-05,-0.1072845315944,0.04024035361371,0,0,0.0002907596094239,-4.2416485377583e-06,-4.2416485377583e-06,7.0665161417885e-08,0.00029486245812643,0.0042416485377583,0.29486246659404,-29205445.824105,436.09614935943,20832420.531986,47.5194542482,55.618503385859,45.7194542482,55.030025071606,53.236449421093,1.5913954161044e-07,0,0,42.128812786873,2.2386125001833,0,0.0011137709409347,1.4986809040624e-08,0,0.00089920854243747,0,0.0042416485377583,-4.2416485377583e-06,0.0041766659494274,0.0083333333333333,8.3333333333333e-16,16498415.229431,0.57754596770563,1.142734813512e-07,0.1142734813512,-1.4986809040624e-08,-3.0274778789681e-09,3000000,16498415.229431,16868190.694275,9.1436020891781e-05,88.070260962755,0,-4.2416485377583e-06,0,0,3.9691388988539e-06,0,3000000,-1.8562849015578e-08,-3.4787712681713e-09,-0.040235891149365,0.29486246659404,0.22784924148573,22.810979201504,20832420.53655,72.036099928652,75719454.2482,88.030025071606,22.483004827107,23.111341845615,0,0,-22483004.827107,-23111341.845615,-72036099.928652,-75719454.2482,0.0019610285944388,-0.0003348853154023,172708.30042439,-172708.30042439
55,0,-0.0004296869,2.296,29254674.849724,12.1,29254674.849724,16804755.023871,0.57440694862272,4.4004760217423e-05,44.004760217423,4932444862540.5,51.830847684721,7.7021578706228e-05,-8.5797925850102e-05,2.6182611514703e-05,0.00010320419022093,-6.7553390112345e-06,-9.2553264861336e-05,-0.10828570384949,0.039595631178187,0,0,0.00029519994101985,-4.3043196216995e-06,-4.3043196216995e-06,7.076887586885e-08,0.00029929006315768,0.0043043196216995,0.29929007152453,-29254674.849724,479.09464826053,20739107.932005,47.329373288544,55.376399831947,45.529373288544,54.800220526205,52.992844855303,1.7789560702854e-07,0,0,42.07816304966,2.2489153228655,0,0.0011048098308376,1.4743591373655e-08,0,0.00088461548241931,0,0.0043043196216995,-4.3043196216995e-06,0.0041766659494274,0.0083333333333333,8.3333333333333e-16,16411710.905671,0.57440694862272,1.1469331145001e-07,0.11469331145001,-1.4743591373655e-08,-2.9209086423127e-09,3000000,16411710.905671,16804755.023871,9.1197324854358e-05,87.840351326469,0,-4.3043196216995e-06,0,0,4.4369385926763e-06,0,3000000,-1.8413497180626e-08,-3.3777182391226e-09,-0.040130800264023,0.29929007152453,0.22412357782254,22.715720900263,20739107.937539,71.751720065189,75529373.288544,87.800220526205,22.536528433241,23.150676651169,0,0,-22536528.433241,-23150676.651169,-71751720.065189,-75529373.288544,0.0019610285944388,-0.00033848957514564,172257.44115866,-172257.44115866
55.375,0,-0.0004296869,2.296,29384835.262359,12.1,29384835.262359,16813546.257305,0.57216267200307,4.4031230485456e-05,44.031230485456,5020869865618.5,51.807503608924,7.7851424381364e-05,-8.4465700447652e-05,2.6371970658778e-05,0.00010422339504014,-6.6983795989256e-06,-9.1164080046577e-05,-0.10839297214913,0.038029757019971,0,0,0.00029843555802341,-4.4274745050736e-06,-4.4274745050736e-06,7.084464521925e-08,0.00030247048428663,0.0044274745050736,0.30247049258325,-29384835.262359,479.18190712609,20257371.2847,46.380375592845,54.191533388555,44.580375592845,53.623286281681,51.81921160048,1.2944807451263e-07,0,0,41.818762566092,2.2857017247465,0,0.00094370421086814,1.223332224865e-08,0,0.00073399933491901,0,0.0044274745050736,-4.4274745050736e-06,0.0041766659494274,0.0083333333333333,8.3333333333333e-16,16018596.326182,0.57216267200307,1.1492787698757e-07,0.11492787698757,-1.223332224865e-08,-2.5194287982311e-09,3000000,16018596.326182,16813546.257305,8.9974853739776e-05,86.662879373615,0,-4.4274745050736e-06,0,0,3.2285966311726e-06,0,3000000,-1.5728403514469e-08,-2.97756940661e-09,-0.039593091934165,0.30247049258325,0.22148095811147,22.227859545694,20257371.290368,70.719018466674,74580375.592845,86.623286281681,22.761163992365,23.361304732639,0,0,-22761163.992365,-23361304.732639,-70719018.466674,-74580375.592845,0.0019610285944388,-0.00033971204626022,169948.38452806,-169948.38452806
55.825,0,-0.0004296869,2.296,29515278.934332,12.1,29515278.934332,16822751.463984,0.56994685479346,4.4057316978321e-05,44.057316978321,5110664849364.1,51.784205674919,7.8716397268376e-05,-8.3081459370832e-05,2.6569418045047e-05,0.00010528581531342,-6.6400656156864e-06,-8.9721524986519e-05,-0.108506836056,0.036401464520224,0,0,0.00030176001538571,-4.5581963000617e-06,-4.5581963000617e-06,7.0909401000955e-08,0.00030573394566079,0.0045581963000617,0.30573395388386,-29515278.934332,413.66795441874,19767167.68194,45.406739909871,52.975489003057,43.606739909871,52.413711937435,50.614653293102,1.3281147862694e-07,0,0,41.552168088731,2.3220252765118,0,0.00083301913428513,1.050180543803e-08,0,0.00063010832628182,0,0.0045581963000617,-4.5581963000617e-06,0.0041766659494274,0.0083333333333333,8.3333333333333e-16,15614581.821976,0.56994685479346,1.1518358200141e-07,0.11518358200141,-1.050180543803e-08,-2.1913341855956e-09,3000000,15614581.821976,16822751.463984,8.8718479393079e-05,85.45275216662,0,-4.5581963000617e-06,0,0,3.3124841299525e-06,0,3000000,-1.3883652238085e-08,-2.6502437268355e-09,-0.039040229184849,0.30573395388386,0.21882810778607,21.726468256605,19767167.686268,69.653088546578,73606739.909871,85.413711937435,22.992086616769,23.57414777054,0,0,-22992086.616769,-23574147.77054,-69653088.546578,-73606739.909871,0.0019610285944388,-0.00034096842060692,167575.29047224,-167575.29047224
56.365,0,-0.0004296869,2.296,29641221.207294,12.1,29641221.207294,16831461.111699,0.56782016268151,4.4082106207713e-05,44.082106207713,5198436353568.5,51.761799494338,7.9600956183552e-05,-8.1682247586281e-05,2.6768591899652e-05,0.0001063695480832,-6.5820611574528e-06,-8.8264308743734e-05,-0.10863096507773,0.03475075858687,0,0,0.00030508337940842,-4.6981245835971e-06,-4.6981245835971e-06,7.0946338062032e-08,0.00030899208152673,0.0046981245835971,0.30899208967157,-29641221.207294,269.04243886961,19280898.045202,44.434664266957,51.761832018733,42.634664266957,51.203344112741,49.411459299199,1.3258222337337e-07,0,0,41.285398725463,2.3622143305803,0,0.00074462291854898,9.1104473776378e-09,0,0.00054662684265827,0,0.0046981245835971,-4.6981245835971e-06,0.0041766659494274,0.0083333333333333,8.3333333333333e-16,15211946.252961,0.56782016268151,1.1545260232279e-07,0.11545260232279,-9.1104473776378e-09,-1.9153082359854e-09,3000000,15211946.252961,16831461.111699,8.7461280865144e-05,84.241831116498,0,-4.6981245835971e-06,0,0,3.3067662176379e-06,0,3000000,-1.2410381975816e-08,-2.3737065228971e-09,-0.038487003757737,0.30899208967157,0.21623758015546,21.224748054964,19280898.047079,68.581150653705,72634664.266957,84.203344112741,23.223204967758,23.782977925816,0,0,-23223204.967758,-23782977.925816,-68581150.653705,-72634664.266957,0.0019610285944388,-0.00034222561913486,165200.63966734,-165200.63966734
57.013,0,-0.0004296869,2.296,29757468.112843,12.1,29757468.112843,16838577.157839,0.56584232905919,4.4104653677617e-05,44.104653677617,5280367054631.4,51.741192389275,8.0485652876558e-05,-8.0312583979631e-05,2.6961809742361e-05,0.00010744746261892,-6.5262965594613e-06,-8.6838880539092e-05,-0.10876908777933,0.033126077463295,0,0,0.00030830208362214,-4.8486033677248e-06,-4.8486033677248e-06,7.0936109807677e-08,0.00031214344072854,0.0048486033677248,0.31214344878883,-29757468.112843,28.753595361555,18812734.187507,43.494217470836,50.589076894713,41.694217470836,50.028924419376,48.246708721258,1.2822856256105e-07,0,0,41.026552457893,2.4043413975461,0,0.00067598335083437,8.022542951635e-09,0,0.0004813525770981,0,0.0048486033677248,-4.8486033677248e-06,0.0041766659494274,0.0083333333333333,8.3333333333333e-16,14824765.706463,0.56584232905919,1.1572460090913e-07,0.11572460090913,-8.022542951635e-09,-1.6888347298522e-09,3000000,14824765.706463,16838577.157839,8.6241421348432e-05,83.066874628596,0,-4.8486033677248e-06,0,0,3.1981804801917e-06,0,3000000,-1.1266389180573e-08,-2.1445756984687e-09,-0.037950209220327,0.31214344878883,0.21378581073506,20.737929029089,18812734.187529,67.534989449886,71694217.470836,83.028924419376,23.447508749577,23.980657880243,0,0,-23447508.749577,-23980657.880243,-67534989.449886,-71694217.470836,0.0019610285944388,-0.00034344547865157,162896.51639734,-162896.51639734
57.7906,0,-0.0004296869,2.296,29859112.40021,12.1,29859112.40021,16843020.337772,0.56406618333596,4.4124113932301e-05,44.124113932301,5352714066698.7,51.723230905958,8.1348416798966e-05,-7.9020434637909e-05,2.7140797030404e-05,0.00010848921382937,-6.4748072940426e-06,-8.5495241931952e-05,-0.10892423573701,0.03158013418544,0,0,0.00031130833941148,-5.0104547478145e-06,-5.0104547478145e-06,7.0862529352802e-08,0.0003150827137173,0.0050104547478145,0.31508272168583,-29859112.40021,-317.71506389159,18377350.158203,42.616696391635,49.497087258842,40.816696391635,48.928759707384,47.158980410927,1.1959378073144e-07,0,0,40.784072251695,2.4426643312967,0,0.00062725161657256,7.2464490753341e-09,0,0.00043478694452005,0,0.0050104547478145,-5.0104547478145e-06,0.0041766659494274,0.0083333333333333,8.3333333333333e-16,14467318.112013,0.56406618333596,1.1598822689934e-07,0.11598822689934,-7.2464490753341e-09,-1.5140546801721e-09,3000000,14467318.112013,16843020.337772,8.5098689834769e-05,81.966207061951,0,-5.0104547478145e-06,0,0,2.9828182383744e-06,0,3000000,-1.0454193609543e-08,-1.9639686855213e-09,-0.037447354567007,0.31508272168583,0.21154572142942,20.281890087969,18377350.16095,66.548263981502,70816696.391635,81.928759707384,23.657715980707,24.159994866691,0,0,-23657715.980707,-24159994.866691,-66548263.981502,-70816696.391635,0.0019610285944388,-0.00034458821016523,160738.07582618,-160738.07582618
58.72372,0,-0.0004296869,2.296,29942161.665015,12.1,29942161.665015,16843890.005459,0.56253192841031,4.4139843455379e-05,44.139843455379,5412299929774.7,51.708593556262,8.2166812172384e-05,-7.7851686450135e-05,2.7297645274867e-05,0.00010946445744725,-6.4295053901374e-06,-8.4281191840272e-05,-0.10909814192376,0.03016397743145,0,0,0.00031400284656121,-5.1837141688817e-06,-5.1837141688817e-06,7.0718236521417e-08,0.00031771320862284,0.0051837141688817,0.31771321649326,-29942161.665015,-772.97476595997,17988131.319903,41.830994662921,48.522375910309,40.030994662921,47.938223105118,46.183849536208,1.0702855338537e-07,0,0,40.565754469869,2.4687591347241,0,0.00059843286843295,6.7906853511569e-09,0,0.00040744112106941,0,0.0051837141688817,-5.1837141688817e-06,0.0041766659494274,0.0083333333333333,8.3333333333333e-16,14152302.07898,0.56253192841031,1.1623336265842e-07,0.11623336265842,-6.7906853511569e-09,-1.392750170121e-09,3000000,14152302.07898,16843890.005459,8.4069828084789e-05,80.975217712988,0,-5.1837141688817e-06,0,0,2.6694257770945e-06,0,3000000,-9.9738811405491e-09,-1.8327620096773e-09,-0.036994607869943,0.31771321649326,0.20957835278463,19.871294057834,17988131.336511,65.652651020524,70030994.662921,80.938223105118,23.847145126713,24.314690191214,0,0,-23847145.126713,-24314690.191214,-65652651.020524,-70030994.662921,0.0019610285944388,-0.00034561707191521,158794.71737608,-158794.71737608
59.843464,0,-0.0004296869,2.296,30004045.594056,12.1,30004045.594056,16840581.032278,0.56126255343538,4.41514714993e-05,44.1514714993,5456948294181.7,51.697707113272,8.2920927746687e-05,-7.684376999019e-05,2.7425924689844e-05,0.00011034685243653,-6.3919168208749e-06,-8.3235686811065e-05,-0.10929079833922,0.02892000420215,0,0,0.00031630886018642,-5.3673700507147e-06,-5.3673700507147e-06,7.0508364928558e-08,0.0003199606056255,0.0053673700507147,0.31996061339432,-30004045.594056,-1332.4001953336,17655219.409262,41.15957872875,47.693033740089,39.35957872875,47.084773742204,45.348901527593,9.144285822258e-08,0,0,40.377651202019,2.4754324006967,0,0.0005883420569355,6.6459845563206e-09,0,0.00039875907337924,0,0.0053673700507147,-5.3673700507147e-06,0.0041766659494274,0.0083333333333333,8.3333333333333e-16,13889091.685564,0.56126255343538,1.1645103784549e-07,0.11645103784549,-6.6459845563206e-09,-1.3239682408932e-09,3000000,13889091.685564,16840581.032278,8.3183357657509e-05,80.121378262136,0,-5.3673700507147e-06,0,0,2.2806990765506e-06,0,3000000,-9.8057009489251e-09,-1.7494588697191e-09,-0.036604519932396,0.31996061339432,0.20792492350527,19.51752326377,17655219.459539,64.873452598732,69359578.72875,80.084773742204,24.010677201158,24.440277982184,0,0,-24010677.201158,-24440277.982184,-64873452.598732,-69359578.72875,0.0019610285944388,-0.00034650354234249,157120.3137979,-157120.3137979
61.1871568,0,-0.0004296869,2.296,30043901.148996,12.1,30043901.148996,16832837.946465,0.56026128781842,4.4158929465158e-05,44.158929465158,5485763368038.6,51.690702064204,8.3596417383337e-05,-7.6019798417906e-05,2.752167575745e-05,0.00011111809314079,-6.3629436271298e-06,-8.2382742045036e-05,-0.10950038906617,0.027875357310454,0,0,0.00031818430250308,-5.5591950554144e-06,-5.5591950554144e-06,7.0249537198836e-08,0.00032178473812132,0.0055591950554144,0.32178474578949,-30043901.148996,-1989.5977985413,17383829.323189,40.615032317021,47.024552176848,38.815032317021,46.383659787156,44.669448294569,7.4225776905865e-08,0,0,40.223123198588,2.4613252255084,0,0.00059426441828054,6.7776883601641e-09,0,0.00040666130160985,0,0.0055591950554144,-5.5591950554144e-06,0.0041766659494274,0.0083333333333333,8.3333333333333e-16,13682533.099711,0.56026128781842,1.1663554812286e-07,0.11663554812286,-6.7776883601641e-09,-1.3030430445667e-09,3000000,13682533.099711,16832837.946465,8.2455116692888e-05,79.419943847423,0,-5.5591950554144e-06,0,0,1.851283568077e-06,0,3000000,-9.9044069713423e-09,-1.7093273624165e-09,-0.03628406026769,0.32178474578949,0.20660109526178,19.226898358081,17383829.437045,64.225643878297,68815032.317021,79.383659787156,24.145584022452,24.534866795071,0,0,-24145584.022452,-24534866.795071,-64225643.878297,-68815032.317021,0.0019610285944388,-0.00034723178330711,155744.78085352,-155744.78085352
62.79958816,0,-0.0004296869,2.296,30062676.685852,12.1,30062676.685852,16820797.822812,0.55951175207889,4.4162453248432e-05,44.162453248432,5499262097055.8,51.687398434777,8.418660543174e-05,-7.538502385397e-05,2.7584021105763e-05,0.0001117706265375,-6.3427268319838e-06,-8.1727750685954e-05,-0.10972348557629,0.027037808131798,0,0,0.00031962820345199,-5.7557893511736e-06,-5.7557893511736e-06,6.9965514061999e-08,0.00032318576686154,0.0057557893511736,0.32318577443485,-30062676.685852,-2736.9132299741,17173431.591911,40.198226124291,46.517602693483,38.398226124291,45.835616352936,44.146257213111,5.7017222269844e-08,0,0,40.102332481083,2.431540846471,0,0.00061218496896557,7.1273431290802e-09,0,0.00042764058774481,0,0.0057557893511736,-5.7557893511736e-06,0.0041766659494274,0.0083333333333333,8.3333333333333e-16,13532294.281986,0.55951175207889,1.167855111426e-07,0.1167855111426,-7.1273431290802e-09,-1.3217058307936e-09,3000000,13532294.281986,16820797.822812,8.1885868746365e-05,78.871649917811,0,-5.7557893511736e-06,0,0,1.4220807256679e-06,0,3000000,-1.0203082816093e-08,-1.7046118332543e-09,-0.036033564875424,0.32318577443485,0.20559514016835,18.999724058901,17173431.81,63.711631558676,68398226.124291,78.835616352936,24.25196891118,24.599448512639,0,0,-24251968.91118,-24599448.512639,-63711631.558676,-68398226.124291,0.0019610285944388,-0.00034780103125364,154669.5607794,-154669.5607794
64.734505792,0,-0.0004296869,2.296,30063010.495419,12.1,30063010.495419,16805011.589079,0.55898115696035,4.416255499302e-05,44.16255499302,5499308544283.1,51.687328583926,8.4693115761202e-05,-7.4926930793884e-05,2.7615119437679e-05,0.00011230823519888,-6.3306588511753e-06,-8.1257589645059e-05,-0.10995564598763,0.026395543771149,0,0,0.00032067876587135,-5.9529130044539e-06,-5.9529130044539e-06,6.9681428164885e-08,0.0003242021194839,0.0059529130044539,0.32420212697228,-30063010.495419,-3559.9635567996,17018148.30638,39.898888074613,46.158728449002,38.098888074613,45.427511363539,43.766250967716,4.1372918256287e-08,0,0,40.012384693356,2.3938968658977,0,0.00063742608599424,7.6216313845156e-09,0,0.00045729788307093,0,0.0059529130044539,-5.9529130044539e-06,0.0041766659494274,0.0083333333333333,8.3333333333333e-16,13433067.290649,0.55898115696035,1.1690446922307e-07,0.11690446922307,-7.6216313845156e-09,-1.3691805110057e-09,3000000,13433067.290649,16805011.589079,8.1461973644855e-05,78.463358394988,0,-5.9529130044539e-06,0,0,1.0318922471959e-06,0,3000000,-1.0623768099904e-08,-1.7254967608935e-09,-0.035847031449364,0.32420212697228,0.20487105663372,18.830556874022,17018148.678727,63.321540620144,68098888.074613,78.427511363539,24.332637106896,24.637639270125,0,0,-24332637.106896,-24637639.270125,-63321540.620144,-68098888.074613,0.0019610285944388,-0.00034822492635514,153868.88942827,-153868.88942827
67.0564069504,0,-0.0004296869,2.296,30048656.886628,12.1,30048656.886628,16786305.417374,0.55862622100364,4.415992808454e-05,44.15992808454,5488658219945.6,51.689835131435,8.5124410875845e-05,-7.4619223736668e-05,2.7619514206002e-05,0.00011274392508185,-6.3255567368563e-06,-8.0944780473524e-05,-0.11019199725789,0.025921373774182,0,0,0.00032140309440115,-6.1460386276973e-06,-6.1460386276973e-06,6.9416529188471e-08,0.00032490030603591,0.0061460386276973,0.3249003134515,-30048656.886628,-4441.52485205,16908253.959478,39.698548328313,45.924073200589,37.898548328313,45.135933916492,43.506148481954,2.8434245487399e-08,0,0,39.948119989433,2.3550245361693,0,0.00066543984198864,8.1848436962611e-09,0,0.00049109062177566,0,0.0061460386276973,-6.1460386276973e-06,0.0041766659494274,0.0083333333333333,8.3333333333333e-16,13375874.787127,0.55862622100364,1.1699804223682e-07,0.11699804223682,-8.1848436962611e-09,-1.433740468711e-09,3000000,13375874.787127,16786305.417374,8.1159114687663e-05,78.17164767601,0,-6.1460386276973e-06,0,0,7.0918559071803e-07,0,3000000,-1.1090664033144e-08,-1.7615657929545e-09,-0.035713759517989,0.3249003134515,0.20437620520022,18.709692544567,16908254.542836,63.036202503207,67898548.328313,78.135933916492,24.392399846359,24.654868267719,0,0,-24392399.846359,-24654868.267719,-63036202.503207,-67898548.328313,0.0019610285944388,-0.00034852778531234,153296.83636706,-153296.83636706
69.84268834048,0,-0.0004296869,2.296,30023825.795685,12.1,30023825.795685,16765647.175313,0.55840063029747,4.4155339573699e-05,44.155339573699,5470429056369.7,51.694183243815,8.549287847418e-05,-7.4428576037393e-05,2.7602990734919e-05,0.0001130958692091,-6.3259466914333e-06,-8.0754522728827e-05,-0.11042783116356,0.025580056787797,0,0,0.00032188135393136,-6.3310068358409e-06,-6.3310068358409e-06,6.9180800839729e-08,0.00032535934976799,0.0063310068358409,0.32535935712291,-30023825.795685,-5358.1121240919,16832370.148845,39.575061092516,45.785104769514,37.775061092516,44.932749792157,43.338056340351,1.8709557563508e-08,0,0,39.903337487478,2.3189286675885,0,0.00069249318321043,8.7507030039842e-09,0,0.00052504218023905,0,0.0063310068358409,-6.3310068358409e-06,0.0041766659494274,0.0083333333333333,8.3333333333333e-16,13350072.794996,0.55840063029747,1.1707425846255e-07,0.11707425846255,-8.7507030039842e-09,-1.504439558044e-09,3000000,13350072.794996,16765647.175313,8.0948069105649e-05,77.96837068187,0,-6.3310068358409e-06,0,0,4.6663972985073e-07,0,3000000,-1.1541553053507e-08,-1.8033230762055e-09,-0.035620889712959,0.32535935712291,0.20405177598823,18.625468907956,16832371.001647,62.832001853068,67775061.092516,77.932749792157,24.437004752165,24.657291364038,0,0,-24437004.752165,-24657291.364038,-62832001.853068,-67775061.092516,0.0019610285944388,-0.00034873883089435,152898.20436895,-152898.20436895
73.186226008576,0,-0.0004296869,2.296,29992566.365843,12.1,29992566.365843,16744026.171011,0.55826210599519,4.4149525626466e-05,44.149525626466,5447623638637.3,51.699666493873,8.5811628723017e-05,-7.4321743334256e-05,2.7571344698998e-05,0.00011338297342201,-6.3303576963374e-06,-8.0652101030593e-05,-0.1106591160124,0.025336084932262,0,0,0.00032219066046986,-6.5045845948796e-06,-6.5045845948796e-06,6.8975267128094e-08,0.0003256550044177,0.0065045845948796,0.32565501172234,-29992566.365843,-6282.0443066434,16779714.847254,39.507196088749,45.714279001135,37.707196088749,44.790766217112,43.235148548089,1.2065393417749e-08,0,0,39.872043803743,2.2872995831854,0,0.00071601632914918,9.2702628367907e-09,0,0.00055621577020744,0,0.0065045845948796,-6.5045845948796e-06,0.0041766659494274,0.0083333333333333,8.3333333333333e-16,13345138.18731,0.55826210599519,1.1713965243086e-07,0.11713965243086,-9.2702628367907e-09,-1.5725026073802e-09,3000000,13345138.18731,16744026.171011,8.0800592001668e-05,77.826322210087,0,-6.5045845948796e-06,0,0,3.0092597892227e-07,0,3000000,-1.193360548582e-08,-1.8432757462075e-09,-0.035555992974565,0.32565501172234,0.20384300300356,18.566614048758,16779716.0232,62.685853815662,67707196.088749,77.790766217112,24.47204754066,24.650713702382,0,0,-24472047.54066,-24650713.702382,-62685853.815662,-67707196.088749,0.0019610285944388,-0.00034888630799833,152619.64325399,-152619.64325399
77.198471210291,0,-0.0004296869,2.296,29958300.862065,12.1,29958300.862065,16722348.747871,0.55817734744933,4.4143113244938e-05,44.143113244938,5422762483990.1,51.705686637736,8.6091773130698e-05,-7.4271047851997e-05,2.7529449671678e-05,0.00011362122280238,-6.3375482646491e-06,-8.0608596116646e-05,-0.11088266875553,0.025159803645354,0,0,0.0003223933169465,-6.6647741897536e-06,-6.6647741897536e-06,6.879494008027e-08,0.00032584829311962,0.0066647741897536,0.32584830038181,-29958300.862065,-7188.4071517748,16741642.247228,39.477963692588,45.689260574866,37.677963692588,44.687877273313,43.175779853937,7.9025868255701e-09,0,0,39.849366715452,2.2604332507673,0,0.00073462587631621,9.7139333620537e-09,0,0.00058283600172322,0,0.0066647741897536,-6.6647741897536e-06,0.0041766659494274,0.0083333333333333,8.3333333333333e-16,13352161.470462,0.55817734744933,1.1719935765757e-07,0.11719935765757,-9.7139333620537e-09,-1.631981101192e-09,3000000,13352161.470462,16722348.747871,8.0693722150995e-05,77.723386238617,0,-6.6647741897536e-06,0,0,1.9710038406245e-07,0,3000000,-1.224376460527e-08,-1.8764783591456e-09,-0.035508965303706,0.32584830038181,0.20370640489007,18.523964648653,16741643.790482,62.5789827259,67677963.692588,77.687877273313,24.502183838651,24.639871724687,0,0,-24502183.838651,-24639871.724687,-62578982.7259,-67677963.692588,0.0019610285944388,-0.00034899317784901,152417.78287054,-152417.78287054
82.013165452349,0,-0.0004296869,2.296,29923699.514343,12.1,29923699.514343,16701425.06948,0.55812381335017,4.4136597316139e-05,44.136597316139,5397793192914.2,51.711775532683,8.6341164728885e-05,-7.4256887244122e-05,2.7480802721567e-05,0.00011382196745045,-6.3466095560185e-06,-8.0603496800141e-05,-0.11109622046412,0.025030218307371,0,0,0.00032253189486607,-6.8108360195898e-06,-6.8108360195898e-06,6.8633345768595e-08,0.00032598075612719,0.0068108360195898,0.32598076335236,-29923699.514343,-8057.4506277999,16712273.976911,39.475974900295,45.694652923981,37.675974900295,44.608807887036,43.145169063881,5.4288920778258e-09,0,0,39.831939542158,2.237933254535,0,0.00074789393230526,1.0069120306843e-08,0,0.00060414721841058,0,0.0068108360195898,-6.8108360195898e-06,0.0041766659494274,0.0083333333333333,8.3333333333333e-16,13364463.372809,0.55812381335017,1.1725637907338e-07,0.11725637907338,-1.0069120306843e-08,-1.6797309734617e-09,3000000,13364463.372809,16701425.06948,8.0611593467462e-05,77.644280711925,0,-6.8108360195898e-06,0,0,1.3540334794055e-07,0,3000000,-1.2464898871754e-08,-1.9004066823899e-09,-0.035472824888913,0.32598076335236,0.20361259413496,18.491188902621,16712275.919271,62.498559480447,67675974.900295,77.608807887036,24.530805836415,24.6281766086,0,0,-24530805.836415,-24628176.6086,-62498559.480447,-67675974.900295,0.0019610285944388,-0.00034907530653254,152262.65467072,-152262.65467072
87.013165452349,0,-0.0004296869,2.296,29895014.798692,12.1,29895014.798692,16684546.353246,0.55809497309326,4.413116528427e-05,44.13116528427,5377191352356.3,51.716830429895,8.6559961434089e-05,-7.4273707361147e-05,2.7429180846649e-05,0.00011398914228074,-6.3552754559688e-06,-8.0628982817115e-05,-0.11129730305493,0.024942350758084,0,0,0.00032261438208672,-6.9445466579389e-06,-6.9445466579389e-06,6.8502387461628e-08,0.00032605986079422,0.0069445466579389,0.3260598679901,-29895014.798692,-8812.8920967944,16690607.445941,39.491270510835,45.715732904363,37.691270510835,44.551380859851,43.134907084514,3.2586083112338e-09,0,0,39.8192824216,2.2208207998233,0,0.00075523652458744,1.031050209139e-08,0,0.00061863012548339,0,0.0069445466579389,-6.9445466579389e-06,0.0041766659494274,0.0083333333333333,8.3333333333333e-16,13374103.989213,0.55809497309326,1.1730808487269e-07,0.11730808487269,-1.031050209139e-08,-1.7120374778707e-09,3000000,13374103.989213,16684546.353246,8.0551944514006e-05,77.586827436446,0,-6.9445466579389e-06,0,0,8.1273760672325e-08,0,3000000,-1.2587275409791e-08,-1.9135679447977e-09,-0.035446576594126,0.3260598679901,0.20355624022564,18.467384321013,16690609.772611,62.442127192433,67691270.510835,77.551380859851,24.556363426322,24.618716144753,0,0,-24556363.426322,-24618716.144753,-62442127.192433,-67691270.510835,0.0019610285944388,-0.00034913495548599,152149.98715466,-152149.98715466
92.013165452349,0,-0.0004296869,2.296,29871689.74842,12.1,29871689.74842,16671138.652843,0.55808212739545,4.4126730339675e-05,44.126730339675,5360493818504.7,51.720944981821,8.6752757614415e-05,-7.4309541746404e-05,2.7377514672035e-05,0.00011413027228645,-6.3630592911204e-06,-8.0672601037525e-05,-0.11148435520311,0.024883478318212,0,0,0.00032265921800385,-7.0670634723935e-06,-7.0670634723935e-06,6.8397589648526e-08,0.00032610310114228,0.0070670634723935,0.32610310831521,-29871689.74842,-9459.5528083324,16674250.851333,39.516523984343,45.744826905772,37.716523984343,44.509137786402,43.137139852179,1.7993327547379e-09,0,0,39.809971898322,2.2075393330106,0,0.00075861645918667,1.0470555540074e-08,0,0.00062823333240442,0,0.0070670634723935,-7.0670634723935e-06,0.0041766659494274,0.0083333333333333,8.3333333333333e-16,13380504.869048,0.55808212739545,1.1735392189772e-07,0.11735392189772,-1.0470555540074e-08,-1.7329355165461e-09,3000000,13380504.869048,16671138.652843,8.0508067001177e-05,77.544565054864,0,-7.0670634723935e-06,0,0,4.4877605916738e-08,0,3000000,-1.2643607653111e-08,-1.9193095602688e-09,-0.035427268461433,0.32610310831521,0.20352503984301,18.449873773478,16674253.534606,62.402769031761,67716523.984343,77.509137786402,24.579384132164,24.611695013409,0,0,-24579384.132164,-24611695.013409,-62402769.031761,-67716523.984343,0.0019610285944388,-0.00034917883299882,152067.10941591,-152067.10941591
97.013165452349,0,-0.0004296869,2.296,29852585.681512,12.1,29852585.681512,16660358.675569,0.55807838949571,4.4123085418972e-05,44.123085418972,5346853717017.7,51.724317783832,8.6928118931882e-05,-7.4351502958511e-05,2.7327236942891e-05,0.00011425535587477,-6.3699402909677e-06,-8.0721443249479e-05,-0.11165888965207,0.024838200717672,0,0,0.00032268227030283,-7.179345634344e-06,-7.179345634344e-06,6.8312268575961e-08,0.00032612504295807,0.007179345634344,0.32612505011264,-29852585.681512,-10020.818219349,16661701.799763,39.547448460349,45.77791464666,37.747448460349,44.476282409108,43.146573477188,9.3009567620506e-10,0,0,39.802730456587,2.1959847485116,0,0.00075900378992656,1.0577110771008e-08,0,0.00063462664626046,0,0.007179345634344,-7.179345634344e-06,0.0041766659494274,0.0083333333333333,8.3333333333333e-16,13384110.310519,0.55807838949571,1.1739533455694e-07,0.11739533455694,-1.0577110771008e-08,-1.7461522047866e-09,3000000,13384110.310519,16660358.675569,8.0473940406661e-05,77.511694660292,0,-7.179345634344e-06,0,0,2.3197747668956e-08,0,3000000,-1.2650063165443e-08,-1.9196778591158e-09,-0.035412251183516,0.32612505011264,0.20350882367014,18.43625460236,16661704.813164,62.372894134128,67747448.460349,77.476282409108,24.600874983161,24.606516454299,0,0,-24600874.983161,-24606516.454299,-62372894.134128,-67747448.460349,0.0019610285944388,-0.00034921295959334,152002.64963224,-152002.64963224
102.01316545235,0,-0.0004296869,2.296,29836976.249674,12.1,29836976.249674,16651622.742317,0.55807782581625,4.4120096647346e-05,44.120096647346,5335736888942.2,51.72707594872,8.7093282430253e-05,-7.4392298486621e-05,2.7278882442069e-05,0.00011437216487232,-6.375805075262e-06,-8.0768103561883e-05,-0.11182387270572,0.024796681465321,0,0,0.00032269651796713,-7.2822124708416e-06,-7.2822124708416e-06,6.8242182366964e-08,0.00032613806531411,0.0072822124708416,0.32613807245372,-29836976.249674,-10516.642297085,16651285.328138,39.580352935038,45.811280265337,37.780352935038,44.448057323873,43.158692714172,5.6391400739978e-10,0,0,39.796509547651,2.1856878032011,0,0.00075744172468984,1.0647009027797e-08,0,0.00063882054166783,0,0.0072822124708416,-7.2822124708416e-06,0.0041766659494274,0.0083333333333333,8.3333333333333e-16,13384878.883832,0.55807782581625,1.1743305480562e-07,0.11743305480562,-1.0647009027797e-08,-1.7540353786494e-09,3000000,13384878.883832,16651622.742317,8.0444623256218e-05,77.483456674156,0,-7.2822124708416e-06,0,0,1.4064719558242e-08,0,3000000,-1.2624028744831e-08,-1.9157436929941e-09,-0.0353993502831,0.32613807245372,0.20349895934176,18.424554774286,16651288.649195,62.346361878356,67780352.935038,77.448057323873,24.621660220866,24.602778149058,0,0,-24621660.220866,-24602778.149058,-62346361.878356,-67780352.935038,0.0019610285944388,-0.00034924227674378,151947.27413398,-151947.27413398
107.01316545235,0,-0.0004296869,2.296,29824106.743843,12.1,29824106.743843,16644449.89513,0.55807842159528,4.4117625322636e-05,44.117625322636,5326588712611.1,51.729351503402,8.7248123649294e-05,-7.4431536994606e-05,2.7232651535072e-05,0.00011448077518437,-6.3808302272855e-06,-8.0812367221891e-05,-0.11197901075102,0.024758633462407,0,0,0.00032270605193628,-7.37658242675e-06,-7.37658242675e-06,6.8182828150673e-08,0.000326146634651,0.00737658242675,0.32614664177801,-29824106.743843,-10967.528026143,16641303.170013,39.613886885928,45.843931776305,37.813886885928,44.422855871203,43.171896922402,3.8362482428258e-10,0,0,39.790955058061,2.1765570691634,0,0.00075470668618617,1.0690892179768e-08,0,0.00064145353078608,0,0.00737658242675,-7.37658242675e-06,0.0041766659494274,0.0083333333333333,8.3333333333333e-16,13383408.150629,0.55807842159528,1.1746727744204e-07,0.11746727744204,-1.0690892179768e-08,-1.7581281682314e-09,3000000,13383408.150629,16644449.89513,8.0418446726611e-05,77.458243702604,0,-7.37658242675e-06,0,0,9.5680821855616e-09,0,3000000,-1.257844476977e-08,-1.9091261524e-09,-0.035387831400769,0.32614664177801,0.2034922429067,18.414108298713,16641306.784113,62.322403003884,67813886.885928,77.422855871203,24.641989963526,24.600262592998,0,0,-24641989.963526,-24600262.592998,-62322403.003884,-67813886.885928,0.0019610285944388,-0.00034926845327339,151897.83077582,-151897.83077582
112.01316545235,0,-0.0004296869,2.296,29813512.546588,12.1,29813512.546588,16638561.434174,0.55807951946061,4.4115585174906e-05,44.115585174906,5319070952055.9,51.731225946237,8.7392862808689e-05,-7.4469047415517e-05,2.7188596212375e-05,0.00011458145902106,-6.3851766374244e-06,-8.0854224052942e-05,-0.11212441791932,0.0247238022789,0,0,0.00032271251617702,-7.4633402132028e-06,-7.4633402132028e-06,6.8134039872968e-08,0.00032615238444731,0.0074633402132028,0.326152391564,-29813512.546588,-11352.770843188,16631356.055896,39.647525152533,45.875595484502,37.847525152533,44.399952120263,43.185560828869,2.7043167972546e-10,0,0,39.785906990085,2.1683296087756,0,0.00075121558768909,1.0716376355418e-08,0,0.00064298258132509,0,0.0074633402132028,-7.4633402132028e-06,0.0041766659494274,0.0083333333333333,8.3333333333333e-16,13380117.219948,0.55807951946061,1.1749822684322e-07,0.11749822684322,-1.0716376355418e-08,-1.7595743820988e-09,3000000,13380117.219948,16638561.434174,8.0394656799797e-05,77.435329482997,0,-7.4633402132028e-06,0,0,6.7449038048496e-09,0,3000000,-1.2520259794818e-08,-1.9008769153939e-09,-0.035377362734067,0.326152391564,0.20348750969627,18.404614263671,16631359.930667,62.300697246258,67847525.152533,77.399952120263,24.661964323664,24.598778204625,0,0,-24661964.323664,-24598778.204625,-62300697.246258,-67847525.152533,0.0019610285944388,-0.0003492922432002,151852.89533595,-151852.89533595
117.01316545235,0,-0.0004296869,2.296,29804768.531042,12.1,29804768.531042,16633714.463302,0.55808092158348,4.4113896141778e-05,44.113896141778,5312877826372.1,51.732774117582,8.7528033343763e-05,-7.450478011221e-05,2.7146661938547e-05,0.00011467469528231,-6.3889684852329e-06,-8.0893748597443e-05,-0.11226054190285,0.024691893655087,0,0,0.00032271679061888,-7.5432714446096e-06,-7.5432714446096e-06,6.8094246602899e-08,0.00032615608769875,0.0075432714446096,0.32615609480705,-29804768.531042,-11679.464839707,16621935.773259,39.680997541865,45.906218363351,37.880997541865,44.378906088325,43.199358695076,1.8626048824924e-10,0,0,39.781268369969,2.1608194335917,0,0.00074725191884944,1.0728799231898e-08,0,0.00064372795391389,0,0.0075432714446096,-7.5432714446096e-06,0.0041766659494274,0.0083333333333333,8.3333333333333e-16,13375368.035809,0.55808092158348,1.1752590623108e-07,0.11752590623108,-1.0728799231898e-08,-1.7591861060533e-09,3000000,13375368.035809,16633714.463302,8.0372796469548e-05,77.414273831504,0,-7.5432714446096e-06,0,0,4.6455691769206e-09,0,3000000,-1.2454198647491e-08,-1.8916748332161e-09,-0.035367743178952,0.32615609480705,0.2034842508733,18.395890288057,16621939.876568,62.280996576009,67880997.541865,77.378906088325,24.681638846789,24.59816612279,0,0,-24681638.846789,-24598166.12279,-62280996.576009,-67880997.541865,0.0019610285944388,-0.00034931410353045,151811.6046013,-151811.6046013
122.01316545235,0,-0.0004296869,2.296,29797635.033026,12.1,29797635.033026,16629769.750396,0.55808243755311,4.4112513292903e-05,44.112513292903,5307836781042.5,51.734038173797,8.7654026976439e-05,-7.4538725717147e-05,2.7106834247453e-05,0.00011476086122389,-6.3922982100057e-06,-8.0931023927153e-05,-0.11238772417374,0.024662715417622,0,0,0.00032271957024763,-7.6170745582891e-06,-7.6170745582891e-06,6.8061427068273e-08,0.00032615831698799,0.0076170745582891,0.32615832408938,-29797635.033026,-11960.354995113,16613183.912087,39.714100574687,45.935755910588,37.914100574687,44.359358136443,43.213038847567,1.2447980894875e-10,0,0,39.776959932013,2.1540256147826,0,0.00074299614015167,1.0730497524407e-08,0,0.00064382985146445,0,0.0076170745582891,-7.6170745582891e-06,0.0041766659494274,0.0083333333333333,8.3333333333333e-16,13369425.559834,0.55808243755311,1.175503493426e-07,0.1175503493426,-1.0730497524407e-08,-1.7573895239666e-09,3000000,13369425.559834,16629769.750396,8.0352492182018e-05,77.394716944798,0,-7.6170745582891e-06,0,0,3.1046818839995e-09,0,3000000,-1.2383269002528e-08,-1.881949355151e-09,-0.035358808354545,0.32615832408938,0.20348207345413,18.387787294768,16613188.217405,62.26321374023,67914100.574687,77.359358136443,24.70106172712,24.598362704943,0,0,-24701061.72712,-24598362.704943,-62263213.74023,-67914100.574687,0.0019610285944388,-0.00034933440781798,151773.25298725,-151773.25298725
127.01316545235,0,-0.0004296869,2.296,29791936.062506,12.1,29791936.062506,16626624.683489,0.55808391557978,4.4111403816193e-05,44.111403816193,5303820481087,51.73504902721,8.7771301656031e-05,-7.4570910677287e-05,2.7069067253634e-05,0.00011484036890966,-6.3952410661412e-06,-8.0966151743428e-05,-0.11250638149332,0.0246360759236,0,0,0.000322721371225,-7.6853769390727e-06,-7.6853769390727e-06,6.8034097876849e-08,0.00032615950923033,0.0076853769390727,0.326159516326,-29791936.062506,-12203.862401352,16605134.728498,39.746691831261,45.964186169054,37.946691831261,44.341023935282,43.226420352177,8.0080370591303e-11,0,0,39.772919009023,2.1478023635719,0,0.00073856243533401,1.0724297416436e-08,0,0.00064345784498617,0,0.0076853769390727,-7.6853769390727e-06,0.0041766659494274,0.0083333333333333,8.3333333333333e-16,13362490.562989,0.55808391557978,1.17571504129e-07,0.117571504129,-1.0724297416436e-08,-1.7545992197333e-09,3000000,13362490.562989,16626624.683489,8.03334486068e-05,77.376374363584,0,-7.6853769390727e-06,0,0,1.9973044458374e-09,0,3000000,-1.2309373922233e-08,-1.8719693248339e-09,-0.035350428301626,0.326159516326,0.20348067244444,18.380187423956,16605139.213082,62.247199898711,67946691.831261,77.341023935282,24.720271479083,24.599304495453,0,0,-24720271.479083,-24599304.495453,-62247199.898711,-67946691.831261,0.0019610285944388,-0.0003493534513932,151737.28266099,-151737.28266099
132.01316545235,0,-0.0004296869,2.296,29787522.151316,12.1,29787522.151316,16624193.294443,0.55808526886996,4.411053987981e-05,44.11053987981,5300720344316.4,51.73583291412,8.7880541890217e-05,-7.4601405538306e-05,2.703322650186e-05,0.00011491376839208,-6.3978614105651e-06,-8.0999266948871e-05,-0.1126171513652,0.024611716104269,0,0,0.00032272249298604,-7.7487452164048e-06,-7.7487452164048e-06,6.8011345392595e-08,0.0003261599493969,0.0077487452164048,0.32615995648781,-29787522.151316,-12414.922382103,16597740.185091,39.77869945561,45.991534645324,37.97869945561,44.32370535644,43.239406234602,4.7299759522497e-11,0,0,39.769101932795,2.1419376249613,0,0.00073403727605782,1.071332998716e-08,0,0.0006427997992296,0,0.0077487452164048,-7.7487452164048e-06,0.0041766659494274,0.0083333333333333,8.3333333333333e-16,13354725.316189,0.55808526886996,1.1758983930588e-07,0.11758983930588,-1.071332998716e-08,-1.7512198615372e-09,3000000,13354725.316189,16624193.294443,8.0315459949648e-05,77.359047868902,0,-7.7487452164048e-06,0,0,1.1797150697667e-09,0,3000000,-1.2233954600964e-08,-1.8619315293854e-09,-0.035342512461511,0.32615995648781,0.20347984455305,18.373008547674,16597744.828201,62.232749718943,67978699.45561,77.32370535644,24.739293221008,24.600900769985,0,0,-24739293.221008,-24600900.769985,-62232749.718943,-67978699.45561,0.0019610285944388,-0.00034937144005035,151703.30490948,-151703.30490948
137.01316545235,0,-0.0004296869,2.296,29784266.443327,12.1,29784266.443327,16622402.667801,0.55808642614226,4.4109898028215e-05,44.109898028215,5298443530918.1,51.736412058173,8.7982451317263e-05,-7.4630296120732e-05,2.6999159978553e-05,0.00011498161129582,-6.4002132625237e-06,-8.1030509383256e-05,-0.11272069535538,0.0245893813965,0,0,0.00032272315441037,-7.8076897640712e-06,-7.8076897640712e-06,6.7992442290299e-08,0.00032615987173019,0.0078076897640712,0.32615987881717,-29784266.443327,-12597.124745546,16590917.51963,39.810078523961,46.017833694022,38.010078523961,44.307242148703,43.251931039196,2.4243195873756e-11,0,0,39.765473383394,2.1363304808523,0,0.00072948396626478,1.0699410346974e-08,0,0.00064196462081845,0,0.0078076897640712,-7.8076897640712e-06,0.0041766659494274,0.0083333333333333,8.3333333333333e-16,13346258.616768,0.55808642614226,1.1760561449558e-07,0.11760561449558,-1.0699410346974e-08,-1.7474868458241e-09,3000000,13346258.616768,16622402.667801,8.029835975902e-05,77.342577136291,0,-7.8076897640712e-06,0,0,6.046555796442e-10,0,3000000,-1.2158066104413e-08,-1.8519742205923e-09,-0.035334987587731,0.32615987881717,0.20347941998288,18.366184238785,16590922.301992,62.219678440496,68010078.523961,77.307242148703,24.758147484765,24.603072706247,0,0,-24758147.484765,-24603072.706247,-62219678.440496,-68010078.523961,0.0019610285944388,-0.00034938854024098,151671.00533186,-151671.00533186
142.01316545235,0,-0.0004296869,2.296,29782069.666431,12.1,29782069.666431,16621195.306022,0.55808731644587,4.410945986116e-05,44.10945986116,5296917614816.3,51.736803863633,8.807766702109e-05,-7.465766685013e-05,2.6966730640624e-05,0.00011504439766171,-6.4023428745369e-06,-8.1060009724667e-05,-0.11281761561098,0.02456884725086,0,0,0.00032272353986206,-7.8626723287027e-06,-7.8626723287027e-06,6.797723667919e-08,0.0003261594917174,0.0078626723287027,0.32615949880121,-29782069.666431,-12748.123161542,16584640.585943,39.840795381299,46.04310362956,38.040795381299,44.291494708653,43.263942074085,9.9317189427033e-12,0,0,39.762002591731,2.1309119519264,0,0.00072494269798504,1.0683747995739e-08,0,0.00064102487974431,0,0.0078626723287027,-7.8626723287027e-06,0.0041766659494274,0.0083333333333333,8.3333333333333e-16,13337180.413767,0.55808731644587,1.1761894482526e-07,0.11761894482526,-1.0683747995739e-08,-1.7435472720638e-09,3000000,13337180.413767,16621195.306022,8.0282003030061e-05,77.326822498524,0,-7.8626723287027e-06,0,0,2.4770947301608e-10,0,3000000,-1.2082378299751e-08,-1.8421815586925e-09,-0.035327789871474,0.32615949880121,0.20347924564964,18.359656629048,16584645.485495,62.207825816152,68040795.381299,77.291494708653,24.776853307214,24.605758265882,0,0,-24776853.307214,-24605758.265882,-62207825.816152,-68040795.381299,0.0019610285944388,-0.00034940489696994,151640.1100367,-151640.1100367
147.01316545235,0,-0.0004296869,2.296,29780869.305461,12.1,29780869.305461,16620534.281347,0.55808787043192,4.4109213332737e-05,44.109213332737,5296098634311.3,51.737019404046,8.8166791183621e-05,-7.4683610323949e-05,2.6935804420415e-05,0.00011510259560404,-6.4042852477373e-06,-8.1087895571687e-05,-0.11290848729895,0.024549912718753,0,0,0.00032272375945879,-7.9141156685124e-06,-7.9141156685124e-06,6.796464345202e-08,0.00032615896422938,0.0079141156685124,0.32615897131057,-29780869.305461,-12875.023445297,16578598.051902,39.870838279072,46.067374582711,38.070838279072,44.27635691389,43.275413291618,3.0783336235842e-12,0,0,39.758666168052,2.1256382429237,0,0.00072043917726806,1.0667121250204e-08,0,0.00064002727501225,0,0.0079141156685124,-7.9141156685124e-06,0.0041766659494274,0.0083333333333333,8.3333333333333e-16,13327560.506065,0.55808787043192,1.1762994592569e-07,0.11762994592569,-1.0667121250204e-08,-1.7395146369686e-09,3000000,13327560.506065,16620534.281347,8.0266279534357e-05,77.311677784697,0,-7.9141156685124e-06,0,0,7.677748474967e-11,0,3000000,-1.2007319621134e-08,-1.8326034885693e-09,-0.035320870807126,0.32615897131057,0.20347919134024,18.353381728736,16578603.051305,62.197054253094,68070838.279072,77.27635691389,24.795424987454,24.608905504648,0,0,-24795424.987454,-24608905.504648,-62197054.253094,-68070838.279072,0.0019610285944388,-0.00034942062046564,151610.41081983,-151610.41081983
152.01316545235,0,-0.0004296869,2.296,29780588.331887,12.1,29780588.331887,16620375.874594,0.55808806227944,4.4109143830782e-05,44.109143830782,5295931602738.4,51.737072266879,8.8250392090534e-05,-7.4708222465354e-05,2.6906250774074e-05,0.00011515664286461,-6.4060674488096e-06,-8.1114289914164e-05,-0.11299385721896,0.024532395701343,0,0,0.00032272388094053,-7.9624050516742e-06,-7.9624050516742e-06,6.795381819869e-08,0.00032615838498424,0.0079624050516742,0.32615839206319,-29780588.331887,-12984.565109312,16572619.092132,39.900207613293,46.090679398532,38.100207613293,44.261744173513,43.28633373716,7.4793625048888e-13,0,0,39.755445468223,2.1204847159555,0,0.00071599074519863,1.0650015048592e-08,0,0.00063900090291555,0,0.0079624050516742,-7.9624050516742e-06,0.0041766659494274,0.0083333333333333,8.3333333333333e-16,13317452.975399,0.55808806227944,1.1763874484859e-07,0.11763874484859,-1.0650015048592e-08,-1.7354727004265e-09,3000000,13317452.975399,16620375.874594,8.0251101408075e-05,77.297058365243,0,-7.9624050516742e-06,0,0,1.8654464098824e-11,0,3000000,-1.1933179086644e-08,-1.8232695933349e-09,-0.035314191730279,0.32615839206319,0.20347917807461,18.347324473331,16572624.178802,62.187241252342,68100207.613293,77.261744173513,24.813873876133,24.612468677872,0,0,-24813873.876133,-24612468.677872,-62187241.252342,-68100207.613293,0.0019610285944388,-0.00034943579859193,151581.74172025,-151581.74172025
157.01316545235,0,-0.0004296869,2.296,29781153.529493,12.1,29781153.529493,16620679.531107,0.55808790169811,4.4109237558233e-05,44.109237558233,5296363760788.8,51.736975339826,8.83290079297e-05,-7.4731600665867e-05,2.6877942327658e-05,0.00011520695025736,-6.4077105206568e-06,-8.1139311186523e-05,-0.11307424628524,0.024516129526338,0,0,0.00032272394206791,-8.0078914613278e-06,-8.0078914613278e-06,6.7944548156467e-08,0.00032615779537675,0.0080078914613278,0.32615780245379,-29781153.529493,-13077.475136066,16566712.785724,39.928911953555,46.113054322341,38.128911953555,44.247588290349,43.296702814467,4.1031237601154e-14,0,0,39.752325461345,2.1154459480123,0,0.00071161249292815,1.0632705454356e-08,0,0.00063796232726134,0,0.0080078914613278,-8.0078914613278e-06,0.0041766659494274,0.0083333333333333,8.3333333333333e-16,13306903.947977,0.55808790169811,1.1764562894059e-07,0.11764562894059,-1.0632705454356e-08,-1.7314751856025e-09,3000000,13306903.947977,16620679.531107,8.0236397815405e-05,77.28289601182,0,-8.0078914613278e-06,0,0,1.0233703049891e-12,0,3000000,-1.1860208215469e-08,-1.814201952031e-09,-0.035307721470375,0.32615780245379,0.20347917734665,18.341456593823,16566717.947289,62.178277151538,68128911.953555,77.247588290349,24.832209139088,24.616407415518,0,0,-24832209.139088,-24616407.415518,-62178277.151538,-68128911.953555,0.0019610285944388,-0.0003494505021846,151553.96894022,-151553.96894022
162.01316545235,0,-0.0004296869,2.296,29782507.036781,12.1,29782507.036781,16621413.43075,0.55808740443091,4.41094832729e-05,44.1094832729,5297354525479.4,51.736738888496,8.8403133335668e-05,-7.4753838708657e-05,2.6850760959971e-05,0.00011525389429564,-6.4092314930805e-06,-8.1163070201737e-05,-0.11315013526271,0.024500964782507,0,0,0.00032272396761044,-8.0508944396412e-06,-8.0508944396412e-06,6.7936541805665e-08,0.00032615721225565,0.0080508944396412,0.32615721933103,-29782507.036781,-13157.538644085,16560881.574725,39.956962953432,46.134532389293,38.156962953432,44.233831075497,43.306524250609,0,0,0,39.749293322378,2.1105148418508,0,0.00070731351213192,1.0615399354668e-08,0,0.00063692396128007,0,0.0080508944396412,-8.0508944396412e-06,0.0041766659494274,0.0083333333333333,8.3333333333333e-16,13295949.059768,0.55808740443091,1.1765071560589e-07,0.11765071560589,-1.0615399354668e-08,-1.7275613945225e-09,3000000,13295949.059768,16621413.43075,8.0222108316041e-05,77.269132508928,0,-8.0508944396412e-06,0,0,0,0,3000000,-1.1788558535532e-08,-1.8054096338622e-09,-0.035301433430533,0.32615721933103,0.20347917734665,18.33575396982,16560886.801524,62.170064335799,68156962.953432,77.233831075497,24.850438702823,24.620685795915,0,0,-24850438.702823,-24620685.795915,-62170064.335799,-68156962.953432,0.0019610285944388,-0.00034946479168396,151526.97831749,-151526.97831749
167.01316545235,0,-0.0004296869,2.296,29784596.780525,12.1,29784596.780525,16622549.138646,0.55808659230667,4.4109870741739e-05,44.109870741739,5298867688345.9,51.73637217725,8.8473216835087e-05,-7.4775026198438e-05,2.6824599438252e-05,0.00011529781627334,-6.4106442000222e-06,-8.118567039846e-05,-0.11322196224376,0.024486770015611,0,0,0.00032272397507808,-8.0917047080997e-06,-8.0917047080997e-06,6.7929658873082e-08,0.00032615664089677,0.0080917047080997,0.32615664797073,-29784596.780525,-13226.367969913,16555167.985861,39.984373224406,46.15514288392,38.184373224406,44.220421552403,43.315803263074,0,0,0,39.746337815907,2.1056909745726,0,0.000703103217489,1.0598247817551e-08,0,0.00063589486905304,0,0.0080917047080997,-8.0917047080997e-06,0.0041766659494274,0.0083333333333333,8.3333333333333e-16,13284616.099189,0.55808659230667,1.1765433611485e-07,0.11765433611485,-1.0598247817551e-08,-1.7237538385152e-09,3000000,13284616.099189,16622549.138646,8.0208179961081e-05,77.255716856714,0,-8.0917047080997e-06,0,0,0,0,3000000,-1.171838695815e-08,-1.7969024044872e-09,-0.035295304310964,0.32615664797073,0.20347917734665,18.330195470582,16555173.26931,62.162517644656,68184373.224406,77.220421552403,24.868569961332,24.625274063783,0,0,-24868569.961332,-24625274.063783,-62162517.644656,-68184373.224406,0.0019610285944388,-0.00034947872003892,151500.66983989,-151500.66983989
172.01316545235,0,-0.0004296869,2.296,29787372.792853,12.1,29787372.792853,16624059.387425,0.55808548670509,4.4110390232168e-05,44.110390232168,5300868199250.5,51.735884074553,8.8539664457469e-05,-7.4795247151791e-05,2.6799360848855e-05,0.00011533902530632,-6.4119598887334e-06,-8.1207207040524e-05,-0.11329012517457,0.024473428788576,0,0,0.00032272397590083,-8.1305858508866e-06,-8.1305858508866e-06,6.7923790302724e-08,0.00032615608250441,0.0081305858508866,0.32615608957716,-29787372.792853,-13285.053673492,16549584.062346,40.011156471233,46.174914652825,38.211156471233,44.207315362895,43.324547070792,0,0,0,39.743449165235,2.100971248539,0,0.00069898419722062,1.0581326838283e-08,0,0.00063487961029698,0,0.0081305858508866,-8.1305858508866e-06,0.0041766659494274,0.0083333333333333,8.3333333333333e-16,13272930.302653,0.55808548670509,1.176565537388e-07,0.1176565537388,-1.0581326838283e-08,-1.7200615792683e-09,3000000,13272930.302653,16624059.387425,8.0194566676078e-05,77.242604676731,0,-8.1305858508866e-06,0,0,0,0,3000000,-1.1649736620344e-08,-1.7886749290437e-09,-0.035289313836628,0.32615608957716,0.20347917734665,18.324762708815,16549589.394583,62.155561091668,68211156.471233,77.207315362895,24.886609400442,24.630144855515,0,0,-24886609.400442,-24630144.855515,-62155561.091668,-68211156.471233,0.0019610285944388,-0.00034949233332392,151474.95648001,-151474.95648001
177.01316545235,0,-0.0004296869,2.296,29790791.402149,12.1,29790791.402149,16625920.33958,0.55808410645142,4.4111033139282e-05,44.111033139282,5303325708321.8,51.735282353794,8.8602843779266e-05,-7.4814581224606e-05,2.6774957490164e-05,0.00011537780126943,-6.4131875525558e-06,-8.1227768777162e-05,-0.11335498600205,0.024460838866689,0,0,0.00032272397590083,-8.1677770322288e-06,-8.1677770322288e-06,6.7918828182825e-08,0.00032615553675015,0.0081677770322288,0.32615554382188,-29790791.402149,-13334.674872484,16544126.519712,40.03732706722,46.19387439573,38.23732706722,44.194473979695,43.332764151866,0,0,0,39.740618878814,2.0963594425769,0,0.00069495972247012,1.0564657530513e-08,0,0.00063387945183077,0,0.0081677770322288,-8.1677770322288e-06,0.0041766659494274,0.0083333333333333,8.3333333333333e-16,13260912.214184,0.55808410645142,1.1765758128193e-07,0.11765758128193,-1.0564657530513e-08,-1.7164852912443e-09,3000000,13260912.214184,16625920.33958,8.0181228443083e-05,77.229757424093,0,-8.1677770322288e-06,0,0,0,0,3000000,-1.1582662041169e-08,-1.7807240589989e-09,-0.035283444398075,0.32615554382188,0.20347917734665,18.319439714237,16544131.893629,62.149127752602,68237327.06722,77.194473979695,24.904562915354,24.635274804989,0,0,-24904562.915354,-24635274.804989,-62149127.752602,-68237327.06722,0.0019610285944388,-0.00034950567155692,151449.76265022,-151449.76265022
182.01316545235,0,-0.0004296869,2.296,29794810.557791,12.1,29794810.557791,16628109.043377,0.55808246965278,4.4111791184116e-05,44.111791184116,5306210958905.1,51.734574497895,8.8663087824097e-05,-7.4833103281198e-05,2.6751310000334e-05,0.00011541439782443,-6.4143342685358e-06,-8.1247437549734e-05,-0.11341687391527,0.024448910006096,0,0,0.00032272397590083,-8.2034947875338e-06,-8.2034947875338e-06,6.7914673879323e-08,0.00032615500243207,0.0082034947875338,0.32615500950294,-29794810.557791,-13376.217907505,16538783.338895,40.062900099729,46.21204762306,38.262900099729,44.181864307183,43.340464513373,0,0,0,39.737839662249,2.0918585522744,0,0.0006910300325949,1.0548222739954e-08,0,0.00063289336439727,0,0.0082034947875338,-8.2034947875338e-06,0.0041766659494274,0.0083333333333333,8.3333333333333e-16,13248579.205552,0.55808246965278,1.1765748982776e-07,0.11765748982776,-1.0548222739954e-08,-1.7130201994692e-09,3000000,13248579.205552,16628109.043377,8.0168130885963e-05,77.217141988051,0,-8.2034947875338e-06,0,0,0,0,3000000,-1.1517167209915e-08,-1.7730417946002e-09,-0.035277680867878,0.32615500950294,0.20347917734665,18.314212768092,16538788.748095,62.143155919616,68262900.099729,77.181864307183,24.922435586356,24.640641874078,0,0,-24922435.586356,-24640641.874078,-62143155.919616,-68262900.099729,0.0019610285944388,-0.00034951876911404,151425.02341941,-151425.02341941
187.01316545235,0,-0.0004296869,2.296,29799389.366329,12.1,29799389.366329,16630603.181118,0.55808059386934,4.4112656337351e-05,44.112656337351,5309495426160.8,51.73376777857,8.8720697863505e-05,-7.4850882878956e-05,2.6728346665557e-05,0.00011544904452906,-6.4154059118966e-06,-8.1266288790852e-05,-0.11347608757643,0.024437562183905,0,0,0.00032272397590083,-8.2379346307667e-06,-8.2379346307667e-06,6.7911242796731e-08,0.00032615447831766,0.0082379346307667,0.32615448538783,-29799389.366329,-13410.528733419,16533542.19482,40.087890309124,46.22945927067,38.287890309124,44.169456846737,43.347658294122,0,0,0,39.735105013942,2.0874671495159,0,0.00068719198598096,1.0531996089673e-08,0,0.00063191976538038,0,0.0082379346307667,-8.2379346307667e-06,0.0041766659494274,0.0083333333333333,8.3333333333333e-16,13235948.269243,0.55808059386934,1.1765632193621e-07,0.11765632193621,-1.0531996089673e-08,-1.709660148827e-09,3000000,13235948.269243,16630603.181118,8.0155243364757e-05,77.2047288565,0,-8.2379346307667e-06,0,0,0,0,3000000,-1.1453199766349e-08,-1.7656131389704e-09,-0.035272009763176,0.32615448538783,0.20347917734665,18.309069642647,16533547.633529,62.137589734345,68287890.309124,77.169456846737,24.940232015002,24.646226164445,0,0,-24940232.015002,-24646226.164445,-62137589.734345,-68287890.309124,0.0019610285944388,-0.00034953165663524,151400.68091349,-151400.68091349
192.01316545235,0,-0.0004296869,2.296,29804490.356089,12.1,29804490.356089,16633382.300466,0.55807849524407,4.4113621198742e-05,44.113621198742,5313153093686.9,51.732868868737,8.8775946401656e-05,-7.486798453617e-05,2.6706002672654e-05,0.00011548194907431,-6.4164074501499e-06,-8.128439198632e-05,-0.11353289788194,0.024426724433429,0,0,0.00032272397590083,-8.2712729448091e-06,-8.2712729448091e-06,6.7908458419751e-08,0.00032615396328027,0.0082712729448091,0.32615397034987,-29804490.356089,-13438.372503222,16528391.820874,40.112311907764,46.246132682174,38.312311907764,44.157225082549,43.354355486786,0,0,0,39.732409089714,2.0831838754366,0,0.0006834420041707,1.0515943163316e-08,0,0.00063095658979898,0,0.0082712729448091,-8.2712729448091e-06,0.0041766659494274,0.0083333333333333,8.3333333333333e-16,13223034.624017,0.55807849524407,1.1765414284856e-07,0.11765414284856,-1.0515943163316e-08,-1.7063978405371e-09,3000000,13223034.624017,16633382.300466,8.0142538337725e-05,77.192491501513,0,-8.2712729448091e-06,0,0,0,0,3000000,-1.1390700069512e-08,-1.7584220589643e-09,-0.035266418964397,0.32615397034987,0.20347917734665,18.303999346601,16528397.283892,62.132379237501,68312311.907764,77.157225082549,24.957956420978,24.652009945578,0,0,-24957956.420978,-24652009.945578,-62132379.237501,-68312311.907764,0.0019610285944388,-0.00034954436166228,151376.68311044,-151376.68311044
197.01316545235,0,-0.0004296869,2.296,29810079.662405,12.1,29810079.662405,16636427.915627,0.55807618842181,4.411467903497e-05,44.11467903497,5317160582478.7,51.731883809353,8.8829080089568e-05,-7.4884468242279e-05,2.6684219375987e-05,0.00011551329946556,-6.4173430935301e-06,-8.1301811335809e-05,-0.11358755077505,0.024416333926559,0,0,0.00032272397590083,-8.3036687962508e-06,-8.3036687962508e-06,6.7906253879165e-08,0.00032615345628728,0.0083036687962508,0.32615346335643,-29810079.662405,-13460.417909081,16523321.890965,40.136178572577,46.262089461002,38.336178572577,44.145145157258,43.360565865873,0,0,0,39.729746631317,2.0790112241327,0,0.00067977827748844,1.0500018632566e-08,0,0.00063000111795395,0,0.0083036687962508,-8.3036687962508e-06,0.0041766659494274,0.0083333333333333,8.3333333333333e-16,13209851.480708,0.55807618842181,1.176510720666e-07,0.1176510720666,-1.0500018632566e-08,-1.7032245876603e-09,3000000,13209851.480708,16636427.915627,8.0129991024434e-05,77.180406054825,0,-8.3036687962508e-06,0,0,0,0,3000000,-1.1329637958141e-08,-1.7514575359396e-09,-0.035260897566943,0.32615346335643,0.20347917734665,18.298991990632,16523327.373604,62.127479935655,68336178.572577,77.145145157258,24.975612706704,24.657977619977,0,0,-24975612.706704,-24657977.619977,-62127479.935655,-68336178.572577,0.0019610285944388,-0.00034955690897557,151352.98320391,-151352.98320391
202.01316545235,0,-0.0004296869,2.296,29816127.634981,12.1,29816127.634981,16639723.841678,0.5580736862593,4.411582387418e-05,44.11582387418,5321497675938.8,51.730817907869,8.8880322411006e-05,-7.4900390105054e-05,2.6662943606942e-05,0.00011554326601795,-6.418216390414e-06,-8.1318606495468e-05,-0.11364026992122,0.024406335284244,0,0,0.00032272397590083,-8.3352657358308e-06,-8.3352657358308e-06,6.7904572343625e-08,0.00032615295639826,0.0083352657358308,0.32615296346708,-29816127.634981,-13477.233264481,16518323.000829,40.15950347156,46.277349055552,38.35950347156,44.133195441874,43.36629880211,0,0,0,39.727112871645,2.0749607717713,0,0.00067620490506063,1.0484179559818e-08,0,0.00062905077358907,0,0.0083352657358308,-8.3352657358308e-06,0.0041766659494274,0.0083333333333333,8.3333333333333e-16,13196409.306654,0.5580736862593,1.1764742095299e-07,0.11764742095299,-1.0484179559818e-08,-1.7001324136071e-09,3000000,13196409.306654,16639723.841678,8.0117578959041e-05,77.168450877559,0,-8.3352657358308e-06,0,0,0,0,3000000,-1.1270081751011e-08,-1.7447258827777e-09,-0.035255435684832,0.32615296346708,0.20347917734665,18.294038609114,16518328.498838,62.122853039977,68359503.47156,77.133195441874,24.99320466945,24.664116400935,0,0,-24993204.66945,-24664116.400935,-62122853.039977,-68359503.47156,0.0019610285944388,-0.00034956932104096,151329.53875944,-151329.53875944
207.01316545235,0,-0.0004296869,2.296,29822604.624401,12.1,29822604.624401,16643253.88719,0.55807100165656,4.411704986193e-05,44.11704986193,5326143726355.6,51.729676442294,8.8929876036102e-05,-7.4915801806324e-05,2.664212720549e-05,0.00011557200324159,-6.4190304228203e-06,-8.1334832229145e-05,-0.11369125853069,0.024396678990966,0,0,0.00032272397590083,-8.3661928468014e-06,-8.3661928468014e-06,6.7903358993415e-08,0.00032615246273465,0.0083661928468014,0.32615246980322,-29822604.624401,-13489.366766579,16513386.364693,40.182299246146,46.291931451496,38.382299246146,44.121356720462,43.371563762228,0,0,0,39.724503575439,2.0710322887229,0,0.00067271775822981,1.0468370333198e-08,0,0.00062810221999187,0,0.0083661928468014,-8.3661928468014e-06,0.0041766659494274,0.0083333333333333,8.3333333333333e-16,13182720.342249,0.55807100165656,1.1764310891578e-07,0.11764310891578,-1.0468370333198e-08,-1.6971115997107e-09,3000000,13182720.342249,16643253.88719,8.0105282182121e-05,77.156606744997,0,-8.3661928468014e-06,0,0,0,0,3000000,-1.1211962637163e-08,-1.7382077365328e-09,-0.035250024534946,0.32615246980322,0.20347917734665,18.289131236683,16513391.874253,62.118462560542,68382299.246146,77.121356720462,25.010735483918,24.670413100608,0,0,-25010735.483918,-24670413.100608,-62118462.560542,-68382299.246146,0.0019610285944388,-0.00034958161781788,151306.31207681,-151306.31207681
212.01316545235,0,-0.0004296869,2.296,29829482.5453,12.1,29829482.5453,16647002.721821,0.55806814675837,4.411835139445e-05,44.11835139445,5331079402497.6,51.728464427095,8.897792418009e-05,-7.4930750694419e-05,2.6621726703633e-05,0.00011559965088372,-6.4197878911031e-06,-8.1350538585522e-05,-0.11374070060162,0.024387320838478,0,0,0.00032272397590083,-8.3965658636506e-06,-8.3965658636506e-06,6.7902562861985e-08,0.0003261519745198,0.0083965658636506,0.32615198158822,-29829482.5453,-13497.328080878,16508504.216202,40.204578407457,46.305855193445,38.404578407457,44.109611847444,43.376370419689,0,0,0,39.721914963752,2.0672197131897,0,0.00066930953553851,1.045254204713e-08,0,0.00062715252282782,0,0.0083965658636506,-8.3965658636506e-06,0.0041766659494274,0.0083333333333333,8.3333333333333e-16,13168794.643313,0.55806814675837,1.1763810422193e-07,0.11763810422193,-1.045254204713e-08,-1.6941536116084e-09,3000000,13168794.643313,16647002.721821,8.009308288471e-05,77.144856503724,0,-8.3965658636506e-06,0,0,0,0,3000000,-1.1155158925642e-08,-1.7318813812316e-09,-0.035244656280497,0.32615198158822,0.20347917734665,18.284262766175,16508509.733898,62.114276345553,68404578.407457,77.109611847444,25.028207987768,24.676855809308,0,0,-25028207.987768,-24676855.809308,-62114276.345553,-68404578.407457,0.0019610285944388,-0.00034959381711529,151283.26951768,-151283.26951768
217.01316545235,0,-0.0004296869,2.296,29836736.161964,12.1,29836736.161964,16650956.570213,0.55806513250679,4.4119723392791e-05,44.119723392791,5336287475687.4,51.727186378321,8.9024632486461e-05,-7.4945280594485e-05,2.6601702767036e-05,0.0001156263352535,-6.4204911554622e-06,-8.1365771749947e-05,-0.11378876296319,0.024378221757179,0,0,0.00032272397590083,-8.4264884978476e-06,-8.4264884978476e-06,6.7902139223975e-08,0.00032615149104942,0.0084264884978476,0.32615149811776,-29836736.161964,-13501.564460981,16503669.512397,40.226353140326,46.319137682717,38.426353140326,44.097945479853,43.38072835259,0,0,0,39.71934365494,2.063521326269,0,0.00066597597207477,1.0436649703601e-08,0,0.00062619898221608,0,0.0084264884978476,-8.4264884978476e-06,0.0041766659494274,0.0083333333333333,8.3333333333333e-16,13154640.903984,0.55806513250679,1.1763247608611e-07,0.11763247608611,-1.0436649703601e-08,-1.6912506485303e-09,3000000,13154640.903984,16650956.570213,8.0080965130204e-05,77.133184803762,0,-8.4264884978476e-06,0,0,0,0,3000000,-1.109959953458e-08,-1.7257326986081e-09,-0.035239323908812,0.32615149811776,0.20347917734665,18.279426837641,16503675.035176,62.110265882806,68426353.140326,77.097945479853,25.045624787737,24.683434066487,0,0,-25045624.787737,-24683434.066487,-62110265.882806,-68426353.140326,0.0019610285944388,-0.0003496059348698,151260.38098031,-151260.38098031
222.01316545235,0,-0.0004296869,2.296,29844342.074818,12.1,29844342.074818,16655102.655956,0.55806196908787,4.4121161165537e-05,44.121161165537,5341751892309.8,51.725846478605,8.9070150860159e-05,-7.4959432045635e-05,2.658201978128e-05,0.00011565217064144,-6.4211422938854e-06,-8.138057433952e-05,-0.11383559700557,0.024369347164871,0,0,0.00032272397590083,-8.4560535467571e-06,-8.4560535467571e-06,6.7902043428796e-08,0.00032615101167938,0.0084560535467571,0.32615101874771,-29844342.074818,-13502.522412771,16498875.811982,40.247635307261,46.331796202299,38.447635307261,44.086343898014,43.384647042008,0,0,0,39.716786625137,2.0599385796763,0,0.00066271506744842,1.0420652041474e-08,0,0.00062523912248841,0,0.0084560535467571,-8.4560535467571e-06,0.0041766659494274,0.0083333333333333,8.3333333333333e-16,13140268.158397,0.55806196908787,1.1762632777958e-07,0.11762632777958,-1.0420652041474e-08,-1.6883955722442e-09,3000000,13140268.158397,16655102.655956,8.0068914668096e-05,77.121577919163,0,-8.4560535467571e-06,0,0,0,0,3000000,-1.104525112414e-08,-1.7197533332199e-09,-0.035234021148867,0.32615101874771,0.20347917734665,18.274617764018,16498881.337148,62.106405874249,68447635.307261,77.086343898014,25.062988265253,24.690138596317,0,0,-25062988.265253,-24690138.596317,-62106405.874249,-68447635.307261,0.0019610285944388,-0.0003496179853319,151237.61954772,-151237.61954772
227.01316545235,0,-0.0004296869,2.296,29852277.043459,12.1,29852277.043459,16659428.293365,0.55805866654778,4.4122660080562e-05,44.122660080562,5347456637584.9,51.724448876131,8.9114614822995e-05,-7.4973242084943e-05,2.6562645560628e-05,0.00011567726038362,-6.4217431730538e-06,-8.1394985257996e-05,-0.11388133977526,0.024360666139715,0,0,0.00032272397590083,-8.4853436077767e-06,-8.4853436077767e-06,6.7902237870323e-08,0.00032615053582779,0.0084853436077767,0.32615054289617,-29852277.043459,-13500.5779975,16494117.296126,40.268436628974,46.343848131883,38.468436628974,44.07479494191,43.388136147363,0,0,0,39.714241194233,2.0564703054396,0,0.00065952338102105,1.0404510466366e-08,0,0.00062427062798196,0,0.0084853436077767,-8.4853436077767e-06,0.0041766659494274,0.0083333333333333,8.3333333333333e-16,13125685.838181,0.55805866654778,1.1761966245789e-07,0.11761966245789,-1.0404510466366e-08,-1.6855818048863e-09,3000000,13125685.838181,16659428.293365,8.0056918867879e-05,77.110023684352,0,-8.4853436077767e-06,0,0,0,0,3000000,-1.0992056350351e-08,-1.713931588913e-09,-0.035228742442527,0.32615054289617,0.20347917734665,18.269830504751,16494122.821295,62.102673465401,68468436.628974,77.07479494191,25.080300481611,24.69696043813,0,0,-25080300.481611,-24696960.43813,-62102673.465401,-68468436.628974,0.0019610285944388,-0.00034962998113212,151214.96136287,-151214.96136287
232.01316545235,0,-0.0004296869,2.296,29860519.499449,12.1,29860519.499449,16663921.7085,0.55805523422681,4.4124215831626e-05,44.124215831626,5353386869479.1,51.722997422314,8.9158146702045e-05,-7.498674474816e-05,2.6543551013943e-05,0.00011570169771599,-6.4222954762117e-06,-8.1409040224372e-05,-0.11392611525948,0.024352151304412,0,0,0.00032272397590083,-8.5144320162191e-06,-8.5144320162191e-06,6.7902689380174e-08,0.00032615006297344,0.0085144320162191,0.32615007004193,-29860519.499449,-13496.062898996,16489388.752585,40.288768619346,46.355310663449,38.488768619346,44.063287830991,43.391205348773,0,0,0,39.711704986156,2.0531147081899,0,0.00065639716225965,1.0388187173961e-08,0,0.00062329123043765,0,0.0085144320162191,-8.5144320162191e-06,0.0041766659494274,0.0083333333333333,8.3333333333333e-16,13110903.406837,0.55805523422681,1.1761250213698e-07,0.11761250213698,-1.0388187173961e-08,-1.6828030111318e-09,3000000,13110903.406837,16663921.7085,8.0044966531892e-05,77.098511313853,0,-8.5144320162191e-06,0,0,0,0,3000000,-1.0939952704328e-08,-1.7082554988351e-09,-0.035223482862577,0.32615007004193,0.20347917734665,18.265060591099,16489394.275643,62.099048326631,68488768.619346,77.063287830991,25.097563270574,24.703891439394,0,0,-25097563.270574,-24703891.439394,-62099048.326631,-68488768.619346,0.0019610285944388,-0.00034964193346811,151192.38527513,-151192.38527513
237.01316545235,0,-0.0004296869,2.296,29869049.950201,12.1,29869049.950201,16668572.260075,0.55805168058407,4.4125824507568e-05,44.125824507568,5359529237623.5,51.721495602507,8.9200856908418e-05,-7.4999971323099e-05,2.6524709839177e-05,0.0001157255667476,-6.4228007301827e-06,-8.1422772053282e-05,-0.11397003563419,0.024343778449583,0,0,0.00032272397590083,-8.5433837961173e-06,-8.5433837961173e-06,6.7903368491653e-08,0.000326149592647,0.0085433837961173,0.32614959971564,-29869049.950201,-13489.271784206,16484685.48821,40.308642574961,46.366200401268,38.508642574961,44.051813014358,43.393864299593,0,0,0,39.709175895854,2.049871399987,0,0.00065333371300753,1.0371646676847e-08,0,0.00062229880061081,0,0.0085433837961173,-8.5433837961173e-06,0.0041766659494274,0.0083333333333333,8.3333333333333e-16,13095929.710512,0.55805168058407,1.1760489445755e-07,0.11760489445755,-1.0371646676847e-08,-1.6800531881883e-09,3000000,13095929.710512,16668572.260075,8.00330477397e-05,77.087031252401,0,-8.5433837961173e-06,0,0,0,0,3000000,-1.0888895216792e-08,-1.7027157774005e-09,-0.035218238043413,0.32614959971564,0.20347917734665,18.260304064036,16484691.007285,62.095512467375,68508642.574961,77.051813014358,25.114778275368,24.71092424262,0,0,-25114778.275368,-24710924.24262,-62095512.467375,-68508642.574961,0.0019610285944388,-0.0003496538522603,151169.87254636,-151169.87254636
242.01316545235,0,-0.0004296869,2.296,29877850.731411,12.1,29877850.731411,16673370.304109,0.55804801330271,4.4127482553286e-05,44.127482553286,5365871677882.9,51.719946577695,8.9242845176358e-05,-7.5012950711901e-05,2.650609822148e-05,0.00011574894339784,-6.4232603189968e-06,-8.1436211030898e-05,-0.11401320252824,0.024335526271914,0,0,0.00032272397590083,-8.5722565149609e-06,-8.5722565149609e-06,6.7904253516695e-08,0.0003261491244244,0.0085722565149609,0.32614913149323,-29877850.731411,-13480.42153378,16480003.262158,40.328069557149,46.376533523368,38.528069557149,44.040361994284,43.396122525452,0,0,0,39.706652050399,2.046742709329,0,0.00065033242268476,1.0354859522604e-08,0,0.00062129157135627,0,0.0085722565149609,-8.5722565149609e-06,0.0041766659494274,0.0083333333333333,8.3333333333333e-16,13080773.277031,0.55804801330271,1.1759695415839e-07,0.11759695415839,-1.0354859522604e-08,-1.6773272034163e-09,3000000,13080773.277031,16673370.304109,8.0021153664785e-05,77.075574998385,0,-8.5722565149609e-06,0,0,0,0,3000000,-1.0838873711413e-08,-1.6973076437483e-09,-0.035213004101053,0.32614913149323,0.20347917734665,18.255557401093,16480008.775559,62.092050254978,68528069.557149,77.040361994284,25.131947031697,24.718052517101,0,0,-25131947.031697,-24718052.517101,-62092050.254978,-68528069.557149,0.0019610285944388,-0.00034966574633521,151147.40650465,-151147.40650465
247.01316545235,0,-0.0004296869,2.296,29886905.605932,12.1,29886905.605932,16678306.976867,0.55804423943532,4.412918668856e-05,44.12918668856,5372403149647.3,51.718353256656,8.9284201382782e-05,-7.5025709213112e-05,2.6487694673468e-05,0.00011577189605625,-6.4236755392262e-06,-8.1449384752338e-05,-0.11405570764466,0.024327375796987,0,0,0.00032272397590083,-8.6011010059698e-06,-8.6011010059698e-06,6.7905318319802e-08,0.00032614865793424,0.0086011010059698,0.3261486650033,-29886905.605932,-13469.773502707,16475338.360563,40.347060434259,46.386325119463,38.547060434259,44.028927346137,43.397989623828,0,0,0,39.704131813374,2.0437270616749,0,0.00064739068992843,1.0337803079309e-08,0,0.00062026818475852,0,0.0086011010059698,-8.6011010059698e-06,0.0041766659494274,0.0083333333333333,8.3333333333333e-16,13065441.142006,0.55804423943532,1.1758867291409e-07,0.11758867291409,-1.0337803079309e-08,-1.6746209094538e-09,3000000,13065441.142006,16678306.976867,8.000927659525e-05,77.064135123779,0,-8.6011010059698e-06,0,0,0,0,3000000,-1.078984483214e-08,-1.6920237561891e-09,-0.035207777641816,0.3261486650033,0.20347917734665,18.250817524622,16475343.866816,62.08864749158,68547060.434259,77.028927346137,25.149070810431,24.725269938125,0,0,-25149070.810431,-24725269.938125,-62088647.49158,-68547060.434259,0.0019610285944388,-0.00034967762340475,151124.97258343,-151124.97258343
252.01316545235,0,-0.0004296869,2.296,29896199.566784,12.1,29896199.566784,16683374.086545,0.55804036549807,4.4130933874295e-05,44.130933874295,5379113478082,51.716718329703,8.9325006391765e-05,-7.5038270812278e-05,2.6469479824264e-05,0.00011579448621603,-6.4240476176411e-06,-8.1462318429919e-05,-0.11409763364271,0.024319310239395,0,0,0.00032272397590083,-8.6299620132755e-06,-8.6299620132755e-06,6.7906538628475e-08,0.00032614819284525,0.0086299620132755,0.32614819991457,-29896199.566784,-13457.570415976,16470687.470664,40.365625868892,46.395589379247,38.565625868892,44.017502594862,43.399475166056,0,0,0,39.701613757655,2.0408196324978,0,0.00064450427075639,1.0320460443431e-08,0,0.00061922762660584,0,0.0086299620132755,-8.6299620132755e-06,0.0041766659494274,0.0083333333333333,8.3333333333333e-16,13049939.183925,0.55804036549807,1.1758003529361e-07,0.11758003529361,-1.0320460443431e-08,-1.6719309968999e-09,3000000,13049939.183925,16683374.086545,7.9997409805509e-05,77.052705150568,0,-8.6299620132755e-06,0,0,0,0,3000000,-1.074173784594e-08,-1.6868532617605e-09,-0.035202555706135,0.32614819991457,0.20347917734665,18.24608175059,16470692.968497,62.085291512009,68565625.868892,77.017502594862,25.166150702836,24.732570632335,0,0,-25166150.702836,-24732570.632335,-62085291.512009,-68565625.868892,0.0019610285944388,-0.00034968949019449,151102.55807913,-151102.55807913
257.01316545235,0,-0.0004296869,2.296,29905719.368826,12.1,29905719.368826,16688564.397433,0.55803639731927,4.4132721441238e-05,44.132721441238,5385993611387.8,51.715044167407,8.936533304489e-05,-7.5050657948586e-05,2.6451436114165e-05,0.00011581676915906,-6.4243776777943e-06,-8.147503562638e-05,-0.11413905537225,0.024311315214716,0,0,0.00032272397590083,-8.6588789271093e-06,-8.6588789271093e-06,6.7907895318282e-08,0.00032614772885038,0.0086588789271093,0.32614773592,-29905719.368826,-13444.003517909,16466047.522014,40.383776169375,46.404341029819,38.583776169375,44.006081983224,43.400588366963,0,0,0,39.699096614327,2.0380223263814,0,0.0006416731270301,1.03028151181e-08,0,0.00061816890708602,0,0.0086588789271093,-8.6588789271093e-06,0.0041766659494274,0.0083333333333333,8.3333333333333e-16,13034274.767407,0.55803639731927,1.1757118346738e-07,0.11757118346738,-1.03028151181e-08,-1.6692540856772e-09,3000000,13034274.767407,16688564.397433,7.9985547315573e-05,77.041279318887,0,-8.6588789271093e-06,0,0,0,0,3000000,-1.0694552117168e-08,-1.6817950469716e-09,-0.035197335662673,0.32614773592,0.20347917734665,18.241347692515,16466053.010313,62.081971697359,68583776.169375,77.006081983224,25.183187802412,24.739950003185,0,0,-25183187.802412,-24739950.003185,-62081971.697359,-68583776.169375,0.0019610285944388,-0.00034970135268443,151080.15169649,-151080.15169649
262.01316545235,0,-0.0004296869,2.296,29915451.742475,12.1,29915451.742475,16693870.667006,0.55803234063983,4.4134546716975e-05,44.134546716975,5393034512627.2,51.713333145325,8.9405246851505e-05,-7.506289068527e-05,2.6433547758601e-05,0.00011583879461011,-6.424666814566e-06,-8.1487557499836e-05,-0.11418004009373,0.024303377682957,0,0,0.00032272397590083,-8.6878861018729e-06,-8.6878861018729e-06,6.7909370289482e-08,0.00032614726568139,0.0086878861018729,0.32614727275133,-29915451.742475,-13429.253805907,16461415.832132,40.401521569946,46.412593907673,38.601521569946,43.994660577959,43.401338618896,0,0,0,39.69657929608,2.0353314278866,0,0.00063889424885192,1.0284858736106e-08,0,0.00061709152416638,0,0.0086878861018729,-8.6878861018729e-06,0.0041766659494274,0.0083333333333333,8.3333333333333e-16,13018453.896212,0.55803234063983,1.1756208619006e-07,0.11756208619006,-1.0284858736106e-08,-1.6665878841574e-09,3000000,13018453.896212,16693870.667006,7.9973684001303e-05,77.029852693215,0,-8.6878861018729e-06,0,0,0,0,3000000,-1.0648237480865e-08,-1.6768409547054e-09,-0.035192115256308,0.32614727275133,0.20347917734665,18.236613305467,16461421.309937,62.078678217237,68601521.569946,76.994660577959,25.20018295105,24.747403029798,0,0,-25200182.95105,-24747403.029798,-62078678.217237,-68601521.569946,0.0019610285944388,-0.0003497132159987,151057.74375681,-151057.74375681
267.01316545235,0,-0.0004296869,2.296,29925383.674991,12.1,29925383.674991,16699285.792352,0.55802820109305,4.4136407091166e-05,44.136407091166,5400227285405.4,51.711587590561,8.9444806538829e-05,-7.5074987409566e-05,2.6415800515986e-05,0.00011586060705481,-6.4249160666179e-06,-8.1499903476184e-05,-0.11422064829249,0.024295486308325,0,0,0.00032272397590083,-8.7170132203659e-06,-8.7170132203659e-06,6.791094513774e-08,0.00032614680310512,0.0087170132203659,0.32614681017539,-29925383.674991,-13413.505323337,16456790.069369,40.418872102505,46.420361909975,38.618872102505,43.983234121448,43.40173521217,0,0,0,39.694060864521,2.0327433627894,0,0.00063616464119562,1.0266581613548e-08,0,0.00061599489681286,0,0.0087170132203659,-8.7170132203659e-06,0.0041766659494274,0.0083333333333333,8.3333333333333e-16,13002483.012449,0.55802820109305,1.1755275316517e-07,0.11755275316517,-1.0266581613548e-08,-1.6639302970534e-09,3000000,13002483.012449,16699285.792352,7.9961815440349e-05,77.018421013989,0,-8.7170132203659e-06,0,0,0,0,3000000,-1.0602744019927e-08,-1.6719835804836e-09,-0.035186892541333,0.32614681017539,0.20347917734665,18.231876824583,16456795.535869,62.075402499331,68618872.102505,76.983234121448,25.217136890335,24.754925186963,0,0,-25217136.890335,-24754925.186963,-62075402.499331,-68618872.102505,0.0019610285944388,-0.00034972508455965,151035.32590696,-151035.32590696
272.01316545235,0,-0.0004296869,2.296,29935502.497214,12.1,29935502.497214,16704802.858499,0.55802398414632,4.4138300043697e-05,44.138300043697,5407563200662.6,51.709809763767,8.9484064628616e-05,-7.5086964569196e-05,2.6398181605248e-05,0.00011588224623386,-6.4251264449789e-06,-8.1512091014175e-05,-0.11426093406422,0.024287630955825,0,0,0.00032272397590083,-8.7462856643046e-06,-8.7462856643046e-06,6.791260447732e-08,0.00032614634092041,0.0087462856643046,0.32614634799105,-29935502.497214,-13396.911927534,16452168.222338,40.435837707865,46.427658974626,38.635837707865,43.971799024835,43.401787521286,0,0,0,39.691540528653,2.0302534744659,0,0.00063348039061651,1.0247969817087e-08,0,0.0006148781890252,0,0.0087462856643046,-8.7462856643046e-06,0.0041766659494274,0.0083333333333333,8.3333333333333e-16,12986368.777935,0.55802398414632,1.1754313796754e-07,0.11754313796754,-1.0247969817087e-08,-1.6612783638333e-09,3000000,12986368.777935,16704802.858499,7.9949937904995e-05,77.006980690712,0,-8.7462856643046e-06,0,0,0,0,3000000,-1.0558006510275e-08,-1.6672130115239e-09,-0.035181665877047,0.32614634799105,0.20347917734665,18.227136762214,16452173.676854,62.072136812713,68635837.707865,76.971799024835,25.234050186578,24.762511882469,0,0,-25234050.186578,-24762511.882469,-62072136.812713,-68635837.707865,0.0019610285944388,-0.000349736962095,151012.89110589,-151012.89110589
277.01316545235,0,-0.0004296869,2.296,29945798.642996,12.1,29945798.642996,16710416.642133,0.55801969398464,4.4140223619423e-05,44.140223619423,5415035837222.9,51.70800138434,8.9523067997592e-05,-7.5098837471105e-05,2.6380679510156e-05,0.00011590374750775,-6.425298909642e-06,-8.1524136380747e-05,-0.11430094598478,0.024279803133399,0,0,0.00032272397590083,-8.7757253373572e-06,-8.7757253373572e-06,6.791433904508e-08,0.00032614587894068,0.0087757253373572,0.32614588601168,-29945798.642996,-13379.566249932,16447548.42496,40.452427984152,46.434498124738,38.652427984152,43.960352122828,43.401504506727,0,0,0,39.689017590834,2.0278615141184,0,0.0006308413081513,1.0229025659687e-08,0,0.00061374153958122,0,0.0087757253373572,-8.7757253373572e-06,0.0041766659494274,0.0083333333333333,8.3333333333333e-16,12970116.900976,0.55801969398464,1.1753338243761e-07,0.11753338243761,-1.0229025659687e-08,-1.6586314344425e-09,3000000,12970116.900976,16710416.642133,7.9938048107482e-05,76.995528556645,0,-8.7757253373572e-06,0,0,0,0,3000000,-1.0514021802522e-08,-1.6625271082621e-09,-0.035176433816929,0.32614588601168,0.20347917734665,18.222391806287,16447553.866888,62.068875148626,68652427.984152,76.960352122828,25.250923477425,24.770159956729,0,0,-25250923.477425,-24770159.956729,-62068875.148626,-68652427.984152,0.0019610285944388,-0.00034974885189252,150990.43314351,-150990.43314351
282.01316545235,0,-0.0004296869,2.296,29956262.498597,12.1,29956262.498597,16716121.895147,0.55801533478994,4.414217586643e-05,44.14217586643,5422638708116.3,51.706164177379,8.9561858711034e-05,-7.5110619863844e-05,2.6363283839526e-05,0.00011592514255056,-6.4254343976369e-06,-8.1536054261481e-05,-0.11434072765017,0.024271995231845,0,0,0.00032272397590083,-8.8053508770591e-06,-8.8053508770591e-06,6.7916137832503e-08,0.00032614541700945,0.0088053508770591,0.32614542408084,-29956262.498597,-13361.578375704,16442929.112732,40.46865238404,46.44089165728,38.66865238404,43.948890815269,43.400895186582,0,0,0,39.68649147798,2.0255657990532,0,0.00062824575263997,1.0209742323375e-08,0,0.00061258453940252,0,0.0088053508770591,-8.8053508770591e-06,0.0041766659494274,0.0083333333333333,8.3333333333333e-16,12953732.122067,0.55801533478994,1.1752345650516e-07,0.11752345650516,-1.0209742323375e-08,-1.6559873370017e-09,3000000,12953732.122067,16716121.895147,7.9926143347046e-05,76.984062010441,0,-8.8053508770591e-06,0,0,0,0,3000000,-1.0470762543999e-08,-1.6579221302026e-09,-0.035171195172381,0.32614542408084,0.20347917734665,18.217640878988,16442934.541562,62.065611718023,68668652.38404,76.948890815269,25.267757197457,24.777865605229,0,0,-25267757.197457,-24777865.605229,-62065611.718023,-68668652.38404,0.0019610285944388,-0.00034976075665295,150967.94691853,-150967.94691853
287.01316545235,0,-0.0004296869,2.296,29966885.14402,12.1,29966885.14402,16721913.749809,0.55801091041465,4.4144154979311e-05,44.144154979311,5430365786718.7,51.704299742453,8.9600474167239e-05,-7.5122324335506e-05,2.6345985275893e-05,0.00011594645944313,-6.4255338154734e-06,-8.1547858150979e-05,-0.11438031799088,0.024264200808352,0,0,0.00032272397590083,-8.835177997285e-06,-8.835177997285e-06,6.7917992373696e-08,0.00032614495498527,0.008835177997285,0.32614496205705,-29966885.14402,-13343.032963773,16438308.870892,40.484520104685,46.446851692579,38.684520104685,43.93741285411,43.399968279478,0,0,0,39.683961694614,2.0233652742413,0,0.00062569335547886,1.019012746846e-08,0,0.00061140764810758,0,0.008835177997285,-8.835177997285e-06,0.0041766659494274,0.0083333333333333,8.3333333333333e-16,12937219.313157,0.55801091041465,1.1751345813636e-07,0.11751345813636,-1.019012746846e-08,-1.6533461350426e-09,3000000,12937219.313157,16721913.749809,7.9914221288662e-05,76.972578803026,0,-8.835177997285e-06,0,0,0,0,3000000,-1.0428222591314e-08,-1.6533960348286e-09,-0.035165948916017,0.32614496205705,0.20347917734665,18.21288304846,16438314.286184,62.062342100155,68684520.104685,76.93741285411,25.284551825207,24.785626113039,0,0,-25284551.825207,-24785626.113039,-62062342.100155,-68684520.104685,0.0019610285944388,-0.00034977267871134,150945.42802043,-150945.42802043
292.01316545235,0,-0.0004296869,2.296,29977657.73167,12.1,29977657.73167,16727787.373019,0.55800642474153,4.4146159188907e-05,44.146159188907,5438211000508.8,51.702409660347,8.9638947829696e-05,-7.5133962333045e-05,2.6328775392378e-05,0.00011596772322207,-6.4255980384989e-06,-8.1559560371544e-05,-0.11441975192743,0.024256414259825,0,0,0.00032272397590083,-8.8652196999191e-06,-8.8652196999191e-06,6.7919893071701e-08,0.0003261444927541,0.0088652196999191,0.32614449982629,-29977657.73167,-13324.025983719,16433686.559193,40.500040154097,46.452390505383,38.700040154097,43.925916457906,43.398732487623,0,0,0,39.681427848098,2.0212582048429,0,0.00062318235411122,1.017017294869e-08,0,0.00061021037692138,0,0.0088652196999191,-8.8652196999191e-06,0.0041766659494274,0.0083333333333333,8.3333333333333e-16,12920583.918809,0.55800642474153,1.1750334765121e-07,0.11750334765121,-1.017017294869e-08,-1.6507054997095e-09,3000000,12920583.918809,16727787.373019,7.9902280081956e-05,76.961077152139,0,-8.8652196999191e-06,0,0,0,0,3000000,-1.038637256852e-08,-1.6489458843098e-09,-0.035160694233355,0.32614449982629,0.20347917734665,18.208117576259,16433691.960588,62.059061991099,68700040.154097,76.925916457906,25.301307666474,24.793438132382,0,0,-25301307.666474,-24793438.132382,-62059061.991099,-68700040.154097,0.0019610285944388,-0.00034978461991804,150922.87295416,-150922.87295416
297.01316545235,0,-0.0004296869,2.296,29988571.444471,12.1,29988571.444471,16733737.952831,0.5580018815733,4.4148186732381e-05,44.148186732381,5446168322907.5,51.700495507052,8.9677309259533e-05,-7.514554403439e-05,2.631164668632e-05,0.00011598895594585,-6.4256279263471e-06,-8.1571171960737e-05,-0.11445906033899,0.024248630694733,0,0,0.00032272397590083,-8.8954864438952e-06,-8.8954864438952e-06,6.792182970164e-08,0.00032614403022394,0.0088954864438952,0.32614403729654,-29988571.444471,-13304.659684333,16429061.257591,40.515221423786,46.457520057369,38.715221423786,43.914400202625,43.397196443594,0,0,0,39.678889624571,2.0192426875085,0,0.00062071111149536,1.0149874331576e-08,0,0.00060899245989458,0,0.0088954864438952,-8.8954864438952e-06,0.0041766659494274,0.0083333333333333,8.3333333333333e-16,12903831.055972,0.5580018815733,1.1749311295894e-07,0.11749311295894,-1.0149874331576e-08,-1.6480637385383e-09,3000000,12903831.055972,16733737.952831,7.98903182478e-05,76.949555633099,0,-8.8954864438952e-06,0,0,0,0,3000000,-1.0345185191589e-08,-1.6445705474411e-09,-0.035155430473949,0.32614403729654,0.20347917734665,18.203343872097,16429066.644811,62.055767886484,68715221.423786,76.914400202625,25.318024980191,24.801298735392,0,0,-25318024.980191,-24801298.735392,-62055767.886484,-68715221.423786,0.0019610285944388,-0.0003497965817522,150900.27892587,-150900.27892587
302.01316545235,0,-0.0004296869,2.296,29999618.012259,12.1,29999618.012259,16739760.976686,0.55799728446053,4.415023596157e-05,44.15023596157,5454232090290.4,51.698558759717,8.9715584431825e-05,-7.5157078387284e-05,2.6294592482061e-05,0.00011601017691389,-6.4256243439954e-06,-8.1582702731279e-05,-0.11449827036091,0.024240845818903,0,0,0.00032272397590083,-8.9259864124486e-06,-8.9259864124486e-06,6.7923791415294e-08,0.00032614356731221,0.0089259864124486,0.32614357438524,-29999618.012259,-13285.042547793,16424432.140345,40.5300725845,46.462252133587,38.7300725845,43.902863044375,43.395368686229,0,0,0,39.676346793956,2.0173108286135,0,0.00061827494380596,1.0129236912587e-08,0,0.00060775421475522,0,0.0089259864124486,-8.9259864124486e-06,0.0041766659494274,0.0083333333333333,8.3333333333333e-16,12886965.915145,0.55799728446053,1.17482698473e-07,0.117482698473,-1.0129236912587e-08,-1.6454205440686e-09,3000000,12886965.915145,16739760.976686,7.9878334701913e-05,76.938013201535,0,-8.9259864124486e-06,0,0,0,0,3000000,-1.0304582396766e-08,-1.6402575434668e-09,-0.03515015715999,0.32614357438524,0.20347917734665,18.198561503263,16424437.513204,62.052456540751,68730072.5845,76.902863044375,25.334703898271,24.809204904275,0,0,-25334703.898271,-24809204.904275,-62052456.540751,-68730072.5845,0.0019610285944388,-0.00034980856529809,150877.64388752,-150877.64388752
307.01316545235,0,-0.0004296869,2.296,30010790.763208,12.1,30010790.763208,16745852.802329,0.55799263630727,4.415230552297e-05,44.15230552297,5462397811502.9,51.696600615706,8.9753796221721e-05,-7.5168573715051e-05,2.627760677653e-05,0.00011603140299825,-6.4255881187607e-06,-8.1594161833811e-05,-0.11453740609831,0.024233056242165,0,0,0.00032272397590083,-8.9567259443153e-06,-8.9567259443153e-06,6.7925776263093e-08,0.00032614310394327,0.0089567259443153,0.32614311101672,-30010790.763208,-13265.194069805,16419798.45091,40.544602031917,46.466598093516,38.744602031917,43.891304140848,43.393257410527,0,0,0,39.673799170605,2.0154611688858,0,0.00061587318246727,1.0108267411529e-08,0,0.00060649604469175,0,0.0089567259443153,-8.9567259443153e-06,0.0041766659494274,0.0083333333333333,8.3333333333333e-16,12869993.435997,0.55799263630727,1.1747219646947e-07,0.11747219646947,-1.0108267411529e-08,-1.6427757358771e-09,3000000,12869993.435997,16745852.802329,7.9866328569394e-05,76.926449014755,0,-8.9567259443153e-06,0,0,0,0,3000000,-1.0264553041121e-08,-1.6360038735727e-09,-0.035144873907115,0.32614311101672,0.20347917734665,18.193770120602,16419803.809239,62.049125704671,68744602.031917,76.891304140848,25.351344621391,24.817154503601,0,0,-25351344.621391,-24817154.503601,-62049125.704671,-68744602.031917,0.0019610285944388,-0.00034982057143061,150854.96618658,-150854.96618658
312.01316545235,0,-0.0004296869,2.296,30022083.739876,12.1,30022083.739876,16752010.178312,0.55798793970403,4.415439418962e-05,44.15439418962,5470661547638.2,51.694622148876,8.9791964737302e-05,-7.5180037287476e-05,2.6260684237796e-05,0.0001160526489751,-6.4255200789833e-06,-8.160555736646e-05,-0.11457648871853,0.024225258943185,0,0,0.00032272397590083,-8.9877097709467e-06,-8.9877097709467e-06,6.7927778159297e-08,0.00032614264006166,0.0089877097709467,0.32614264713553,-30022083.739876,-13245.175107758,16415159.634779,40.558818005799,46.470568258766,38.758818005799,43.879722951304,43.390870775156,0,0,0,39.671246635336,2.0136907280821,0,0.0006135043479616,1.0086974441773e-08,0,0.0006052184665064,0,0.0089877097709467,-8.9877097709467e-06,0.0041766659494274,0.0083333333333333,8.3333333333333e-16,12852917.08828,0.55798793970403,1.1746158326613e-07,0.11746158326613,-1.0086974441773e-08,-1.640129430041e-09,3000000,12852917.08828,16752010.178312,7.9854299288585e-05,76.914862531772,0,-8.9877097709467e-06,0,0,0,0,3000000,-1.0225072466027e-08,-1.6318065813586e-09,-0.035139580467913,0.32614264713553,0.20347917734665,18.188969499969,16415164.978456,62.045773210312,68758818.005799,76.879722951304,25.367947230643,24.825145039595,0,0,-25367947.230643,-24825145.039595,-62045773.210312,-68758818.005799,0.0019610285944388,-0.00034983260071141,150832.24476214,-150832.24476214
317.01316545235,0,-0.0004296869,2.296,30033490.403208,12.1,30033490.403208,16758229.534171,0.55798319748715,4.4156500673334e-05,44.156500673334,5479018766486.4,51.692624523498,8.9830107504921e-05,-7.5191475655888e-05,2.6243820126575e-05,0.0001160739276315,-6.4254210389525e-06,-8.161689669484e-05,-0.11461553677208,0.024217451478317,0,0,0.00032272397590083,-9.0189410517206e-06,-9.0189410517206e-06,6.7929791930907e-08,0.00032614217562096,0.0090189410517206,0.32614218269526,-30033490.403208,-13225.037391661,16410515.227809,40.572728530304,46.474173426585,38.772728530304,43.868119156474,43.388216745535,0,0,0,39.668689117782,2.0119964646017,0,0.00061116682237669,1.0065364912404e-08,0,0.00060392189474422,0,0.0090189410517206,-9.0189410517206e-06,0.0041766659494274,0.0083333333333333,8.3333333333333e-16,12835741.493802,0.55798319748715,1.1745086238723e-07,0.11745086238723,-1.0065364912404e-08,-1.6374810980517e-09,3000000,12835741.493802,16758229.534171,7.9842246527861e-05,76.90325343317,0,-9.0189410517206e-06,0,0,0,0,3000000,-1.0186113706278e-08,-1.6276626423634e-09,-0.035134276696496,0.32614218269526,0.20347917734665,18.184159509019,16410520.556758,62.042397365404,68772728.530304,76.868119156474,25.384511784769,24.833174273529,0,0,-25384511.784769,-24833174.273529,-62042397.365404,-68772728.530304,0.0019610285944388,-0.00034984465347214,150809.47898782,-150809.47898782
322.01316545235,0,-0.0004296869,2.296,30045004.555291,12.1,30045004.555291,16764507.488591,0.55797841231025,4.4158623737796e-05,44.158623737796,5487465243008.6,51.690608847322,8.98682396652e-05,-7.5202894393296e-05,2.6227010284837e-05,0.00011609524995004,-6.4252918186894e-06,-8.1628186211985e-05,-0.1146545662437,0.024209631660146,0,0,0.00032272397590083,-9.0504215201375e-06,-9.0504215201375e-06,6.7931810520914e-08,0.00032614171058972,0.0090504215201375,0.32614171766446,-30045004.555291,-13204.851491596,16405864.915452,40.586341505457,46.477423880246,38.786341505457,43.856492675517,43.385303243437,0,0,0,39.666126600126,2.0103727798327,0,0.00060885764901562,1.0043448998372e-08,0,0.00060260693990233,0,0.0090504215201375,-9.0504215201375e-06,0.0041766659494274,0.0083333333333333,8.3333333333333e-16,12818470.624647,0.55797841231025,1.1743999809562e-07,0.11743999809562,-1.0043448998372e-08,-1.6348306865308e-09,3000000,12818470.624647,16764507.488591,7.9830170203255e-05,76.891621638073,0,-9.0504215201375e-06,0,0,0,0,3000000,-1.0147627483594e-08,-1.6235657588743e-09,-0.035128962555746,0.32614171766446,0.20347917734665,18.179340114244,16405870.229651,62.038996656972,68786341.505457,76.856492675517,25.401038262021,24.841239862734,0,0,-25401038.262021,-24841239.862734,-62038996.656972,-68786341.505457,0.0019610285944388,-0.00034985672979675,150786.66870503,-150786.66870503
327.01316545235,0,-0.0004296869,2.296,30056619.906153,12.1,30056619.906153,16770840.608443,0.55797358688713,4.4160762135303e-05,44.160762135303,5495996660450.5,51.688576242728,8.9906374253628e-05,-7.5214298497253e-05,2.6210251016182e-05,0.00011611662526981,-6.4251332151121e-06,-8.1639431712366e-05,-0.11469359098926,0.024201797781459,0,0,0.00032272397590083,-9.0821515579843e-06,-9.0821515579843e-06,6.7933828266295e-08,0.00032614124494663,0.0090821515579843,0.32614125202179,-30056619.906153,-13184.674037783,16401208.484476,40.599664641709,46.480329948593,38.799664641709,43.844843620963,43.382138034054,0,0,0,39.663559107168,2.0088167636593,0,0.00060657499867583,1.0021228507933e-08,0,0.00060127371047599,0,0.0090821515579843,-9.0821515579843e-06,0.0041766659494274,0.0083333333333333,8.3333333333333e-16,12801108.844806,0.55797358688713,1.1742897203169e-07,0.11742897203169,-1.0021228507933e-08,-1.6321773271386e-09,3000000,12801108.844806,16770840.608443,7.9818070431649e-05,76.87996725906,0,-9.0821515579843e-06,0,0,0,0,3000000,-1.0109583311264e-08,-1.6195120455786e-09,-0.035123638097389,0.32614125202179,0.20347917734665,18.174511362289,16401213.783951,62.035569870939,68799664.641709,76.844843620963,25.417526607655,24.849339539817,0,0,-25417526.607655,-24849339.539817,-62035569.870939,-68799664.641709,0.0019610285944388,-0.00034986882956835,150763.81413454,-150763.81413454
332.01316545235,0,-0.0004296869,2.296,30068330.972769,12.1,30068330.972769,16777225.901291,0.55796872358438,4.4162914769181e-05,44.162914769181,5504609293145,51.686527690477,8.9944522379755e-05,-7.5225692349063e-05,2.6193539077122e-05,0.00011613806145688,-6.4249460137839e-06,-8.1650638362847e-05,-0.11473262287482,0.024193948495097,0,0,0.00032272397590083,-9.1141304274658e-06,-9.1141304274658e-06,6.7935840465242e-08,0.00032614077867758,0.0091141304274658,0.32614078575317,-30068330.972769,-13164.552048311,16396545.794013,40.612705448658,46.48290164533,38.812705448658,43.833172256868,43.378728692874,0,0,0,39.660986697108,2.0073264171345,0,0.0006043177088073,9.9987071143295e-09,0,0.00059992242685977,0,0.0091141304274658,-9.1141304274658e-06,0.0041766659494274,0.0083333333333333,8.3333333333333e-16,12783660.327787,0.55796872358438,1.1741779128274e-07,0.11741779128274,-9.9987071143295e-09,-1.6295203979851e-09,3000000,12783660.327787,16777225.901291,7.9805947487318e-05,76.86829056031,0,-9.1141304274658e-06,0,0,0,0,3000000,-1.0071961813455e-08,-1.6154990303508e-09,-0.03511830344182,0.32614078575317,0.20347917734665,18.169673362611,16396551.078827,62.032116189819,68812705.448658,76.833172256868,25.433976755784,24.857471355815,0,0,-25433976.755784,-24857471.355815,-62032116.189819,-68812705.448658,0.0019610285944388,-0.00034988095251268,150740.9157944,-150740.9157944
337.01316545235,0,-0.0004296869,2.296,30080132.814771,12.1,30080132.814771,16783660.670912,0.55796382453449,4.4165080649936e-05,44.165080649936,5513299793360.5,51.684464074728,8.9982693450336e-05,-7.5237079780307e-05,2.6176871623656e-05,0.00011615956507399,-6.4247309895062e-06,-8.1661810769813e-05,-0.11477167200484,0.024186082767944,0,0,0.00032272397590083,-9.1463564455607e-06,-9.1463564455607e-06,6.7937842972932e-08,0.00032614031177479,0.0091463564455607,0.32614031885081,-30080132.814771,-13144.526971416,16391876.76613,40.625471235568,46.485148631611,38.825471235568,43.821478982067,43.375082612575,0,0,0,39.658409457851,2.0058994742905,0,0.00060208477994054,9.975893803325e-09,0,0.0005985536281995,0,0.0091463564455607,-9.1463564455607e-06,0.0041766659494274,0.0083333333333333,8.3333333333333e-16,12766128.993405,0.55796382453449,1.1740646568661e-07,0.11740646568661,-9.975893803325e-09,-1.6268599004973e-09,3000000,12766128.993405,16783660.670912,7.9793801784527e-05,76.856591940838,0,-9.1463564455607e-06,0,0,0,0,3000000,-1.0034746332342e-08,-1.6115246496933e-09,-0.035112958771535,0.32614031885081,0.20347917734665,18.164826280532,16391882.036379,62.028635058892,68825471.235568,76.821478982067,25.450388622993,24.86563349067,0,0,-25450388.622993,-24865633.49067,-62028635.058892,-68825471.235568,0.0019610285944388,-0.00034989309821547,150717.9744671,-150717.9744671
342.01316545235,0,-0.0004296869,2.296,30092021.849989,12.1,30092021.849989,16790142.964085,0.5579588912752,4.4167259026268e-05,44.167259026268,5522065868271.6,51.682386045302,9.0020895272221e-05,-7.5248464089134e-05,2.6160246199124e-05,0.00011618114147135,-6.4244889170458e-06,-8.167295300618e-05,-0.11481074682078,0.024178199846997,0,0,0.00032272397590083,-9.1788272789304e-06,-9.1788272789304e-06,6.7939833913542e-08,0.00032613984423489,0.0091788272789304,0.32613985131133,-30092021.849989,-13124.61756531,16387201.367059,40.637969081948,46.487079607272,38.837969081948,43.809764278355,43.371206931894,0,0,0,39.655827495586,2.0045322242836,0,0.00059987528650826,9.9528130607601e-09,0,0.00059716878364561,0,0.0091788272789304,-9.1788272789304e-06,0.0041766659494274,0.0083333333333333,8.3333333333333e-16,12748517.542208,0.5579588912752,1.1739504096729e-07,0.11739504096729,-9.9528130607601e-09,-1.6241979611598e-09,3000000,12748517.542208,16790142.964085,7.9781633823712e-05,76.844871882661,0,-9.1788272789304e-06,0,0,0,0,3000000,-9.9979214418044e-09,-1.607587041767e-09,-0.035107604306575,0.32613985131133,0.20347917734665,18.159970315768,16387206.622855,62.025126319132,68837969.081948,76.809764278355,25.466762150053,24.873824560059,0,0,-25466762.150053,-24873824.560059,-62025126.319132,-68837969.081948,0.0019610285944388,-0.00034990526617629,150694.99109789,-150694.99109789
347.01316545235,0,-0.0004296869,2.296,30103993.389241,12.1,30103993.389241,16796670.220709,0.55795392582321,4.4169448999835e-05,44.169448999835,5530904197029,51.680294431411,9.0059134273552e-05,-7.5259848118998e-05,2.6143660680404e-05,0.00011620279495396,-6.4242205646976e-06,-8.1684068683696e-05,-0.11484985433325,0.024170299225049,0,0,0.00032272397590083,-9.2115398358926e-06,-9.2115398358926e-06,6.7941810803578e-08,0.00032613937605559,0.0092115398358926,0.32613938313246,-30103993.389241,-13104.848664952,16382519.57414,40.650205875675,46.488703878579,38.850205875675,43.798028738904,43.367108632837,0,0,0,39.653240941051,2.0032220867958,0,0.00059768835781143,9.9294789870573e-09,0,0.00059576873922344,0,0.0092115398358926,-9.2115398358926e-06,0.0041766659494274,0.0083333333333333,8.3333333333333e-16,12730830.00484,0.55795392582321,1.1738352467432e-07,0.11738352467432,-9.9294789870573e-09,-1.6215352557128e-09,3000000,12730830.00484,16796670.220709,7.9769444220998e-05,76.833130979223,0,-9.2115398358926e-06,0,0,0,0,3000000,-9.9614726301905e-09,-1.6036844913176e-09,-0.035102240318437,0.32613938313246,0.20347917734665,18.155105714199,16382524.815611,62.021589917627,68850205.875675,76.798028738904,25.483097242838,24.882042920994,0,0,-25483097.242838,-24882042.920994,-62021589.917627,-68850205.875675,0.0019610285944388,-0.000349917455779,150671.96685052,-150671.96685052
352.01316545235,0,-0.0004296869,2.296,30116043.199779,12.1,30116043.199779,16803240.130309,0.55794893001343,4.417164972192e-05,44.17164972192,5539811922907.9,51.678189991041,9.0097415844509e-05,-7.5271234368675e-05,2.6127113160355e-05,0.00011622452900486,-6.4239266728548e-06,-8.169516104153e-05,-0.1148890004746,0.02416238057785,0,0,0.00032272397590083,-9.2444903615502e-06,-9.2444903615502e-06,6.7943770899471e-08,0.00032613890724772,0.0092444903615502,0.32613891432501,-30116043.199779,-13085.247706019,16377831.495449,40.66218833731,46.490030147747,38.86218833731,43.786273078008,43.362794577936,0,0,0,39.650649951677,2.0019678899036,0,0.00059552318514237,9.9058927127842e-09,0,0.00059435356276705,0,0.0092444903615502,-9.2444903615502e-06,0.0041766659494274,0.0083333333333333,8.3333333333333e-16,12713069.684061,0.55794893001343,1.1737188668537e-07,0.11737188668537,-9.9058927127842e-09,-1.6188707011416e-09,3000000,12713069.684061,16803240.130309,7.9757233718313e-05,76.821369945142,0,-9.2444903615502e-06,0,0,0,0,3000000,-9.9253864190395e-09,-1.5998154461282e-09,-0.035096867133106,0.32613891432501,0.20347917734665,18.150232771912,16377836.722749,62.018025734471,68862188.33731,76.786273078008,25.499393759375,24.890286825,0,0,-25499393.759375,-24890286.825,-62018025.734471,-68862188.33731,0.0019610285944388,-0.00034992966628169,150648.90312639,-150648.90312639
357.01316545235,0,-0.0004296869,2.296,30128168.706747,12.1,30128168.706747,16809851.285409,0.55794390501786,4.4173860626622e-05,44.173860626622,5548787484936.7,51.676073197542,9.0135744290803e-05,-7.5282625286745e-05,2.6110601967976e-05,0.00011624634625878,-6.4236079491537e-06,-8.1706233235899e-05,-0.11492819019611,0.024154444045959,0,0,0.00032272397590083,-9.277674760399e-06,-9.277674760399e-06,6.7945710042998e-08,0.00032613843782417,0.009277674760399,0.32613844490187,-30128168.706747,-13065.856270755,16373137.259944,40.673922889292,46.491066235737,38.873922889292,43.774498027794,43.358271257533,0,0,0,39.648054688829,2.0007714812851,0,0.00059338077161254,9.8820557058405e-09,0,0.00059292334235043,0,0.009277674760399,-9.277674760399e-06,0.0041766659494274,0.0083333333333333,8.3333333333333e-16,12695238.910741,0.55794390501786,1.1736019006707e-07,0.11736019006707,-9.8820557058405e-09,-1.6162033980171e-09,3000000,12695238.910741,16809851.285409,7.9745003076111e-05,76.809589512879,0,-9.277674760399e-06,0,0,0,0,3000000,-9.8896795268757e-09,-1.595982975298e-09,-0.03509148508553,0.32613844490187,0.20347917734665,18.145351792389,16373142.473257,62.014434209312,68873922.889292,76.774498027794,25.51565163176,24.898555220879,0,0,-25515651.63176,-24898555.220879,-62014434.209312,-68873922.889292,0.0019610285944388,-0.00034994189692389,150625.80136187,-150625.80136187
362.01316545235,0,-0.0004296869,2.296,30140365.527878,12.1,30140365.527878,16816501.295091,0.55793885270278,4.4176080866022e-05,44.176080866022,5557827825496.6,51.673944828355,9.0174123015853e-05,-7.5294022669472e-05,2.609412569367e-05,0.00011626824870952,-6.4232651006938e-06,-8.1717287770166e-05,-0.11496742734609,0.024146489617576,0,0,0.00032272397590083,-9.3110883347453e-06,-9.3110883347453e-06,6.7947627337415e-08,0.00032613796779924,0.0093110883347453,0.32613797487735,-30140365.527878,-13046.683326585,16368437.010622,40.685415866712,46.49182037032,38.885415866712,43.762704439225,43.353545166715,0,0,0,39.645455340061,1.999630067991,0,0.00059125970031048,9.8579751190487e-09,0,0.00059147850714292,0,0.0093110883347453,-9.3110883347453e-06,0.0041766659494274,0.0083333333333333,8.3333333333333e-16,12677340.839347,0.55793885270278,1.1734839066263e-07,0.11734839066263,-9.8579751190487e-09,-1.6135331573191e-09,3000000,12677340.839347,16816501.295091,7.9732753178282e-05,76.79779053379,0,-9.3110883347453e-06,0,0,0,0,3000000,-9.854328338508e-09,-1.5921840680197e-09,-0.035086094564662,0.32613797487735,0.20347917734665,18.140463128369,16368442.210138,62.010815551263,68885415.866712,76.762704439225,25.531870699996,24.906846535757,0,0,-25531870.699996,-24906846.535757,-62010815.551263,-68885415.866712,0.0019610285944388,-0.00034995414682172,150602.66322649,-150602.66322649
367.01316545235,0,-0.0004296869,2.296,30152630.897307,12.1,30152630.897307,16823188.649308,0.55793377428182,4.4178309866479e-05,44.178309866479,5566931157837.5,51.671805383829,9.0212554487985e-05,-7.5305428300387e-05,2.6077683115843e-05,0.00011629023760383,-6.4228988094596e-06,-8.1728327109847e-05,-0.11500671494126,0.024138517708656,0,0,0.00032272397590083,-9.3447260951169e-06,-9.3447260951169e-06,6.7949518627431e-08,0.00032613749719185,0.0093447260951169,0.32613750427037,-30152630.897307,-13027.770426423,16363730.936741,40.696673323492,46.492300185178,38.896673323492,43.75089315849,43.348622439175,0,0,0,39.642852091878,1.9985425716016,0,0.00058915994509147,9.8336642797728e-09,0,0.00059001985678637,0,0.0093447260951169,-9.3447260951169e-06,0.0041766659494274,0.0083333333333333,8.3333333333333e-16,12659378.10281,0.55793377428182,1.1733654936431e-07,0.11733654936431,-9.8336642797728e-09,-1.6108607820615e-09,3000000,12659378.10281,16823188.649308,7.9720484903755e-05,76.785973854448,0,-9.3447260951169e-06,0,0,0,0,3000000,-9.8193324181912e-09,-1.5884190868133e-09,-0.035080695957177,0.32613750427037,0.20347917734665,18.135567130615,16363736.122684,62.007170446265,68896673.323492,76.75089315849,25.548050884317,24.915159873053,0,0,-25548050.884317,-24915159.873053,-62007170.446265,-68896673.323492,0.0019610285944388,-0.00034996641509625,150579.49038041,-150579.49038041
372.01316545235,0,-0.0004296869,2.296,30164961.606192,12.1,30164961.606192,16829911.597254,0.55792867113202,4.4180546990404e-05,44.180546990404,5576095312618.8,51.669655437644,9.0251040353597e-05,-7.5316843462591e-05,2.6061273246737e-05,0.00011631231360033,-6.4225097442306e-06,-8.1739353206821e-05,-0.11504605503771,0.024130528679172,0,0,0.00032272397593477,-9.3785827138197e-06,-9.3785827138197e-06,6.7951385320521e-08,0.00032613702602698,0.0093785827138197,0.3261370331059,-30164961.606192,-13009.103495521,16359019.288053,40.707701206131,46.492513180853,38.907701206131,43.739065085348,43.343509145811,0,0,0,39.640245142588,1.997506636667,0,0.00058708071921689,9.8091363946292e-09,0,0.00058854818367775,0,0.0093785827138197,-9.3785827138197e-06,0.0041766659494274,0.0083333333333333,8.3333333333333e-16,12641353.291202,0.55792867113202,1.173246593006e-07,0.1173246593006,-9.8091363946292e-09,-1.6081871115491e-09,3000000,12641353.291202,16829911.597254,7.9708199187099e-05,76.774140375022,0,-9.3785827138197e-06,0,0,0,0,3000000,-9.7846786536148e-09,-1.584686816283e-09,-0.035075289674282,0.3261370331059,0.20347917734665,18.130664172092,16359024.460636,62.003499458985,68907701.206131,76.739065085348,25.56419206032,24.92349404541,0,0,-25564192.06032,-24923494.04541,-62003499.458985,-68907701.206131,0.0019610285944388,-0.0003499787008129,150556.28458888,-150556.28458888
377.01316545235,0,-0.0004296869,2.296,30177353.96845,12.1,30177353.96845,16836668.127741,0.55792354482163,4.4182791530889e-05,44.182791530889,5585317704697.5,51.667495642442,9.0289580355039e-05,-7.5328269179558e-05,2.6044895604137e-05,0.00011633447595918,-6.4220984908898e-06,-8.1750367670448e-05,-0.11508544788841,0.024122523553757,0,0,0.00032272397636867,-9.412652475914e-06,-9.412652475914e-06,6.7953227088513e-08,0.00032613655435428,0.009412652475914,0.32613656143358,-30177353.96845,-12990.685815607,16354302.560975,40.718505194676,46.492466972909,38.918505194676,43.727221057082,43.338211087887,0,0,0,39.637634676733,1.9965223527887,0,0.0005850212666225,9.7843810692481e-09,0,0.00058706286415489,0,0.009412652475914,-9.412652475914e-06,0.0041766659494274,0.0083333333333333,8.3333333333333e-16,12623269.630389,0.55792354482163,1.1731270518476e-07,0.11731270518476,-9.7843810692481e-09,-1.6055095263642e-09,3000000,12623269.630389,16836668.127741,7.9695896897996e-05,76.762290933181,0,-9.412652475914e-06,0,0,0,0,3000000,-9.7503544437084e-09,-1.5809859676784e-09,-0.035069876098774,0.32613656143358,0.20347917734665,18.125754599871,16354307.720409,61.999803609248,68918505.194676,76.727221057082,25.580294106789,24.931848164374,0,0,-25580294.106789,-24931848.164374,-61999803.609248,-68918505.194676,0.0019610285944388,-0.000349991003102,150533.0474946,-150533.0474946
382.01316545235,0,-0.0004296869,2.296,30189806.910894,12.1,30189806.910894,16843457.657351,0.55791839582138,4.418504319704e-05,44.18504319704,5594597918696.6,51.665326210172,9.032817086374e-05,-7.5339706195341e-05,2.6028550689031e-05,0.00011635672155277,-6.421665478678e-06,-8.1761371674019e-05,-0.11512489063885,0.024114504692885,0,0,0.00032272397833039,-9.4469297184617e-06,-9.4469297184617e-06,6.7955038081076e-08,0.00032613608227215,0.0094469297184617,0.32613608935184,-30189806.910894,-12972.575889972,16349581.739673,40.729090468122,46.492167078641,38.929090468122,43.715361664627,43.332733502398,0,0,0,39.635020824555,1.9955909380907,0,0.0005829805925,9.7593728875904e-09,0,0.00058556237325542,0,0.0094469297184617,-9.4469297184617e-06,0.0041766659494274,0.0083333333333333,8.3333333333333e-16,12605127.684197,0.55791839582138,1.1730070830123e-07,0.11730070830123,-9.7593728875904e-09,-1.6028240408534e-09,3000000,12605127.684197,16843457.657351,7.9683578650244e-05,76.750426120128,0,-9.4469297184617e-06,0,0,0,0,3000000,-9.7163432083333e-09,-1.5773141007349e-09,-0.035064455500802,0.32613608935184,0.20347917734665,18.120838658904,16349586.886218,61.996088881057,68929090.468122,76.715361664627,25.596356965725,24.940223108904,0,0,-25596356.965725,-24940223.108904,-61996088.881057,-68929090.468122,0.0019610285944388,-0.00035000332134976,150509.78025694,-150509.78025694
387.01316545235,0,-0.0004296869,2.296,30202316.397907,12.1,30202316.397907,16850277.981973,0.55791322585633,4.4187301260868e-05,44.187301260868,5603932948936.2,51.663147843726,9.0366809643776e-05,-7.5351154925706e-05,2.6012238668552e-05,0.00011637904831233,-6.4212112394566e-06,-8.1772366165163e-05,-0.11516438151001,0.024106473513354,0,0,0.00032272398240146,-9.4814083903138e-06,-9.4814083903137e-06,6.7956818384488e-08,0.00032613560984333,0.0094814083903137,0.32613561692341,-30202316.397907,-12954.77285585,16344857.451516,40.739462305996,46.49162102131,38.939462305996,43.703487757973,43.327081834145,0,0,0,39.632403773397,1.9947084616348,0,0.0005809572558128,9.7341294496476e-09,0,0.00058404776697886,0,0.0094814083903138,-9.4814083903138e-06,0.0041766659494274,0.0083333333333333,8.3333333333333e-16,12586931.19219,0.55791322585633,1.172886237448e-07,0.1172886237448,-9.7341294496476e-09,-1.6001309070976e-09,3000000,12586931.19219,16850277.981973,7.9671245326718e-05,76.738546786242,0,-9.4814083903138e-06,0,0,0,0,3000000,-9.6826209302133e-09,-1.5736681057396e-09,-0.035059028268734,0.32613561692341,0.20347917734665,18.115916701529,16344862.585428,61.992360430868,68939462.305996,76.703487757973,25.612380471851,24.948618552461,0,0,-25612380.471851,-24948618.552461,-61992360.430868,-68939462.305996,0.0019610285944388,-0.00035001565467328,150486.4845435,-150486.4845435
392.01316545235,0,-0.0004296869,2.296,30214880.53813,12.1,30214880.53813,16857128.07063,0.55790803572665,4.4189565340727e-05,44.189565340727,5613321559267.4,51.660960883301,9.0405495504231e-05,-7.5362615638736e-05,2.5995959411248e-05,0.00011640145491548,-6.4207364183535e-06,-8.1783352057089e-05,-0.11520391957623,0.02409843081097,0,0,0.00032272398870541,-9.5160824217425e-06,-9.5160824217425e-06,6.7958562416992e-08,0.00032613513710129,0.0095160824217425,0.32613514418174,-30214880.53813,-12937.332530811,16340130.031135,40.749625929741,46.490835534048,38.949625929741,43.691600282576,43.321261384558,0,0,0,39.62978373164,1.9938675748272,0,0.00057895029522283,9.7087095217141e-09,0,0.00058252257130284,0,0.0095160824217425,-9.5160824217425e-06,0.0041766659494274,0.0083333333333333,8.3333333333333e-16,12568682.673846,0.55790803572665,1.1727651465266e-07,0.11727651465266,-9.7087095217141e-09,-1.5974364110227e-09,3000000,12568682.673846,16857128.07063,7.9658897909458e-05,76.726653877411,0,-9.5160824217425e-06,0,0,0,0,3000000,-9.6491715870472e-09,-1.5700460440183e-09,-0.035053594834736,0.32613514418174,0.20347917734665,18.110989119656,16340135.152715,61.988618433041,68949625.929741,76.691600282576,25.628364545183,24.957033875273,0,0,-25628364.545183,-24957033.875273,-61988618.433041,-68949625.929741,0.0019610285944388,-0.00035002800209054,150463.16220921,-150463.16220921
397.01316545235,0,-0.0004296869,2.296,30227497.405169,12.1,30227497.405169,16864006.871529,0.55790282628429,4.4191835028139e-05,44.191835028139,5622762555541.7,51.65876568011,9.0444224757263e-05,-7.5374088528034e-05,2.5979713446904e-05,0.00011642393820417,-6.4202414902826e-06,-8.1794330018317e-05,-0.11524350167224,0.024090378488013,0,0,0.00032272399805317,-9.5509456987265e-06,-9.5509456987265e-06,6.7960269226137e-08,0.00032613466412487,0.0095509456987265,0.32613467120569,-30227497.405169,-12920.264439367,16335400.26694,40.759586194666,46.489816498619,38.959586194666,43.679700005297,43.315277114235,0,0,0,39.627160868302,1.9930711566185,0,0.00057695974509725,9.6830883542765e-09,0,0.00058098530125659,0,0.0095509456987265,-9.5509456987265e-06,0.0041766659494274,0.0083333333333333,8.3333333333333e-16,12550383.839921,0.55790282628429,1.1726435864445e-07,0.11726435864445,-9.6830883542765e-09,-1.5947376905955e-09,3000000,12550383.839921,16864006.871529,7.9646537194995e-05,76.714748160847,0,-9.5509456987265e-06,0,0,0,0,3000000,-9.6159957516208e-09,-1.5664482769015e-09,-0.035048155549461,0.32613467120569,0.20347917734665,18.106056231162,16335405.376494,61.984868061447,68959586.194666,76.679700005297,25.644309080432,24.965469375083,0,0,-25644309.080432,-24965469.375083,-61984868.061447,-68959586.194666,0.0019610285944388,-0.00035004036280501,150439.8147586,-150439.8147586
402.01316545235,0,-0.0004296869,2.296,30240165.220432,12.1,30240165.220432,16870913.415931,0.55789759828552,4.419410993765e-05,44.19410993765,5632254881314.8,51.656562560915,9.0482996724364e-05,-7.5385573696593e-05,2.5963500347332e-05,0.0001164464970717,-6.4197271248332e-06,-8.1805300821426e-05,-0.11528312724729,0.024082316953958,0,0,0.00032272401030429,-9.5859920886324e-06,-9.5859920886324e-06,6.7961944558467e-08,0.00032613419094184,0.0095859920886324,0.32613419802302,-30240165.220432,-12903.511116064,16330668.436656,40.76934811003,46.488569393257,38.96934811003,43.667788003075,43.309134163435,0,0,0,39.624535420745,1.9923133060278,0,0.00057498534534052,9.6573219675642e-09,0,0.00057943931805385,0,0.0095859920886324,-9.5859920886324e-06,0.0041766659494274,0.0083333333333333,8.3333333333333e-16,12532035.472044,0.55789759828552,1.1725216416607e-07,0.11725216416607,-9.6573219675642e-09,-1.5920417771987e-09,3000000,12532035.472044,16870913.415931,7.9634164301934e-05,76.70283071398,0,-9.5859920886324e-06,0,0,0,0,3000000,-9.5830890890086e-09,-1.5628744759402e-09,-0.035042710904889,0.32613419802302,0.20347917734665,18.101118482459,16330673.534445,61.981107531888,68969348.11003,76.667788003075,25.660213946595,24.973923452023,0,0,-25660213.946595,-24973923.452023,-61981107.531888,-68969348.11003,0.0019610285944388,-0.00035005273569807,150416.44430452,-150416.44430452
407.01316545235,0,-0.0004296869,2.296,30252880.309632,12.1,30252880.309632,16877845.696623,0.55789235330916,4.4196389405093e-05,44.196389405093,5641795810242,51.654352166162,9.0521813320383e-05,-7.5397071237314e-05,2.5947318735463e-05,0.00011646913205585,-6.419194112086e-06,-8.18162653494e-05,-0.11532279803572,0.024074245391867,0,0,0.00032272402435467,-9.621215162616e-06,-9.621215162616e-06,6.7963585238238e-08,0.00032613371751819,0.009621215162616,0.32613372459972,-30252880.309632,-12887.10431835,16325934.200144,40.778916860682,46.487101386009,38.978916860682,43.655865688265,43.302837903077,0,0,0,39.621907700258,1.9915866636768,0,0.0005730262382137,9.6314701008067e-09,0,0.0005778882060484,0,0.009621215162616,-9.621215162616e-06,0.0041766659494274,0.0083333333333333,8.3333333333333e-16,12513640.875545,0.55789235330916,1.1723993662367e-07,0.11723993662367,-9.6314701008067e-09,-1.5893545258197e-09,3000000,12513640.875545,16877845.696623,7.9621780697279e-05,76.690902949812,0,-9.621215162616e-06,0,0,0,0,3000000,-9.5504373035617e-09,-1.5593229711653e-09,-0.035037261546762,0.32613372459972,0.20347917734665,18.096176458994,16325939.286451,61.977331394809,68978916.860682,76.655865688265,25.676078957605,24.98239329734,0,0,-25676078.957605,-24982393.29734,-61977331.394809,-68978916.860682,0.0019610285944388,-0.00035006511930272,150393.05361792,-150393.05361792
412.01316545235,0,-0.0004296869,2.296,30265640.800334,12.1,30265640.800334,16884802.692814,0.55788709215407,4.4198673045617e-05,44.198673045617,5651384150253.2,51.652134834552,9.0560673548436e-05,-7.5408581026694e-05,2.5931168180569e-05,0.00011649184172901,-6.4186430847473e-06,-8.1827224111441e-05,-0.11536251309934,0.0240661641607,0,0,0.00032272403990351,-9.6566084927138e-06,-9.6566084927137e-06,6.7965190956865e-08,0.00032613324386934,0.0096566084927137,0.32613325095121,-30265640.800334,-12871.047132081,16321197.711581,40.788297234145,46.485418364801,38.988297234145,43.643934204483,43.296393249027,0,0,0,39.619277958896,1.9908916226418,0,0.00057108159964228,9.6055173373341e-09,0,0.00057633104024005,0,0.0096566084927138,-9.6566084927138e-06,0.0041766659494274,0.0083333333333333,8.3333333333333e-16,12495201.884428,0.55788709215407,1.1722768546967e-07,0.11722768546967,-9.6055173373341e-09,-1.5866741852057e-09,3000000,12495201.884428,16884802.692814,7.9609387568892e-05,76.678966012481,0,-9.6566084927138e-06,0,0,0,0,3000000,-9.5180266607046e-09,-1.5557921573163e-09,-0.035031807997811,0.32613325095121,0.20347917734665,18.091230634818,16321202.786693,61.973539267863,68988297.234145,76.643934204483,25.691903985118,24.990877759107,0,0,-25691903.985118,-24990877.759107,-61973539.267863,-68988297.234145,0.0019610285944388,-0.00035007751243111,150369.64494248,-150369.64494248
417.01316545235,0,-0.0004296869,2.296,30278443.385345,12.1,30278443.385345,16891782.597534,0.55788181624341,4.4200960266234e-05,44.200960266235,5661017435406.1,51.649911141504,9.0599575344992e-05,-7.5420102852325e-05,2.5915048595592e-05,0.00011651462394058,-6.4180746029175e-06,-8.1838177455242e-05,-0.11540227051646,0.024058074041681,0,0,0.00032272405692022,-9.6921654436523e-06,-9.6921654436523e-06,6.7966763544868e-08,0.00032613277002941,0.0096921654436523,0.32613277711162,-30278443.385345,-12855.321252056,16316459.312322,40.797493831991,46.483526976842,38.997493831991,43.631994649492,43.289804967392,0,0,0,39.616646438611,1.9902292487036,0,0.00056915089992924,9.5794467236481e-09,0,0.00057476680341889,0,0.0096921654436523,-9.6921654436523e-06,0.0041766659494274,0.0083333333333333,8.3333333333333e-16,12476721.908085,0.55788181624341,1.172153625856e-07,0.1172153625856,-9.5794467236481e-09,-1.5839971622845e-09,3000000,12476721.908085,16891782.597534,7.959698605701e-05,76.667021000251,0,-9.6921654436523e-06,0,0,0,0,3000000,-9.4858483321541e-09,-1.5522810734402e-09,-0.03502635075975,0.32613277711162,0.20347917734665,18.086281464975,16316464.376511,61.969731355072,68997493.831991,76.631994649492,25.707688864599,24.999375499859,0,0,-25707688.864599,-24999375.499859,-61969731.355072,-68997493.831991,0.0019610285944388,-0.00035008991394299,150346.22043194,-150346.22043194
422.01316545235,0,-0.0004296869,2.296,30291287.142581,12.1,30291287.142581,16898784.91012,0.55787652597169,4.4203250821197e-05,44.203250821197,5670695315676,51.647681268685,9.0638517796723e-05,-7.5431636460923e-05,2.5898959511342e-05,0.00011653747730806,-6.4174892885657e-06,-8.1849125749489e-05,-0.11544206936172,0.024049975239957,0,0,0.00032272407491225,-9.7278795325266e-06,-9.7278795325266e-06,6.7968301806962e-08,0.00032613229600659,0.0097278795325266,0.32613230308913,-30291287.142581,-12839.938631112,16311719.084113,40.806511246924,46.481431626122,39.006511246924,43.620048245213,43.283077793351,0,0,0,39.614013408719,1.98959716565,0,0.00056723374489185,9.5532769053435e-09,0,0.00057319661432061,0,0.0097278795325266,-9.7278795325266e-06,0.0041766659494274,0.0083333333333333,8.3333333333333e-16,12458200.631996,0.55787652597169,1.1720299521505e-07,0.11720299521505,-9.5532769053435e-09,-1.581323738188e-09,3000000,12458200.631996,16898784.91012,7.9584577430833e-05,76.655069135604,0,-9.7278795325266e-06,0,0,0,0,3000000,-9.4538957481975e-09,-1.5487890532444e-09,-0.035020890390925,0.32613230308913,0.20347917734665,18.081329455973,16311724.137658,61.965907421334,69006511.246924,76.620048245213,25.723433453574,25.007885346897,0,0,-25723433.453574,-25007885.346897,-61965907.421334,-69006511.246924,0.0019610285944388,-0.00035010232256917,150322.78248361,-150322.78248361
427.01316545235,0,-0.0004296869,2.296,30304168.783784,12.1,30304168.783784,16905807.833334,0.55787122275129,4.4205544142616e-05,44.205544142616,5680415257604.9,51.645445782761,9.0677497446499e-05,-7.5443181426479e-05,2.588290128724e-05,0.00011656039873374,-6.4168876281626e-06,-8.1860069054641e-05,-0.11548190638269,0.024041869002407,0,0,0.00032272409412259,-9.7637440975162e-06,-9.7637440975162e-06,6.7969805735345e-08,0.00032613182185381,0.0097637440975162,0.32613182893668,-30304168.783784,-12824.899347286,16306977.556353,40.815353715822,46.479139027887,39.015353715822,43.608095972653,43.276216076487,0,0,0,39.611379085437,1.9889966154589,0,0.00056532979679474,9.5269924412642e-09,0,0.00057161954647585,0,0.0097637440975162,-9.7637440975162e-06,0.0041766659494274,0.0083333333333333,8.3333333333333e-16,12439642.186775,0.55787122275129,1.1719057464071e-07,0.11719057464071,-9.5269924412642e-09,-1.5786518253386e-09,3000000,12439642.186775,16905807.833334,7.9572162709323e-05,76.643111399993,0,-9.7637440975162e-06,0,0,0,0,3000000,-9.4221632799123e-09,-1.545315563614e-09,-0.03501542734007,0.32613182893668,0.20347917734665,18.076375014458,16306982.599532,61.962068444496,69015353.715822,76.608095972653,25.739137639334,25.016406602033,0,0,-25739137.639334,-25016406.602033,-61962068.444496,-69015353.715822,0.0019610285944388,-0.00035011473729068,150299.33302215,-150299.33302215
432.01316545235,0,-0.0004296869,2.296,30317087.308865,12.1,30317087.308865,16912850.82291,0.55786590700012,4.4207840016128e-05,44.207840016128,5690176682874.6,51.64320486756,9.0716513530779e-05,-7.5454737340631e-05,2.5866873426896e-05,0.00011658338695768,-6.4162702602114e-06,-8.1871007600842e-05,-0.11552178071346,0.024033755326931,0,0,0.00032272411390834,-9.7997526621486e-06,-9.7997526621486e-06,6.7971277199439e-08,0.00032613134755802,0.0097997526621486,0.3261313546412,-30317087.308865,-12810.184706346,16302234.598398,40.824025590745,46.476654734132,39.024025590745,43.596139048736,43.26922427135,0,0,0,39.608743736979,1.988422122755,0,0.00056343872831614,9.500642747414e-09,0,0.00057003856484484,0,0.0097997526621486,-9.7997526621486e-06,0.0041766659494274,0.0083333333333333,8.3333333333333e-16,12421048.572311,0.55786590700012,1.1717816455959e-07,0.11717816455959,-9.500642747414e-09,-1.575986216996e-09,3000000,12421048.572311,16912850.82291,7.9559743156489e-05,76.631149010899,0,-9.7997526621486e-06,0,0,0,0,3000000,-9.3906454719357e-09,-1.5418600903754e-09,-0.035009962162974,0.3261313546412,0.20347917734665,18.071418644868,16302239.631475,61.958214928335,69024025.590745,76.596139048736,25.754801319396,25.024938526301,0,0,-25754801.319396,-25024938.526301,-61958214.928335,-69024025.590745,0.0019610285944388,-0.00035012715684351,150275.87443508,-150275.87443508
437.01316545235,0,-0.0004296869,2.296,30330042.496082,12.1,30330042.496082,16919913.758789,0.55786057883444,4.4210138335837e-05,44.210138335837,5699979713513.2,51.640958579413,9.0755561200338e-05,-7.5466303741311e-05,2.5850876730708e-05,0.00011660643793105,-6.4156375873494e-06,-8.188194132866e-05,-0.11556168785551,0.024025636082118,0,0,0.00032272413486999,-9.8358990326408e-06,-9.8358990326408e-06,6.7972718006699e-08,0.00032613087320017,0.0098358990326408,0.32613088028366,-30330042.496082,-12795.776633739,16297491.019859,40.832530685371,46.473982539344,39.032530685371,43.584178276274,43.262106238902,0,0,0,39.606107540289,1.9878776870641,0,0.00056156111137345,9.4742010866138e-09,0,0.00056845206519683,0,0.0098358990326408,-9.8358990326408e-06,0.0041766659494274,0.0083333333333333,8.3333333333333e-16,12402419.756621,0.55786057883444,1.1716575679767e-07,0.11716575679767,-9.4742010866138e-09,-1.5733239574776e-09,3000000,12402419.756621,16919913.758789,7.9547319606205e-05,76.619182771501,0,-9.8358990326408e-06,0,0,0,0,3000000,-9.3593518562241e-09,-1.5384248413979e-09,-0.035004495227028,0.32613088028366,0.20347917734665,18.066460679984,16297496.043083,61.954348712983,69032530.685371,76.584178276274,25.770424446469,25.033480866796,0,0,-25770424.446469,-25033480.866796,-61954348.712983,-69032530.685371,0.0019610285944388,-0.00035013958039379,150252.40829745,-150252.40829745
442.01316545235,0,-0.0004296869,2.296,30343031.372501,12.1,30343031.372501,16926995.016121,0.5578552395356,4.4212438580209e-05,44.212438580209,5709822096367.7,51.638707432871,9.0794638728905e-05,-7.5477880206e-05,2.5834911005702e-05,0.00011662954973461,-6.4149901494936e-06,-8.1892870355494e-05,-0.11560162608626,0.024017511705343,0,0,0.00032272415663292,-9.8721768653049e-06,-9.8721768653049e-06,6.7974124330318e-08,0.00032613039878736,0.0098721768653049,0.32613040587116,-30343031.372501,-12781.713397555,16292746.891849,40.840873041853,46.47112816721,39.040873041853,43.572214797258,43.25486615752,0,0,0,39.603470747064,1.9873614699775,0,0.00055969678640441,9.4476846191087e-09,0,0.00056686107714652,0,0.0098721768653049,-9.8721768653049e-06,0.0041766659494274,0.0083333333333333,8.3333333333333e-16,12383758.542261,0.5578552395356,1.171533264985e-07,0.1171533264985,-9.4476846191087e-09,-1.5706649154744e-09,3000000,12383758.542261,16926995.016121,7.9534893244647e-05,76.607213824312,0,-9.8721768653049e-06,0,0,0,0,3000000,-9.3282797734068e-09,-1.5350097169244e-09,-0.034999027053928,0.32613040587116,0.20347917734665,18.061501593183,16292751.905496,61.95046990381,69040873.041853,76.572214797258,25.786006884333,25.042032425944,0,0,-25786006.884333,-25042032.425944,-61950469.90381,-69040873.041853,0.0019610285944388,-0.00035015200675535,150228.93684977,-150228.93684977
447.01316545235,0,-0.0004296869,2.296,30356051.557653,12.1,30356051.557653,16934093.295296,0.55784989011681,4.4214740316835e-05,44.214740316835,5719702097995,51.636451844084,9.0833743201295e-05,-7.5489466152163e-05,2.5818976459798e-05,0.00011665271966109,-6.4143284230658e-06,-8.1903794575229e-05,-0.11564159255828,0.024009383050854,0,0,0.00032272417917516,-9.9085797646646e-06,-9.9085797646646e-06,6.7975494407367e-08,0.00032612992435383,0.0099085797646646,0.32612993143792,-30356051.557653,-12768.012627064,16288002.556476,40.849056504016,46.468097133543,39.049056504016,43.560249635822,43.247507991356,0,0,0,39.600833583028,1.9868731683296,0,0.00055784488187983,9.4210836775854e-09,0,0.00056526502065513,0,0.0099085797646646,-9.9085797646646e-06,0.0041766659494274,0.0083333333333333,8.3333333333333e-16,12365067.71588,0.55784989011681,1.1714084922114e-07,0.11714084922114,-9.4210836775854e-09,-1.5680077073262e-09,3000000,12365067.71588,16934093.295296,7.9522465135574e-05,76.595243193934,0,-9.9085797646646e-06,0,0,0,0,3000000,-9.2974146979971e-09,-1.5316125335957e-09,-0.034993558111879,0.32612993143792,0.20347917734665,18.056541808987,16288007.560838,61.946579606538,69049056.504016,76.560249635822,25.801548512659,25.050592469832,0,0,-25801548.512659,-25050592.469832,-61946579.606538,-69049056.504016,0.0019610285944388,-0.00035016443486443,150205.4621013,-150205.4621013
452.01316545235,0,-0.0004296869,2.296,30369101.531359,12.1,30369101.531359,16941207.7676,0.5578445312213,4.4217043244216e-05,44.217043244216,5729618727527.9,51.634192085769,9.0872870287499e-05,-7.5501060887721e-05,2.5803073753876e-05,0.00011667594404138,-6.4136528093359e-06,-8.1914713697057e-05,-0.11568158312348,0.024001251540397,0,0,0.00032272420283878,-9.9451014174733e-06,-9.9451014174733e-06,6.7976834431274e-08,0.000326129449967,0.0099451014174733,0.32612945705138,-30369101.531359,-12754.612387994,16283258.688225,40.857084687157,46.464894236188,39.057084687157,43.548283675212,43.240035437193,0,0,0,39.598196242851,1.9864124034158,0,0.00055600472665726,9.3943926619316e-09,0,0.00056366355971589,0,0.0099451014174733,-9.9451014174733e-06,0.0041766659494274,0.0083333333333333,8.3333333333333e-16,12346349.248385,0.5578445312213,1.1712832166411e-07,0.11712832166411,-9.3943926619316e-09,-1.5653508965486e-09,3000000,12346349.248385,16941207.7676,7.9510036196406e-05,76.583271764016,0,-9.9451014174733e-06,0,0,0,0,3000000,-9.2667454442876e-09,-1.5282317153873e-09,-0.034988088804496,0.32612945705138,0.20347917734665,18.051581693518,16283263.683543,61.942678912635,69057084.687157,76.548283675212,25.817049249964,25.059160530394,0,0,-25817049.249964,-25059160.530394,-61942678.912635,-69057084.687157,0.0019610285944388,-0.00035017686380359,150181.98578492,-150181.98578492
457.01316545235,0,-0.0004296869,2.296,30382179.552717,12.1,30382179.552717,16948337.482307,0.55783916359945,4.421934703766e-05,44.21934703766,5739570760354,51.631928464717,9.0912019740449e-05,-7.5512664029808e-05,2.5787202213913e-05,0.00011669922195436,-6.4129638810176e-06,-8.1925627910826e-05,-0.11572159738397,0.023993116951914,0,0,0.00032272422674601,-9.981735564587e-06,-9.981735564587e-06,6.797814493774e-08,0.00032612897559453,0.009981735564587,0.3261289826792,-30382179.552717,-12741.507323331,16278514.963548,40.864961478386,46.461524699369,39.064961478386,43.5363181628,43.232452499002,0,0,0,39.595559001459,1.9859766053249,0,0.00055417690075882,9.3676479030353e-09,0,0.00056205887418212,0,0.009981735564587,-9.981735564587e-06,0.0041766659494274,0.0083333333333333,8.3333333333333e-16,12327605.368304,0.55783916359945,1.171157839047e-07,0.1171157839047,-9.3676479030353e-09,-1.5626967137044e-09,3000000,12327605.368304,16948337.482307,7.9497607722777e-05,76.571300782502,0,-9.981735564587e-06,0,0,0,0,3000000,-9.2362816793136e-09,-1.5248679983009e-09,-0.034982619701992,0.3261289826792,0.20347917734665,18.046621763836,16278519.950059,61.938767734946,69064961.478386,76.5363181628,25.832508979384,25.067735464972,0,0,-25832508.979384,-25067735.464972,-61938767.734946,-69064961.478386,0.0019610285944388,-0.00035018929227722,150158.51034786,-150158.51034786
462.01316545235,0,-0.0004296869,2.296,30395284.628664,12.1,30395284.628664,16955481.897276,0.55783378768673,4.4221651494615e-05,44.221651494615,5749557583563.9,51.629661160868,9.0951187850779e-05,-7.5524275111505e-05,2.5771362311374e-05,0.00011672255016215,-6.4122620279252e-06,-8.193653713943e-05,-0.11576163184538,0.02398498061458,0,0,0.00032272425105982,-1.0018476119858e-05,-1.0018476119858e-05,6.7979425729202e-08,0.00032612850128079,0.010018476119858,0.32612850836573,-30395284.628664,-12728.699408717,16273771.826134,40.872690254574,46.457992884801,39.072690254574,43.52435396723,43.22476258461,0,0,0,39.592922050303,1.9855697579044,0,0.00055236268055207,9.3408351890201e-09,0,0.0005604501113412,0,0.010018476119858,-1.0018476119858e-05,0.0041766659494274,0.0083333333333333,8.3333333333333e-16,12308837.717045,0.55783378768673,1.171032763452e-07,0.1171032763452,-9.3408351890201e-09,-1.5600439786547e-09,3000000,12308837.717045,16955481.897276,7.9485180616941e-05,76.559331118431,0,-1.0018476119858e-05,0,0,0,0,3000000,-9.2060446758678e-09,-1.5215249180574e-09,-0.034977151201275,0.32612850836573,0.20347917734665,18.041662380009,16273776.804075,61.934847290524,69072690.254574,76.52435396723,25.847927669964,25.076317086865,0,0,-25847927.669964,-25076317.086865,-61934847.290524,-69072690.254574,0.0019610285944388,-0.00035020171938306,150135.03749436,-150135.03749436
467.01316545235,0,-0.0004296869,2.296,30408416.103007,12.1,30408416.103007,16962640.654741,0.55782840376452,4.4223956481069e-05,44.223956481069,5759578809578.8,51.627390293635,9.0990370561408e-05,-7.553589347408e-05,2.5755554666028e-05,0.00011674592522744,-6.4115476225815e-06,-8.1947441096661e-05,-0.11580168261624,0.023976843851456,0,0,0.00032272427607266,-1.0055317228297e-05,-1.0055317228297e-05,6.7980676291711e-08,0.00032612802708164,0.010055317228297,0.32612803416686,-30408416.103007,-12716.193783628,16269029.834656,40.880274301883,46.454302847354,39.080274301883,43.512391885099,43.216969006311,0,0,0,39.590285564957,1.9851905820726,0,0.00055056144458275,9.3139583785654e-09,0,0.00055883750271393,0,0.010055317228297,-1.0055317228297e-05,0.0041766659494274,0.0083333333333333,8.3333333333333e-16,12290047.575785,0.55782840376452,1.1709079296912e-07,0.11709079296912,-9.3139583785654e-09,-1.557392912842e-09,3000000,12290047.575785,16962640.654741,7.9472755706315e-05,76.547363568766,0,-1.0055317228297e-05,0,0,0,0,3000000,-9.1760240763792e-09,-1.5182008950998e-09,-0.034971683666697,0.32612803416686,0.20347917734665,18.036703872243,16269034.804269,61.930919009025,69080274.301883,76.512391885099,25.863305295573,25.084905163213,0,0,-25863305.295573,-25084905.163213,-61930919.009025,-69080274.301883,0.0019610285944388,-0.00035021414429368,150111.56878726,-150111.56878726
472.01316545235,0,-0.0004296869,2.296,30421573.057762,12.1,30421573.057762,16969813.254645,0.55782301221033,4.4226261825722e-05,44.226261825722,5769633821868.3,51.625116025609,9.102956546812e-05,-7.554751849702e-05,2.5739779363318e-05,0.00011676934483144,-6.4108211249353e-06,-8.1958339621955e-05,-0.11584174728246,0.02396870724337,0,0,0.00032272430153921,-1.0092253214912e-05,-1.0092253214912e-05,6.798190235305e-08,0.00032612755301237,0.010092253214912,0.32612756009785,-30421573.057762,-12703.933170227,16264289.141929,40.887716955541,46.450458644971,39.087716955541,43.500432870261,43.20907515196,0,0,0,39.587649755653,1.9848344113244,0,0.00054877232817859,9.2870490353228e-09,0,0.00055722294211937,0,0.010092253214912,-1.0092253214912e-05,0.0041766659494274,0.0083333333333333,8.3333333333333e-16,12271236.14905,0.55782301221033,1.1707834594452e-07,0.11707834594452,-9.2870490353228e-09,-1.554745863771e-09,3000000,12271236.14905,16969813.254645,7.946033398166e-05,76.535399087795,0,-1.0092253214912e-05,0,0,0,0,3000000,-9.1462054696431e-09,-1.5148944172633e-09,-0.034966217534134,0.32612756009785,0.20347917734665,18.031746635927,16264294.103409,61.926983837763,69087716.955541,76.500432870261,25.878641803581,25.093499208387,0,0,-25878641.803581,-25093499.208387,-61926983.837763,-69087716.955541,0.0019610285944388,-0.00035022656601834,150088.10609795,-150088.10609795
477.01316545235,0,-0.0004296869,2.296,30434755.741768,12.1,30434755.741768,16976999.833885,0.55781761292691,4.4228567532882e-05,44.228567532882,5779723009650.6,51.622838325096,9.1068769615906e-05,-7.555914959742e-05,2.5724036660298e-05,0.0001167928062762,-6.4100829545862e-06,-8.1969232552006e-05,-0.11588182296126,0.023960571662942,0,0,0.00032272432736287,-1.0129278749519e-05,-1.0129278749519e-05,6.7983102406476e-08,0.00032612707909452,0.010129278749519,0.32612708618026,-30434755.741768,-12691.932635976,16259549.963387,40.895021352601,46.446463535269,39.095021352601,43.488477740585,43.201084111433,0,0,0,39.585014802652,1.9844982916302,0,0.00054699550246501,9.2601396927304e-09,0,0.00055560838156383,0,0.010129278749519,-1.0129278749519e-05,0.0041766659494274,0.0083333333333333,8.3333333333333e-16,12252403.637781,0.55781761292691,1.1706600652799e-07,0.11706600652799,-9.2601396927304e-09,-1.5521070508625e-09,3000000,12252403.637781,16976999.833885,7.9447916292489e-05,76.523438493763,0,-1.0129278749519e-05,0,0,0,0,3000000,-9.1165917077502e-09,-1.5116063884054e-09,-0.03496075317716,0.32612708618026,0.20347917734665,18.026791010084,16259554.916941,61.923042644258,69095021.352601,76.488477740585,25.893937241168,25.102099244009,0,0,-25893937.241168,-25102099.244009,-61923042.644258,-69095021.352601,0.0019610285944388,-0.00035023898370751,150064.65103105,-150064.65103105
482.01316545235,0,-0.0004296869,2.296,30447962.75805,12.1,30447962.75805,16984199.631989,0.55781220648401,4.4230873336286e-05,44.230873336286,5789845437226.4,51.620557440397,9.1107980109479e-05,-7.5570786088635e-05,2.5708326828813e-05,0.00011681630693829,-6.4093335189403e-06,-8.1980119607575e-05,-0.11592190677389,0.023952437863154,0,0,0.00032272435346586,-1.0166388555484e-05,-1.0166388555484e-05,6.7984274553098e-08,0.00032612660535643,0.010166388555484,0.32612661244242,-30447962.75805,-12680.211169749,16254812.582506,40.902190620357,46.442320776434,39.102190620357,43.47652733467,43.192999037911,0,0,0,39.582380890785,1.9841830337684,0,0.00054523157895516,9.2332347447522e-09,0,0.00055399408468513,0,0.010166388555484,-1.0166388555484e-05,0.0041766659494274,0.0083333333333333,8.3333333333333e-16,12233550.260128,0.55781220648401,1.1705375038288e-07,0.11705375038288,-9.2332347447522e-09,-1.5494773547522e-09,3000000,12233550.260128,16984199.631989,7.9435503509847e-05,76.51148262565,0,-1.0166388555484e-05,0,0,0,0,3000000,-9.087192982586e-09,-1.5083371469377e-09,-0.034955290979369,0.32612661244242,0.20347917734665,18.021837342329,16254817.528356,61.919096444713,69102190.620357,76.47652733467,25.909191582446,25.110704720813,0,0,-25909191.582446,-25110704.720813,-61919096.444713,-69102190.620357,0.0019610285944388,-0.00035025139649015,150041.20523181,-150041.20523181
487.01316545235,0,-0.0004296869,2.296,30461192.550656,12.1,30461192.550656,16991411.798769,0.55780679355297,4.4233178958206e-05,44.233178958206,5799999969842.4,51.618273642745,9.1147193469768e-05,-7.5582427205476e-05,2.5692650323097e-05,0.00011683984379287,-6.408573178107e-06,-8.1991000383583e-05,-0.11596199528928,0.02394430680171,0,0,0.00032272437998072,-1.020357739504e-05,-1.020357739504e-05,6.7985420845482e-08,0.00032612613184331,0.01020357739504,0.32612613892955,-30461192.550656,-12668.748245908,16250077.451335,40.909227719585,46.438034034601,39.109227719585,43.464582453489,43.184822959551,0,0,0,39.57974819659,1.98388644545,0,0.00054347828171895,9.2063178671395e-09,0,0.00055237907202837,0,0.01020357739504,-1.020357739504e-05,0.0041766659494274,0.0083333333333333,8.3333333333333e-16,12214677.191694,0.55780679355297,1.1704149407101e-07,0.11704149407101,-9.2063178671395e-09,-1.546854304703e-09,3000000,12214677.191694,16991411.798769,7.9423096465699e-05,76.499532284796,0,-1.020357739504e-05,0,0,0,0,3000000,-9.0579713619825e-09,-1.5050831528828e-09,-0.034949831306832,0.32612613892955,0.20347917734665,18.01688596468,16250082.389686,61.915145915996,69109227.719585,76.464582453489,25.924404760034,25.119314840269,0,0,-25924404.760034,-25119314.840269,-61915145.915996,-69109227.719585,0.0019610285944388,-0.0003502638035343,150017.77027168,-150017.77027168
492.01316545235,0,-0.0004296869,2.296,30474442.956964,12.1,30474442.956964,16998635.152709,0.55780137504019,4.4235484054363e-05,44.235484054363,5810184855797,51.615987298135,9.1186406643079e-05,-7.5594072147738e-05,2.5677007478842e-05,0.00011686341412192,-6.4078023341976e-06,-8.2001874481936e-05,-0.11600208543551,0.023936179205693,0,0,0.00032272440679914,-1.0240840000409e-05,-1.0240840000409e-05,6.7986541727455e-08,0.00032612565857177,0.010240840000409,0.32612566565825,-30474442.956964,-12657.539426181,16245344.735879,40.916135586243,46.433607978823,39.116135586243,43.452643913496,43.176558816065,0,0,0,39.577116900014,1.9836047412498,0,0.0005417346801592,9.1794101404128e-09,0,0.00055076460842477,0,0.010240840000409,-1.0240840000409e-05,0.0041766659494274,0.0083333333333333,8.3333333333333e-16,12195787.320967,0.55780137504019,1.1702927343221e-07,0.11702927343221,-9.1794101404128e-09,-1.5442412278112e-09,3000000,12195787.320967,16998635.152709,7.9410696008086e-05,76.487588288029,0,-1.0240840000409e-05,0,0,0,0,3000000,-9.0289113359867e-09,-1.5018425239398e-09,-0.034944374532728,0.32612566565825,0.20347917734665,18.011937215572,16245349.666931,61.911191963419,69116135.586243,76.452643913496,25.939576770178,25.127929364614,0,0,-25939576.770178,-25127929.364614,-61911191.963419,-69116135.586243,0.0019610285944388,-0.00035027620399191,149994.34775249,-149994.34775249
497.01316545235,0,-0.0004296869,2.296,30487713.257791,12.1,30487713.257791,17005869.302476,0.55779595124696,4.4237788470638e-05,44.237788470638,5820399702360.5,51.613698539372,9.122561597831e-05,-7.5605720090886e-05,2.5661398826534e-05,0.00011688701480484,-6.4070213305707e-06,-8.2012741421457e-05,-0.11604217360174,0.023928056061171,0,0,0.00032272443408782,-1.0278171265761e-05,-1.0278171265761e-05,6.7987637538212e-08,0.00032612518558698,0.010278171265761,0.3261251926737,-30487713.257791,-12646.581318617,16240614.887958,40.922917024396,46.42904608289,39.122917024396,43.440712444796,43.168209433814,0,0,0,39.574487161976,1.9833386090561,0,0.0005400004913549,9.1525015964615e-09,0,0.00054915009578769,0,0.010278171265761,-1.0278171265761e-05,0.0041766659494274,0.0083333333333333,8.3333333333333e-16,12176881.764158,0.55779595124696,1.1701707604132e-07,0.11701707604132,-9.1525015964615e-09,-1.5416352563232e-09,3000000,12176881.764158,17005869.302476,7.9398302895365e-05,76.475651365787,0,-1.0278171265761e-05,0,0,0,0,3000000,-9.0000081892483e-09,-1.4986147098929e-09,-0.034938920990683,0.3261251926737,0.20347917734665,18.006991397648,16240619.81191,61.907235341401,69122917.024396,76.440712444796,25.954707590582,25.136547837835,0,0,-25954707.590582,-25136547.837835,-61907235.341401,-69122917.024396,0.0019610285944388,-0.00035028859710463,149970.93910664,-149970.93910664
502.01316545235,0,-0.0004296869,2.296,30501003.405543,12.1,30501003.405543,17013114.222235,0.55779052220565,4.4240092175242e-05,44.240092175242,5830644610844.4,51.611407381959,9.1264819754714e-05,-7.5617370419757e-05,2.5645824268415e-05,0.00011691064402313,-6.4062305875315e-06,-8.2023601007288e-05,-0.11608225797985,0.023919937632828,0,0,0.00032272446141779,-1.0315566359824e-05,-1.0315566359824e-05,6.7988707496676e-08,0.00032612471288219,0.010315566359824,0.32612471996915,-30501003.405543,-12635.881733971,16235887.840144,40.929574907708,46.424351417185,39.129574907708,43.428788923522,43.159777697305,0,0,0,39.57185917558,1.9830869703023,0,0.00053827622836156,9.1256122232344e-09,0,0.00054753673339406,0,0.010315566359824,-1.0315566359824e-05,0.0041766659494274,0.0083333333333333,8.3333333333333e-16,12157960.849129,0.55779052220565,1.1700494520172e-07,0.11700494520172,-9.1256122232344e-09,-1.5390365281044e-09,3000000,12157960.849129,17013114.222235,7.9385918037566e-05,76.463722394603,0,-1.0315566359824e-05,0,0,0,0,3000000,-8.9712704726927e-09,-1.495401174223e-09,-0.034933471081132,0.32612471996915,0.20347917734665,18.002048874081,16235892.757198,61.903276572594,69129574.907708,76.428788923522,25.969797210403,25.14516979312,0,0,-25969797.210403,-25145169.79312,-61903276.572594,-69129574.907708,0.0019610285944388,-0.00035030098196243,149947.54605305,-149947.54605305
507.01316545235,0,-0.0004296869,2.296,30514313.65469,12.1,30514313.65469,17020370.052701,0.55778508781659,4.4242395155054e-05,44.242395155054,5840920055347.8,51.609113798148,9.1304015189036e-05,-7.5629022487941e-05,2.5630284077796e-05,0.00011693429926683,-6.4054304455597e-06,-8.2034452933501e-05,-0.1161223358089,0.023911824656578,0,0,0.00032272448874507,-1.0353020728086e-05,-1.0353020728086e-05,6.7989752296507e-08,0.00032612424048362,0.010353020728086,0.32612424757081,-30514313.65469,-12625.433735661,16231163.854411,40.936111923162,46.419525706297,39.136111923162,43.416874088433,43.151266293382,0,0,0,39.569233103649,1.9828513872535,0,0.00053656242184854,9.0987377611568e-09,0,0.00054592426566941,0,0.010353020728086,-1.0353020728086e-05,0.0041766659494274,0.0083333333333333,8.3333333333333e-16,12139022.971891,0.55778508781659,1.1699287779e-07,0.11699287779,-9.0987377611568e-09,-1.5364447774264e-09,3000000,12139022.971891,17020370.052701,7.9373542202031e-05,76.451802113574,0,-1.0353020728086e-05,0,0,0,0,3000000,-8.942707030809e-09,-1.4922032996455e-09,-0.034928025141738,0.32612424757081,0.20347917734665,17.997109951101,16231168.764766,61.899316327026,69136111.923162,76.416874088433,25.98484562978,25.153794782167,0,0,-25984845.62978,-25153794.782167,-61899316.327026,-69136111.923162,0.0019610285944388,-0.00035031335779797,149924.1700411,-149924.1700411
512.01316545235,0,-0.0004296869,2.296,30527642.882971,12.1,30527642.882971,17027636.181125,0.55777964854416,4.4244697234082e-05,44.244697234082,5851225141771.9,51.606817977874,9.1343197640278e-05,-7.5640675547743e-05,2.5614779168151e-05,0.00011695797680843,-6.4046211605689e-06,-8.2045296708311e-05,-0.1161624026401,0.02390371865106,0,0,0.00032272451657885,-1.0390529913309e-05,-1.0390529913309e-05,6.7990763759611e-08,0.000326123768453,0.010390529913309,0.32612377554041,-30527642.882971,-12615.319104625,16226443.548206,40.942530464349,46.41457184819,39.142530464349,43.404968419783,43.142677512727,0,0,0,39.566609052034,1.9826329653879,0,0.00053485948311706,9.0718763084639e-09,0,0.00054431257850783,0,0.010390529913309,-1.0390529913309e-05,0.0041766659494274,0.0083333333333333,8.3333333333333e-16,12120068.973069,0.55777964854416,1.1698092683807e-07,0.11698092683807,-9.0718763084639e-09,-1.5338606998324e-09,3000000,12120068.973069,17027636.181125,7.9361175887598e-05,76.439891003175,0,-1.0390529913309e-05,0,0,0,0,3000000,-8.9143247186177e-09,-1.4890220176922e-09,-0.034922583392188,0.32612377554041,0.20347917734665,17.992174827783,16226448.452122,61.895355979863,69142530.464349,76.404968419783,25.999852951622,25.162423178418,0,0,-25999852.951622,-25162423.178418,-61895355.979863,-69142530.464349,0.0019610285944388,-0.0003503257241124,149900.81201302,-149900.81201302
517.01316545235,0,-0.0004296869,2.296,30540989.02137,12.1,30540989.02137,17034911.475855,0.55777420525863,4.4246998112043e-05,44.246998112043,5861558079124,51.60452026381,9.1382364860007e-05,-7.5652328986901e-05,2.5599309680193e-05,0.0001169816745402,-6.4038030907789e-06,-8.205613207768e-05,-0.11620245620077,0.023895620131258,0,0,0.00032272454472405,-1.0428089425409e-05,-1.0428089425409e-05,6.7991750284518e-08,0.0003261232967933,0.010428089425409,0.32612330388093,-30540989.02137,-12605.453855552,16221726.95125,40.94883309785,46.409494593094,39.14883309785,43.393072603702,43.134013867479,0,0,0,39.563987171961,1.982430618678,0,0.00053316815091241,9.0450518129186e-09,0,0.00054270310877512,0,0.010428089425409,-1.0428089425409e-05,0.0041766659494274,0.0083333333333333,8.3333333333333e-16,12101102.492074,0.55777420525863,1.1696911948771e-07,0.11696911948771,-9.0450518129186e-09,-1.5312854769187e-09,3000000,12101102.492074,17034911.475855,7.9348819806942e-05,76.427989749848,0,-1.0428089425409e-05,0,0,0,0,3000000,-8.8861358485402e-09,-1.4858580261786e-09,-0.034917146145901,0.32612330388093,0.20347917734665,17.987243788539,16221731.848923,61.891396381329,69148833.09785,76.393072603702,26.01481923037,25.171054664543,0,0,-26014819.23037,-25171054.664543,-61891396.381329,-69148833.09785,0.0019610285944388,-0.00035033808019306,149877.47331493,-149877.47331493
522.01316545235,0,-0.0004296869,2.296,30554351.303818,12.1,30554351.303818,17042195.518743,0.55776875829851,4.4249297628654e-05,44.249297628654,5871918429120.5,51.602220796285,9.1421514975349e-05,-7.5663982228645e-05,2.5583875627363e-05,0.00011700539060271,-6.4029765777633e-06,-8.2066958806408e-05,-0.11624249456649,0.023887529467172,0,0,0.00032272457294028,-1.0465694883424e-05,-1.0465694883424e-05,6.7992715225187e-08,0.00032612282550857,0.010465694883424,0.3261228325964,-30554351.303818,-12595.804448867,16217014.10386,40.955022354457,46.404297161995,39.155022354457,43.381187382568,43.125277908638,0,0,0,39.561367627051,1.9822438522196,0,0.00053148790670098,9.0182613597765e-09,0,0.00054109568158659,0,0.010465694883424,-1.0465694883424e-05,0.0041766659494274,0.0083333333333333,8.3333333333333e-16,12082124.67923,0.55776875829851,1.1695739559387e-07,0.11695739559387,-9.0182613597765e-09,-1.5287175131358e-09,3000000,12082124.67923,17042195.518743,7.9336474731165e-05,76.416099096311,0,-1.0465694883424e-05,0,0,0,0,3000000,-8.8581317783496e-09,-1.4827109324023e-09,-0.03491171374236,0.3261228325964,0.20347917734665,17.9823171411,16217018.995459,61.887437832732,69155022.354457,76.381187382568,26.029744445819,25.179688439889,0,0,-26029744.445819,-25179688.439889,-61887437.832732,-69155022.354457,0.0019610285944388,-0.00035035042526884,149854.15540334,-149854.15540334
527.01316545235,0,-0.0004296869,2.296,30567727.672505,12.1,30567727.672505,17049487.186572,0.55776330853436,4.4251595416161e-05,44.251595416161,5882304689000.6,51.599919933995,9.1460645761688e-05,-7.5675634540646e-05,2.5568477153607e-05,0.00011702912291529,-6.4021419305599e-06,-8.2077776471206e-05,-0.11628251542922,0.023879447056589,0,0,0.000322724601106,-1.0503341801494e-05,-1.0503341801494e-05,6.7993657101847e-08,0.00032612235462242,0.010503341801494,0.32612236171046,-30567727.672505,-12586.385682262,16212305.242416,40.96110075301,46.398982924898,39.16110075301,43.369313514159,43.116472237933,0,0,0,39.558750584322,1.9820714627014,0,0.00052981683565736,8.9914847642546e-09,0,0.00053948908585528,0,0.010503341801494,-1.0503341801494e-05,0.0041766659494274,0.0083333333333333,8.3333333333333e-16,12063136.953147,0.55776330853436,1.1694565283831e-07,0.11694565283831,-8.9914847642546e-09,-1.5261543528654e-09,3000000,12063136.953147,17049487.186572,7.9324141447364e-05,76.404219800687,0,-1.0503341801494e-05,0,0,0,0,3000000,-8.8302805942893e-09,-1.4795768129048e-09,-0.034906286527715,0.32612236171046,0.20347917734665,17.977395199579,16212310.128121,61.883480508416,69161100.75301,76.369313514159,26.044628515077,25.188323443791,0,0,-26044628.515077,-25188323.443791,-61883480.508416,-69161100.75301,0.0019610285944388,-0.00035036275855264,149830.85976494,-149830.85976494
532.01316545235,0,-0.0004296869,2.296,30581117.378507,12.1,30581117.378507,17056786.071815,0.5577578562621,4.4253891346157e-05,44.253891346157,5892716328501.3,51.59761780713,9.1499754047769e-05,-7.5687285166449e-05,2.5553114720832e-05,0.0001170528687686,-6.4012994437547e-06,-8.2088584610204e-05,-0.11632251563378,0.023871373720413,0,0,0.00032272462928275,-1.0541025834505e-05,-1.0541025834505e-05,6.7994575933078e-08,0.00032612188416118,0.010541025834505,0.32612189124942,-30581117.378507,-12577.197369948,16207600.629967,40.967070614635,46.393555092375,39.167070614635,43.357451592277,43.107599114625,0,0,0,39.55613617465,1.9819115673384,0,0.0005281543083247,8.9647297151948e-09,0,0.00053788378291169,0,0.010541025834505,-1.0541025834505e-05,0.0041766659494274,0.0083333333333333,8.3333333333333e-16,12044140.796234,0.5577578562621,1.1693396569909e-07,0.11693396569909,-8.9647297151948e-09,-1.5235979789056e-09,3000000,12044140.796234,17056786.071815,7.9311820572318e-05,76.392352457051,0,-1.0541025834505e-05,0,0,0,0,3000000,-8.8025718054117e-09,-1.4764544259236e-09,-0.034900864773675,0.32612189124942,0.20347917734665,17.972478210117,16207605.509957,61.87952553045,69167070.614635,76.357451592277,26.05947150001,25.196959849212,0,0,-26059471.50001,-25196959.849212,-61879525.53045,-69167070.614635,0.0019610285944388,-0.00035037507942768,149807.58756473,-149807.58756473
537.01316545235,0,-0.0004296869,2.296,30594519.316239,12.1,30594519.316239,17064091.571085,0.55775240195424,4.4256185212346e-05,44.256185212346,5903152598920.7,51.595314611302,9.153883735418e-05,-7.56989334609e-05,2.5537788557467e-05,0.00011707662591165,-6.400449391835e-06,-8.2099382852735e-05,-0.11636249268809,0.023863310053019,0,0,0.00032272465745153,-1.0578742691754e-05,-1.0578742691754e-05,6.7995472963902e-08,0.00032612141415653,0.010578742691754,0.32612142124497,-30594519.316239,-12568.227061715,16202900.583508,40.972934285865,46.388016647862,39.172934285865,43.345602285049,43.098660920013,0,0,0,39.553524545292,1.9817646348106,0,0.00052650040920562,8.9379944122622e-09,0,0.00053627966473573,0,0.010578742691754,-1.0578742691754e-05,0.0041766659494274,0.0083333333333333,8.3333333333333e-16,12025137.269995,0.55775240195424,1.1692228316194e-07,0.11692228316194,-8.9379944122622e-09,-1.5210468283459e-09,3000000,12025137.269995,17064091.571085,7.9299512800003e-05,76.380497733834,0,-1.0578742691754e-05,0,0,0,0,3000000,-8.7750068200937e-09,-1.4733440099054e-09,-0.034895448785207,0.32612142124497,0.20347917734665,17.967566449667,16202905.457953,61.875573123719,69172934.285865,76.345602285049,26.074273365852,25.205596829418,0,0,-26074273.365852,-25205596.829418,-61875573.123719,-69172934.285865,0.0019610285944388,-0.0003503873872,149784.34011352,-149784.34011352
542.01316545235,0,-0.0004296869,2.296,30607932.572463,12.1,30607932.572463,17071403.186678,0.55774694598934,4.425847684717e-05,44.25847684717,5913612883252,51.5930105077,9.157789216266e-05,-7.5710578610214e-05,2.5522499266376e-05,0.00011710039142904,-6.3995920069678e-06,-8.2110170617181e-05,-0.11640244310368,0.023855256987603,0,0,0.0003227246858768,-1.0616488172421e-05,-1.0616488172421e-05,6.7996345577665e-08,0.00032612094465974,0.010616488172421,0.32612095174838,-30607932.572463,-12559.500924085,16198205.615642,40.978693964711,46.382370493896,39.178693964711,43.333766128682,43.08965982822,0,0,0,39.550915814431,1.9816307573927,0,0.00052485470963051,8.9112718076159e-09,0,0.00053467630845695,0,0.010616488172421,-1.0616488172421e-05,0.0041766659494274,0.0083333333333333,8.3333333333333e-16,12006127.548641,0.55774694598934,1.1691061053811e-07,0.11691061053811,-8.9112718076159e-09,-1.5185001251534e-09,3000000,12006127.548641,17071403.186678,7.9287218687372e-05,76.368656167489,0,-1.0616488172421e-05,0,0,0,0,3000000,-8.7475784938418e-09,-1.47024475308e-09,-0.03489003880766,0.32612095174838,0.20347917734665,17.962660140495,16198210.484732,61.871624054277,69178693.964711,76.333766128682,26.089034136491,25.214234246903,0,0,-26089034.136491,-25214234.246903,-61871624.054277,-69178693.964711,0.0019610285944388,-0.00035039968131263,149761.11846332,-149761.11846332
547.01316545235,0,-0.0004296869,2.296,30621357.134229,12.1,30621357.134229,17078720.913257,0.55774148835936,4.4260766230277e-05,44.260766230277,5924097301840.6,51.590705504799,9.161691678932e-05,-7.5722219935509e-05,2.5507246838136e-05,0.00011712416362746,-6.3987276102933e-06,-8.2120947545802e-05,-0.11644236507503,0.023847214715285,0,0,0.00032272471423736,-1.0654258307385e-05,-1.0654258307385e-05,6.7997193028207e-08,0.0003261204756666,0.010654258307385,0.32612048275542,-30621357.134229,-12551.026418665,16193515.684216,40.984351943664,46.376619068172,39.184351943664,43.321943804652,43.080598102717,0,0,0,39.548310132266,1.9815059601806,0,0.00052321706636496,8.8845965212591e-09,0,0.00053307579127555,0,0.010654258307385,-1.0654258307385e-05,0.0041766659494274,0.0083333333333333,8.3333333333333e-16,11987111.874181,0.55774148835936,1.1689899369644e-07,0.11689899369644,-8.8845965212591e-09,-1.5159614186024e-09,3000000,11987111.874181,17078720.913257,7.927493894227e-05,76.356828439805,0,-1.0654258307385e-05,0,0,0,0,3000000,-8.720284439416e-09,-1.4671565831006e-09,-0.034884635152608,0.32612048275542,0.20347917734665,17.957759565087,16193520.548145,61.867678829987,69184351.943664,76.321943804652,26.103753840947,25.222871879565,0,0,-26103753.840947,-25222871.879565,-61867678.829987,-69184351.943664,0.0019610285944388,-0.00035041196105773,149737.92395112,-149737.92395112
552.01316545235,0,-0.0004296869,2.296,30634794.404901,12.1,30634794.404901,17086045.518741,0.5577360284741,4.4263053561627e-05,44.263053561627,5934607173229.7,51.588399373551,9.1655908592873e-05,-7.5733856872596e-05,2.5492031583547e-05,0.00011714794017642,-6.3978564705157e-06,-8.2131713343112e-05,-0.11648225600516,0.023839183977924,0,0,0.00032272474251484,-1.0692049565629e-05,-1.0692049565629e-05,6.7998014304222e-08,0.00032612000719593,0.010692049565629,0.32612001428493,-30634794.404901,-12542.813658509,16188830.977548,40.989910283733,46.370763395833,39.189910283733,43.310135822842,43.071477692211,0,0,0,39.545707611177,1.981390373446,0,0.00052158854893624,8.8579862993213e-09,0,0.00053147917795928,0,0.010692049565629,-1.0692049565629e-05,0.0041766659494274,0.0083333333333333,8.3333333333333e-16,11968088.520168,0.5577360284741,1.1688750538134e-07,0.11688750538134,-8.8579862993213e-09,-1.5134332483015e-09,3000000,11968088.520168,17086045.518741,7.9262674094307e-05,76.345015060895,0,-1.0692049565629e-05,0,0,0,0,3000000,-8.6931424822707e-09,-1.464083402917e-09,-0.034879238052966,0.32612001428493,0.20347917734665,17.952864934799,16188835.83652,61.863738324162,69189910.283733,76.310135822842,26.118432591522,25.231509921888,0,0,-26118432.591522,-25231509.921888,-61863738.324162,-69189910.283733,0.0019610285944388,-0.00035042422590569,149714.75757728,-149714.75757728
557.01316545235,0,-0.0004296869,2.296,30648240.800382,12.1,30648240.800382,17093375.043365,0.55773056784414,4.4265338299653e-05,44.265338299653,5945139443629,51.586092712052,9.1694865360651e-05,-7.5745488682954e-05,2.5476853720084e-05,0.00011717171908073,-6.3969788338141e-06,-8.2142467516769e-05,-0.11652211359368,0.023831165162231,0,0,0.00032272477070101,-1.0729858086435e-05,-1.0729858086435e-05,6.7998809231818e-08,0.00032611953926781,0.010729858086435,0.32611954635698,-30648240.800382,-12534.864382556,16184151.696269,40.99537114128,46.364807580306,39.19537114128,43.298342795908,43.062300811994,0,0,0,39.543108386196,1.9812852335102,0,0.00051996835805994,8.8314172118932e-09,0,0.00052988503271359,0,0.010729858086435,-1.0729858086435e-05,0.0041766659494274,0.0083333333333333,8.3333333333333e-16,11949060.731711,0.55773056784414,1.1687601776844e-07,0.11687601776844,-8.8314172118932e-09,-1.5109120072349e-09,3000000,11949060.731711,17093375.043365,7.9250424779843e-05,76.333216643697,0,-1.0729858086435e-05,0,0,0,0,3000000,-8.6661393009991e-09,-1.4610223572221e-09,-0.034873847788703,0.32611954635698,0.20347917734665,17.947976503588,16184156.550487,61.859802521531,69195371.14128,76.298342795908,26.133070329286,25.240147137985,0,0,-26133070.329286,-25240147.137985,-61859802.521531,-69195371.14128,0.0019610285944388,-0.00035043647522016,149691.62054378,-149691.62054378
562.01316545235,0,-0.0004296869,2.296,30661694.932127,12.1,30661694.932127,17100708.729357,0.5577251070483,4.4267620209611e-05,44.267620209611,5955693067538.2,51.583785759464,9.1733784268163e-05,-7.5757114665247e-05,2.5461713656718e-05,0.00011719549792488,-6.3960949164169e-06,-8.2153209581664e-05,-0.11656193501746,0.023823158974979,0,0,0.00032272479892143,-1.0767680005979e-05,-1.0767680005979e-05,6.7999577067053e-08,0.00032611907191742,0.010767680005979,0.32611907900677,-30661694.932127,-12527.186030205,16179478.192449,41.000736551737,46.358754787776,39.200736551737,43.286565253016,43.053069488259,0,0,0,39.540512573953,1.9811916997152,0,0.00051835582530177,8.8048683631722e-09,0,0.00052829210179033,0,0.010767680005979,-1.0767680005979e-05,0.0041766659494274,0.0083333333333333,8.3333333333333e-16,11930030.393397,0.5577251070483,1.1686451910235e-07,0.11686451910235,-8.8048683631722e-09,-1.5083944772503e-09,3000000,11930030.393397,17100708.729357,7.9238191548519e-05,76.321433717618,0,-1.0767680005979e-05,0,0,0,0,3000000,-8.6392637550295e-09,-1.4579715675211e-09,-0.034868464601843,0.32611907900677,0.20347917734665,17.943094490803,16179483.042122,61.855871958871,69200736.551737,76.286565253016,26.147667063479,25.24878316501,0,0,-26147667.063479,-25248783.16501,-61855871.958871,-69200736.551737,0.0019610285944388,-0.00035044870845148,149668.51388882,-149668.51388882
567.01316545235,0,-0.0004296869,2.296,30675155.840837,12.1,30675155.840837,17108046.05363,0.55771964648418,4.4269899123092e-05,44.269899123092,5966267365598.6,51.58147868311,9.1772663420499e-05,-7.5768734185531e-05,2.5446611505839e-05,0.00011721927492634,-6.3952049685269e-06,-8.2163939154058e-05,-0.11660171830577,0.023815165746037,0,0,0.00032272482704157,-1.080551152386e-05,-1.080551152386e-05,6.8000320831529e-08,0.00032611860515834,0.01080551152386,0.32611861224785,-30675155.840837,-12519.748385443,16174810.601574,41.006008589795,46.352607937656,39.206008589795,43.274803801888,43.043785799982,0,0,0,39.537920308392,1.9811090959706,0,0.00051675077431428,8.7783437546441e-09,0,0.00052670062527864,0,0.01080551152386,-1.080551152386e-05,0.0041766659494274,0.0083333333333333,8.3333333333333e-16,11910998.913102,0.55771964648418,1.1685301061245e-07,0.11685301061245,-8.7783437546441e-09,-1.5058801263865e-09,3000000,11910998.913102,17108046.05363,7.922597503157e-05,76.309666890658,0,-1.080551152386e-05,0,0,0,0,3000000,-8.6125129052381e-09,-1.4549306182554e-09,-0.034863088770152,0.32611861224785,0.20347917734665,17.938219148356,16174815.446888,61.851946958558,69206008.589795,76.274803801888,26.162222789813,25.257417499222,0,0,-26162222.789813,-25257417.499222,-61851946.958558,-69206008.589795,0.0019610285944388,-0.00035046092496843,149645.43880468,-149645.43880468
572.01316545235,0,-0.0004296869,2.296,30688622.88713,12.1,30688622.88713,17115386.667959,0.55771418641243,4.4272174926131e-05,44.272174926131,5976861911706.9,51.579171595485,9.1811499154998e-05,-7.5780346518875e-05,2.5431547987103e-05,0.0001172430471421,-6.3943091535277e-06,-8.2174655672403e-05,-0.11664145988435,0.023807186554844,0,0,0.00032272485546592,-1.0843348953737e-05,-1.0843348953737e-05,6.8001040639099e-08,0.0003261181390498,0.010843348953737,0.32611814613947,-30688622.88713,-12512.550309745,16170149.516225,41.011189098045,46.346369546676,39.211189098045,43.26305884394,43.034451546818,0,0,0,39.535331677986,1.9810384150115,0,0.00051515314174249,8.7518343464737e-09,0,0.00052511006078842,0,0.010843348953737,-1.0843348953737e-05,0.0041766659494274,0.0083333333333333,8.3333333333333e-16,11891967.414385,0.55771418641243,1.1684149378144e-07,0.11684149378144,-8.7518343464737e-09,-1.5033684059164e-09,3000000,11891967.414385,17115386.667959,7.9213775645944e-05,76.297916564417,0,-1.0843348953737e-05,0,0,0,0,3000000,-8.5858856957082e-09,-1.4518994212593e-09,-0.034857720476765,0.32611814613947,0.20347917734665,17.933350642643,16170154.357364,61.848028251066,69211189.098045,76.26305884394,26.176737551227,25.266049989531,0,0,-26176737.551227,-25266049.989531,-61848028.251066,-69211189.098045,0.0019610285944388,-0.00035047312435406,149622.39607893,-149622.39607893
577.01316545235,0,-0.0004296869,2.296,30702095.1158,12.1,30702095.1158,17122730.051103,0.55770872722848,4.4274447462201e-05,44.274447462202,5987475984499.6,51.576864660307,9.1850290138795e-05,-7.5791951088007e-05,2.5416523051546e-05,0.00011726681319034,-6.3934077326301e-06,-8.2185358820637e-05,-0.11668115830532,0.02379922151744,0,0,0.00032272488392021,-1.0881188673921e-05,-1.0881188673921e-05,6.8001735229203e-08,0.00032611767358682,0.010881188673921,0.32611768067665,-30702095.1158,-12505.604408704,16165494.886446,41.016280097456,46.340042373915,39.216280097456,43.251331003598,43.02506875827,0,0,0,39.532746820361,1.9809778966972,0,0.00051356286102502,8.7253556332937e-09,0,0.00052352133799762,0,0.010881188673921,-1.0881188673921e-05,0.0041766659494274,0.0083333333333333,8.3333333333333e-16,11872937.127432,0.55770872722848,1.1682996979777e-07,0.11682996979777,-8.7253556332937e-09,-1.5008597756886e-09,3000000,11872937.127432,17122730.051103,7.9201594040226e-05,76.286183363605,0,-1.0881188673921e-05,0,0,0,0,3000000,-8.5593810170837e-09,-1.4488778834132e-09,-0.034852360007619,0.32611768067665,0.20347917734665,17.928489232499,16165499.723604,61.844116086687,69216280.097456,76.251331003598,26.191211339186,25.274680076665,0,0,-26191211.339186,-25274680.076665,-61844116.086687,-69216280.097456,0.0019610285944388,-0.00035048530595977,149599.38693664,-149599.38693664
582.01316545235,0,-0.0004296869,2.296,30715571.792091,12.1,30715571.792091,17130075.802353,0.55770326923439,4.4276716609426e-05,44.276716609426,5998109048652.8,51.574558004253,9.1889034471663e-05,-7.5803547308617e-05,2.5401536855615e-05,0.00011729057132728,-6.3925009307274e-06,-8.2196048239345e-05,-0.11672081161658,0.023791271010013,0,0,0.00032272491231067,-1.0919027158146e-05,-1.0919027158146e-05,6.80024062277e-08,0.00032611720878462,0.010919027158146,0.32611721587459,-30715571.792091,-12498.894423734,16160846.864365,41.021283497082,46.33362896845,39.221283497082,43.239620824694,43.015639328744,0,0,0,39.53016585538,1.9809272593608,0,0.00051197989571975,8.698910322419e-09,0,0.00052193461934514,0,0.010919027158146,-1.0919027158146e-05,0.0041766659494274,0.0083333333333333,8.3333333333333e-16,11853909.118947,0.55770326923439,1.1681844100687e-07,0.11681844100687,-8.698910322419e-09,-1.498354408363e-09,3000000,11853909.118947,17130075.802353,7.9189430779291e-05,76.274467832305,0,-1.0919027158146e-05,0,0,0,0,3000000,-8.5329982619958e-09,-1.4458659838618e-09,-0.034847007610935,0.32611721587459,0.20347917734665,17.923635143352,16160851.697723,61.84021082855,69221283.497082,76.239620824694,26.205644168338,25.283307353544,0,0,-26205644.168338,-25283307.353544,-61840210.82855,-69221283.497082,0.0019610285944388,-0.00035049746922071,149576.41244476,-149576.41244476
587.01316545235,0,-0.0004296869,2.296,30729052.840165,12.1,30729052.840165,17137423.879843,0.55769781247378,4.4278982350197e-05,44.278982350197,6008761114959,51.572251642933,9.192772979062e-05,-7.5815134709071e-05,2.538658971714e-05,0.00011731431950776,-6.3915889361809e-06,-8.2206723645252e-05,-0.1167604175103,0.023783335725488,0,0,0.00032272494071659,-1.0956861074118e-05,-1.0956861074118e-05,6.8003055339873e-08,0.0003261167446702,0.010956861074118,0.32611675176033,-30729052.840165,-12492.403302007,16156205.720251,41.026201060438,46.327131476767,39.226201060438,43.227928752556,43.00616495863,0,0,0,39.527588881194,1.9808878287818,0,0.00051040486081752,8.672497945924e-09,0,0.00052034987675544,0,0.010956861074118,-1.0956861074118e-05,0.0041766659494274,0.0083333333333333,8.3333333333333e-16,11834884.027215,0.55769781247378,1.1680694031628e-07,0.11680694031628,-8.672497945924e-09,-1.4958523324669e-09,3000000,11834884.027215,17137423.879843,7.9177286325696e-05,76.262770416047,0,-1.0956861074118e-05,0,0,0,0,3000000,-8.5067476802921e-09,-1.4428652854862e-09,-0.034841663490411,0.32611675176033,0.20347917734665,17.918788559801,16156210.549977,61.836313104857,69226201.060438,76.227928752556,26.220036101808,25.29193171941,0,0,-26220036.101808,-25291931.71941,-61836313.104857,-69226201.060438,0.0019610285944388,-0.0003505096136743,149553.47347699,-149553.47347699
592.01316545235,0,-0.0004296869,2.296,30742537.443158,12.1,30742537.443158,17144773.838101,0.55769235727834,4.4281244555852e-05,44.281244555852,6019431555510.3,51.569945715262,9.1966374359155e-05,-7.5826712815444e-05,2.5371681774927e-05,0.00011733805613408,-6.3906719558606e-06,-8.2217384771304e-05,-0.11679997423076,0.023775416060656,0,0,0.00032272496905682,-1.0994687160816e-05,-1.0994687160816e-05,6.8003684197122e-08,0.00032611628125541,0.010994687160816,0.32611628834567,-30742537.443158,-12486.11472951,16151571.57228,41.031034571956,46.320552257343,39.231034571956,43.216255278552,42.996647394134,0,0,0,39.525016006103,1.9808597403539,0,0.00050883812509401,8.6461244858249e-09,0,0.00051876746914949,0,0.010994687160816,-1.0994687160816e-05,0.0041766659494274,0.0083333333333333,8.3333333333333e-16,11815862.808977,0.55769235727834,1.1679546713463e-07,0.11679546713463,-8.6461244858249e-09,-1.4933536689489e-09,3000000,11815862.808977,17144773.838101,7.9165161189819e-05,76.251091606422,0,-1.0994687160816e-05,0,0,0,0,3000000,-8.4806354182335e-09,-1.4398766627809e-09,-0.034836327870465,0.32611628834567,0.20347917734665,17.913949685525,16151576.39853,61.83242328315,69231034.571956,76.216255278552,26.234387177822,25.300552827554,0,0,-26234387.177822,-25300552.827554,-61832423.28315,-69231034.571956,0.0019610285944388,-0.00035052173881018,149530.57099737,-149530.57099737
597.01316545235,0,-0.0004296869,2.296,30756025.278512,12.1,30756025.278512,17152125.500851,0.55768690378564,4.4283503176474e-05,44.283503176474,6030120149835,51.567640276693,9.2004966188487e-05,-7.583828127606e-05,2.5356813252826e-05,0.00011736177944131,-6.3897501662867e-06,-8.2228031442346e-05,-0.11683947985686,0.023767512638683,0,0,0.00032272499735806,-1.1032502302962e-05,-1.1032502302962e-05,6.8004297194117e-08,0.00032611581855788,0.011032502302962,0.32611582564828,-30756025.278512,-12479.984759562,16146944.597033,41.035785704562,46.313893543874,39.235785704562,43.204600805452,42.987088212425,0,0,0,39.522447318878,1.9808447555759,0,0.00050728058645079,8.61979063739e-09,0,0.0005171874382434,0,0.011032502302962,-1.1032502302962e-05,0.0041766659494274,0.0083333333333333,8.3333333333333e-16,11796846.398853,0.55768690378564,1.1678406546898e-07,0.11678406546898,-8.61979063739e-09,-1.4908584820937e-09,3000000,11796846.398853,17152125.500851,7.9153055790018e-05,76.239431806388,0,-1.1032502302962e-05,0,0,0,0,3000000,-8.4546764408465e-09,-1.4369016253771e-09,-0.034831000935384,0.32611582564828,0.20347917734665,17.909118687481,16146949.419927,61.828542035091,69235785.704562,76.204600805452,26.248697492137,25.309170675515,0,0,-26248697.492137,-25309170.675515,-61828542.035091,-69235785.704562,0.0019610285944388,-0.00035053384420998,149507.7057961,-149507.7057961
600,0,-0.0004296869,2.296,30764846.439138,12.1,30764846.439138,17156933.552568,0.55768333986571,4.4284975322237e-05,44.284975322237,6037130335594.8,51.566133786303,9.2041007280938e-05,-7.58479764283e-05,2.5343966282614e-05,0.00011738497356355,-6.388730523999e-06,-8.2236706952299e-05,-0.11687585385096,0.023759152682019,0,0,0.00032272502701012,-1.1069520682362e-05,-1.1069520682362e-05,6.8005017237189e-08,0.00032611545482189,0.011069520682362,0.32611546191245,-30764846.439138,-12472.784328839,16143307.237095,41.036807184855,46.306604101855,39.236807184855,43.195302447456,42.979244031674,0,0,0,39.520397927783,1.9806270324152,0,0.00050641319583486,8.6069623328589e-09,0,0.00051641773997154,0,0.011069520682362,-1.1069520682362e-05,0.0041766659494274,0.0083333333333333,8.3333333333333e-16,11782994.861666,0.55768333986571,1.1677280494529e-07,0.11677280494529,-8.6069623328589e-09,-1.490604879109e-09,3000000,11782994.861666,17156933.552568,7.9143397666474e-05,76.230129198371,0,-1.1069520682362e-05,0,0,0,0,3000000,-8.440219930581e-09,-1.4358357288856e-09,-0.034826750914817,0.32611546191245,0.20347917734665,17.90526434341,16143312.055511,61.823291769945,69236807.184855,76.195302447456,26.257563153181,25.314591616387,0,0,-26257563.153181,-25314591.616387,-61823291.769945,-69236807.184855,0.0019610285944388,-0.00035054350233353,149489.46311577,-149489.46311577
