time,aperture_open_pp,axial_command_m_pp,bb_dilation_angle_pp,bb_effective_normal_stress_pp,bb_jrc_mobilized_pp,bb_law_normal_stress_pp,bb_limit_tau_pp,bb_mu_peak_pp,bb_normal_closure_pp,bb_normal_closure_um_pp,bb_normal_stiffness_tangent_pp,bb_peak_friction_angle_pp,bulk_delta_x_pp,bulk_delta_z_pp,bulk_disp_x_lower_pp,bulk_disp_x_upper_pp,bulk_disp_z_lower_pp,bulk_disp_z_upper_pp,bulk_normal_dilation_paper_mm_pp,bulk_shear_slip_mm_pp,cohesion_effective_pp,cumulative_dilation_pp,cumulative_plastic_slip_pp,czm_dn_pp,czm_dn_total_pp,czm_ds_1_pp,czm_ds_2_pp,czm_normal_dilation_paper_mm_pp,czm_shear_slip_mm_pp,czm_sigma_n_pp,czm_tau_1_pp,czm_tau_2_pp,differential_stress_biot_corrected_injection_pp,differential_stress_biot_corrected_pp,differential_stress_mpa_pp,differential_stress_reaction_mpa_pp,differential_stress_skeleton_bulk_pp,dilation_jump_increment_pp,effective_normal_compression_mpa_pp,effective_normal_compression_pp,effective_normal_paper_frame_mpa_pp,flow_mass_imbalance_fraction_pp,flow_rate_mesh_geometry_ml_min_pp,flow_rate_outlet_residual_volume_ml_min_pp,flow_rate_pp,flow_rate_reference_area_ml_min_pp,flow_rate_residual_volume_ml_min_pp,flow_rate_validation_ml_min_pp,frac_normal_dilation_paper_mm,frac_normal_jump_avg,fracture_interface_area_pp,fracture_permeability_1e13_m2_pp,fracture_permeability_pp,fracture_pressure_mean_pp,friction_coefficient_effective_pp,hydraulic_aperture_pp,hydraulic_aperture_um_pp,inj_reaction_sum_pp,inj_saveiin_sum_legacy_pp,injection_pressure_pp,interface_pressure_pp,limit_tau_pp,machine_spring_gap_m_pp,machine_spring_sigma1_mpa_pp,mechanical_aperture_pp,mechanical_aperture_raw_pp,normal_stress_aperture_pp,normal_stress_aperture_um_pp,plastic_slip_increment_pp,pp_drop_pp,pp_outlet_pp,prod_reaction_sum_pp,prod_saveiin_sum_legacy_pp,reaction_vs_machine_spring_mpa_pp,reported_czm_shear_slip_mm_pp,roughness_state_pp,shear_stress_paper_frame_mpa_pp,shear_traction_magnitude_pa,sigma1_fault_mpa_pp,sigma1_pp,sigma1_reaction_mpa_pp,sigma3_bulk_mpa_pp,sigma3_fault_mpa_pp,slip_damage_aperture_pp,slip_damage_aperture_um_pp,stress_xx_bulk_pp,stress_xx_fault_pp,stress_zz_fault_pp,stress_zz_top_pp,top_boundary_area_pp,top_disp_z_mean_m_pp,top_reaction_z_abs,top_reaction_z_raw
0,0,0,0,0,0,0,0,0,0,0,0,0,0,0,0,0,0,0,0,0,0,0,0,0,0,0,0,0,0,0,0,0,0,0,0,0,0,0,0,0,0,0,0,0,0,0,0,0,0,0,0,0,0,0,0,0,0,0,0,0,0,0,0,0,0,0,0,0,0,0,0,0,0,0,0,0,0,0,0,0,0,0,0,0,0,0,0,0,0,0,0,0,0
0.5,3.6838470863037e-08,-3.426132e-05,2.296,30771230.527679,12.1,30771230.527679,38772466.041632,1.2600232595291,4.4293162093558e-05,44.293162093558,6014163853965.9,51.563213513575,3.7255019660217e-07,4.9461761147779e-07,1.9926697680481e-07,5.7181717340699e-07,1.9065589740319e-08,5.1368320121811e-07,-9.6733396267107e-05,0.00061162315245496,0,0,0,3.6838470863037e-08,3.6838470863037e-08,7.7890863641611e-12,2.5171432202674e-08,-3.6838470863037e-05,2.5171433407807e-05,-30771230.527679,77.890863641611,251714.32202674,3.8176488572746,3.4335052651283,2.0176488572746,0.57781776501332,0.46067257097758,0,0,0,30.127353085659,1.9691992963613,0,0.00013279600721831,2.2836033778411e-09,0,0.00013701620267047,0,-3.6838470863037e-05,3.6838470863037e-08,0.0041766659494274,0.0084318588774714,8.4318588774714e-16,2359760.6797561,1.2600232595291,1.006492494382e-07,0.1006492494382,2.2836033778411e-09,8.2285017247424e-10,3000000,2359760.6797561,38772466.041632,3.4876987147356e-05,33.593165250462,3.6838470863037e-08,3.6838470863037e-08,0,0,0,0,3000000,2.2132667869718e-09,7.9462197211016e-10,-0.015347485448729,2.5171433407807e-05,1,0.23951631864291,251714.33407807,32.141100886268,32017648.857275,33.577817765013,31.556976286297,31.55973395512,0,0,-31556976.286297,-31559733.95512,-32141100.886268,-32017648.857275,0.0019610285944388,6.1566714735623e-07,65877.157633865,-65877.157633865
1,3.6838470863037e-08,-3.426132e-05,2.296,30771230.527679,12.1,30771230.527679,38772466.041632,1.2600232595291,4.4293162093558e-05,44.293162093558,6014163853965.9,51.563213513575,3.7255019660217e-07,4.9461761147779e-07,1.9926697680481e-07,5.7181717340699e-07,1.9065589740319e-08,5.1368320121811e-07,-9.6733396267107e-05,0.00061162315245496,0,0,0,3.6838470863037e-08,3.6838470863037e-08,7.7890863641611e-12,2.5171432202674e-08,-3.6838470863037e-05,2.5171433407807e-05,-30771230.527679,77.890863641611,251714.32202674,3.8176488572746,3.4335052651283,2.0176488572746,0.57781776501332,0.46067257097758,0,0,0,30.127353085659,1.967469535269,0,0.00010896931916205,1.8772222309435e-09,0,0.00011263333385661,0,-3.6838470863037e-05,3.6838470863037e-08,0.0041766659494274,0.0084318588774714,8.4318588774714e-16,2359760.6797561,1.2600232595291,1.006492494382e-07,0.1006492494382,1.8772222309435e-09,8.2285017247424e-10,3000000,2359760.6797561,38772466.041632,3.4876987147356e-05,33.593165250462,3.6838470863037e-08,3.6838470863037e-08,0,0,0,0,3000000,1.8161553193675e-09,7.9462197211016e-10,-0.015347485448729,2.5171433407807e-05,1,0.23951631864291,251714.33407807,32.141100886268,32017648.857275,33.577817765013,31.556976286297,31.55973395512,0,0,-31556976.286297,-31559733.95512,-32141100.886268,-32017648.857275,0.0019610285944388,6.1566714735623e-07,65877.157633865,-65877.157633865
1.6,3.6838470863037e-08,-3.426132e-05,2.296,30771230.527679,12.1,30771230.527679,38772466.041632,1.2600232595291,4.4293162093558e-05,44.293162093558,6014163853965.9,51.563213513575,3.7255019660217e-07,4.9461761147779e-07,1.9926697680481e-07,5.7181717340699e-07,1.9065589740319e-08,5.1368320121811e-07,-9.6733396267107e-05,0.00061162315245496,0,0,0,3.6838470863037e-08,3.6838470863037e-08,7.7890863641611e-12,2.5171432202674e-08,-3.6838470863037e-05,2.5171433407807e-05,-30771230.527679,77.890863641611,251714.32202674,3.8176488572746,3.4335052651283,2.0176488572746,0.57781776501332,0.46067257097758,0,0,0,30.127353085659,1.967469535269,0,0.00010896931916205,1.8772222309435e-09,0,0.00011263333385661,0,-3.6838470863037e-05,3.6838470863037e-08,0.0041766659494274,0.0084318588774714,8.4318588774714e-16,2359760.6797561,1.2600232595291,1.006492494382e-07,0.1006492494382,1.8772222309435e-09,8.2285017247424e-10,3000000,2359760.6797561,38772466.041632,3.4876987147356e-05,33.593165250462,3.6838470863037e-08,3.6838470863037e-08,0,0,0,0,3000000,1.8161553193675e-09,7.9462197211016e-10,-0.015347485448729,2.5171433407807e-05,1,0.23951631864291,251714.33407807,32.141100886268,32017648.857275,33.577817765013,31.556976286297,31.55973395512,0,0,-31556976.286297,-31559733.95512,-32141100.886268,-32017648.857275,0.0019610285944388,6.1566714735623e-07,65877.157633865,-65877.157633865
2,3.6838470863037e-08,-3.426132e-05,2.296,30771230.527679,12.1,30771230.527679,38772466.041632,1.2600232595291,4.4293162093558e-05,44.293162093558,6014163853965.9,51.563213513575,3.7255019660217e-07,4.9461761147779e-07,1.9926697680481e-07,5.7181717340699e-07,1.9065589740319e-08,5.1368320121811e-07,-9.6733396267107e-05,0.00061162315245496,0,0,0,3.6838470863037e-08,3.6838470863037e-08,7.7890863641611e-12,2.5171432202674e-08,-3.6838470863037e-05,2.5171433407807e-05,-30771230.527679,77.890863641611,251714.32202674,3.8176488572746,3.4335052651283,2.0176488572746,0.57781776501332,0.46067257097758,0,0,0,30.127353085659,1.967469535269,0,0.00010896931916205,1.8772222309435e-09,0,0.00011263333385661,0,-3.6838470863037e-05,3.6838470863037e-08,0.0041766659494274,0.0084318588774714,8.4318588774714e-16,2359760.6797561,1.2600232595291,1.006492494382e-07,0.1006492494382,1.8772222309435e-09,8.2285017247424e-10,3000000,2359760.6797561,38772466.041632,3.4876987147356e-05,33.593165250462,3.6838470863037e-08,3.6838470863037e-08,0,0,0,0,3000000,1.8161553193675e-09,7.9462197211016e-10,-0.015347485448729,2.5171433407807e-05,1,0.23951631864291,251714.33407807,32.141100886268,32017648.857275,33.577817765013,31.556976286297,31.55973395512,0,0,-31556976.286297,-31559733.95512,-32141100.886268,-32017648.857275,0.0019610285944388,6.1566714735623e-07,65877.157633865,-65877.157633865
3.5,1.012441139559e-07,-4.545261e-05,2.296,30393465.982189,12.1,30393465.982189,38385703.798942,1.2629590920482,4.4228756451287e-05,44.228756451287,5721087942370.3,51.628125693132,7.3802739038951e-07,-5.1877147266274e-06,4.7428838148236e-07,1.2123157718719e-06,-3.3761597148409e-07,-5.5253306981115e-06,-0.0030871240478055,0.0042339973579695,0,0,0,1.012441139559e-07,1.012441139559e-07,2.6525763104989e-11,2.1437231416323e-07,-0.0001012441139559,0.00021437231580434,-30393465.982189,265.25763104989,2143723.1416323,7.8258887806264,8.2817551286577,6.0258887806264,5.1270787517127,5.2862091022789,0,0,0,31.13002634911,2.0280018435738,0,0.00013840726274268,2.2439528944408e-09,0,0.00013463717366645,0,-0.0001012441139559,1.012441139559e-07,0.0041766659494274,0.0086055047171516,8.6055047171516e-16,3759777.2467188,1.2629590920482,1.0157585670003e-07,0.10157585670003,-2.2439528944408e-09,-8.6748254850256e-10,3000000,3759777.2467188,38385703.798942,3.9602264931365e-05,38.144505559242,1.012441139559e-07,1.012441139559e-07,0,0,0,0,3000000,-2.3067877123779e-09,-8.953840745712e-10,-0.01742680752885,0.00021437231580434,1,2.1252704613092,2143723.1580434,35.838907357626,36025888.780626,38.127078751713,30.739679678347,30.733738988654,0,0,-30739679.678347,-30733738.988654,-35838907.357626,-36025888.780626,0.0019610285944388,-5.8503450686349e-06,74802.46615855,-74802.46615855
5.3,1.823884285767e-07,-5.8882158e-05,2.296,29943129.351023,12.1,29943129.351023,37923514.216865,1.2665184107302,4.4147612137705e-05,44.147612137705,5386787811787.4,51.706574170811,1.1309416474092e-06,-1.1991143835457e-05,8.0559915507524e-07,1.9365408024845e-06,-7.6815297356889e-07,-1.2759296809026e-05,-0.0066280632412664,0.010056606642513,0,0,0,1.823884285767e-07,1.823884285767e-07,3.3361779028039e-11,4.4135792795317e-07,-0.0001823884285767,0.00044135792921407,-29943129.351023,333.6177902804,4413579.2795317,12.71900751113,14.187104942064,10.91900751113,10.580831812701,11.14821158697,0,0,0,32.332052875111,2.0093563301387,0,0.00035448697630103,5.8533503929897e-09,0,0.00035120102357938,0,-0.0001823884285767,1.823884285767e-07,0.0041766659494274,0.0088268086113083,8.8268086113083e-16,5446829.0515575,1.2665184107302,1.0264562407693e-07,0.10264562407693,-5.8533503929897e-09,-2.4633662423737e-09,3000000,5446829.0515575,37923514.216865,4.5267030801103e-05,43.600751397314,1.823884285767e-07,1.823884285767e-07,0,0,0,0,3000000,-5.9081162716838e-09,-2.4918565366381e-09,-0.0199195846129,0.00044135792921407,1,4.3859535608076,4413579.2921407,40.284960046556,40919007.51113,43.580831812701,29.77079592416,29.758887794346,0,0,-29770795.92416,-29758887.794346,-40284960.046556,-40919007.51113,0.0019610285944388,-1.3615127198897e-05,85502.320229153,-85502.320229153
7.46,2.8512273615168e-07,-7.49976156e-05,2.296,29409865.733354,12.1,29409865.733354,37374592.779626,1.2708202438372,4.4044877831451e-05,44.044877831451,5011526875255.9,51.80102283686,1.548994102849e-06,-2.0139746586154e-05,1.2038236377393e-06,2.7528177405882e-06,-1.2879277939547e-06,-2.1427674380109e-05,-0.010822718918377,0.017055132086823,0,0,0,2.8512273615168e-07,2.8512273615168e-07,2.8589413473318e-11,7.1370163634201e-07,-0.00028512273615168,0.00071370163691462,-29409865.733354,285.89413473319,7137016.3634201,18.661719222871,21.344270664772,16.861719222871,17.1196506975,18.23968472396,0,0,0,33.77323175878,2.004256176735,0,0.00057888857168732,9.6072526960435e-09,0,0.00057643516176261,0,-0.00028512273615168,2.8512273615168e-07,0.0041766659494274,0.0091110647821008,9.1110647821008e-16,7470919.0698336,1.2708202438372,1.0393225111556e-07,0.10393225111556,-9.6072526960435e-09,-4.1705998962521e-09,3000000,7470919.0698336,37374592.779626,5.205884508159e-05,50.142558994136,2.8512273615168e-07,2.8512273615168e-07,0,0,0,0,3000000,-9.6481428614554e-09,-4.2013036682186e-09,-0.022908296636686,0.00071370163691462,1,7.0964168286227,7137016.3691462,45.629902966973,46861719.222871,50.1196506975,28.622034498912,28.605190471111,0,0,-28622034.498912,-28605190.471111,-45629902.966973,-46861719.222871,0.0019610285944388,-2.293877051841e-05,98330.991985838,-98330.991985838
10.052,4.1657330340511e-07,-9.433616472e-05,2.296,28780513.72752,12.1,28780513.72752,36724434.480015,1.2760247104852,4.3913427265897e-05,43.913427265897,4596368489376.7,51.914754287677,1.9811535211497e-06,-2.9900051941335e-05,1.6824684185956e-06,3.6636219397452e-06,-1.915476770496e-06,-3.1815528711831e-05,-0.015786478844861,0.025470083648266,0,0,0,4.1657330340511e-07,4.1657330340511e-07,1.5894034522258e-11,1.0404606349349e-06,-0.00041657330340511,0.0010404606350563,-28780513.72752,158.94034522258,10404606.349349,25.860119140839,29.996870342716,24.060119140839,24.959747104948,26.799587658359,0,0,0,35.501216825718,2.0034424210967,0,0.00082303756374997,1.3670234027155e-08,0,0.00082021404162928,0,-0.00041657330340511,4.1657330340511e-07,0.0041766659494274,0.0094814628442811,9.4814628442811e-16,9894585.3364617,1.2760247104852,1.0553993840939e-07,0.10553993840939,-1.3670234027155e-08,-6.0583439123652e-09,3000000,9894585.3364617,36724434.480015,6.020228500226e-05,57.986238891327,4.1657330340511e-07,4.1657330340511e-07,0,0,0,0,3000000,-1.3717292729166e-08,-6.0870009912777e-09,-0.026491786379182,0.0010404606350563,1,10.346284075737,10404606.350563,52.056126012077,54060119.140839,57.959747104948,27.260531482479,27.239144461403,0,0,-27260531.482479,-27239144.461403,-52056126.012077,-54060119.140839,0.0019610285944388,-3.413387971774e-05,113712.67254985,-113712.67254985
13.1624,5.8714502118758e-07,-0.000117542423664,2.296,28039865.178991,12.1,28039865.178991,35955964.405701,1.282336879548,4.3742855550335e-05,43.742855550335,4144557274460.6,52.05190497008,2.4103053898647e-06,-4.1591707943101e-05,2.2584860100951e-06,4.6687913999598e-06,-2.6731604998006e-06,-4.4264868442902e-05,-0.021654297469018,0.035591728573082,0,0,0,5.8714502118758e-07,5.8714502118758e-07,-5.7077819780591e-13,1.4324853467659e-06,-0.00058714502118758,0.001432485346766,-28039865.178991,-5.7077819780567,14324853.467659,34.565188352208,40.441088535229,32.765188352208,34.360274968254,37.117119218371,0,0,0,37.573126522351,2.0034986917004,0,0.0010953607785473,1.8192363504584e-08,0,0.001091541810275,0,-0.00058714502118758,5.8714502118758e-07,0.0041766659494274,0.0099733978006174,9.9733978006174e-16,12793166.971703,1.282336879548,1.0764962725469e-07,0.10764962725469,-1.8192363504584e-08,-8.1447587450055e-09,3000000,12793166.971703,35955964.405701,6.9966531498605e-05,67.391063474141,5.8714502118758e-07,5.8714502118758e-07,0,0,0,0,3000000,-1.8256012975788e-08,-8.1775979201488e-09,-0.030788505887458,0.001432485346766,1,14.242979476002,14324853.46766,59.784427209598,62765188.352208,67.360274968254,25.648069133837,25.622850747654,0,0,-25648069.133837,-25622850.747654,-59784427.209598,-62765188.352208,0.0019610285944388,-4.7575892165395e-05,132155.80248243,-132155.80248243
16.89488,8.1232181994439e-07,-0.0001453899343968,2.296,27171123.392911,12.1,27171123.392911,35049810.347496,1.2900173389155,4.3517678754538e-05,43.517678754538,3662521306202.3,52.217621741369,2.8165411060066e-06,-5.5599836694754e-05,2.9527432898118e-06,5.7692843958184e-06,-3.5880239642122e-06,-5.9187860658967e-05,-0.028589400413463,0.047769456018295,0,0,0,8.1232181994439e-07,8.1232181994439e-07,-1.633632650538e-11,1.9027691832173e-06,-0.00081232181994439,0.0019027691832874,-27171123.392911,-163.36326505381,19027691.832173,45.080519810242,53.033698697632,43.280519810242,45.632288481031,49.540446928293,0,0,0,40.057518296654,2.0037660835716,0,0.0013983007897045,2.3217573838336e-08,0,0.0013930544303002,0,-0.00081232181994439,8.1232181994439e-07,0.0041766659494274,0.010642602537395,1.0642602537395e-15,16255298.145649,1.2900173389155,1.1047275224103e-07,0.11047275224103,-2.3217573838336e-08,-1.0456665046095e-08,3000000,16255298.145649,35049810.347496,8.167467385501e-05,78.668229110408,8.1232181994439e-07,8.1232181994439e-07,0,0,0,0,3000000,-2.3305013161742e-08,-1.0500747285334e-08,-0.035940629376881,0.0019027691832874,1,18.915440836223,19027691.832874,69.080943726458,73280519.810242,78.632288481031,23.74007288195,23.711676921924,0,0,-23740072.88195,-23711676.921924,-69080943.726458,-73280519.810242,0.0019610285944388,-6.3715260541789e-05,154270.64675936,-154270.64675936
21.373856,1.1159619404118e-06,-0.00017880694727616,2.296,26155896.964263,12.1,26155896.964263,33984020.458104,1.2994038682066,4.3214038638113e-05,43.214038638113,3160325440390.2,52.418415816362,3.1787825995898e-06,-7.2389732670033e-05,3.7914237911278e-06,6.9702063907176e-06,-4.6928595286807e-06,-7.7082592198713e-05,-0.036791619370783,0.06242399217392,0,0,0,1.1159619404118e-06,1.1159619404118e-06,-2.5519209758304e-11,2.4668680373962e-06,-0.0011159619404118,0.0024668680375282,-26155896.964263,-255.19209758305,24668680.373962,57.772479797827,68.203349195702,55.972479797827,59.149399076785,64.487802864662,0,0,0,43.036737434244,2.0043186563524,0,0.0017332228881926,2.8762831352211e-08,0,0.0017257698811326,0,-0.0011159619404118,1.1159619404118e-06,0.0041766659494274,0.01158115763177,1.158115763177e-15,20384782.329793,1.2994038682066,1.143599413911e-07,0.1143599413911,-2.8762831352211e-08,-1.3008623255482e-08,3000000,20384782.329793,33984020.458104,9.5714779016653e-05,92.19151800105,1.1159619404118e-06,1.1159619404118e-06,0,0,0,0,3000000,-2.8887048136543e-08,-1.3070397941061e-08,-0.04211892426423,0.0024668680375282,1,24.518537114354,24668680.375282,80.267221205859,85972479.797827,92.149399076785,21.484676933164,21.453492375632,0,0,-21484676.933164,-21453492.375632,-80267221.205859,-85972479.797827,0.0019610285944388,-8.3092168259507e-05,180790.20296467,-180790.20296467
26.373856,1.5048905716785e-06,-0.00021611124727616,2.296,25054998.863169,12.1,25054998.863169,32819520.083734,1.3101332196994,4.2825110012114e-05,42.825110012114,2684037299022.3,52.645608459132,3.4629446356764e-06,-9.1121098806112e-05,4.7370764067828e-06,8.2000210424592e-06,-5.9341237878085e-06,-9.705522259392e-05,-0.045836363289547,0.078829400819565,0,0,0,1.5048905716785e-06,1.5048905716785e-06,-2.0986258876828e-11,3.0962651974692e-06,-0.0015048905716785,0.0030962651975403,-25054998.863169,-209.86258876829,30962651.974692,72.011578077851,85.188460201829,70.211578077851,74.231269896341,81.206844465106,0,0,0,46.360835277343,2.0049740723449,0,0.0020775710649915,3.4454803730142e-08,0,0.0020672882238085,0,-0.0015048905716785,1.5048905716785e-06,0.0041766659494274,0.012844975718549,1.2844975718549e-15,24961470.206631,1.3101332196994,1.1943204581082e-07,0.11943204581082,-3.4454803730142e-08,-1.5628950913871e-08,3000000,24961470.206631,32819520.083734,0.00011138018700776,107.28028232401,1.5048905716785e-06,1.5048905716785e-06,0,0,0,0,3000000,-3.4626184416525e-08,-1.5712857876024e-08,-0.049012427665218,0.0030962651975403,1,30.77025590127,30962651.975403,92.791478983797,100211578.07785,107.23126989634,19.004733612745,18.970794820445,0,0,-19004733.612745,-18970794.820445,-92791478.983797,-100211578.07785,0.0019610285944388,-0.0001047310602684,210379.70125627,-210379.70125627
27.623856,1.6751031186574e-06,-0.00022543732227616,2.296,24685885.760707,12.1,24685885.760707,32416416.866151,1.313389751002,4.2681698149452e-05,42.681698149452,2536142141139.8,52.723673535877,3.7371439375831e-06,-9.5856059738207e-05,4.8510405835599e-06,8.588184521143e-06,-6.2396719230946e-06,-0.0001020957316613,-0.04830139641165,0.082881394402058,0,0,6.1243403661269e-07,1.6751031186574e-06,1.6751031186574e-06,7.6403533341527e-10,3.9119744490506e-06,-0.0016751031186574,0.0039119745236613,-24685885.760707,6369.6164523772,32435338.048963,75.37752640873,89.253028347639,73.57752640873,77.790917761223,85.155104581431,2.6800682353035e-08,0,0,47.145394297335,2.0022344112179,0,0.0021617006043668,3.5948020745298e-08,0,0.0021568812447179,0,-0.0016751031186574,1.6751031186574e-06,0.0041766659494274,0.013417665254328,1.3417665254328e-15,26125836.564849,1.313389751002,1.2158066752587e-07,0.12158066752587,-3.5948020745298e-08,-1.6320435902946e-08,3000000,26125836.564849,32416416.866151,0.0001150775622758,110.84155720843,1.6751031186574e-06,1.6751031186574e-06,0,0,6.6844248617768e-07,0,3000000,-3.6028343406113e-08,-1.6356827732648e-08,-0.050639447209562,0.0039119745236613,0.99600132727296,32.245796813797,32435338.674393,95.750172817132,103577526.40873,110.79091776122,18.422421827299,18.359716199027,0,0,-18422421.827299,-18359716.199027,-95750172.817132,-103577526.40873,0.0019610285944388,-0.00011035976000035,217363.46313016,-217363.46313016
29.123856,2.0221596688032e-06,-0.00023662861227616,2.296,24227720.453177,12.1,24227720.453177,31784890.898393,1.3120429544944,4.2498059628184e-05,42.498059628184,2356804252343.6,52.821336775281,4.3606014493638e-06,-0.00010158988714256,4.772804761963e-06,9.1334062113268e-06,-6.6022154250887e-06,-0.00010819210256765,-0.051543745633195,0.087651367934218,0,0,3.9374284930155e-06,2.0221596688032e-06,2.0221596688032e-06,3.0193356092922e-09,8.0311028758123e-06,-0.0020221596688032,0.0080311034433799,-24227720.453177,15052.283707335,32870129.72069,78.577952659912,93.132977315404,76.777952659912,81.153398924974,88.890722685956,1.634180263517e-07,0,0,47.886497076799,1.9889039595509,0,0.0023976221965927,4.0408747034807e-08,0,0.0024245248220884,0,-0.0020221596688032,2.0221596688032e-06,0.0041766659494274,0.014616081719668,1.4616081719668e-15,27258374.425821,1.3120429544944,1.2584430639082e-07,0.12584430639082,-4.0408747034807e-08,-1.7794158092559e-08,3000000,27258374.425821,31784890.898393,0.00011857014210668,114.20557517574,2.0221596688032e-06,2.0221596688032e-06,0,0,4.075849651209e-06,0,3000000,-3.9960369943212e-08,-1.7524879165367e-08,-0.052176250763438,0.0080311034433799,0.97200436708007,33.639608424676,32870133.167151,98.585506564428,106777952.65991,114.15339892497,17.887229973955,17.697716909531,0,0,-17887229.973955,-17697716.909531,-98585506.564428,-106777952.65991,0.0019610285944388,-0.00011805847016948,223960.39873853,-223960.39873853
30.023856,2.2418129798356e-06,-0.00024334338627616,2.296,24040977.380904,12.1,24040977.380904,31408644.454177,1.3065278160375,4.2419642742261e-05,42.419642742261,2286648123095.2,52.86164202842,4.7006654083059e-06,-0.00010501882238762,4.7546802585083e-06,9.4553456668143e-06,-6.8136065146303e-06,-0.00011183242890225,-0.053453791875351,0.090519287696661,0,0,6.9268273336322e-06,2.2418129798356e-06,2.2418129798356e-06,5.8482304821099e-09,1.1563555699643e-05,-0.0022418129798356,0.011563557178505,-24040977.380904,22420.66505492,32971457.15003,80.178748835068,95.02530265831,78.378748835068,82.817506399948,90.746466133678,1.4123642402524e-07,0,0,48.253272268977,1.9723553854845,0,0.0025901127381775,4.4395851846679e-08,0,0.0026637511108007,0,-0.0022418129798356,2.2418129798356e-06,0.0041766659494274,0.015400648050838,1.5400648050838e-15,27744256.37207,1.3065278160375,1.2857876104774e-07,0.12857876104774,-4.4395851846679e-08,-1.8612588604586e-08,3000000,27744256.37207,31408644.454177,0.00012029863613004,115.87044333409,2.2418129798356e-06,2.2418129798356e-06,0,0,3.5226127891324e-06,0,3000000,-4.3168545636292e-08,-1.8052350854765e-08,-0.05293693414211,0.011563557178505,0.95178336326148,34.329412235437,32971464.77308,100.01311868554,108378748.83507,115.81750639995,17.63228270139,17.350868536059,0,0,-17632282.70139,-17350868.536059,-100013118.68554,-108378748.83507,0.0019610285944388,-0.00012304475014612,227225.25267322,-227225.25267322
30.563856,2.3722156105248e-06,-0.00024737225067616,2.296,23969206.134456,12.1,23969206.134456,31188214.656379,1.3012197851723,4.2388695417821e-05,42.388695417821,2260324450641.9,52.877244210186,4.8540767983258e-06,-0.000107064060028,4.7888512154845e-06,9.6429280138103e-06,-6.9352121219689e-06,-0.00011399927214996,-0.05454942700418,0.09225310306303,0,0,9.1038930402491e-06,2.3722156105248e-06,2.3722156105248e-06,7.8534524719943e-09,1.4048929155728e-05,-0.0023722156105248,0.014048931350796,-23969206.134456,25151.475363313,33022286.560167,81.017930228389,96.00014918515,79.217930228389,83.679329062626,91.712445397154,9.9455305820342e-08,0,0,48.443221041806,1.9702878533699,0,0.0026566192047799,4.5632836268696e-08,0,0.0027379701761217,0,-0.0023722156105248,2.3722156105248e-06,0.0041766659494274,0.015876706909633,1.5876706909633e-15,27970364.927934,1.3012197851723,1.3022949645033e-07,0.13022949645033,-4.5632836268696e-08,-1.9064577164065e-08,3000000,27970364.927934,31188214.656379,0.00012119380385637,116.73265993642,2.3722156105248e-06,2.3722156105248e-06,0,0,2.4805395254641e-06,0,3000000,-4.4276986746331e-08,-1.832055961421e-08,-0.053330873791964,0.014048931350796,0.93782552794628,34.686653919557,33022296.138495,100.76664868111,109217930.22839,116.67932906263,17.505484831235,17.172474552153,0,0,-17505484.831235,-17172474.552153,-100766648.68111,-109217930.22839,0.0019610285944388,-0.00012617844681979,228916.08403692,-228916.08403692
31.211856,2.5180208938218e-06,-0.00025220688795616,2.296,23959588.896515,12.1,23959588.896515,30952443.439302,1.2918867830095,4.2383669074896e-05,42.383669074896,2257504277787.5,52.879457194513,4.9729289394493e-06,-0.0001093311546795,4.9711612444721e-06,9.9440901839214e-06,-7.0626551946108e-06,-0.00011639380987411,-0.055718703685116,0.094199031127925,0,0,1.2357664462927e-05,2.5180208938218e-06,2.5180208938218e-06,1.0535170042305e-08,1.7569135558128e-05,-0.0025180208938218,0.017569138716786,-23959588.896515,25734.69256101,33116184.82565,81.82636203037,96.908674736997,80.02636203037,84.483570557598,92.62779749046,1.4077894030044e-07,0,0,48.62047872096,1.9915152175437,0,0.0026512058822713,4.4564888085114e-08,0,0.0026738932851068,0,-0.0025180208938218,2.5180208938218e-06,0.0041766659494274,0.016419505185343,1.6419505185343e-15,28137187.844379,1.2918867830095,1.3213714889302e-07,0.13213714889302,-4.4564888085114e-08,-1.9074892873523e-08,3000000,28137187.844379,30952443.439302,0.00012202916252223,117.53726904978,2.5180208938218e-06,2.5180208938218e-06,0,0,3.5112025737371e-06,0,3000000,-4.4186764704522e-08,-1.852093604018e-08,-0.053698492186967,0.017569138716786,0.91845528086346,35.020027127927,33116194.824905,101.55568847601,110026362.03037,117.4835705576,17.39856453991,17.064965406257,0,0,-17398564.53991,-17064965.406257,-101555688.47601,-110026362.03037,0.0019610285944388,-0.00013017772543393,230493.94547243,-230493.94547243
31.600656,2.6034154021513e-06,-0.00025510767032416,2.296,23976695.181513,12.1,23976695.181513,30811078.129587,1.28506066784,4.2390586283058e-05,42.390586283058,2264154480306.2,52.875802769256,5.1869151787352e-06,-0.00011032515023208,5.1196761054344e-06,1.030659128417e-05,-7.1322808885534e-06,-0.00011745743112063,-0.056374294965471,0.094976216654217,0,0,1.4545098379285e-05,2.6034154021513e-06,2.6034154021513e-06,1.2230503555297e-08,1.9877235538244e-05,-0.0026034154021513,0.01987723930097,-23976695.181513,25421.229345961,33176056.405182,82.242351653759,97.363212948208,80.442351653759,84.882210682047,93.091572770374,9.2311716586575e-08,0,0,48.708340418869,1.9860940631988,0,0.0026074276268757,4.4069961210012e-08,0,0.0026441976726007,0,-0.0026034154021513,2.6034154021513e-06,0.0041766659494274,0.016741917015236,1.6741917015236e-15,28201435.490747,1.28506066784,1.3328430619728e-07,0.13328430619728,-4.4069961210012e-08,-1.9022660176267e-08,3000000,28201435.490747,30811078.129587,0.00012244322625526,117.93609109681,2.6034154021513e-06,2.6034154021513e-06,0,0,2.3023694889291e-06,0,3000000,-4.3457127114595e-08,-1.8473563253137e-08,-0.053880414759931,0.01987723930097,0.90599665514971,35.185270948475,33176066.144718,101.93881850747,110442351.65376,117.88221068205,17.350778883385,17.026620788357,0,0,-17350778.883385,-17026620.788357,-101938818.50747,-110442351.65376,0.0019610285944388,-0.0001326644440689,231276.04746909,-231276.04746909
32.067216,2.7076262437248e-06,-0.00025858860916576,2.296,24018418.564727,12.1,24018418.564727,30632569.876352,1.2753846233761,4.2408238295272e-05,42.408238295272,2279753892679.9,52.866781221783,5.5852666887724e-06,-0.00011126220463605,5.3371237768125e-06,1.0922390465585e-05,-7.2086413352156e-06,-0.00011847084597127,-0.057165938867818,0.095616571878626,0,0,1.747566257734e-05,2.7076262437248e-06,2.7076262437248e-06,1.4407721112126e-08,2.2922188531967e-05,-0.0027076262437248,0.022922193059947,-24018418.564727,24791.224638597,33234764.431444,82.646177659243,97.787613517338,80.846177659243,85.252660985726,93.532185712785,1.2186285403261e-07,0,0,48.789988980255,1.9797274495294,0,0.0025704977626164,4.3728109687567e-08,0,0.002623686581254,0,-0.0027076262437248,2.7076262437248e-06,0.0041766659494274,0.017139454959071,1.7139454959071e-15,28235726.430159,1.2753846233761,1.347233026404e-07,0.1347233026404,-4.3728109687567e-08,-1.8923911497841e-08,3000000,28235726.430159,30632569.876352,0.00012282801032334,118.30671126334,2.7076262437248e-06,2.7076262437248e-06,0,0,3.0394117598736e-06,0,3000000,-4.284162937694e-08,-1.8392195585686e-08,-0.054050277611864,0.022922193059947,0.88983817143037,35.338829558732,33234773.677857,102.29197394588,110846177.65924,118.25266098573,17.313991946458,17.005716700313,0,0,-17313991.946458,-17005716.700313,-102291973.94588,-110846177.65924,0.0019610285944388,-0.00013576059884242,232002.84315372,-232002.84315372
32.627088,2.8389526141708e-06,-0.00026276573577568,2.296,24089570.179887,12.1,24089570.179887,30393950.040788,1.2616961055712,4.2438597304726e-05,42.438597304726,2306145137802.8,52.851360538418,6.2172275019179e-06,-0.00011213183400806,5.6425276155712e-06,1.1859755117489e-05,-7.2914858831065e-06,-0.00011942331989117,-0.058132193406888,0.096087721408755,0,0,2.1402054352132e-05,2.8389526141708e-06,2.8389526141708e-06,1.7197501251425e-08,2.6958115847623e-05,-0.0028389526141708,0.026958121333059,-24089570.179887,23950.928568633,33271726.411212,83.000344497169,98.136660639959,81.200344497169,85.552936072662,93.903331258439,1.6168538032001e-07,0,0,48.856170674872,1.9733586836509,0,0.0025421530537734,4.3528884340939e-08,0,0.0026117330604563,0,-0.0028389526141708,2.8389526141708e-06,0.0041766659494274,0.017646651658541,1.7646651658541e-15,28227193.571318,1.2616961055712,1.3657944663466e-07,0.13657944663466,-4.3528884340939e-08,-1.8744757326836e-08,3000000,28227193.571318,30393950.040788,0.00012313990243421,118.6071226256,2.8389526141708e-06,2.8389526141708e-06,0,0,4.0326352953566e-06,0,3000000,-4.236921756289e-08,-1.8268639410393e-08,-0.054186552941232,0.026958121333059,0.86889656868574,35.463299223318,33271735.031849,102.57763602971,111200344.49717,118.55293607266,17.29701323873,17.010140576709,0,0,-17297013.23873,-17010140.576709,-102577636.02971,-111200344.49717,0.0019610285944388,-0.00013962583334147,232591.96033144,-232591.96033144
32.9630112,2.920548793717e-06,-0.00026527201174163,2.296,24138835.051205,12.1,24138835.051205,30237558.025192,1.2526319705581,4.2459536574027e-05,42.459536574027,2324475918127.8,52.840694089226,6.6469144988996e-06,-0.00011257207904798,5.8400871216634e-06,1.2487001620563e-05,-7.3382072301795e-06,-0.00011991028627816,-0.058718267033454,0.096274708881036,0,0,2.3902200527882e-05,2.920548793717e-06,2.920548793717e-06,1.8931700444681e-08,2.9516023778111e-05,-0.002920548793717,0.029516029849546,-24138835.051205,23460.14729258,33279595.81178,83.166619449869,98.290065638004,81.366619449869,85.682306556708,94.070259771021,1.0253544913815e-07,0,0,48.884684388596,1.9670700386687,0,0.0025297558973088,4.3598288234142e-08,0,0.0026158972940485,0,-0.002920548793717,2.920548793717e-06,0.0041766659494274,0.0179653590743,1.79653590743e-15,28205743.646892,1.2526319705581,1.3776057134079e-07,0.13776057134079,-4.3598288234142e-08,-1.8601765806881e-08,3000000,28205743.646892,30237558.025192,0.00012327427881425,118.73655261109,2.920548793717e-06,2.920548793717e-06,0,0,2.5573621462541e-06,0,3000000,-4.216259828848e-08,-1.8177524084144e-08,-0.054246054385914,0.029516029849546,0.85590429810439,35.516925719345,33279604.080788,102.70071616729,111366619.44987,118.68230655671,17.296359678848,17.022935521725,0,0,-17296359.678848,-17022935.521725,-102700716.16729,-111366619.44987,0.0019610285944388,-0.00014199773292739,232845.77550878,-232845.77550878
33.36611904,3.0228841372603e-06,-0.00026827954290077,2.296,24205992.4098,12.1,24205992.4098,30033428.555543,1.2407106474949,4.2487953385483e-05,42.487953385483,2349554211192.8,52.826170530436,7.2281463284439e-06,-0.00011299492796043,6.0952499396419e-06,1.3323396268086e-05,-7.3902601606883e-06,-0.00012038518812112,-0.059429979817996,0.096375190495074,0,0,2.7101429339481e-05,3.0228841372603e-06,3.0228841372603e-06,2.1089201755398e-08,3.2775558316736e-05,-0.0030228841372603,0.032775565101584,-24205992.4098,22889.701773518,33266537.824266,83.301998397967,98.397168662289,81.501998397967,85.76749793018,94.19332720935,1.3075215539216e-07,0,0,48.903460869591,1.9577356104235,0,0.0025209419650726,4.3869831047944e-08,0,0.0026321898628766,0,-0.0030228841372603,3.0228841372603e-06,0.0041766659494274,0.018368906158635,1.8368906158635e-15,28158617.107203,1.2407106474949,1.3928267133875e-07,0.13928267133875,-4.3869831047944e-08,-1.837619683124e-08,3000000,28158617.107203,30033428.555543,0.00012336276715775,118.82178369867,3.0228841372603e-06,3.0228841372603e-06,0,0,3.2611220368631e-06,0,3000000,-4.2015699417877e-08,-1.8037556300982e-08,-0.054285768494239,0.032775565101584,0.83965404454892,35.552239144078,33266545.699122,102.78186418541,111501998.39797,118.76749793018,17.308671188617,17.051788818257,0,0,-17308671.188617,-17051788.818257,-102781864.18541,-111501998.39797,0.0019610285944388,-0.00014491677574302,233012.91458787,-233012.91458787
33.849848448,3.1522195455247e-06,-0.00027188858029175,2.296,24297177.062832,12.1,24297177.062832,29763963.157233,1.2249478337638,4.252619168811e-05,42.52619168811,2383862993715.2,52.80649741152,8.0075058818624e-06,-0.00011336636427505,6.4248744388402e-06,1.4432380320703e-05,-7.4473262246367e-06,-0.00012081369049969,-0.060292492246756,0.096337262147448,0,0,3.1213720832947e-05,3.1522195455247e-06,3.1522195455247e-06,2.375813331944e-08,3.6949830854109e-05,-0.0031522195455247,0.036949838492153,-24297177.062832,22148.068878638,33217486.820486,83.375849414583,98.419618559298,81.575849414583,85.773586449833,94.23448312049,1.6757371142e-07,0,0,48.904802800926,1.9511668025926,0,0.002527883434859,4.4294429185441e-08,0,0.0026576657511265,0,-0.0031522195455247,3.1522195455247e-06,0.0041766659494274,0.018885113307486,1.8885113307486e-15,28072948.574524,1.2249478337638,1.4126324165735e-07,0.14126324165735,-4.4294429185441e-08,-1.8054799678324e-08,3000000,28072948.574524,29763963.157233,0.00012336909025179,118.82787403962,3.1522195455247e-06,3.1522195455247e-06,0,0,4.1794976264026e-06,0,3000000,-4.2131390580983e-08,-1.7803560988381e-08,-0.054287589786952,0.036949838492153,0.81933656319791,35.554762949855,33217494.204201,102.7891272388,111575849.41458,118.77358644983,17.341366294093,17.104631952721,0,0,-17341366.294093,-17104631.952721,-102789127.2388,-111575849.41458,0.0019610285944388,-0.00014851949003996,233024.85980634,-233024.85980634
34.1400860928,3.2322820925943e-06,-0.00027405400272633,2.296,24355679.127328,12.1,24355679.127328,29591485.67337,1.2149141145658,4.2550471725542e-05,42.550471725542,2406070811503.1,52.793910169401,8.4997720670458e-06,-0.00011354420913274,6.6308225083883e-06,1.5130594575434e-05,-7.4796913870972e-06,-0.00012102390051983,-0.060810630593281,0.096263184861179,0,0,3.3777781791488e-05,3.2322820925943e-06,3.2322820925943e-06,2.5379493101229e-08,3.9547909102797e-05,-0.0032322820925943,0.039547917246319,-24355679.127328,21657.680428628,33175767.745584,83.388659820592,98.395314072231,81.588659820592,85.743213432786,94.221322780925,1.0434258483702e-07,0,0,48.898108480197,1.9508883175902,0,0.0025421384307088,4.4557255632838e-08,0,0.0026734353379703,0,-0.0032322820925943,3.2322820925943e-06,0.0041766659494274,0.01920817658905,1.920817658905e-15,28011090.419398,1.2149141145658,1.4253359293182e-07,0.14253359293182,-4.4557255632838e-08,-1.7846450179098e-08,3000000,28011090.419398,29591485.67337,0.00012333754240795,118.79748747191,3.2322820925943e-06,3.2322820925943e-06,0,0,2.6024343673375e-06,0,3000000,-4.2368973845146e-08,-1.7626971587608e-08,-0.054274039127293,0.039547917246319,0.80696830116594,35.542172763693,33175774.814826,102.76256730709,111588659.82059,118.74321343279,17.367337039667,17.143016781769,0,0,-17367337.039667,-17143016.781769,-102762567.30709,-111588659.82059,0.0019610285944388,-0.00015071646031838,232965.27022712,-232965.27022712
34.48837126656,3.3317139641703e-06,-0.00027665250964783,2.296,24431245.184845,12.1,24431245.184845,29372135.188173,1.2021662754319,4.2581546095994e-05,42.581546095994,2434982334249.2,52.777691019475,9.1258261654668e-06,-0.00011369573491465,6.889103048367e-06,1.6014929213834e-05,-7.5159395930331e-06,-0.00012121167450768,-0.061434540598118,0.0961030595896,0,0,3.6989243301252e-05,3.3317139641703e-06,3.3317139641703e-06,2.7344647944581e-08,4.2795944700538e-05,-0.0033317139641703,0.042795953436526,-24431245.184845,21015.343058994,33108322.282569,83.360114866061,98.313412587853,81.560114866061,85.65941250202,94.152806791537,1.3050624245675e-07,0,0,48.879638457708,1.9517579662629,0,0.0025629407944242,4.4880822037975e-08,0,0.0026928493222785,0,-0.0033317139641703,3.3317139641703e-06,0.0041766659494274,0.019613132657287,1.9613132657287e-15,27922162.869654,1.2021662754319,1.4413963948637e-07,0.14413963948637,-4.4880822037975e-08,-1.7574468632859e-08,3000000,27922162.869654,29372135.188173,0.00012325049856682,118.71364771458,3.3317139641703e-06,3.3317139641703e-06,0,0,3.2549886611478e-06,0,3000000,-4.271567990707e-08,-1.7382365355079e-08,-0.054235212555952,0.042795953436526,0.79179737504162,35.507435703583,33108328.95226,102.68759723624,111560114.86606,118.65941250202,17.407308074523,17.198096925957,0,0,-17407308.074523,-17198096.925957,-102687597.23624,-111560114.86606,0.0019610285944388,-0.00015340201108101,232800.85909223,-232800.85909223
34.906313475072,3.455616190793e-06,-0.00027977071795363,2.296,24529836.898306,12.1,24529836.898306,29092018.187225,1.1859008480567,4.2621582459165e-05,42.621582459165,2473110099177.2,52.756599960094,9.9274101195218e-06,-0.00011379126754609,7.2143734637555e-06,1.7141783583277e-05,-7.555847697001e-06,-0.00012134711524309,-0.062187147074603,0.095811089024954,0,0,4.1029503430384e-05,3.455616190793e-06,3.455616190793e-06,2.9719180562838e-08,4.6874060870313e-05,-0.003455616190793,0.046874070291617,-24529836.898306,20199.478074209,33003460.449271,83.264899601489,98.141594100461,81.464899601489,85.493246274915,93.997464312157,1.6393859034512e-07,0,0,48.843014831653,1.9529631871557,0,0.002588380550931,4.5268984605384e-08,0,0.0027161390763231,0,-0.003455616190793,3.455616190793e-06,0.0041766659494274,0.020123572802148,2.0123572802148e-15,27794490.83162,1.1859008480567,1.4615664331416e-07,0.14615664331416,-4.5268984605384e-08,-1.721735603805e-08,3000000,27794490.83162,29092018.187225,0.00012307790476089,118.54740708664,3.455616190793e-06,3.455616190793e-06,0,0,4.0888331673265e-06,0,3000000,-4.313967584885e-08,-1.7055860288156e-08,-0.054160811729105,0.046874070291617,0.77320023542987,35.438556680803,33003466.630727,102.53766372497,111464899.60149,118.49324627492,17.467435289332,17.276500891339,0,0,-17467435.289332,-17276500.891339,-102537663.72497,-111464899.60149,0.0019610285944388,-0.00015669281319273,232474.85342941,-232474.85342941
35.157078800179,3.5316171095589e-06,-0.0002816416429371,2.296,24592066.217124,12.1,24592066.217124,28917070.801279,1.175777570009,4.264654754237e-05,42.64654754237,2497426739015.8,52.743330333566,1.0426545810543e-05,-0.000113817607575,7.4150766345753e-06,1.7841622445118e-05,-7.5785094414349e-06,-0.00012139611701644,-0.062640223626039,0.095600015877174,0,0,4.352002540792e-05,3.5316171095589e-06,3.5316171095589e-06,3.1146683068716e-08,4.9385022909788e-05,-0.0035316171095589,0.049385032731751,-24592066.217124,19696.832489978,32932211.671507,83.186087469262,98.012175603511,81.386087469262,85.370216010778,93.878252850491,1.0096600231429e-07,0,0,48.815898524893,1.9537669869248,0,0.0026034455349622,4.5494087665942e-08,0,0.0027296452599565,0,-0.0035316171095589,3.5316171095589e-06,0.0041766659494274,0.020439891638084,2.0439891638084e-15,27710146.890415,1.175777570009,1.4739826436685e-07,0.14739826436685,-4.5494087665942e-08,-1.6991916282929e-08,3000000,27710146.890415,28917070.801279,0.00012295011378305,118.4243200947,3.5316171095589e-06,3.5316171095589e-06,0,0,2.5182181825955e-06,0,3000000,-4.3390758916037e-08,-1.6847867702464e-08,-0.054104083920421,0.049385032731751,0.76199623355165,35.387558325037,32932217.561867,102.42635203884,111386087.46926,118.37021601078,17.507834618772,17.327946554935,0,0,-17507834.618772,-17327946.554935,-102426352.03884,-111386087.46926,0.0019610285944388,-0.00015869152915405,232233.47728755,-232233.47728755
35.457997190308,3.6250725045086e-06,-0.00028388675291728,2.296,24671009.021006,12.1,24671009.021006,28699282.32624,1.1631775735199,4.2677886129803e-05,42.677886129803,2528552274484.6,52.726543446451,1.1050686978699e-05,-0.00011380586720521,7.6636486815426e-06,1.8714335660241e-05,-7.6039070690228e-06,-0.00012140977427423,-0.063185795798311,0.095296633216312,0,0,4.6601337177094e-05,3.6250725045086e-06,3.6250725045086e-06,3.2859045079291e-08,5.2487682048377e-05,-0.0036250725045086,0.052487692333807,-24671009.021006,19079.744711175,32835094.987562,83.061160611954,97.820007080929,81.261160611954,85.18998611382,93.698817322756,1.2479398281245e-07,0,0,48.7761752161,1.9548313812522,0,0.0026216068289303,4.5760380321329e-08,0,0.0027456228192797,0,-0.0036250725045086,3.6250725045086e-06,0.0041766659494274,0.020832203359182,2.0832203359182e-15,27598077.448292,1.1631775735199,1.489309238236e-07,0.1489309238236,-4.5760380321329e-08,-1.670679631539e-08,3000000,27598077.448292,28699282.32624,0.00012276290991572,118.24400720173,3.6250725045086e-06,3.6250725045086e-06,0,0,3.1125177722621e-06,0,3000000,-4.3693447148838e-08,-1.6582361134762e-08,-0.054021087906534,0.052487692333807,0.74840528227737,35.312849646899,32835100.530969,102.26295130185,111261160.61195,118.18998611382,17.562343289198,17.395789192302,0,0,-17562343.289198,-17395789.192302,-102262951.30185,-111261160.61195,0.0019610285944388,-0.00016112384300156,231879.8797603,-231879.8797603
35.819099258462,3.7295833125437e-06,-0.00028658088489349,2.296,24766706.149695,12.1,24766706.149695,28422126.061757,1.1474796774042,4.2715182057841e-05,42.715182057841,2566881808016.4,52.706292563017,1.1848965353188e-05,-0.00011373316314504,7.9681140955329e-06,1.9817079448721e-05,-7.631024279336e-06,-0.00012136418742438,-0.063856501278753,0.094857670345392,0,0,5.0431618678126e-05,3.7295833125437e-06,3.7295833125437e-06,3.4901848035858e-08,5.633871199374e-05,-0.0037295833125437,0.056338722804591,-24766706.149695,18262.707399115,32701593.097265,82.866305215991,97.53985205864,81.066305215991,84.925094681308,93.429802232387,1.5494580177615e-07,0,0,48.71779220447,1.9562955972289,0,0.0026439887687447,4.6080395650435e-08,0,0.0027648237390261,0,-0.0037295833125437,3.7295833125437e-06,0.0041766659494274,0.021274357658502,2.1274357658502e-15,27455911.404415,1.1474796774042,1.5066507597585e-07,0.15066507597585,-4.6080395650435e-08,-1.6344084534483e-08,3000000,27455911.404415,28422126.061757,0.00012248776908468,117.97899430467,3.7295833125437e-06,3.7295833125437e-06,0,0,3.8645417903981e-06,0,3000000,-4.4066479479078e-08,-1.6241893658714e-08,-0.053899623366675,0.056338722804591,0.73191819079339,35.203047171799,32701598.19681,102.01993992022,111066305.21599,117.92509468131,17.636502983603,17.484480847921,0,0,-17636502.983603,-17484480.847921,-102019939.92022,-111066305.21599,0.0019610285944388,-0.00016409311580881,231360.18265617,-231360.18265617
36.252421740247,3.8381095377292e-06,-0.00028981384326494,2.296,24879160.500676,12.1,24879160.500676,28064338.748226,1.1278994293663,4.2757937549961e-05,42.757937549961,2612976327589.8,52.682655535827,1.2872952471261e-05,-0.0001135628889648,8.3429897468707e-06,2.1215942218132e-05,-7.6592708140618e-06,-0.00012122215977887,-0.064680689354274,0.094226594335228,0,0,5.5213622143851e-05,3.8381095377292e-06,3.8381095377292e-06,3.7336033120638e-08,6.1140954443591e-05,-0.0038381095377292,0.061140965843309,-24879160.500676,17354.380254402,32513638.697082,82.569089268654,97.125434461162,80.769089268654,84.539076242898,93.031334855409,1.9330269268287e-07,0,0,48.632712370949,1.9583500316255,0,0.0026727624801465,4.6482015824863e-08,0,0.0027889209494918,0,-0.0038381095377292,3.8381095377292e-06,0.0041766659494274,0.021737621279339,2.1737621279339e-15,27260575.320846,1.1278994293663,1.5258698831461e-07,0.15258698831461,-4.6482015824863e-08,-1.5891100899084e-08,3000000,27260575.320846,28064338.748226,0.00012208681636255,117.59280065224,3.8381095377292e-06,3.8381095377292e-06,0,0,4.8212105492442e-06,0,3000000,-4.4546041335776e-08,-1.5815385004174e-08,-0.053724409343303,0.061140965843309,0.71193609940544,35.043035277229,32513643.328592,101.66429310918,110769089.26865,117.5390762429,17.737754413245,17.601800731638,0,0,-17737754.413245,-17601800.731638,-101664293.10918,-110769089.26865,0.0019610285944388,-0.0001677270269024,230602.84345996,-230602.84345996
36.512415229319,3.8615427344242e-06,-0.00029175361828781,2.296,24920843.599808,12.1,24920843.599808,27816308.411882,1.1160516879931,4.2773809253874e-05,42.773809253874,2630004122492.8,52.673888531172,1.3539516128986e-05,-0.00011343404269475,8.5616610274167e-06,2.2101177156403e-05,-7.673384714788e-06,-0.00012110742740954,-0.065208740471588,0.093799897149146,0,0,5.8156409407229e-05,3.8615427344242e-06,3.8615427344242e-06,3.8810467737155e-08,6.409550785959e-05,-0.0038615427344242,0.064095519609651,-24920843.599808,16901.476432351,32381347.516902,82.361143893275,96.849497248423,80.561143893275,84.275150559422,92.757330442287,1.1899478027179e-07,0,0,48.574542213832,1.9600127285486,0,0.0026988242597401,4.6853966610429e-08,0,0.0028112379966257,0,-0.0038615427344242,3.8615427344242e-06,0.0041766659494274,0.02183729274172,2.183729274172e-15,27147255.591913,1.1160516879931,1.5322574158985e-07,0.15322574158985,-4.6853966610429e-08,-1.5648068785352e-08,3000000,27147255.591913,27816308.411882,0.00012181267848538,117.32875379034,3.8615427344242e-06,3.8615427344242e-06,0,0,2.9678784189562e-06,0,3000000,-4.4980404329002e-08,-1.55917125756e-08,-0.0536032309154,0.064095519609651,0.69995070944776,34.933633123247,32381351.927773,101.41809285637,110561143.89327,117.27515055942,17.803813450988,17.673955150398,0,0,-17803813.450988,-17673955.150398,-101418092.85637,-110561143.89327,0.0019610285944388,-0.00016994093980243,230085.04108293,-230085.04108293
36.824407416204,3.8930510715269e-06,-0.00029408134831526,2.296,24987833.430239,12.1,24987833.430239,27524134.125714,1.1013578485342,4.2799065168979e-05,42.799065168979,2657635629138.5,52.659837385904,1.4360759602537e-05,-0.00011323465253451,8.8327999716615e-06,2.3193559574198e-05,-7.6887277119611e-06,-0.00012092338024647,-0.065840247409581,0.093238295630171,0,0,6.1783686452957e-05,3.8930510715269e-06,3.8930510715269e-06,4.0558329765712e-08,6.773453557355e-05,-0.0038930510715269,0.067734547716381,-24987833.430239,16271.953423615,32210759.042433,82.079701581036,96.477313087715,80.279701581036,83.924652230308,92.390377239391,1.4659214111499e-07,0,0,48.497291138435,1.9619385964978,0,0.0027229274877585,4.7177777210732e-08,0,0.0028306666326439,0,-0.0038930510715269,3.8930510715269e-06,0.0041766659494274,0.021972393039854,2.1972393039854e-15,26996019.177798,1.1013578485342,1.5403117474196e-07,0.15403117474196,-4.7177777210732e-08,-1.5335783527961e-08,3000000,26996019.177798,27524134.125714,0.00012144861878506,116.97809512758,3.8930510715269e-06,3.8930510715269e-06,0,0,3.6561910616239e-06,0,3000000,-4.5382124795976e-08,-1.5299748597507e-08,-0.053442897275303,0.067734547716381,0.68550769698606,34.78834498127,32210763.152495,101.09358307619,110279701.58104,116.92465223031,17.889324341646,17.767753921417,0,0,-17889324.341646,-17767753.921417,-101093583.07619,-110279701.58104,0.0019610285944388,-0.0001726327295302,229397.38967452,-229397.38967452
37.198798040466,3.9307949170844e-06,-0.00029687462434819,2.296,25081388.375024,12.1,25081388.375024,27172548.825778,1.0832217201535,4.2834006019084e-05,42.834006019084,2696521581379,52.640261876287,1.5378290243484e-05,-0.0001129351344426,9.1694546369808e-06,2.4547744880465e-05,-7.7047248521425e-06,-0.00012063985929474,-0.066598058412973,0.092496135151711,0,0,6.6263327221671e-05,3.9307949170844e-06,3.9307949170844e-06,4.2616326410616e-08,7.2223438171144e-05,-0.0039307949170844,0.072223450744286,-25081388.375024,15466.709832568,31991287.526205,81.699042033732,95.977524504791,79.899042033732,83.45866461213,91.898818138715,1.8086347191078e-07,0,0,48.394585813941,1.9654060208687,0,0.0027395043481193,4.7294511133154e-08,0,0.0028376706679892,0,-0.0039307949170844,3.9307949170844e-06,0.0041766659494274,0.022135154426571,2.2135154426571e-15,26797470.785099,1.0832217201535,1.549875791927e-07,0.1549875791927,-4.7294511133154e-08,-1.4910746300526e-08,3000000,26797470.785099,27172548.825778,0.00012096460188276,116.51189488746,3.9307949170844e-06,3.9307949170844e-06,0,0,4.5109608493146e-06,0,3000000,-4.5658405801989e-08,-1.4902764209408e-08,-0.053230275324879,0.072223450744286,0.66816603509328,34.595184359363,31991291.265021,100.66413860853,109899042.03373,116.45866461213,18.000223895016,17.889183525472,0,0,-18000223.895016,-17889183.525472,-100664138.60853,-109899042.03373,0.0019610285944388,-0.00017591002246543,228483.15695121,-228483.15695121
37.423432415024,3.8982647197043e-06,-0.00029855058996795,2.296,25105555.202154,12.1,25105555.202154,26927284.295622,1.0724038267766,4.2842770744823e-05,42.842770744823,2706844200690.3,52.635245331046,1.6036893557097e-05,-0.00011273793406802,9.3620836724191e-06,2.5398977229516e-05,-7.711526940354e-06,-0.00012044946100838,-0.067086990655341,0.092012822028767,0,0,6.9006690060672e-05,3.8982647197043e-06,3.8982647197043e-06,4.3855203781777e-08,7.4971511612007e-05,-0.0038982647197043,0.074971524438737,-25105555.202154,15048.307093539,31845974.38864,81.444025561214,95.663460362901,79.644025561214,83.150294068888,91.572842387588,1.1076697725062e-07,0,0,48.32661985203,1.9664067049689,0,0.0027345578247943,4.7160231310728e-08,0,0.0028296138786437,0,-0.0038982647197043,3.8982647197043e-06,0.0041766659494274,0.021993375957439,2.1993375957439e-15,26699058.002812,1.0724038267766,1.5479832981704e-07,0.15479832981704,-4.7160231310728e-08,-1.4675886421248e-08,3000000,26699058.002812,26927284.295622,0.00012064429967476,116.20338300373,3.8982647197043e-06,3.8982647197043e-06,0,0,2.7626667368519e-06,0,3000000,-4.5575963746571e-08,-1.466701341136e-08,-0.053088934840872,0.074971524438737,0.65779989457344,34.467358976054,31845977.944058,100.37697648338,109644025.56121,116.15029406889,18.071183173626,17.96113592012,0,0,-18071183.173626,-17961135.92012,-100376976.48338,-109644025.56121,0.0019610285944388,-0.0001779062902932,227878.15709598,-227878.15709598
37.692993664493,3.8789933573635e-06,-0.00030056174871167,2.296,25160139.198253,12.1,25160139.198253,26650285.018692,1.0590615314861,4.2862884773434e-05,42.862884773434,2729790553629.4,52.623864184199,1.682191206033e-05,-0.00011246455710982,9.6054926964156e-06,2.6427404756745e-05,-7.7189041444987e-06,-0.00012018346125431,-0.067651778145321,0.091402900638048,0,0,7.2366775676134e-05,3.8789933573635e-06,3.8789933573635e-06,4.5317029103127e-08,7.8334042153069e-05,-0.0038789933573635,0.078334055261246,-25160139.198253,14489.27040131,31666084.454439,81.11779963986,95.25110135728,79.31779963986,82.758896549732,91.157291106642,1.355420106966e-07,0,0,48.240354450026,1.968446339273,0,0.0027199461738974,4.6809445596806e-08,0,0.0028085667358084,0,-0.0038789933573635,3.8789933573635e-06,0.0041766659494274,0.02190938316847,2.190938316847e-15,26555502.862368,1.0590615314861,1.548183674433e-07,0.1548183674433,-4.6809445596806e-08,-1.4363019721497e-08,3000000,26555502.862368,26650285.018692,0.00012023775880493,115.81180690332,3.8789933573635e-06,3.8789933573635e-06,0,0,3.3805870097384e-06,0,3000000,-4.5332436231624e-08,-1.4359920411429e-08,-0.05291035358816,0.078334055261246,0.6453719512155,34.305117351462,31666087.769326,100.01542298742,109317799.63986,115.75889654973,18.160508533218,18.053587867783,0,0,-18160508.533218,-18053587.867783,-100015422.98742,-109317799.63986,0.0019610285944388,-0.00018032398990674,227110.26454717,-227110.26454717
38.016467163856,3.8687724006172e-06,-0.00030297513920412,2.296,25243786.240357,12.1,25243786.240357,26327289.737719,1.0427505368386,4.2893494906806e-05,42.893494906806,2765142538497.7,52.60645381311,1.7767239213056e-05,-0.00011208214017091,9.9103069060718e-06,2.7677546119128e-05,-7.7262366008153e-06,-0.00011980837677172,-0.068306918601339,0.090621442306634,0,0,7.6484928240052e-05,3.8687724006172e-06,3.8687724006172e-06,4.702596133534e-08,8.2449841523566e-05,-0.0038687724006172,0.082449854934391,-25243786.240357,13781.964587898,31443828.0674,80.699399411099,94.716420315257,78.899399411099,82.260551338021,90.626305407485,1.6591374769709e-07,0,0,48.130517397104,1.971034730835,0,0.0027003756842495,4.6348765883436e-08,0,0.0027809259530062,0,-0.0038687724006172,3.8687724006172e-06,0.0041766659494274,0.021864548938611,2.1864548938611e-15,26361701.50693,1.0427505368386,1.5501054846087e-07,0.15501054846087,-4.6348765883436e-08,-1.3975758563491e-08,3000000,26361701.50693,26327289.737719,0.00011972013219498,115.31323412888,3.8687724006172e-06,3.8687724006172e-06,0,0,4.1380960583777e-06,0,3000000,-4.5006261404159e-08,-1.3981700755377e-08,-0.052682790861368,0.082449854934391,0.63053523693998,34.098543899156,31443831.087747,99.556370466221,108899399.4111,115.26055133802,18.273094003614,18.171348540188,0,0,-18273094.003614,-18171348.540188,-99556370.466221,-108899399.4111,0.0019610285944388,-0.00018325500700914,226132.54865457,-226132.54865457
38.210551263473,3.8009113530382e-06,-0.0003044231734996,2.296,25253930.476203,12.1,25253930.476203,26095396.573602,1.0331454945061,4.28970250876e-05,42.8970250876,2769636366216,52.604371066307,1.8360383991078e-05,-0.00011182830965592,1.0082507031907e-05,2.8442891022985e-05,-7.7277687950012e-06,-0.00011955607845092,-0.068711468146756,0.090118858658535,0,0,7.8997811835145e-05,3.8009113530382e-06,3.8009113530382e-06,4.8049537822758e-08,8.4960238541959e-05,-0.0038009113530382,0.084960252129244,-25253930.476203,13403.485450482,31298729.906076,80.425310703043,94.390366201918,78.625310703043,81.936204743951,90.280970610908,1.0123575543945e-07,0,0,48.059030256904,1.9732402991948,0,0.0026770179145263,4.5843729733569e-08,0,0.0027506237840141,0,-0.0038009113530382,3.8009113530382e-06,0.0041766659494274,0.021572018649464,2.1572018649464e-15,26275092.498126,1.0331454945061,1.5424042840283e-07,0.15424042840283,-4.5843729733569e-08,-1.377371613482e-08,3000000,26275092.498126,26095396.573602,0.00011938323573078,114.98873882353,3.8009113530382e-06,3.8009113530382e-06,0,0,2.5249461624129e-06,0,3000000,-4.4616965242105e-08,-1.3786929587552e-08,-0.05253407958179,0.084960252129244,0.62168119591973,33.964096142649,31298732.776055,99.254651424538,108625310.70304,114.93620474395,18.344340092135,18.239258546278,0,0,-18344340.092135,-18239258.546278,-99254651.424538,-108625310.70304,0.0019610285944388,-0.00018503993776881,225496.204987,-225496.204987
38.443452183014,3.7491196180221e-06,-0.00030616081465417,2.296,25298421.223249,12.1,25298421.223249,25842552.963208,1.0213303972658,4.2913141653716e-05,42.913141653716,2788600403959.6,52.595135207436,1.9067796247144e-05,-0.00011149655864279,1.0301376378191e-05,2.9369172625336e-05,-7.7295285794437e-06,-0.00011922608722224,-0.06918032842882,0.089493829962677,0,0,8.2060460788086e-05,3.7491196180221e-06,3.7491196180221e-06,4.9249754948063e-08,8.8017250846639e-05,-0.0037491196180221,0.088017264625405,-25298421.223249,12897.929194633,31122746.000308,80.084870552891,93.969036875144,78.284870552891,81.534992071917,89.852449987858,1.2327582615618e-07,0,0,47.970601560379,1.9753128418461,0,0.0026440228601065,4.5182474563783e-08,0,0.002710948473827,0,-0.0037491196180221,3.7491196180221e-06,0.0041766659494274,0.021349934046116,2.1349934046116e-15,26140277.203755,1.0213303972658,1.537258648233e-07,0.1537258648233,-4.5182474563783e-08,-1.35042244142e-08,3000000,26140277.203755,25842552.963208,0.0001189664995686,114.58734271948,3.7491196180221e-06,3.7491196180221e-06,0,0,3.0746530494302e-06,0,3000000,-4.4067047668442e-08,-1.3523947340958e-08,-0.052350647558754,0.088017264625405,0.61109866426668,33.797785952798,31122748.672896,98.883711846135,108284870.55289,114.53499207192,18.432420565033,18.32651719325,0,0,-18432420.565033,-18326517.19325,-98883711.846135,-108284870.55289,0.0019610285944388,-0.00018719431508557,224709.05584511,-224709.05584511
38.722933286464,3.707680745757e-06,-0.00030824598403965,2.296,25373135.390536,12.1,25373135.390536,25554734.531054,1.0069758518059,4.2940032626669e-05,42.940032626669,2820605127747.2,52.579650505037,1.9922807719578e-05,-0.00011106457784427,1.0575380814205e-05,3.0498188533783e-05,-7.7309784540548e-06,-0.00011879555629832,-0.069732456049696,0.088711009984296,0,0,8.5791562479733e-05,3.707680745757e-06,3.707680745757e-06,5.0641530955599e-08,9.1737449454738e-05,-0.003707680745757,0.091737463432478,-25373135.390536,12255.291933416,30909406.020515,79.660656367245,93.434145132158,77.860656367245,81.037150825578,89.31930988401,1.5001560855515e-07,0,0,47.860875583213,1.9775313834942,0,0.0026086368592733,4.4476608855746e-08,0,0.0026685965313447,0,-0.003707680745757,3.707680745757e-06,0.0041766659494274,0.021172813334986,2.1172813334986e-15,25955814.608188,1.0069758518059,1.5340683737939e-07,0.15340683737939,-4.4476608855746e-08,-1.3170528539395e-08,3000000,25955814.608188,25554734.531054,0.00011844939605271,114.08927378401,3.707680745757e-06,3.707680745757e-06,0,0,3.7415766147253e-06,0,3000000,-4.3477280987889e-08,-1.3197710630707e-08,-0.052122958428313,0.091737463432478,0.59850962759321,33.591421403607,30909408.45007,98.424177867759,107860656.36725,114.03715082558,18.541346483236,18.436837337732,0,0,-18541346.483236,-18436837.337732,-98424177.867759,-107860656.36725,0.0019610285944388,-0.00018979658798694,223732.32869472,-223732.32869472
39.058310610603,3.6734873010704e-06,-0.00031074818730222,2.296,25476774.694923,12.1,25476774.694923,25218586.150707,0.98968170082846,4.2976838489752e-05,42.976838489752,2865496323816.5,52.558245490317,2.0964702314237e-05,-0.00011050397607286,1.0915593237379e-05,3.1880295551616e-05,-7.731559064118e-06,-0.00011823553513698,-0.070389207784339,0.087726888116064,0,0,9.033749492004e-05,3.6734873010704e-06,3.6734873010704e-06,5.2237096707799e-08,9.6265179768076e-05,-0.0036734873010704,0.096265193940979,-25476774.694923,11476.973084264,30649506.140711,79.130688801273,92.761070941701,77.330688801273,80.418105409051,88.654578429752,1.8257963086647e-07,0,0,47.724435776874,1.9801598976372,0,0.0025713063208509,4.3722565523057e-08,0,0.0026233539313834,0,-0.0036734873010704,3.6734873010704e-06,0.0041766659494274,0.021026888485673,2.1026888485673e-15,25717303.567381,0.98968170082846,1.5325778637328e-07,0.15325778637328,-4.3722565523057e-08,-1.2764198186574e-08,3000000,25717303.567381,25218586.150707,0.00011780639973585,113.46994616157,3.6734873010704e-06,3.6734873010704e-06,0,0,4.553763996643e-06,0,3000000,-4.2855105347516e-08,-1.2801185534804e-08,-0.051840752522935,0.096265193940979,0.58360526983593,33.334815448898,30649508.289537,97.852374294902,107330688.80127,113.41810540905,18.676110371521,18.574937374779,0,0,-18676110.371521,-18574937.374779,-97852374.294902,-107330688.80127,0.0019610285944388,-0.00019294178756637,222517.80806171,-222517.80806171
39.259537005087,3.5773204402463e-06,-0.00031224950925977,2.296,25487185.71774,12.1,25487185.71774,24972076.692124,0.97960366858357,4.2980352973626e-05,42.980352973626,2870225611075.5,52.556124696214,2.161420254964e-05,-0.00011014076863141,1.1105563895083e-05,3.2719766444722e-05,-7.7285929245849e-06,-0.00011786936155599,-0.070792166888596,0.087101273089385,0,0,9.3103751754791e-05,3.5773204402463e-06,3.5773204402463e-06,5.3186070983347e-08,9.9019605785536e-05,-0.0035773204402463,0.099019620069363,-25487185.71774,11078.717113905,30480701.313635,78.788597454938,92.357245842247,76.988597454938,80.020090242109,88.227944936415,1.1111431411738e-07,0,0,47.636711821816,1.9825991342799,0,0.0025373614428777,4.3038260370836e-08,0,0.0025822956222502,0,-0.0035773204402463,3.5773204402463e-06,0.0041766659494274,0.020620970119028,2.0620970119028e-15,25614413.978848,0.97960366858357,1.5207457313116e-07,0.15207457313116,-4.3038260370836e-08,-1.2559517895837e-08,3000000,25614413.978848,24972076.692124,0.00011739298410692,113.07174836194,3.5773204402463e-06,3.5773204402463e-06,0,0,2.7713297520267e-06,0,3000000,-4.2289357381294e-08,-1.2605384938761e-08,-0.051658119834869,0.099019620069363,0.57475367892155,33.169830684977,30480703.327007,97.480683489019,106988597.45494,113.02009024211,18.760652518523,18.653209638824,0,0,-18760652.518523,-18653209.638824,-97480683.489019,-106988597.45494,0.0019610285944388,-0.00019485652515285,221736.93218476,-221736.93218476
39.501008678467,3.4994935626671e-06,-0.00031405109560883,2.296,25537968.837841,12.1,25537968.837841,24707710.119197,0.96730243032417,4.299815637897e-05,42.99815637897,2892462496722.2,52.545671497027,2.2394001813221e-05,-0.00010968525559487,1.1346487044139e-05,3.374048885736e-05,-7.7253845796233e-06,-0.0001174106401745,-0.071266838354157,0.086332985371327,0,0,9.6462505299037e-05,3.4994935626671e-06,3.4994935626671e-06,5.4284068390297e-08,0.00010236187897585,-0.0034994935626671,0.10236189336969,-25537968.837841,10554.111408066,30277672.945785,78.370179858136,91.843448573307,76.570179858136,79.534802020647,87.706218163363,1.3482083245107e-07,0,0,47.529752575875,1.9848941117733,0,0.0024926656843418,4.2181618892574e-08,0,0.0025308971335544,0,-0.0034994935626671,3.4994935626671e-06,0.0041766659494274,0.020295161619359,2.0295161619359e-15,25455447.858617,0.96730243032417,1.5119025713459e-07,0.15119025713459,-4.2181618892574e-08,-1.2280973651175e-08,3000000,25455447.858617,24707710.119197,0.00011688891915846,112.58623804423,3.4994935626671e-06,3.4994935626671e-06,0,0,3.3625999236012e-06,0,3000000,-4.1544428072363e-08,-1.2334655521848e-08,-0.051436023585765,0.10236189336969,0.56423072268711,32.968669600422,30277674.785247,97.029716645085,106570179.85814,112.53480202065,18.863961694774,18.753108570903,0,0,-18863961.694774,-18753108.570903,-97029716.645085,-106570179.85814,0.0019610285944388,-0.00019716217645037,220784.83312678,-220784.83312678
39.790774686523,3.4333278274595e-06,-0.00031621299922769,2.296,25623124.399538,12.1,25623124.399538,24410931.492055,0.95250441118854,4.3027759233867e-05,43.027759233867,2929999789434.6,52.528180705203,2.3338921690253e-05,-0.00010911472974004,1.1646856705018e-05,3.4985778395271e-05,-7.7213657415502e-06,-0.00011683609548159,-0.071833307420351,0.085385627929763,0,0,0.00010053504197203,3.4333278274595e-06,3.4333278274595e-06,5.5536963562975e-08,0.00010641104094649,-0.0034333278274595,0.10641105543913,-25623124.399538,9902.8672787255,30033991.215616,77.857668614934,91.202016903813,76.057668614934,78.942281321237,87.067617580707,1.6332596751814e-07,0,0,47.399158911305,1.9874392934469,0,0.0024463586440651,4.1291291868105e-08,0,0.0024774775120863,0,-0.0034333278274595,3.4333278274595e-06,0.0041766659494274,0.020019910309664,2.0019910309664e-15,25240580.481465,0.95250441118854,1.5053250515367e-07,0.15053250515367,-4.1291291868105e-08,-1.193375316702e-08,3000000,25240580.481465,24410931.492055,0.00011627347409577,111.9934475143,3.4333278274595e-06,3.4333278274595e-06,0,0,4.0735535889639e-06,0,3000000,-4.0772644067751e-08,-1.1996170595408e-08,-0.051166193067715,0.10641105543913,0.55179469505769,32.723058639258,30033992.848213,96.479593574549,106057668.61493,111.94228132124,18.990051034227,18.878131271623,0,0,-18990051.034227,-18878131.271623,-96479593.574549,-106057668.61493,0.0019610285944388,-0.00019993952513192,219622.35199744,-219622.35199744
39.964634291357,3.317733728062e-06,-0.00031751014139902,2.296,25620602.90943,12.1,25620602.90943,24189113.354844,0.94393979550812,4.302674890954e-05,43.02674890954,2929062407110.4,52.528720826811,2.3925286918663e-05,-0.0001087506200016,1.1811896095935e-05,3.5737183014598e-05,-7.7158372944796e-06,-0.00011646645729608,-0.07218009801938,0.084788856312526,0,0,0.00010300603949646,3.317733728062e-06,3.317733728062e-06,5.6282547539813e-08,0.00010886740965473,-0.003317733728062,0.10886742420328,-25620602.90943,9578.826078873,29876590.724658,77.529672756611,90.822866740554,75.729672756611,78.564039644839,86.660997189493,9.9117776823799e-08,0,0,47.315793103725,1.9898406722517,0,0.0024089535732951,4.0561301780267e-08,0,0.002433678106816,0,-0.003317733728062,3.317733728062e-06,0.0041766659494274,0.019544455188968,1.9544455188968e-15,25155323.306573,0.94393979550812,1.4903173402177e-07,0.14903173402177,-4.0561301780267e-08,-1.1764792109348e-08,3000000,25155323.306573,24189113.354844,0.00011588059752562,111.6150327307,3.317733728062e-06,3.317733728062e-06,0,0,2.472121130796e-06,0,3000000,-4.0149226221584e-08,-1.1835586158469e-08,-0.050993085861592,0.10886742420328,0.54441060318188,32.566270358638,29876592.260206,96.124384218216,105729672.75661,111.56403964484,19.068675567118,18.947644476714,0,0,-19068675.567118,-18947644.476714,-96124384.218216,-105729672.75661,0.0019610285944388,-0.0002016295438734,218880.27022446,-218880.27022446
40.173265817158,3.2222953096596e-06,-0.0003190667120046,2.296,25659689.833247,12.1,25659689.833247,23957846.955956,0.93348922017181,4.3040219227323e-05,43.040219227323,2946418953317.7,52.520710592488,2.4626672426572e-05,-0.00010830349237376,1.2022707775323e-05,3.6649380201895e-05,-7.7100761100315e-06,-0.00011601356848379,-0.072589470959045,0.084064785499305,0,0,0.0001059958685514,3.2222953096596e-06,3.2222953096596e-06,5.7142089940989e-08,0.0001118381554116,-0.0032222953096596,0.11183817000956,-25659689.833247,9140.9032443955,29689328.666975,77.133882406613,90.342884690411,75.333882406613,78.108701139771,86.170048054213,1.1986106321075e-07,0,0,47.215434881547,1.9919501801909,0,0.0023603323568653,3.9658113280297e-08,0,0.0023794867968178,0,-0.0032222953096596,3.2222953096596e-06,0.0041766659494274,0.019156039519847,1.9156039519847e-15,25015003.806329,0.93348922017181,1.4785296010568e-07,0.14785296010568,-3.9658113280297e-08,-1.1528042189954e-08,3000000,25015003.806329,23957846.955956,0.00011540764102594,111.15948575978,3.2222953096596e-06,3.2222953096596e-06,0,0,2.9894845971992e-06,0,3000000,-3.9338872614421e-08,-1.160544783089e-08,-0.050784620005928,0.11183817000956,0.53564212394813,32.377523994172,29689330.074149,95.699274369892,105333882.40661,111.10870113977,19.1638343524,19.036725656081,0,0,-19163834.3524,-19036725.656081,-95699274.369892,-105333882.40661,0.0019610285944388,-0.00020365907097866,217986.9302616,-217986.9302616
40.423623648118,3.1393942760964e-06,-0.0003209345967313,2.296,25733169.992802,12.1,25733169.992802,23703651.046488,0.92094629024332,4.3065372084809e-05,43.065372084809,2979218156698.2,52.505677648725,2.5473535197624e-05,-0.00010775502287731,1.2285988772872e-05,3.7759523970496e-05,-7.7035737013855e-06,-0.0001154585965787,-0.07307971557259,0.08318293768907,0,0,0.00010960645015246,3.1393942760964e-06,3.1393942760964e-06,5.8119572091199e-08,0.00011542325015648,-0.0031393942760964,0.11542326478908,-25733169.992802,8593.2316496001,29467039.012095,76.65562915273,89.74855728376,74.85562915273,77.559767694122,85.57680819285,1.4463333697871e-07,0,0,47.094448002365,1.9942314769099,0,0.0023110908770627,3.8741663464622e-08,0,0.0023244998078773,0,-0.0031393942760964,3.1393942760964e-06,0.0041766659494274,0.01882155168244,1.882155168244e-15,24821546.88505,0.92094629024332,1.4690946970588e-07,0.14690946970588,-3.8741663464622e-08,-1.1231146214155e-08,3000000,24821546.88505,23703651.046488,0.00011483746840808,110.61030119597,3.1393942760964e-06,3.1393942760964e-06,0,0,3.6073360402315e-06,0,3000000,-3.8518181284378e-08,-1.1315620256335e-08,-0.050533501851632,0.11542326478908,0.52529134880698,32.149980768534,29467040.265082,95.187535988586,104855629.15273,110.55976769412,19.27882095988,19.148049074463,0,0,-19278820.95988,-19148049.074463,-95187535.988586,-104855629.15273,0.0019610285944388,-0.00020609712832323,216909.96405187,-216909.96405187
40.724053045271,3.0647833797754e-06,-0.00032317605840334,2.296,25836914.114631,12.1,25836914.114631,23414677.717676,0.90606530148949,4.3100395343705e-05,43.100395343705,3026062112969,52.484529202342,2.6500373766725e-05,-0.00010708310705843,1.2610695205555e-05,3.911106897228e-05,-7.6959181636679e-06,-0.0001147790252221,-0.073670914845882,0.082107599726422,0,0,0.00011396068128674,3.0647833797754e-06,3.0647833797754e-06,5.9216017239031e-08,0.00011974391026037,-0.0030647833797754,0.11974392490218,-25836914.114631,7948.5156900324,29202486.269766,76.077493890864,89.022159509058,74.277493890864,76.897945745067,84.859959841283,1.742946713573e-07,0,0,46.948580096474,1.9969804972691,0,0.0022618601264446,3.7811841733452e-08,0,0.0022687105040071,0,-0.0030647833797754,3.0647833797754e-06,0.0041766659494274,0.018522743220891,1.8522743220891e-15,24574442.69699,0.90606530148949,1.4615779560617e-07,0.14615779560617,-3.7811841733452e-08,-1.0869793835689e-08,3000000,24574442.69699,23414677.717676,0.00011415004052402,109.94817753233,3.0647833797754e-06,3.0647833797754e-06,0,0,4.3471267603025e-06,0,3000000,-3.7697668774077e-08,-1.0963327558321e-08,-0.050231787259463,0.11974392490218,0.5131439753254,31.87564313748,29202487.351504,94.570043849084,104277493.89086,109.89794574507,19.417534049581,19.284961628101,0,0,-19417534.049581,-19284961.628101,-94570043.849084,-104277493.89086,0.0019610285944388,-0.00020902601787933,215611.51907344,-215611.51907344
40.904310683563,2.9359302070873e-06,-0.00032452093540657,2.296,25838421.180722,12.1,25838421.180722,23195031.74075,0.89751223992501,4.3100749500018e-05,43.100749500018,3026953047036.1,52.484248088536,2.7138835707948e-05,-0.00010666100759957,1.2787425437719e-05,3.9926261145667e-05,-7.6880238288314e-06,-0.0001143490314284,-0.074036479587414,0.081435168299947,0,0,0.00011659465937248,2.9359302070873e-06,2.9359302070873e-06,5.9865454266487e-08,0.0001223575057141,-0.0029359302070873,0.12235752035919,-25838421.180722,7644.4705091126,29032410.419905,75.710903642432,88.596707593682,73.910903642432,76.478953607022,84.407471605836,1.0547221724688e-07,0,0,46.856232742553,1.9997520311095,0,0.0022261819182202,3.7112234649988e-08,0,0.0022267340789993,0,-0.0029359302070873,2.9359302070873e-06,0.0041766659494274,0.01801335726636,1.801335726636e-15,24476339.91875,0.89751223992501,1.4448715122113e-07,0.14448715122113,-3.7112234649988e-08,-1.0697385163069e-08,3000000,24476339.91875,23195031.74075,0.00011371483649318,109.52899336187,2.9359302070873e-06,2.9359302070873e-06,0,0,2.6306088103204e-06,0,3000000,-3.7103031970337e-08,-1.0800212955378e-08,-0.050039754845329,0.12235752035919,0.50596228245879,31.701963024957,29032411.426331,94.174162035702,103910903.64243,109.47895360702,19.503432036596,19.36027700257,0,0,-19503432.036596,-19360277.00257,-94174162.035702,-103910903.64243,0.0019610285944388,-0.00021080609891339,214789.48795401,-214789.48795401
41.120619849513,2.8277204439656e-06,-0.00032613478781044,2.296,25883609.417874,12.1,25883609.417874,22967639.232502,0.88716167010352,4.3115821866327e-05,43.115821866327,3047567126820.6,52.475065286264,2.7900848628236e-05,-0.00010614977046921,1.3012110050578e-05,4.0912958678814e-05,-7.6797526692427e-06,-0.00011382952313846,-0.074469285766568,0.080626029309771,0,0,0.00011977070639522,2.8277204439656e-06,2.8277204439656e-06,6.0606513822868e-08,0.00012550809593711,-0.0028277204439656,0.12550811057022,-25883609.417874,7240.2228085834,28830941.438608,75.272119834851,88.064393441387,73.472119834851,75.978599445603,83.865494653897,1.2712846992921e-07,0,0,46.745952909988,2.0022526375939,0,0.0021775378329237,3.6210727569168e-08,0,0.0021726436541501,0,-0.0028277204439656,2.8277204439656e-06,0.0041766659494274,0.017590921422513,1.7590921422513e-15,24320456.010893,0.88716167010352,1.4315023867798e-07,0.14315023867798,-3.6210727569168e-08,-1.0454339170257e-08,3000000,24320456.010893,22967639.232502,0.00011319512294124,109.02841046577,2.8277204439656e-06,2.8277204439656e-06,0,0,3.1707427962606e-06,0,3000000,-3.6292297215394e-08,-1.0564804613859e-08,-0.04981102016977,0.12550811057022,0.49747166942037,31.494556825257,28830942.347715,93.704036801959,103472119.83485,108.9785994456,19.606625180955,19.455955225511,0,0,-19606625.180955,-19455955.225511,-93704036.801959,-103472119.83485,0.0019610285944388,-0.0002129396648692,213807.8306529,-213807.8306529
41.380190848653,2.7324913203118e-06,-0.00032807141069508,2.296,25964663.153825,12.1,25964663.153825,22719669.620826,0.87484431755749,4.3142654719219e-05,43.142654719219,3084757069959.9,52.458625308072,2.8817213457364e-05,-0.00010553202526814,1.3291481923814e-05,4.2108695381178e-05,-7.6706435334712e-06,-0.00011320266880161,-0.074988374081675,0.079650385443068,0,0,0.00012359096752537,2.7324913203118e-06,2.7324913203118e-06,6.1438816981328e-08,0.00012929588614994,-0.0027324913203118,0.12929590074719,-25964663.153825,6742.6135606254,28593264.603894,74.746979558473,87.412616880571,72.946979558473,75.381083138656,83.216717814707,1.5282166866733e-07,0,0,46.614258195791,2.0050023650935,0,0.0021275571090361,3.5282787764685e-08,0,0.0021169672658811,0,-0.0027324913203118,2.7324913203118e-06,0.0041766659494274,0.017223104259604,1.7223104259604e-15,24109395.53683,0.87484431755749,1.4205989694157e-07,0.14205989694157,-3.5282787764685e-08,-1.0149926534957e-08,3000000,24109395.53683,22719669.620826,0.00011257448776542,108.43062087078,2.7324913203118e-06,2.7324913203118e-06,0,0,3.8115632581903e-06,0,3000000,-3.5459285150601e-08,-1.0268426712536e-08,-0.049537732121223,0.12929590074719,0.48749971663062,31.246875090921,28593265.398886,93.143407768088,102946979.55847,108.38108313866,19.730261743766,19.574414606486,0,0,-19730261.743766,-19574414.606486,-93143407.768088,-102946979.55847,0.0019610285944388,-0.00021549692292966,212635.54851661,-212635.54851661
41.691676047621,2.6460787458299e-06,-0.00033039535815665,2.296,26076866.008243,12.1,26076866.008243,22440229.583663,0.86036727140885,4.3179251021235e-05,43.179251021235,3136874826187.4,52.4359545082,2.9922395208831e-05,-0.00010478752342942,1.3634443976851e-05,4.3556839185682e-05,-7.6603807588397e-06,-0.00011244790418826,-0.075614669207085,0.078474177932671,0,0,0.00012817701902316,2.6460787458299e-06,2.6460787458299e-06,6.2359063608812e-08,0.00013384084233902,-0.0026460787458299,0.13384085686618,-26076866.008243,6167.760853178,28312728.500063,74.119204896499,86.625314401783,72.319204896499,74.668537443804,82.441247335593,1.8335147280748e-07,0,0,46.457210596345,2.0083180798488,0,0.0020770005013369,3.4331106140113e-08,0,0.0020598663684068,0,-0.0026460787458299,2.6460787458299e-06,0.0041766659494274,0.016892506406087,1.6892506406087e-15,23843515.84214,0.86036727140885,1.4117388294154e-07,0.14117388294154,-3.4331106140113e-08,-9.7814805916304e-09,3000000,23843515.84214,22440229.583663,0.00011183437347998,107.71775019218,2.6460787458299e-06,2.6460787458299e-06,0,0,4.5730146986212e-06,0,3000000,-3.4616675022282e-08,-9.9098809681743e-09,-0.049212748379588,0.13384085686618,0.47586516738942,30.951511514323,28312729.171868,92.474269400029,102319204.8965,107.6685374438,19.877957560905,19.718608862475,0,0,-19877957.560905,-19718608.862475,-92474269.400029,-102319204.8965,0.0019610285944388,-0.00021856098467667,211237.58735696,-211237.58735696
41.878567167002,2.5028849670123e-06,-0.0003317897266336,2.296,26078240.503118,12.1,26078240.503118,22225591.528647,0.85209272677771,4.3179533689847e-05,43.179533689847,3137753814922.9,52.435705453934,3.0611829229714e-05,-0.00010432616234394,1.3819327781823e-05,4.4431157011537e-05,-7.6507959808262e-06,-0.00011197695832477,-0.07600680740645,0.077743150605586,0,0,0.00013094373168386,2.5028849670123e-06,2.5028849670123e-06,6.2903680227909e-08,0.00013658305494226,-0.0025028849670123,0.13658306942749,-26078240.503118,5915.2908241087,28133124.465509,73.723868679732,86.16723620382,71.923868679732,74.220234881164,81.954962837517,1.1066709425002e-07,0,0,46.358403120843,2.0117287967994,0,0.0020440719160408,3.3672922402841e-08,0,0.0020203753441705,0,-0.0025028849670123,2.5028849670123e-06,0.0041766659494274,0.016352660363045,1.6352660363045e-15,23738945.873481,0.85209272677771,1.3932458912325e-07,0.13932458912325,-3.3672922402841e-08,-9.6082078024423e-09,3000000,23738945.873481,22225591.528647,0.0001113687249824,107.2692422158,2.5028849670123e-06,2.5028849670123e-06,0,0,2.7601755302171e-06,0,3000000,-3.4067865267346e-08,-9.7468629120493e-09,-0.049007334635334,0.13658306942749,0.46901254191943,30.765681680172,28133125.087386,92.047570911486,101923868.67973,107.22023488116,19.968905842215,19.797115925285,0,0,-19968905.842215,-19797115.925285,-92047570.911486,-101923868.67973,0.0019610285944388,-0.0002204210016512,210358.05138493,-210358.05138493
42.102836510259,2.3818184480669e-06,-0.00033346296880593,2.296,26126103.865562,12.1,26126103.865562,22006469.709958,0.84214714490396,4.3194942527736e-05,43.194942527736,3160233859971.4,52.426067339397,3.1430174875434e-05,-0.00010377312440932,1.4054075428229e-05,4.5484250303663e-05,-7.64087503826e-06,-0.00011141399944758,-0.076469728141015,0.076870657083251,0,0,0.0001342689760893,2.3818184480669e-06,2.3818184480669e-06,6.3519277291105e-08,0.00013987837756659,-0.0023818184480669,0.13987839198875,-26126103.865562,5572.0382449452,27921614.347016,73.254328769969,85.598590420283,71.454328769969,73.689007876358,81.376915323167,1.3297153983381e-07,0,0,46.241318804049,2.0147810672496,0,0.0019960205309998,3.2782449262837e-08,0,0.0019669469557702,0,-0.0023818184480669,2.3818184480669e-06,0.0041766659494274,0.015903011569471,1.5903011569471e-15,23573769.41719,0.84214714490396,1.3783230991185e-07,0.13783230991185,-3.2782449262837e-08,-9.3623745628186e-09,3000000,23573769.41719,22006469.709958,0.00011081694408787,106.73777237599,2.3818184480669e-06,2.3818184480669e-06,0,0,3.316476256469e-06,0,3000000,-3.3267008849997e-08,-9.5092192004596e-09,-0.048764499634885,0.13987839198875,0.46094381170331,30.545478106903,27921614.902994,91.544904180294,101454328.76997,106.68900787636,20.077413446802,19.896363352385,0,0,-20077413.446802,-19896363.352385,-91544904.180294,-101454328.76997,0.0019610285944388,-0.00022264602471806,209315.82388284,-209315.82388284
42.371959722167,2.2749430903471e-06,-0.00033547085941273,2.296,26211660.842949,12.1,26211660.842949,21770553.875205,0.83040142707006,4.3222272438768e-05,43.222272438768,3200657331647.1,52.408872564329,3.2408355958982e-05,-0.00010311272201091,1.4345296837512e-05,4.6753652796494e-05,-7.6302297918743e-06,-0.00011074295180278,-0.077023370628066,0.075828328173278,0,0,0.00013825337840646,2.2749430903471e-06,2.2749430903471e-06,6.4202379200153e-08,0.00014382551590395,-0.0022749430903471,0.14382553023363,-26211660.842949,5147.3990711046,27674004.806836,72.69750441706,84.908583337443,70.89750441706,73.060370072303,80.691138456632,1.5925032893157e-07,0,0,46.102764801462,2.0181105803959,0,0.0019456306109381,3.1850348550899e-08,0,0.001911020913054,0,-0.0022749430903471,2.2749430903471e-06,0.0041766659494274,0.015511197940162,1.5511197940162e-15,23351798.200639,0.83040142707006,1.3660637989426e-07,0.13660637989426,-3.1850348550899e-08,-9.0556342638627e-09,3000000,23351798.200639,21770553.875205,0.00011016398372632,106.10884748536,2.2749430903471e-06,2.2749430903471e-06,0,0,3.9719020730046e-06,0,3000000,-3.2427176848969e-08,-9.2108273978331e-09,-0.048477413053789,0.14382553023363,0.45151228556546,30.284895927358,27674005.285547,90.951003272375,100897504.41706,106.0603700723,20.206365960427,20.018386958228,0,0,-20206365.960427,-20018386.958228,-90951003.272375,-100897504.41706,0.0019610285944388,-0.00022530687568641,208082.48370564,-208082.48370564
42.694907576457,2.1780235570991e-06,-0.00033788032814089,2.296,26329290.070037,12.1,26329290.070037,21507763.16994,0.81671504861734,4.3259269659984e-05,43.259269659984,3256945744883.5,52.385325963343,3.3580451686763e-05,-0.00010232741134255,1.4701672789376e-05,4.8282124476139e-05,-7.6186762895152e-06,-0.00010994608763207,-0.077689588702766,0.074584674395952,0,0,0.00014301524807356,2.1780235570991e-06,2.1780235570991e-06,6.4947311712168e-08,0.00014854128229777,-0.0021780235570991,0.14854129649636,-26329290.070037,4661.4176098571,27384507.446208,72.03891884029,84.083752320282,70.23891884029,72.318585447997,79.879954864849,1.902358339155e-07,0,0,45.939272838217,2.0220837679882,0,0.0018939707608861,3.0884141140637e-08,0,0.0018530484684382,0,-0.0021780235570991,2.1780235570991e-06,0.0041766659494274,0.015160070012437,1.5160070012437e-15,23074722.466653,0.81671504861734,1.3560363220828e-07,0.13560363220828,-3.0884141140637e-08,-8.6874489706919e-09,3000000,23074722.466653,21507763.16994,0.00010939349885558,105.36672416271,2.1780235570991e-06,2.1780235570991e-06,0,0,4.7447192615287e-06,0,3000000,-3.1566179348101e-08,-8.8527605517551e-09,-0.04813871471319,0.14854129649636,0.4405681287032,29.977412265211,27384507.842944,90.24960470791,100238918.84029,105.318585448,20.358963975441,20.16561081419,0,0,-20358963.975441,-20165610.81419,-90249604.70791,-100238918.84029,0.0019610285944388,-0.0002284868292853,206627.15796149,-206627.15796149
42.888676289032,2.022601133562e-06,-0.00033932600937778,2.296,26329906.213154,12.1,26329906.213154,21303293.178983,0.80893211028576,4.3259293235178e-05,43.259293235178,3257505513954.6,52.385232877519,3.4314523533459e-05,-0.00010184681879844,1.4892086491742e-05,4.9206610025201e-05,-7.6082560852034e-06,-0.00010945507488365,-0.078112111140045,0.073815710508917,0,0,0.00014588037625535,2.022601133562e-06,2.022601133562e-06,6.5389013573424e-08,0.00015137927050096,-0.002022601133562,0.15137928462351,-26329906.213154,4466.7506733325,27199895.545966,71.626583727053,83.606962622556,69.826583727053,71.854358045824,79.374137292966,1.1452719679048e-07,0,0,45.836955471577,2.0261541937801,0,0.0018638135186237,3.0271823505683e-08,0,0.001816309410341,0,-0.002022601133562,2.022601133562e-06,0.0041766659494274,0.01460604085658,1.460604085658e-15,22967298.159172,0.80893211028576,1.336067097246e-07,0.1336067097246,-3.0271823505683e-08,-8.5164252599057e-09,3000000,22967298.159172,21303293.178983,0.00010891130923748,104.90228394445,2.022601133562e-06,2.022601133562e-06,0,0,2.8564513078123e-06,0,3000000,-3.1063558643728e-08,-8.692195349938e-09,-0.047925898628208,0.15137928462351,0.43414447532235,29.784981285906,27199895.91273,89.804278072836,99826583.727053,104.85435804582,20.452446434088,20.24490216428,0,0,-20452446.434088,-20244902.16428,-89804278.072836,-99826583.727053,0.0019610285944388,-0.0002304147001403,205716.37864983,-205716.37864983
43.12119874412,1.8907407434206e-06,-0.00034106082686206,2.296,26379197.259154,12.1,26379197.259154,21097888.890847,0.79963716258727,4.3274587080723e-05,43.274587080723,3281366275867.2,52.375400733722,3.5180472735569e-05,-0.00010127566440629,1.5133700725294e-05,5.0314173460862e-05,-7.5976986607942e-06,-0.00010887336306709,-0.078608558158511,0.07290487258801,0,0,0.0001493130284787,1.8907407434206e-06,1.8907407434206e-06,6.5883938834261e-08,0.00015477926244082,-0.0018907407434206,0.15477927646302,-26379197.259154,4190.5586157573,26983912.770624,71.140560945271,83.019119506414,69.340560945271,71.308442404736,78.777335061056,1.3718609871628e-07,0,0,45.716633727228,2.0298141711729,0,0.0018168311149163,2.9403866667953e-08,0,0.0017642320000772,0,-0.0018907407434206,1.8907407434206e-06,0.0041766659494274,0.014144167152458,1.4144167152458e-15,22797597.601905,0.79963716258727,1.3198824537105e-07,0.13198824537105,-2.9403866667953e-08,-8.2731841199434e-09,3000000,22797597.601905,21097888.890847,0.00010834427138684,104.35611875709,1.8907407434206e-06,1.8907407434206e-06,0,0,3.4215926179411e-06,0,3000000,-3.0280518581938e-08,-8.4571964251789e-09,-0.04767635235504,0.15477927646302,0.42660919453965,29.558688996952,26983913.096018,89.283807247378,99340560.945271,104.30844240474,20.563225884215,20.344759673711,0,0,-20563225.884215,-20344759.673711,-89283807.247378,-99340560.945271,0.0019610285944388,-0.00023271655547522,204645.33314609,-204645.33314609
43.400225690227,1.7743789956418e-06,-0.00034314260784319,2.296,26467443.595337,12.1,26467443.595337,20879848.020621,0.78873721172048,4.330175337439e-05,43.30175337439,3324339188017.6,52.357832582298,3.6208976065934e-05,-0.00010060051378277,1.5432944709854e-05,5.1641920775788e-05,-7.5867220342151e-06,-0.00010818723581698,-0.079199708679963,0.071825896904316,0,0,0.00015341107334635,1.7743789956418e-06,1.7743789956418e-06,6.6426789140108e-08,0.00015883727139772,-0.0017743789956418,0.15883728528778,-26467443.595337,3843.5917016363,26733152.496046,70.569310174363,82.31175637735,68.769310174363,70.668158249831,78.075473384706,1.63708245777e-07,0,0,45.575512827589,2.0338011349094,0,0.0017665714719297,2.8480194953624e-08,0,0.0017088116972174,0,-0.0017743789956418,1.7743789956418e-06,0.0041766659494274,0.013742851605625,1.3742851605625e-15,22570743.671644,0.78873721172048,1.3065581394104e-07,0.13065581394104,-2.8480194953624e-08,-7.9713837912727e-09,3000000,22570743.671644,20879848.020621,0.00010767921418788,103.71554231362,1.7743789956418e-06,1.7743789956418e-06,0,0,4.0830880860976e-06,0,3000000,-2.9442857865496e-08,-8.1637963437631e-09,-0.047384063793189,0.15883728528778,0.41783915842614,29.293279186188,26733152.772354,88.674382219859,98769310.174363,103.66815824983,20.693836789657,20.466767597521,0,0,-20693836.789657,-20466767.597521,-88674382.219859,-98769310.174363,0.0019610285944388,-0.00023546339365531,203389.14370286,-203389.14370286
43.567641857891,1.6136071984166e-06,-0.00034439167643186,2.296,26454758.426214,12.1,26454758.426214,20705911.190593,0.78254221467382,4.3297720424552e-05,43.297720424552,3318375926249.6,52.360381347279,3.6855085457843e-05,-0.00010018924389503,1.5590345502649e-05,5.2445430960492e-05,-7.5769334799581e-06,-0.00010776617737499,-0.07957710989535,0.071159437160972,0,0,0.00015587442366267,1.6136071984166e-06,1.6136071984166e-06,6.6751928171547e-08,0.00016127702396732,-0.0016136071984166,0.1612770377815,-26454758.426214,3715.3126658384,26573283.652202,70.211507954205,81.906038007189,68.411507954205,70.267086599181,77.637676282384,9.8461046825645e-08,0,0,45.487115212677,2.0378134386606,0,0.0017389882911403,2.7927117828688e-08,0,0.0016756270697213,0,-0.0016136071984166,1.6136071984166e-06,0.0041766659494274,0.01319813585802,1.319813585802e-15,22490883.421639,0.78254221467382,1.28548497111e-07,0.128548497111,-2.7927117828688e-08,-7.8347268114883e-09,3000000,22490883.421639,20705911.190593,0.00010726262420409,103.31428700714,1.6136071984166e-06,1.6136071984166e-06,0,0,2.4557414645205e-06,0,3000000,-2.8983138185672e-08,-8.0359340946978e-09,-0.047200407960219,0.1612770377815,0.41267832796509,29.12702745235,26573283.911928,88.286814242705,98411507.954205,103.26708659918,20.773831671822,20.531398853044,0,0,-20773831.671822,-20531398.853044,-88286814.242705,-98411507.954205,0.0019610285944388,-0.00023712905222777,202602.27123433,-202602.27123433
43.768541259088,1.4771231675954e-06,-0.00034589055873828,2.296,26489577.963834,12.1,26489577.963834,20536287.560401,0.77511310099121,4.3308351688134e-05,43.308351688134,3335452897832.2,52.353464312204,3.761221154455e-05,-9.9702145028609e-05,1.5792693613833e-05,5.3404905158383e-05,-7.5672560774191e-06,-0.00010726940110603,-0.080016933485048,0.070373905222228,0,0,0.00015882282724869,1.4771231675954e-06,1.4771231675954e-06,6.711678316654e-08,0.00016419716450022,-0.0014771231675954,0.16419717821746,-26489577.963834,3512.4176783662,26387412.563193,69.792106878169,81.403640786813,67.992106878169,69.797990414651,77.123798943794,1.1782610630991e-07,0,0,45.383724749129,2.0412507777336,0,0.0016946313075532,2.7124930640975e-08,0,0.0016274958384585,0,-0.0014771231675954,1.4771231675954e-06,0.0041766659494274,0.012744528711496,1.2744528711496e-15,22352556.514407,0.77511310099121,1.2682282568715e-07,0.12682282568715,-2.7124930640975e-08,-7.6346718694525e-09,3000000,22352556.514407,20536287.560401,0.00010677537805914,102.84497639278,1.4771231675954e-06,1.4771231675954e-06,0,0,2.9387302308559e-06,0,3000000,-2.8243855125886e-08,-7.8420979889643e-09,-0.046985978129783,0.16419717821746,0.40661248875862,28.932578271291,26387412.796962,87.83700022724,97992106.878169,102.79799041465,20.868307934374,20.613878003494,0,0,-20868307.934374,-20613878.003494,-87837000.22724,-97992106.878169,0.0019610285944388,-0.00023911518067914,201681.93973721,-201681.93973721
44.009620540524,1.3564606486691e-06,-0.00034768921750597,2.296,26562244.458015,12.1,26562244.458015,20360311.672962,0.76637146168016,4.3330421072501e-05,43.330421072501,3371224855787.8,52.339047449348,3.8507423926207e-05,-9.912838834271e-05,1.6045073593276e-05,5.4552497519483e-05,-7.5574174615508e-06,-0.00010668580580426,-0.080537996654541,0.069447031381685,0,0,0.00016233913224378,1.3564606486691e-06,1.3564606486691e-06,6.7517548855189e-08,0.00016767891041842,-0.0013564606486691,0.16767892401172,-26562244.458015,3243.5468212129,26172827.650082,69.301520707568,80.7982780798,67.501520707568,69.250296995097,76.522160384362,1.4045839463845e-07,0,0,45.263011176099,2.0448926822612,0,0.0016473681049669,2.6276511979551e-08,0,0.0015765907187731,0,-0.0013564606486691,1.3564606486691e-06,0.0041766659494274,0.012350330287866,1.2350330287866e-15,22161262.287054,0.76637146168016,1.2537933520916e-07,0.12537933520916,-2.6276511979551e-08,-7.3849338532296e-09,3000000,22161262.287054,20360311.672962,0.00010620649392409,102.29703288275,1.3564606486691e-06,1.3564606486691e-06,0,0,3.5032077646342e-06,0,3000000,-2.7456135082781e-08,-7.598461482949e-09,-0.046735887650101,0.16767892401172,0.39953504945633,28.705549059765,26172827.851065,87.313183846189,97501520.707568,102.2502969951,20.979360323206,20.715377402463,0,0,-20979360.323206,-20715377.402463,-87313183.846189,-97501520.707568,0.0019610285944388,-0.00024148272358188,200607.40636558,-200607.40636558
44.298915678247,1.2468794294573e-06,-0.00034984760802721,2.296,26665886.653761,12.1,26665886.653761,20169243.741436,0.75623225806209,4.336147305428e-05,43.36147305428,3422815865858.9,52.318556445527,3.9569834344102e-05,-9.8456391356735e-05,1.6354363728735e-05,5.5924198072837e-05,-7.5473901173379e-06,-0.00010600378147407,-0.081160565900457,0.068354921781301,0,0,0.00016651975837202,1.2468794294573e-06,1.2468794294573e-06,6.7949217926306e-08,0.00017181749637758,-0.0012468794294573,0.17181750981362,-26665886.653761,2926.4908446074,25925695.936417,68.729708100474,80.082287300072,66.929708100474,68.613183638597,75.820498133029,1.669244217322e-07,0,0,45.122589131679,2.0491708274524,0,0.0015988119853188,2.5398024539706e-08,0,0.0015238814723824,0,-0.0012468794294573,1.2468794294573e-06,0.0041766659494274,0.011998009135273,1.1998009135273e-15,21920965.332663,0.75623225806209,1.241660914341e-07,0.1241660914341,-2.5398024539706e-08,-7.0877627206995e-09,3000000,21920965.332663,20169243.741436,0.00010554473002267,101.65962851054,1.2468794294573e-06,1.2468794294573e-06,0,0,4.1633035307328e-06,0,3000000,-2.6646866421981e-08,-7.3090502980215e-09,-0.046444871939556,0.17181750981362,0.39133615888359,28.441453604508,25925696.101588,86.703541111408,96929708.100474,101.6131836386,21.109209967445,20.837298297825,0,0,-21109209.967445,-20837298.297825,-86703541.111408,-96929708.100474,0.0019610285944388,-0.00024430287800454,199357.43779078,-199357.43779078
44.472492760881,1.0888826487784e-06,-0.00035114264233995,2.296,26660470.016096,12.1,26660470.016096,20012016.60528,0.75049035575558,4.3359712456656e-05,43.359712456656,3420357877109.4,52.319652874454,4.0240485050114e-05,-9.8051676097493e-05,1.6516579571661e-05,5.6757064621775e-05,-7.5382316707358e-06,-0.00010558990776823,-0.08156271302174,0.067682727982326,0,0,0.00016902668700632,1.0888826487784e-06,1.0888826487784e-06,6.8207587574503e-08,0.00017429985310703,-0.0010888826487784,0.17429986645264,-26660470.016096,2816.3879856127,25768654.764853,68.373416117146,79.674414553178,66.573416117146,68.2160348638,75.385069601106,1.0015792416045e-07,0,0,45.035056132525,2.0533387413705,0,0.0015749271321912,2.4919605161742e-08,0,0.0014951763097045,0,-0.0010888826487784,1.0888826487784e-06,0.0041766659494274,0.0114988994412,1.14988994412e-15,21834997.393386,0.75049035575558,1.2212082805304e-07,0.12212082805304,-2.4919605161742e-08,-6.9544889763958e-09,3000000,21834997.393386,20012016.60528,0.00010513221461664,101.2622977966,1.0888826487784e-06,1.0888826487784e-06,0,0,2.4980637042858e-06,0,3000000,-2.624878553652e-08,-7.1835450323689e-09,-0.046262932799522,0.17429986645264,0.38652481503912,28.276827976407,25768654.918762,86.317121834635,96573416.117146,101.2160348638,21.188346516041,20.901334944389,0,0,-21188346.516041,-20901334.944389,-86317121.834635,-96573416.117146,0.0019610285944388,-0.00024601042772331,198578.26171017,-198578.26171017
44.680785260042,9.5392081834132e-07,-0.00035269668351524,2.296,26700572.14732,12.1,26700572.14732,19859393.956645,0.74365013804633,4.3371586063304e-05,43.371586063304,3440524420265.1,52.311748700892,4.1023988511846e-05,-9.7574954344286e-05,1.6723734919739e-05,5.7747723431584e-05,-7.5294095204048e-06,-0.00010510436386469,-0.08203069821078,0.066893975063241,0,0,0.00017201998755627,9.5392081834132e-07,9.5392081834132e-07,6.8495294235832e-08,0.00017726405894022,-0.00095392081834132,0.1772640721736,-26700572.14732,2647.2740898347,25586702.825989,67.957929420433,79.173840716835,66.157929420433,67.753950782875,74.876592791303,1.1957719891817e-07,0,0,44.933211161493,2.0572513520982,0,0.0015345059659872,2.4190178979071e-08,0,0.0014514107387442,0,-0.00095392081834132,9.5392081834132e-07,0.0041766659494274,0.011081304236327,1.1081304236327e-15,21693185.494004,0.74365013804633,1.2044070334565e-07,0.12044070334565,-2.4190178979071e-08,-6.7614317834871e-09,3000000,21693185.494004,19859393.956645,0.00010465225186674,100.80000247553,9.5392081834132e-07,9.5392081834132e-07,0,0,2.9824046672443e-06,0,3000000,-2.5575099433121e-08,-6.9968434989845e-09,-0.046051692653663,0.1772640721736,0.38088456174076,28.085285444024,25586702.962936,85.870717959301,96157929.420433,100.75395078288,21.28133662913,20.982338917362,0,0,-21281336.62913,-20982338.917362,-85870717.959301,-96157929.420433,0.0019610285944388,-0.00024804443164849,197671.6874339,-197671.6874339
44.930736259035,8.343726940833e-07,-0.00035456153292558,2.296,26776952.029582,12.1,26776952.029582,19701798.59366,0.73564739466778,4.3394070913377e-05,43.394070913377,3479092016734.5,52.296715257124,4.1946753573805e-05,-9.7017157757933e-05,1.6980998287669e-05,5.8927751861475e-05,-7.5207718999998e-06,-0.00010453792965793,-0.0825835817659,0.065968257954292,0,0,0.00017558092492505,8.343726940833e-07,8.343726940833e-07,6.8808177438958e-08,0.00018078987953018,-0.0008343726940833,0.18078989262429,-26776952.029582,2425.9618035732,25377647.74987,67.474890413759,78.575556557808,65.674890413759,67.217801127528,74.284878571847,1.4220341370811e-07,0,0,44.815041875053,2.0615686008228,0,0.0014906587675044,2.3403398303682e-08,0,0.0014042038982209,0,-0.0008343726940833,8.343726940833e-07,0.0041766659494274,0.010718293849795,1.0718293849795e-15,21501110.240082,0.73564739466778,1.1903705655026e-07,0.11903705655026,-2.3403398303682e-08,-6.5218707574008e-09,3000000,21501110.240082,19701798.59366,0.00010409535817114,100.26360803687,8.343726940833e-07,8.343726940833e-07,0,0,3.5467307193855e-06,0,3000000,-2.4844312791739e-08,-6.7641621821769e-09,-0.045806909336875,0.18078989262429,0.37432140859117,27.863041339627,25377647.865824,85.353855115925,95674890.413759,100.21780112753,21.390011841912,21.081229057293,0,0,-21390011.841912,-21081229.057293,-85353855.115925,-95674890.413759,0.0019610285944388,-0.00025046617475444,196619.80206101,-196619.80206101
45.230677457827,7.2612365392444e-07,-0.000356799352218,2.296,26882940.174444,12.1,26882940.174444,19531462.996711,0.72641559023458,4.3424845407689e-05,43.424845407689,3533212967815.8,52.275927229016,4.3037140620146e-05,-9.6369069788493e-05,1.7295233173643e-05,6.0332373793788e-05,-7.512430098477e-06,-0.00010388149988697,-0.083242077511915,0.064884124531028,0,0,0.00017980357797548,7.2612365392444e-07,7.2612365392444e-07,6.9141285291587e-08,0.00018497034114811,-0.00072612365392444,0.18497035407049,-26882940.174444,2168.1772873304,25138385.702993,66.915850209898,77.873646871653,65.115850209898,66.598595749348,73.599595779054,1.6857190024959e-07,0,0,44.678566812598,2.0667389334738,0,0.0014450138789322,2.257681227631e-08,0,0.0013546087365786,0,-0.00072612365392444,7.2612365392444e-07,0.0041766659494274,0.010395376411526,1.0395376411526e-15,21262994.436259,0.72641559023458,1.178661741273e-07,0.1178661741273,-2.257681227631e-08,-6.2386671495991e-09,3000000,21262994.436259,19531462.996711,0.0001034521951512,99.644119847685,7.2612365392444e-07,7.2612365392444e-07,0,0,4.2043937023032e-06,0,3000000,-2.408356464887e-08,-6.4898115747286e-09,-0.0455240983366,0.18497035407049,0.36673962514917,27.606369077807,25138385.796496,84.756304943154,95115850.209898,99.598595749348,21.516254430844,21.199058668334,0,0,-21516254.430844,-21199058.668334,-84756304.943154,-95115850.209898,0.0019610285944388,-0.0002533471570668,195404.96759524,-195404.96759524
45.410642177102,5.6823425437541e-07,-0.00035814204379345,2.296,26878835.449967,12.1,26878835.449967,19388179.80189,0.72119765411701,4.3423511870204e-05,43.423511870204,3531375099049.4,52.276759082321,4.3728717575729e-05,-9.5982909246085e-05,1.7459482086758e-05,6.1188199662488e-05,-7.5043434566567e-06,-0.00010348725270274,-0.083671412326794,0.064218489295527,0,0,0.00018233162045738,5.6823425437541e-07,5.6823425437541e-07,6.9342119312591e-08,0.00018747393845672,-0.00056823425437541,0.18747395128071,-26878835.449967,2089.9400377563,24986541.618192,66.568546286868,77.475670681573,64.768546286868,66.213632988412,73.175602231178,1.009887469326e-07,0,0,44.593719654138,2.0714149680605,0,0.0014249375326733,2.2165976382502e-08,0,0.0013299585829501,0,-0.00056823425437541,5.6823425437541e-07,0.0041766659494274,0.00993264077839,9.93264077839e-16,21178540.657841,0.72119765411701,1.158445803448e-07,0.1158445803448,-2.2165976382502e-08,-6.1129134296647e-09,3000000,21178540.657841,19388179.80189,0.00010305233721043,99.258980677712,5.6823425437541e-07,5.6823425437541e-07,0,0,2.5187854617423e-06,0,3000000,-2.3748958877888e-08,-6.3717674752052e-09,-0.045347689300371,0.18747395128071,0.36229827572592,27.446794781382,24986541.705596,84.378090291648,94768546.286868,99.213632988412,21.59294405569,21.260333777494,0,0,-21592944.05569,-21260333.777494,-84378090.291648,-94768546.286868,0.0019610285944388,-0.00025508970658302,194649.69955898,-194649.69955898
45.626599840232,4.3350923212671e-07,-0.00035975327368399,2.296,26919788.21067,12.1,26919788.21067,19251005.303445,0.71500781814699,4.3435256161165e-05,43.435256161165,3552511491734.5,52.268752659084,4.4533216010367e-05,-9.5530124085344e-05,1.7668813383505e-05,6.2202029393871e-05,-7.4969301586265e-06,-0.00010302705424397,-0.084169172526096,0.063441014590401,0,0,0.00018534486426115,4.3350923212671e-07,4.3350923212671e-07,6.9564454620301e-08,0.00019045846652948,-0.00043350923212671,0.1904584792336,-26919788.21067,1961.2008009623,24811402.930525,66.165582625549,76.989421873523,64.365582625549,65.76805818958,72.682929344757,1.2036472656098e-07,0,0,44.495513387458,2.0760777815721,0,0.0013879203619181,2.1496592930459e-08,0,0.0012897955758276,0,-0.00043350923212671,4.3350923212671e-07,0.0041766659494274,0.0095466933632025,9.5466933632025e-16,21039732.079956,0.71500781814699,1.1418943371696e-07,0.11418943371696,-2.1496592930459e-08,-5.9300308982026e-09,3000000,21039732.079956,19251005.303445,0.00010258952247594,98.8132021536,4.3350923212671e-07,4.3350923212671e-07,0,0,3.0020465901087e-06,0,3000000,-2.3132006031968e-08,-6.1956958297847e-09,-0.045143964020212,0.1904584792336,0.35710128899913,27.262095656574,24811403.008036,83.943445028562,94365582.625549,98.76805818958,21.682653280792,21.337643457548,0,0,-21682653.280792,-21337643.457548,-83943445.028562,-94365582.625549,0.0019610285944388,-0.00025716375120805,193775.51525476,-193775.51525476
45.885749035987,3.1301985237509e-07,-0.00036168674955264,2.296,27002018.429571,12.1,27002018.429571,19114708.889637,0.7077873433222,4.3458747513523e-05,43.458747513523,3595032489171.8,52.25268982899,4.5477537625147e-05,-9.5003876037343e-05,1.7928214767689e-05,6.3405752392835e-05,-7.4901097615674e-06,-0.00010249398579891,-0.084755900529243,0.062533032998908,0,0,0.00018892100826366,3.1301985237509e-07,3.1301985237509e-07,6.9800238772617e-08,0.00019399974334065,-0.00031301985237509,0.19399975589756,-27002018.429571,1772.8459074427,24611533.341689,65.700291004827,76.410626588804,63.900291004827,65.25456626253,72.113373637122,1.4278633679931e-07,0,0,44.382337944731,2.081563685043,0,0.0013470946982886,2.0758443183044e-08,0,0.0012455065909826,0,-0.00031301985237509,3.1301985237509e-07,0.0041766659494274,0.0092150045215471,9.2150045215471e-16,20850559.306629,0.7077873433222,1.1289167723814e-07,0.11289167723814,-2.0758443183044e-08,-5.7035573733751e-09,3000000,20850559.306629,19114708.889637,0.00010205616320629,98.299475838668,3.1531578295583e-07,3.1301985237509e-07,0,0,3.5612695492256e-06,0,3000000,-2.245157830481e-08,-5.9777337957857e-09,-0.044909576138195,0.19399975589756,0.35106951523969,27.04924360621,24611533.405541,83.443763410828,93900291.004827,98.25456626253,21.786917367705,21.432385242337,0,0,-21786917.367705,-21432385.242337,-83443763.410828,-93900291.004827,0.0019610285944388,-0.00025963058634635,192768.08264378,-192768.08264378
46.196728070895,1.963985339975e-07,-0.00036400692059501,2.296,27135207.63597,12.1,27135207.63597,18983112.067005,0.69947224215257,4.3496315291982e-05,43.496315291982,3664528513015.2,52.226753031717,4.6592007614955e-05,-9.4399474506056e-05,1.8243807293221e-05,6.4835814908176e-05,-7.4839374228591e-06,-0.00010188341192891,-0.085456169792614,0.061476166153945,0,0,0.00019314165963144,1.963985339975e-07,1.963985339975e-07,7.0023774009165e-08,0.00019817796069784,-0.0001963985339975,0.19817797306886,-27135207.63597,1476.0185770246,24386323.071263,65.16825282538,75.726412033556,63.36825282538,64.668359751365,71.461219127542,1.6842563413685e-07,0,0,44.253135949654,2.0888397050071,0,0.0013043684939155,1.9965725715752e-08,0,0.0011979435429451,0,-0.0001963985339975,1.963985339975e-07,0.0041766659494274,0.0090029582285424,9.0029582285424e-16,20596932.013627,0.69947224215257,1.12243780496e-07,0.112243780496,-1.9965725715752e-08,-5.4358372981179e-09,3000000,20596932.013627,18983112.067005,0.00010144727534512,97.713001139664,2.3942950031467e-07,1.963985339975e-07,0,0,4.2007456427966e-06,0,3000000,-2.1739474898592e-08,-5.724700046018e-09,-0.044641388299226,0.19817797306886,0.34413606610141,26.806249994694,24386323.115932,82.87407641601,93368252.82538,97.668359751365,21.907033697838,21.547876515668,0,0,-21907033.697838,-21547876.515668,-82874076.41601,-93368252.82538,0.0019610285944388,-0.0002625596452499,191617.98947774,-191617.98947774
46.383315491839,9.8444288437628e-09,-0.00036539902322044,2.296,27201480.545331,12.1,27201480.545331,18899468.263475,0.69470514726697,4.3514953016306e-05,43.514953016306,3698974788777.6,52.213848203042,4.7319820191555e-05,-9.404959405179e-05,1.8402706246172e-05,6.5722526437727e-05,-7.4758212518208e-06,-0.00010152541530361,-0.085934531231524,0.06082555274131,0,0,0.00019564861714448,9.8444288437628e-09,9.8444288437628e-09,7.0130355839234e-08,0.00020065891365183,-9.8444288437628e-06,0.20065892590713,-27201480.545331,1257.4164347054,24247729.419103,64.84073658305,75.305531996599,63.04073658305,64.306325941341,71.060913965296,1.0002775477983e-07,0,0,44.173342413333,2.0983969536174,0,0.0012908652005677,1.9587108229504e-08,0,0.0011752264937703,0,-9.8444288437628e-06,9.8444288437628e-09,0.0041766659494274,0.008794073619867,8.794073619867e-16,20441325.689249,0.69470514726697,1.1134550033255e-07,0.11134550033255,-1.9587108229504e-08,-5.3128027283185e-09,3000000,20441325.689249,18899468.263475,0.00010107123399807,97.350801874602,1.6525884578007e-07,9.8444288437628e-09,0,0,2.4948171173795e-06,0,3000000,-2.1514420009462e-08,-5.6252452412791e-09,-0.044475933260543,0.20065892590713,0.34010893668301,26.656180179172,24247729.451706,82.517076423927,93040736.58305,97.306325941341,21.979822617754,21.614695923086,0,0,-21979822.617754,-21614695.923086,-82517076.423927,-93040736.58305,0.0019610285944388,-0.00026432778922237,190907.7063218,-190907.7063218
46.607220396972,0,-0.00036706954637095,2.296,27304534.076373,12.1,27304534.076373,18819146.905651,0.68914943503803,4.3543442293309e-05,43.543442293309,3753485631981.3,52.193876429582,4.8168122240009e-05,-9.3645516724498e-05,1.8603041175969e-05,6.6771163415978e-05,-7.4680746664044e-06,-0.0001011135913909,-0.086493834668893,0.060070519949447,0,0,0.00019861526910903,-1.6971947678973e-07,-1.6971947678973e-07,7.0208092756781e-08,0.00020359406355722,0.00016971947678973,0.20359407566262,-27304534.076373,921.70418423621,24090721.523306,64.466891411201,74.815985928238,62.666891411201,63.894164837515,70.603252717005,1.1831232008407e-07,0,0,44.082500643593,2.1072643442698,0,0.0012592642184097,1.8954585760942e-08,0,0.0011372751456565,0,0.00016971947678973,-1.6971947678973e-07,0.0041766659494274,0.0086494938603993,8.6494938603993e-16,20248490.861728,0.68914943503803,1.1090046527877e-07,0.11090046527877,-1.8954585760942e-08,-5.1367097001026e-09,3000000,20248490.861728,18819146.905651,0.00010064312603342,96.938452564127,1.132280901084e-07,-1.6971947678973e-07,0,0,2.95085700956e-06,0,3000000,-2.0987736973496e-08,-5.4773569368025e-09,-0.044287726612097,0.20359407566262,0.3354312500869,26.485331658663,24090721.540938,82.112118263191,92666891.411201,96.894164837515,22.063638694197,21.695893543821,0,0,-22063638.694197,-21695893.543821,-82112118.263191,-92666891.411201,0.0019610285944388,-0.00026642642033753,190099.07717867,-190099.07717867
46.875906283132,0,-0.00036907417415157,2.296,27427290.071992,12.1,27427290.071992,18728802.008366,0.68277467152334,4.3576692657606e-05,43.576692657606,3819641757511.5,52.1702146576,4.9157541201554e-05,-9.3183633468009e-05,1.8850068526243e-05,6.8007609727796e-05,-7.4612751435586e-06,-0.00010064490861157,-0.087150598705069,0.059198197173822,0,0,0.00020211895569652,-3.4329136129905e-07,-3.4329136129905e-07,7.0257840308509e-08,0.00020706035449354,0.00034329136129905,0.20706036641316,-27427290.071992,582.62288320665,23915244.429681,64.041645820653,74.255231741487,62.241645820653,63.426900567691,70.082153132018,1.3968213240066e-07,0,0,43.979513940547,2.1163466411722,0,0.0012232083615762,1.8262074945522e-08,0,0.0010957244967313,0,0.00034329136129905,-3.4329136129905e-07,0.0041766659494274,0.0085760568215053,8.5760568215053e-16,20022643.20139,0.68277467152334,1.1073435528551e-07,0.11073435528551,-1.8262074945522e-08,-4.9268898956816e-09,3000000,20022643.20139,18728802.008366,0.00010015778290823,96.470974919375,8.6889509367077e-08,-3.4329136129905e-07,0,0,3.4838468150392e-06,0,3000000,-2.0386806026269e-08,-5.293827142939e-09,-0.044074351684174,0.20706036641316,0.3300260023144,26.291641840664,23915244.436778,81.651959572891,92241645.820653,96.426900567691,22.159492688635,21.790317253385,0,0,-22159492.688635,-21790317.253385,-81651959.572891,-92241645.820653,0.0019610285944388,-0.00026891639124334,189182.33976068,-189182.33976068
47.198329346523,0,-0.0003714797274883,2.296,27557190.175368,12.1,27557190.175368,18617983.647556,0.67553661120099,4.3610997101347e-05,43.610997101347,3891207246552.8,52.145340225294,5.0311839474028e-05,-9.2660427919515e-05,1.915081864857e-05,6.9462658122598e-05,-7.4562339253197e-06,-0.00010011666184484,-0.087924153459682,0.05819432388031,0,0,0.00020625249806565,-5.0724477939701e-07,-5.0724477939701e-07,7.0288308924355e-08,0.00021115113346089,0.00050724477939701,0.21115114515973,-27557190.175368,325.77671962132,23717513.831566,63.559494085715,73.626813845225,61.759494085715,62.899065241154,69.490890031715,1.6480980199101e-07,0,0,43.863177161679,2.1259454701411,0,0.0011851127397464,1.7542482757445e-08,0,0.0010525489654467,0,0.00050724477939701,-5.0724477939701e-07,0.0041766659494274,0.0085344421131839,8.5344421131839e-16,19778866.26585,0.67553661120099,1.1077975741286e-07,0.11077975741286,-1.7542482757445e-08,-4.6900881486971e-09,3000000,19778866.26585,18617983.647556,9.9609524433842e-05,95.942897839433,7.2028841043605e-08,-5.0724477939701e-07,0,0,4.110562273682e-06,0,3000000,-1.9751878995774e-08,-5.0763582676676e-09,-0.043832598278755,0.21115114515973,0.32380806063172,26.072844181754,23717513.833803,81.128919054638,91759494.085715,95.899065241154,22.268604054001,21.897493517064,0,0,-22268604.054001,-21897493.517064,-81128919.054638,-91759494.085715,0.0019610285944388,-0.00027187020305446,188146.76647672,-188146.76647672
47.391783184558,0,-0.00037292305949034,2.296,27639413.106991,12.1,27639413.106991,18558139.795699,0.67136472841574,4.3632601937238e-05,43.632601937238,3936559782978,52.129610363687,5.1084307693413e-05,-9.2366089105396e-05,1.9293810025195e-05,7.0378117718608e-05,-7.4483651827134e-06,-9.981445428811e-05,-0.088468018711495,0.057571786270741,0,0,0.00020870340174198,-7.4020225738983e-07,-7.4020225738983e-07,7.0295468416372e-08,0.00021357532809913,0.00074020225738983,0.21357533966753,-27639413.106991,195.04941719581,23595722.604926,63.260792732272,73.226742919127,61.460792732272,62.570814357529,69.125814073225,9.7684785065667e-08,0,0,43.790829502207,2.133361251986,0,0.0011787509280966,1.7334145460845e-08,0,0.0010400487276507,0,0.00074020225738983,-7.4020225738983e-07,0.0041766659494274,0.0084778522098384,8.4778522098384e-16,19609916.978092,0.67136472841574,1.105087764446e-07,0.1105087764446,-1.7334145460845e-08,-4.5999021645081e-09,3000000,19609916.978092,18558139.795699,9.926857340217e-05,95.614497215236,5.1929620470478e-08,-7.4020225738983e-07,0,0,2.4363805268425e-06,0,3000000,-1.964584880161e-08,-5.0033622447746e-09,-0.04368285770704,0.21357533966753,0.32020217963504,25.936778023879,23595722.605732,80.797004924085,91460792.732272,95.570814357529,22.334978659047,21.960810008843,0,0,-22334978.659047,-21960810.008843,-80797004.924085,-91460792.732272,0.0019610285944388,-0.00027365448608817,187502.76288615,-187502.76288615
47.6239277902,0,-0.00037465505789279,2.296,27727669.472675,12.1,27727669.472675,18484081.609229,0.66655849574617,4.3655215027546e-05,43.655215027546,3986381978213.1,52.112838725051,5.1969984364624e-05,-9.2026555670265e-05,1.9478927866374e-05,7.1448912230998e-05,-7.4422087458634e-06,-9.9468764416128e-05,-0.089090623503983,0.05685619603054,0,0,0.00021160637163269,-9.5789059272408e-07,-9.5789059272408e-07,7.0286296056126e-08,0.00021644790854741,0.00095789059272408,0.21644791995931,-27727669.472675,45.809659033235,23457485.681945,62.922718430641,72.780979338308,61.122718430641,62.200778078957,68.712043957179,1.1572848254572e-07,0,0,43.709272193423,2.1390567551718,0,0.0011504521988402,1.6833404680622e-08,0,0.0010100042808373,0,0.00095789059272408,-9.5789059272408e-07,0.0041766659494274,0.0084490279608105,8.4490279608105e-16,19430434.846111,0.66655849574617,1.1041570962939e-07,0.11041570962939,-1.6833404680622e-08,-4.4645003419058e-09,3000000,19430434.846111,18484081.609229,9.8884220048215e-05,95.24429190824,4.1836910235568e-08,-9.5789059272408e-07,0,0,2.8864128746958e-06,0,3000000,-1.9174203314003e-08,-4.8757426455724e-09,-0.043513829282659,0.21644791995931,0.31600542479289,25.783391034807,23457485.68199,80.422592778967,91122718.430641,95.200778078957,22.410674473462,22.033614711698,0,0,-22410674.473462,-22033614.711698,-80422592.778967,-91122718.430641,0.0019610285944388,-0.00027577083784458,186776.7794877,-186776.7794877
47.902501316971,0,-0.00037673345597573,2.296,27818068.565721,12.1,27818068.565721,18391184.238746,0.66105450747502,4.3677930122178e-05,43.677930122178,4038290187816,52.095746676748,5.2988037504201e-05,-9.1638966323437e-05,1.9712515299653e-05,7.2700552803853e-05,-7.4383400699659e-06,-9.9077306393403e-05,-0.0898075488966,0.056036027951305,0,0,0.0002150427519285,-1.1569560462598e-06,-1.1569560462598e-06,7.0259501839232e-08,0.00021985059949818,0.0011569560462598,0.21985061072489,-27818068.565721,-90.426572809675,23299666.460036,62.540175868464,72.287635031905,60.740175868464,61.783779592003,68.243323917467,1.3706145020133e-07,0,0,43.617364247277,2.1448431078662,0,0.0011161339003176,1.6248717002482e-08,0,0.00097492302014892,0,0.0011569560462598,-1.1569560462598e-06,0.0041766659494274,0.0084266119757344,8.4266119757344e-16,19245765.272401,0.66105450747502,1.1046846524417e-07,0.11046846524417,-1.6248717002482e-08,-4.2951299217522e-09,3000000,19245765.272401,18391184.238746,9.8451087372636e-05,94.827102846449,3.3934811342279e-08,-1.1569560462598e-06,0,0,3.4184837283191e-06,0,3000000,-1.860223167196e-08,-4.7073844224581e-09,-0.043323254446506,0.21985061072489,0.31113852393717,25.610537328115,23299666.460212,79.99921675981,90740175.868464,94.783779592003,22.496851950997,22.11587423969,0,0,-22496851.950997,-22115874.23969,-79999216.75981,-90740175.868464,0.0019610285944388,-0.0002782823686031,185958.65976204,-185958.65976204
48.236789549095,0,-0.00037922753367526,2.296,27911456.799864,12.1,27911456.799864,18277848.412001,0.65478406522461,4.3701041901835e-05,43.701041901835,4092600515336.2,52.078157907537,5.4161920726773e-05,-9.119987430154e-05,2.0002505226521e-05,7.4164425953294e-05,-7.4374158812082e-06,-9.8637290182748e-05,-0.090637885044541,0.055097227916497,0,0,0.00021910860276119,-1.3337743779186e-06,-1.3337743779186e-06,7.0217897790518e-08,0.00022387941066867,0.0013337743779186,0.2238794216803,-27911456.799864,-184.41151950281,23120047.626002,62.107665219194,71.73997108903,60.307665219194,61.314178402509,67.712842638925,1.6225273781466e-07,0,0,43.513862478843,2.151578998549,0,0.0010786788607835,1.5611591593553e-08,0,0.00093669549561316,0,0.0013337743779186,-1.3337743779186e-06,0.0041766659494274,0.0084085475734308,8.4085475734308e-16,19053843.116392,0.65478406522461,1.1065938110849e-07,0.11065938110849,-1.5611591593553e-08,-4.0932613977913e-09,3000000,19053843.116392,18277848.412001,9.7963316713415e-05,94.357287025194,2.748988467544e-08,-1.3337743779186e-06,0,0,4.0467858999001e-06,0,3000000,-1.7977981013059e-08,-4.5033082956666e-09,-0.043108622685807,0.2238794216803,0.3055188100297,25.415878813011,23120047.626737,79.519848536858,90307665.219194,94.314178402509,22.59482258027,22.207842870285,0,0,-22594822.58027,-22207842.870285,-79519848.536858,-90307665.219194,0.0019610285944388,-0.00028126421696185,185037.33748309,-185037.33748309
48.43736248837,0,-0.00038072398029498,2.296,27979146.590684,12.1,27979146.590684,18220623.138037,0.65115658586364,4.3717818957021e-05,43.717818957021,4131810681310.1,52.065400384692,5.49499572795e-05,-9.0957469782309e-05,2.0139651535012e-05,7.5089608814512e-05,-7.4323836692994e-06,-9.8389853451609e-05,-0.091219877993387,0.054513236677804,0,0,0.0002215215655165,-1.5730137739412e-06,-1.5730137739412e-06,7.0202060241411e-08,0.00022626922775633,0.0015730137739412,0.22626923864674,-27979146.590684,-168.4363780541,23008740.917799,61.838086433931,71.385029804451,60.038086433931,61.020138384513,67.383361868644,9.6264464687524e-08,0,0,43.449055015545,2.153254111373,0,0.0010712496432081,1.5481549594373e-08,0,0.00092889297566236,0,0.0015730137739412,-1.5730137739412e-06,0.0041766659494274,0.0083747165084103,8.3747165084103e-16,18911572.2842,0.65115658586364,1.1056803189417e-07,0.11056803189417,-1.5481549594373e-08,-4.0255110140659e-09,3000000,18911572.2842,18220623.138037,9.7657899367551e-05,94.063112091831,1.5240751252684e-08,-1.5730137739412e-06,0,0,2.4009559629367e-06,0,3000000,-1.7854160720136e-08,-4.4316612150174e-09,-0.042973707318268,0.22626923864674,0.30225554075109,25.293993701635,23008740.918416,79.214239430875,90038086.433931,94.020138384513,22.654724565287,22.262942277094,0,0,-22654724.565287,-22262942.277094,-79214239.430875,-90038086.433931,0.0019610285944388,-0.00028306608092743,184460.45304255,-184460.45304255
48.6780500155,0,-0.00038251971623864,2.296,28048270.052852,12.1,28048270.052852,18148300.206829,0.64697519296762,4.373466443793e-05,43.73466443793,4172462348881.5,52.052430186248,5.5845983985426e-05,-9.0677064208628e-05,2.0320205880493e-05,7.6166189865918e-05,-7.4296543070128e-06,-9.8106718515641e-05,-0.091879380173631,0.053844994193569,0,0,0.00022438414437818,-1.7910035836396e-06,-1.7910035836396e-06,7.0170888760162e-08,0.00022910566740237,0.0017910035836396,0.22910567814841,-28048270.052852,-215.22082251631,22883025.013687,61.534496604728,70.992731823556,59.734496604728,60.690436690485,67.011695625046,1.1422930049876e-07,0,0,43.376387592313,2.1581279971148,0,0.0010434494492522,1.5016323064055e-08,0,0.00090097938384331,0,0.0017910035836396,-1.7910035836396e-06,0.0041766659494274,0.0083522889364961,8.3522889364961e-16,18763725.364715,0.64697519296762,1.1059195077756e-07,0.11059195077756,-1.5016323064055e-08,-3.9067006484462e-09,3000000,18763725.364715,18148300.206829,9.7315441088902e-05,93.73325970242,7.0155768965841e-09,-1.7910035836396e-06,0,0,2.8490214022884e-06,0,3000000,-1.7390824154203e-08,-4.3095251477934e-09,-0.042823011934857,0.22910567814841,0.29845045323742,25.157326155592,22883025.014699,78.87121582217,89734496.604728,93.690436690485,22.722800979682,22.325466632519,0,0,-22722800.979682,-22325466.632519,-78871215.82217,-89734496.604728,0.0019610285944388,-0.00028520427514974,183813.60307089,-183813.60307089
48.966875048055,0,-0.00038467459937103,2.296,28118965.830427,12.1,28118965.830427,18059025.610769,0.64217578087021,4.3751681863016e-05,43.751681863016,4214473143971.7,52.039206752973,5.686946048164e-05,-9.0356096320604e-05,2.0550888838505e-05,7.7420349320145e-05,-7.4297971918063e-06,-9.778589351241e-05,-0.092632370986317,0.0530811032593,0,0,0.00022777922749319,-1.9847748694626e-06,-1.9847748694626e-06,7.011649377143e-08,0.00023247173788208,0.0019847748694626,0.2324717484561,-28118965.830427,-307.32647111499,22740451.244384,61.192112092702,70.559033184413,59.392112092702,60.320175570496,66.591924924268,1.3553210307113e-07,0,0,43.294780727683,2.1654217654451,0,0.001010060103137,1.4444843533408e-08,0,0.00086669061200445,0,0.0019847748694626,-1.9847748694626e-06,0.0041766659494274,0.0083412860533323,8.3412860533323e-16,18611535.152853,0.64217578087021,1.1072734266913e-07,0.11072734266913,-1.4444843533408e-08,-3.7498110052503e-09,3000000,18611535.152853,18059025.610769,9.6930854469305e-05,93.36282971629,2.9578660323811e-09,-1.9847748694626e-06,0,0,3.3803399010658e-06,0,3000000,-1.6834335052283e-08,-4.1511479399899e-09,-0.042654145794259,0.2324717484561,0.29402855929865,25.003845965529,22740451.24646,78.4847841973,89392112.092702,93.320175570496,22.800187168434,22.395622680232,0,0,-22800187.168434,-22395622.680232,-78484784.1973,-89392112.092702,0.0019610285944388,-0.00028774374490173,183087.17855045,-183087.17855045
49.313465087122,0,-0.0003872604591299,2.296,28193432.1305,12.1,28193432.1305,17952252.303351,0.63669480201077,4.3769408055954e-05,43.769408055954,4259129722519.8,52.025317272354,5.8044460035741e-05,-8.9991514239146e-05,2.0839892502417e-05,7.8884352538157e-05,-7.4334884743385e-06,-9.7425002713484e-05,-0.093498673094674,0.052207567511141,0,0,0.00023180455077226,-2.1512959714472e-06,-2.1512959714472e-06,7.0037514180157e-08,0.00023646492487921,0.0021512959714472,0.23646493525126,-28193432.1305,-398.42139859031,22579330.044196,60.805814504838,70.077376681779,59.005814504838,59.904077323866,66.117672129317,1.6075027674498e-07,0,0,43.203071197699,2.1756834626661,0,0.00097407060838722,1.3808572337126e-08,0,0.00082851434022754,0,0.0021512959714472,-2.1512959714472e-06,0.0041766659494274,0.00833660141891,8.33660141891e-16,18452603.628235,0.63669480201077,1.1097934053491e-07,0.11097934053491,-1.3808572337126e-08,-3.5597247955567e-09,3000000,18452603.628235,17952252.303351,9.6498656408022e-05,92.946540865642,1.2204078556109e-09,-2.1512959714472e-06,0,0,4.0093126445713e-06,0,3000000,-1.6234510139787e-08,-3.9626342859451e-09,-0.042463541776669,0.23646493525126,0.28891154677474,24.831365425364,22579330.047711,78.048409487925,89005814.504838,92.904077323866,22.88814237552,22.473849815146,0,0,-22888142.37552,-22473849.815146,-78048409.487925,-89005814.504838,0.0019610285944388,-0.00029076180272188,182270.82502872,-182270.82502872
49.521419110562,0,-0.00038881197498523,2.296,28251833.436248,12.1,28251833.436248,17899718.588318,0.63352085026622,4.3783300779692e-05,43.783300779692,4294107792693.4,52.014423830807,5.8832813337823e-05,-8.9794461354423e-05,2.0978530720267e-05,7.9811344058091e-05,-7.4315487004559e-06,-9.7226010054879e-05,-0.094102237019328,0.051663470684153,0,0,0.00023419567643597,-2.3773641240422e-06,-2.3773641240422e-06,6.9998887736691e-08,0.00023883579434802,0.0023773641240422,0.23883580460579,-28251833.436248,-385.33444310488,22479275.031468,60.564140862219,69.761626083043,58.764140862219,59.642397300899,65.822065658219,9.5459667331054e-08,0,0,43.145395992127,2.1789992538559,0,0.00096552883022557,1.3648988426241e-08,0,0.00081893930557447,0,0.0023773641240422,-2.3773641240422e-06,0.0041766659494274,0.0083333333333333,8.3333333333333e-16,18329142.034707,0.63352085026622,1.1097341789325e-07,0.11097341789325,-1.3648988426241e-08,-3.4925436080822e-09,3000000,18329142.034707,17899718.588318,9.6226851832734e-05,92.684741416772,0,-2.3773641240422e-06,0,0,2.3808833118474e-06,0,3000000,-1.6092147170426e-08,-3.892593216425e-09,-0.042344115872496,0.23883580460579,0.28593692182959,24.72289413985,22479275.03477,77.769589028322,88764140.862219,92.642397300899,22.942075204,22.521284711251,0,0,-22942075.204,-22521284.711251,-77769589.028322,-88764140.862219,0.0019610285944388,-0.00029258512315249,181757.42846903,-181757.42846903
49.77096393869,0,-0.00039067379401161,2.296,28310450.886017,12.1,28310450.886017,17833133.335259,0.62985899375315,4.3797081281017e-05,43.797081281017,4329577116539.5,52.003523373536,5.972678134207e-05,-8.9565614735506e-05,2.1161256679937e-05,8.0888038022007e-05,-7.4323266573795e-06,-9.6997941392885e-05,-0.094784126936949,0.051041718556812,0,0,0.00023703595238176,-2.5799720933689e-06,-2.5799720933689e-06,6.9938181364769e-08,0.00024165311076013,0.0025799720933689,0.24165312088073,-28310450.886017,-444.82369011498,22366997.166633,60.292928699217,69.414638707171,58.492928699217,59.350073359867,65.489675796084,1.1340868290803e-07,0,0,43.080966758281,2.1871488823214,0,0.00093985724945039,1.319488037609e-08,0,0.00079169282256539,0,0.0025799720933689,-2.5799720933689e-06,0.0041766659494274,0.0083333333333333,8.3333333333333e-16,18202850.013258,0.62985899375315,1.1106212420699e-07,0.11106212420699,-1.319488037609e-08,-3.3797385196892e-09,3000000,18202850.013258,17833133.335259,9.5923217467846e-05,92.392283832855,0,-2.5799720933689e-06,0,0,2.8285541748006e-06,0,3000000,-1.566428749084e-08,-3.7804913474592e-09,-0.042210472987946,0.24165312088073,0.28246380836374,24.601720374614,22366997.171056,77.457532574054,88492928.699217,92.350073359867,23.003252903133,22.574773021973,0,0,-23003252.903133,-22574773.021973,-77457532.574054,-88492928.699217,0.0019610285944388,-0.00029475057654377,181183.91084265,-181183.91084265
50.070417732443,0,-0.00039290797684328,2.296,28370326.272939,12.1,28370326.272939,17751398.707185,0.62565074112602,4.3811015910121e-05,43.811015910121,4366114199814.4,51.992417589678,6.0746319669296e-05,-8.9302821592338e-05,2.1395044403235e-05,8.214136407253e-05,-7.436433491982e-06,-9.673925508432e-05,-0.095560951941188,0.050331041731829,0,0,0.00024040957802247,-2.7562183621597e-06,-2.7562183621597e-06,6.9848379235036e-08,0.00024500112453226,0.0027562183621597,0.24500113448894,-28370326.272939,-543.82908240786,22240409.417703,59.987810484363,69.031952596298,58.187810484363,59.022635688847,65.11506698462,1.3474401359556e-07,0,0,43.008798333752,2.198836396334,0,0.00090955776053925,1.2645008155695e-08,0,0.00075870048934172,0,0.0027562183621597,-2.7562183621597e-06,0.0041766659494274,0.0083333333333333,8.3333333333333e-16,18073570.186559,0.62565074112602,1.1124835167302e-07,0.11124835167302,-1.2645008155695e-08,-3.2334568573531e-09,3000000,18073570.186559,17751398.707185,9.5583110838265e-05,92.064696528308,0,-2.7562183621597e-06,0,0,3.3606839653907e-06,0,3000000,-1.5159296008987e-08,-3.6383838322429e-09,-0.042060839461158,0.24500113448894,0.27842157918737,24.465991308641,22240409.424352,77.106675373377,88187810.484363,92.022635688847,23.072743499743,22.634569070345,0,0,-23072743.499743,-22634569.070345,-77106675.373377,-88187810.484363,0.0019610285944388,-0.00029732486600501,180541.50271417,-180541.50271417
50.429762284948,0,-0.00039558899624128,2.296,28433912.743141,12.1,28433912.743141,17654308.22752,0.62083926035529,4.3825663367478e-05,43.825663367478,4405246148668.5,51.98065407373,6.191604973548e-05,-8.9003651596209e-05,2.1688299424337e-05,8.3604349159816e-05,-7.444603646781e-06,-9.644825524299e-05,-0.096453310481798,0.049517735301683,0,0,0.00024441591344402,-2.9031372715575e-06,-2.9031372715575e-06,6.9729930913607e-08,0.00024897895060161,0.0029031372715575,0.24897896036602,-28433912.743141,-627.48417001213,22097977.54532,59.644131670278,68.607182156466,57.844131670278,58.655290592276,64.692403695584,1.600594135933e-07,0,0,42.927834171031,2.2145588537026,0,0.00087737867361211,1.2039744182801e-08,0,0.00072238465096808,0,0.0029031372715575,-2.9031372715575e-06,0.0041766659494274,0.0083333333333333,8.3333333333333e-16,17938417.476981,0.62083926035529,1.1154295394045e-07,0.11154295394045,-1.2039744182801e-08,-3.0590901920791e-09,3000000,17938417.476981,17654308.22752,9.5201552521793e-05,91.697183373466,0,-2.9031372715575e-06,0,0,3.9920816548288e-06,0,3000000,-1.4622977893535e-08,-3.4717737398645e-09,-0.041892781189603,0.24897896036602,0.27373618457567,24.313719865066,22097977.554229,76.710943332469,87844131.670278,91.655290592276,23.151727974694,22.701149452689,0,0,-23151727.974694,-22701149.452689,-76710943.332469,-87844131.670278,0.0019610285944388,-0.00030038744371948,179820.79921276,-179820.79921276
50.64536901645,0,-0.00039719760788007,2.296,28485935.050822,12.1,28485935.050822,17607193.416539,0.61805292188968,4.3837608738951e-05,43.837608738951,4437313701770.2,51.971036620505,6.2699202001819e-05,-8.8846149635922e-05,2.1831920728389e-05,8.4531122730207e-05,-7.4456895912211e-06,-9.6291839227143e-05,-0.097070850198767,0.0490110016066,0,0,0.0002467978699474,-3.1085057691257e-06,-3.1085057691257e-06,6.9666084710522e-08,0.00025134289410996,0.0031085057691257,0.25134290376483,-28485935.050822,-620.87977648372,22009256.779831,59.428572529412,68.326405219217,57.628572529412,58.423555798302,64.428334344524,9.51364976719e-08,0,0,42.876759000182,2.220669812576,0,0.00086936314922857,1.1870028791733e-08,0,0.00071220172750396,0,0.0031085057691257,-3.1085057691257e-06,0.0041766659494274,0.0083333333333333,8.3333333333333e-16,17829721.149675,0.61805292188968,1.115941504156e-07,0.1115941504156,-1.1870028791733e-08,-2.9945534051975e-09,3000000,17829721.149675,17607193.416539,9.4960851803463e-05,91.465342848577,0,-3.1085057691257e-06,0,0,2.3728230569786e-06,0,3000000,-1.4489385820476e-08,-3.4076880870303e-09,-0.041787050274749,0.25134290376483,0.27100974709057,24.217661439529,22009256.788588,76.457749360726,87628572.529412,91.423555798302,23.200238184888,22.7419197435,0,0,-23200238.184888,-22741919.7435,-76457749.360726,-87628572.529412,0.0019610285944388,-0.00030223675607661,179366.15294424,-179366.15294424
50.904097094254,0,-0.00039912794184663,2.296,28537485.638141,12.1,28537485.638141,17547207.699668,0.61483610914269,4.3849348513662e-05,43.849348513662,4469307683396.8,51.961526262629,6.3587164644349e-05,-8.8662450223144e-05,2.2020055281651e-05,8.5607219926e-05,-7.4498612723301e-06,-9.6112311495474e-05,-0.097768633026138,0.048431931442793,0,0,0.00024963040212446,-3.2895731942731e-06,-3.2895731942731e-06,6.9578120052737e-08,0.0002541549949683,0.0032895731942731,0.25415500449224,-28537485.638141,-670.82038635582,21910066.731246,59.187324290065,68.01942381729,57.387324290065,58.165451512223,64.132119017972,1.1314704524203e-07,0,0,42.819871899708,2.232399881787,0,0.00084704036453197,1.1455161281252e-08,0,0.00068730967687513,0,0.0032895731942731,-3.2895731942731e-06,0.0041766659494274,0.0083333333333333,8.3333333333333e-16,17720165.878708,0.61483610914269,1.1172969701009e-07,0.11172969701009,-1.1455161281252e-08,-2.8920157895879e-09,3000000,17720165.878708,17547207.699668,9.4692760885358e-05,91.207120357168,0,-3.2895731942731e-06,0,0,2.8220286046812e-06,0,3000000,-1.4117339408866e-08,-3.3089123513789e-09,-0.04166884494515,0.25415500449224,0.26782280933236,24.110672364131,21910066.741515,76.174807989554,87387324.290065,91.165451512223,23.255205272093,22.787653359223,0,0,-23255205.272093,-22787653.359223,-76174807.989554,-87387324.290065,0.0019610285944388,-0.00030443518096127,178859.77171187,-178859.77171187
51.214570787617,0,-0.0004014443426065,2.296,28590095.879809,12.1,28590095.879809,17473729.12929,0.61113649072131,4.3861224911823e-05,43.861224911823,4502197787309.3,51.951841987427,6.4600422489929e-05,-8.8450905273634e-05,2.2259885415083e-05,8.6860307905012e-05,-7.4577798800742e-06,-9.5908685153709e-05,-0.098563972263792,0.047769452594573,0,0,0.00025299903630322,-3.4434162912488e-06,-3.4434162912488e-06,6.9461685032544e-08,0.00025750080602239,0.0034434162912488,0.25750081539115,-28590095.879809,-740.63067647965,21798625.439324,58.916459223783,67.681573937002,57.116459223783,57.876973215603,63.798837171193,1.3459490350601e-07,0,0,42.756290259536,2.2485860958808,0,0.00082093976177929,1.0958258632005e-08,0,0.00065749551792032,0,0.0034434162912488,-3.4434162912488e-06,0.0041766659494274,0.0083333333333333,8.3333333333333e-16,17608524.522033,0.61113649072131,1.1195738070602e-07,0.11195738070602,-1.0958258632005e-08,-2.7614519145923e-09,3000000,17608524.522033,17473729.12929,9.439312117039e-05,90.918510380108,0,-3.4434162912488e-06,0,0,3.3569649735509e-06,0,3000000,-1.3682329362988e-08,-3.1854255685343e-09,-0.041537164504945,0.25750081539115,0.26410905329665,23.991092690749,21798625.451905,75.856978084272,87116459.223783,90.876973215603,23.317622052589,22.838617466446,0,0,-23317622.052589,-22838617.466446,-75856978.084272,-87116459.223783,0.0019610285944388,-0.00030705122143611,178293.79895113,-178293.79895113
51.587139219654,0,-0.00040422402351835,2.296,28646231.030723,12.1,28646231.030723,17386732.375368,0.6069039993604,4.3873779587302e-05,43.873779587302,4537564126389.7,51.941533244676,6.5764147898896e-05,-8.8209781170643e-05,2.2560022401652e-05,8.8324170300548e-05,-7.4702426029545e-06,-9.5680023773597e-05,-0.099478279902932,0.047010216661855,0,0,0.00025700484197566,-3.5670109369279e-06,-3.5670109369279e-06,6.9319632668894e-08,0.00026148117670519,0.0035670109369279,0.26148118589364,-28646231.030723,-781.24801714649,21673554.400687,58.611807367259,67.307035340566,56.811807367259,57.553840828086,63.423223297595,1.600917504158e-07,0,0,42.685070734768,2.2698075311143,0,0.00079357634754853,1.0415966305961e-08,0,0.00062495797835765,0,0.0035670109369279,-3.5670109369279e-06,0.0041766659494274,0.0083333333333333,8.3333333333333e-16,17492046.622178,0.6069039993604,1.1228889266938e-07,0.11228889266938,-1.0415966305961e-08,-2.6077232866979e-09,3000000,17492046.622178,17386732.375368,9.4057486319821e-05,90.595230248388,0,-3.5670109369279e-06,0,0,3.9928881755638e-06,0,3000000,-1.3226272459142e-08,-3.0419112204956e-09,-0.041389420302536,0.26148118589364,0.25979870593772,23.857148245668,21673554.414767,75.498608075957,86811807.367259,90.553840828086,23.388584069664,22.895263097955,0,0,-23388584.069664,-22895263.097955,-75498608.075957,-86811807.367259,0.0019610285944388,-0.00031016653719853,177659.83746566,-177659.83746566
52.034221338098,0,-0.00040755964061256,2.296,28708896.965603,12.1,28708896.965603,17286683.129405,0.60209647552699,4.3887657726582e-05,43.887657726582,4577368708185.5,51.930053841383,6.7108344332314e-05,-8.7937878628138e-05,2.2930691599068e-05,9.0039035931382e-05,-7.488241042514e-06,-9.5426119670652e-05,-0.10053748439659,0.04613907896617,0,0,0.00026176623566809,-3.6572276524388e-06,-3.6572276524388e-06,6.9164254673626e-08,0.0002662141665883,0.0036572276524388,0.26621417557298,-28708896.965603,-751.96616064185,21533716.971935,58.269293186556,66.889506586715,56.469293186556,57.191894085499,63.000068625949,1.9032663627894e-07,0,0,42.605296388419,2.2970058232825,0,0.00076613661700604,9.8449393114147e-09,0,0.00059069635868488,0,0.0036572276524388,-3.6572276524388e-06,0.0041766659494274,0.0083333333333333,8.3333333333333e-16,17367022.333598,0.60209647552699,1.1274075884733e-07,0.11274075884733,-9.8449393114147e-09,-2.4343482907467e-09,3000000,17367022.333598,17286683.129405,9.3681536033523e-05,90.233118692129,0,-3.6572276524388e-06,0,0,4.7469839858656e-06,0,3000000,-1.2768943616767e-08,-2.8814911407942e-09,-0.04122460663018,0.26621417557298,0.25482144795008,23.707114521234,21533716.985064,75.093856271049,86469293.186556,90.191894085499,23.469224560607,22.958159029737,0,0,-23469224.560607,-22958159.029737,-75093856.271049,-86469293.186556,0.0019610285944388,-0.00031387810457904,176949.72512949,-176949.72512949
52.302470609164,0,-0.00040956101086909,2.296,28759715.911567,12.1,28759715.911567,17237827.230282,0.59933513084354,4.3898869937826e-05,43.898869937826,4609724947992.2,51.92075269308,6.7993113606805e-05,-8.779913599772e-05,2.3122936912427e-05,9.1116050519233e-05,-7.4956692417577e-06,-9.5294805239478e-05,-0.10125355357821,0.045601202480615,0,0,0.00026459846901915,-3.8189608594783e-06,-3.8189608594783e-06,6.9081782861894e-08,0.00026902862675974,0.0038189608594783,0.26902863562923,-28759715.911567,-702.1552128043,21447439.959614,58.056715694211,66.616754415243,56.256715694211,56.966010917775,62.738396194808,1.1318975503213e-07,0,0,42.555510936759,2.308983753815,0,0.00075829285474384,9.6549817435829e-09,0,0.00057929890461497,0,0.0038189608594783,-3.8189608594783e-06,0.0041766659494274,0.0083333333333333,8.3333333333333e-16,17266731.201719,0.59933513084354,1.1290838360123e-07,0.11290838360123,-9.6549817435829e-09,-2.3633810014166e-09,3000000,17266731.201719,17237827.230282,9.3446912854062e-05,90.007131991904,0,-3.8189608594783e-06,0,0,2.8230938401818e-06,0,3000000,-1.2638214245731e-08,-2.8140829546295e-09,-0.04112107412962,0.26902863562923,0.25193520922021,23.613481704708,21447439.971107,74.838159997617,86256715.694211,89.966010917775,23.518319499403,22.996621327785,0,0,-23518319.499403,-22996621.327785,-74838159.997617,-86256715.694211,0.0019610285944388,-0.00031611409801502,176506.55931237,-176506.55931237
52.624369734443,0,-0.00041196265517692,2.296,28810978.453761,12.1,28810978.453761,17177085.41008,0.59616200195179,4.3910098787092e-05,43.910098787092,4642553059057.5,51.911387257979,6.9003928256608e-05,-8.763902969638e-05,2.3367507040606e-05,9.2371435297214e-05,-7.5072635175234e-06,-9.5146293213904e-05,-0.10207088458458,0.044985288273916,0,0,0.000267968206611,-3.9539306213741e-06,-3.9539306213741e-06,6.8983823159994e-08,0.00027237826366033,0.0039539306213741,0.27237827239592,-28810978.453761,-678.45704082322,21351337.527712,57.819336488777,66.318195945025,56.019336488777,56.715015478857,62.445422107142,1.3468667186402e-07,0,0,42.500190651423,2.3289061432542,0,0.00073982085647724,9.2785691980926e-09,0,0.00055671415188556,0,0.0039539306213741,-3.9539306213741e-06,0.0041766659494274,0.0083333333333333,8.3333333333333e-16,17164765.760413,0.59616200195179,1.1316664526234e-07,0.11316664526234,-9.2785691980926e-09,-2.2620693044892e-09,3000000,17164765.760413,17177085.41008,9.3186205774548e-05,89.756021539986,0,-3.9539306213741e-06,0,0,3.3592537909985e-06,0,3000000,-1.2330347607954e-08,-2.7191918244369e-09,-0.041006061129821,0.27237827239592,0.24857084626707,23.509439380006,21351337.538491,74.552016286458,86019336.488777,89.715015478857,23.573914381635,23.039476228146,0,0,-23573914.381635,-23039476.228146,-74552016.286458,-86019336.488777,0.0019610285944388,-0.00031877644940237,176014.12510444,-176014.12510444
53.010648684779,0,-0.00041484462834632,2.296,28864720.365319,12.1,28864720.365319,17104388.802314,0.59253522531387,4.3921769857448e-05,43.921769857448,4677214253208.9,51.901590184787,7.0165775126222e-05,-8.7457097640209e-05,2.3673085229387e-05,9.3838860355609e-05,-7.523916160697e-06,-9.4981013800906e-05,-0.10301132255465,0.04427919773726,0,0,0.00027197746149916,-4.0587988565243e-06,-4.0587988565243e-06,6.8872471699881e-08,0.00027636509638587,0.0040587988565243,0.27636510496767,-28864720.365319,-649.55062590836,21243930.773772,57.553743596024,65.989446564864,55.753743596024,56.435472061288,62.116787768743,1.6027988309083e-07,0,0,42.438578290297,2.3555913538915,0,0.00071901210821493,8.8400793517265e-09,0,0.00053040476110359,0,0.0040587988565243,-4.0587988565243e-06,0.0041766659494274,0.0083333333333333,8.3333333333333e-16,17059504.948066,0.59253522531387,1.1352851292447e-07,0.11352851292447,-8.8400793517265e-09,-2.1390895156958e-09,3000000,17059504.948066,17104388.802314,9.2895846449449e-05,89.476350341645,0,-4.0587988565243e-06,0,0,3.9975804394162e-06,0,3000000,-1.1983535136916e-08,-2.6053735370808e-09,-0.04087828035621,0.27636510496767,0.24466416270911,23.393563381844,21243930.783702,74.230443388053,85753743.596024,89.435472061288,23.636955827281,23.086958873879,0,0,-23636955.827281,-23086958.873879,-74230443.388053,-85753743.596024,0.0019610285944388,-0.00032194878189687,175465.68190562,-175465.68190562
53.474183425181,0,-0.0004183029961496,2.296,28923699.130504,12.1,28923699.130504,17020246.948569,0.58841975435961,4.3934455289744e-05,43.934455289744,4715559883453.7,51.890864702713,7.1508857044246e-05,-8.7253478777669e-05,2.4050031170855e-05,9.5558888215102e-05,-7.5467200445726e-06,-9.4800198822241e-05,-0.10410160023557,0.043468874185715,0,0,0.00027674626150445,-4.1300412487312e-06,-4.1300412487312e-06,6.8759342915788e-08,0.00028110897084052,0.0041300412487312,0.2811089792498,-28923699.130504,-577.36715085513,21124205.558181,57.256642238505,65.625538530338,55.456642238505,56.124068797978,61.748210719463,1.9068227140015e-07,0,0,42.369943906122,2.3898021526249,0,0.00069806424224682,8.3712663816738e-09,0,0.00050227598290043,0,0.0041300412487312,-4.1300412487312e-06,0.0041766659494274,0.0083333333333333,8.3333333333333e-16,16948160.486388,0.58841975435961,1.1401139737709e-07,0.11401139737709,-8.3712663816738e-09,-1.9989994530844e-09,3000000,16948160.486388,17020246.948569,9.2572395124505e-05,89.164805259972,0,-4.1300412487312e-06,0,0,4.7558539699005e-06,0,3000000,-1.1634404037447e-08,-2.4767403921764e-09,-0.040736461994385,0.2811089792498,0.24015008605404,23.264480879094,21124205.566071,73.868255799572,85456642.238505,89.124068797978,23.708431519042,23.13943540077,0,0,-23708431.519042,-23139435.40077,-73868255.799572,-85456642.238505,0.0019610285944388,-0.00032573060102509,174854.73208129,-174854.73208129
53.752304269423,0,-0.00042037801683157,2.296,28971181.341415,12.1,28971181.341415,16979755.559634,0.58605885978194,4.3944626292734e-05,43.944626292734,4746517575611,51.882238257819,7.2391191314566e-05,-8.7156098219826e-05,2.4248040664785e-05,9.6639231979351e-05,-7.5573075916399e-06,-9.4713405811465e-05,-0.10483493775297,0.042968661407789,0,0,0.00027958438852255,-4.2729541385935e-06,-4.2729541385935e-06,6.8701503275678e-08,0.0002839315545296,0.0042729541385935,0.28393156284128,-28971181.341415,-519.56537329524,21049922.129114,57.071916285149,65.386399827686,55.271916285149,55.929290564394,61.519962720793,1.1346729705049e-07,0,0,42.327014092316,2.4039724721039,0,0.00069296525122163,8.2262445191582e-09,0,0.00049357467114949,0,0.0042729541385935,-4.2729541385935e-06,0.0041766659494274,0.0083333333333333,8.3333333333333e-16,16857472.570895,0.58605885978194,1.1421104307945e-07,0.11421104307945,-8.2262445191582e-09,-1.9422379846122e-09,3000000,16857472.570895,16979755.559634,9.2370080466435e-05,88.969937804465,0,-4.2729541385935e-06,0,0,2.8300160847099e-06,0,3000000,-1.1549420853694e-08,-2.4229138186248e-09,-0.040647240071735,0.28393156284128,0.2375310509934,23.183741642115,21049922.135526,73.639219793507,85271916.285149,88.929290564394,23.751953564356,23.171784622921,0,0,-23751953.564356,-23171784.622922,-73639219.793507,-85271916.285149,0.0019610285944388,-0.00032800793636513,174472.59180978,-174472.59180978
54.086049282513,0,-0.00042286804164993,2.296,29018612.098301,12.1,29018612.098301,16928810.857675,0.58334668469493,4.3954721219846e-05,43.954721219846,4777598974679.6,51.87363489556,7.3399995275879e-05,-8.7043979323925e-05,2.4498774912433e-05,9.7898770188313e-05,-7.5724957687843e-06,-9.4616475092709e-05,-0.105673022149,0.042396061526277,0,0,0.00028296341853331,-4.3889369044549e-06,-4.3889369044549e-06,6.8634061175653e-08,0.00028729311393203,0.0043889369044549,0.28729312213033,-29018612.098301,-487.90512967752,20967555.686497,56.866769663096,65.126851665744,55.066769663096,55.714177118217,61.265654847738,1.3510953707948e-07,0,0,42.279602325499,2.428589021133,0,0.0006788138773678,7.9193977102134e-09,0,0.00047516386261281,0,0.0043889369044549,-4.3889369044549e-06,0.0041766659494274,0.0083333333333333,8.3333333333333e-16,16766803.337747,0.58334668469493,1.1450048392682e-07,0.11450048392682,-7.9193977102134e-09,-1.8601683410731e-09,3000000,16766803.337747,16928810.857675,9.2146643693732e-05,88.754725739366,0,-4.3889369044549e-06,0,0,3.36980057754e-06,0,3000000,-1.1313564622797e-08,-2.3462669036101e-09,-0.040548621149242,0.28729312213033,0.23447623653059,23.094573077494,20967555.692173,73.38361063096,85066769.663096,88.714177118217,23.801114815357,23.207514610206,0,0,-23801114.815357,-23207514.610206,-73383610.63096,-85066769.663096,0.0019610285944388,-0.0003307213979562,174050.55537781,-174050.55537781
54.48654329822,0,-0.00042585607143196,2.296,29068080.768232,12.1,29068080.768232,16867552.292344,0.58024799376167,4.3965164731947e-05,43.965164731947,4810233622329.4,51.86468025161,7.456072097923e-05,-8.6917493592462e-05,2.4811120731731e-05,9.9371841710961e-05,-7.593248563391e-06,-9.4510742155853e-05,-0.10663850066072,0.041739453544234,0,0,0.00028698697792064,-4.474494940674e-06,-4.474494940674e-06,6.8560104329911e-08,0.00029129729874192,0.004474494940674,0.29129730681011,-29068080.768232,-452.36043812742,20875929.39359,56.638398362138,64.843175918257,54.838398362138,55.475937376201,60.981642953472,1.6091224078084e-07,0,0,42.227093441021,2.4615159185342,0,0.00066303379963893,7.5610283727862e-09,0,0.00045366170236717,0,0.004474494940674,-4.474494940674e-06,0.0041766659494274,0.0083333333333333,8.3333333333333e-16,16674629.260198,0.58024799376167,1.1489386323709e-07,0.11489386323709,-7.5610283727862e-09,-1.760377252241e-09,3000000,16674629.260198,16867552.292344,9.1899186146764e-05,88.516377104702,0,-4.474494940674e-06,0,0,4.0133522298839e-06,0,3000000,-1.1050563327316e-08,-2.2542160021023e-09,-0.040439728501255,0.29129730681011,0.23092645758147,22.99581822879,20875929.398492,73.096959346695,84838398.362138,88.475937376201,23.856755408666,23.246784386047,0,0,-23856755.408666,-23246784.386047,-73096959.346695,-84838398.362138,0.0019610285944388,-0.0003339568852852,173583.14688958,-173583.14688958
54.96713611707,0,-0.0004294417071704,2.296,29122336.426984,12.1,29122336.426984,16796643.801941,0.57673373786358,4.3976513630352e-05,43.976513630352,4846303553701,51.854882049437,7.5904054312289e-05,-8.6777786461441e-05,2.5195676429894e-05,0.00010109973074218,-7.6207436655615e-06,-9.4398530127003e-05,-0.10775900506842,0.04098544266998,0,0,0.00029177730496212,-4.5259120322485e-06,-4.5259120322485e-06,6.8492130126136e-08,0.00029606621874251,0.0045259120322485,0.29606622666502,-29122336.426984,-376.6372795624,20774285.253739,56.384145191754,64.531145396621,54.584145191754,55.211933197006,60.664390488758,1.9161386735802e-07,0,0,42.16890598317,2.5030864680033,0,0.00064777566692693,7.1827279037315e-09,0,0.00043096367422389,0,0.0045259120322485,-4.5259120322485e-06,0.0041766659494274,0.0083333333333333,8.3333333333333e-16,16578333.674779,0.57673373786358,1.1540971138504e-07,0.11540971138504,-7.1827279037315e-09,-1.647053349846e-09,3000000,16578333.674779,16796643.801941,9.1624967787904e-05,88.252252723631,0,-4.5259120322485e-06,0,0,4.779089136453e-06,0,3000000,-1.0796261115449e-08,-2.1503955402316e-09,-0.040319526625026,0.29606622666502,0.22682146282934,22.886383536859,20774285.257153,72.774615375685,84584145.191754,88.211933197006,23.919754702996,23.28987570997,0,0,-23919754.702996,-23289875.70997,-72774615.375685,-84584145.191754,0.0019610285944388,-0.0003378167393825,173065.19050985,-173065.19050985
55,0,-0.0004296869,2.296,29158098.420838,12.1,29158098.420838,16809917.686175,0.57648171936576,4.3983969468692e-05,43.983969468692,4870141720277.2,51.848429007641,7.6181432306999e-05,-8.6807451503009e-05,2.5162349815057e-05,0.00010134378212206,-7.6150439144406e-06,-9.442249541745e-05,-0.10801784219459,0.040881414266365,0,0,0.00029210251432687,-4.7488232550169e-06,-4.7488232550169e-06,6.8501144307335e-08,0.00029638830944306,0.0047488232550169,0.29638831735904,-29158098.420838,-255.39199238969,20754400.725385,56.336843050338,64.441374460231,54.536843050338,55.159390153969,60.608148133052,1.2993717064149e-08,0,0,42.157325310048,2.4506415125179,0,0.00070008201765233,8.0433611797629e-09,0,0.00048260167078577,0,0.0047488232550169,-4.7488232550169e-06,0.0041766659494274,0.0083333333333333,8.3333333333333e-16,16507552.349822,0.57648171936576,1.1526407168492e-07,0.11526407168492,-8.0433611797629e-09,-1.7129742469577e-09,3000000,16507552.349822,16809917.686175,9.1570391460614e-05,88.199685350949,0,-4.7488232550169e-06,0,0,3.2407952999307e-07,0,3000000,-1.1668033627539e-08,-2.2073644000265e-09,-0.040295196980665,0.29638831735904,0.22654778893729,22.864603458431,20754400.726956,72.711414400064,84536843.050338,88.159390153969,23.928694917286,23.297939761173,0,0,-23928694.917286,-23297939.761173,-72711414.400064,-84536843.050338,0.0019610285944388,-0.00033811650853939,172962.10500403,-172962.10500403
55.375,0,-0.0004296869,2.296,29281970.623063,12.1,29281970.623063,16813154.597383,0.57415482357634,4.4009591361265e-05,44.009591361265,4953184358948.9,51.826119372587,7.7093773918269e-05,-8.5471544199576e-05,2.5349471658123e-05,0.00010244324557639,-7.5535725609658e-06,-9.3025116760542e-05,-0.10819622153464,0.039273559686479,0,0,0.00029536102354732,-4.8660980561442e-06,-4.8660980561442e-06,6.8435875331457e-08,0.00029958509007445,0.0048660980561442,0.29958509789104,-29281970.623063,-391.84181911002,20274248.864281,55.28665725343,63.158838044743,53.48665725343,53.977384887035,59.334370170653,1.3009773521998e-07,0,0,41.896807155148,2.7160545037974,0,0.00048255126288957,4.686634970138e-09,0,0.00028119809820828,0,0.0048660980561442,-4.8660980561442e-06,0.0041766659494274,0.0083333333333333,8.3333333333333e-16,16120301.318855,0.57415482357634,1.1556033056649e-07,0.11556033056649,-4.686634970138e-09,-1.2737935220054e-09,3000000,16120301.318855,16813154.597383,9.0342652880097e-05,87.017139827581,0,-4.8660980561442e-06,0,0,3.2447999805006e-06,0,3000000,-8.0425210481595e-09,-1.7788268372037e-09,-0.039754940546118,0.29958509789104,0.22384003033664,22.374640069808,20274248.868067,71.670433681516,83486657.25343,86.977384887035,24.152287082777,23.508726771531,0,0,-24152287.082777,-23508726.771531,-71670433.681516,-83486657.25343,0.0019610285944388,-0.0003393442471199,170643.09940817,-170643.09940817
55.825,0,-0.0004296869,2.296,29407870.098168,12.1,29407870.098168,16817644.118636,0.57185073464692,4.4035175584411e-05,44.035175584411,5038790443603.7,51.803544460067,7.8053183644597e-05,-8.4081625710115e-05,2.5542829768053e-05,0.00010359601341265,-7.4898290564488e-06,-9.1571454766564e-05,-0.10839080283768,0.037595918918368,0,0,0.00029871729855524,-4.9904028497426e-06,-4.9904028497426e-06,6.833824791642e-08,0.00030287345626337,0.0049904028497426,0.30287346397305,-29407870.098168,-564.20228247265,19784173.145418,54.195452127191,61.82841114444,52.395452127191,52.759766474728,58.013119983911,1.3380961404374e-07,0,0,41.628439736643,3.1594175176084,0,0.00036079851162908,2.7846900741136e-09,0,0.00016708140444682,0,0.0049904028497426,-4.9904028497426e-06,0.0041766659494274,0.0083333333333333,8.3333333333333e-16,15721598.362081,0.57185073464692,1.1587922440782e-07,0.11587922440782,-2.7846900741136e-09,-9.3502929671544e-10,3000000,15721598.362081,16817644.118636,8.9077923229898e-05,85.798964875805,0,-4.9904028497426e-06,0,0,3.337378873704e-06,0,3000000,-6.0133085271513e-09,-1.4502960664823e-09,-0.039198401077158,0.30287346397305,0.22111544404456,21.86991436339,19784173.153463,70.592065479966,82395452.127191,85.759766474728,24.38233214328,23.721027147032,0,0,-24382332.14328,-23721027.147032,-70592065.479966,-82395452.127191,0.0019610285944388,-0.0003406089767701,168254.22349471,-168254.22349471
56.365,0,-0.0004296869,2.296,29531533.67006,12.1,29531533.67006,16822807.023196,0.56963229822178,4.4059903435697e-05,44.059903435697,5123941068616.3,51.781458539314,7.9046261324177e-05,-8.2673395618282e-05,2.5736056541995e-05,0.00010478231786617,-7.4252553899072e-06,-9.0098651008189e-05,-0.10860651440241,0.035886303818393,0,0,0.00030208265580816,-5.1238074112928e-06,-5.1238074112928e-06,6.820037240116e-08,0.00030616568454901,0.0051238074112928,0.30616569214504,-29531533.67006,-781.15387918843,19297511.054287,53.090838428988,60.484363771678,51.290838428988,51.537896874372,56.677929344339,1.3395083323861e-07,0,0,41.359135341208,4.380652972208,0,0.00026895446328593,1.3259492840435e-09,0,7.9556957042612e-05,0,0.0051238074112928,-5.1238074112928e-06,0.0041766659494274,0.0083333333333333,8.3333333333333e-16,15322542.237816,0.56963229822178,1.1621439623101e-07,0.11621439623101,-1.3259492840435e-09,-6.5932603779028e-10,3000000,15322542.237816,16822807.023196,8.7808777907662e-05,84.576536792881,0,-5.1238074112928e-06,0,0,3.3409010567765e-06,0,3000000,-4.4825743880988e-09,-1.1823714269282e-09,-0.038639918508665,0.30616569214504,0.21844800027836,21.363426459661,19297511.070098,69.503114368749,81290838.428988,84.537896874372,24.612909084649,23.92906113294,0,0,-24612909.084649,-23929061.13294,-69503114.368749,-81290838.428988,0.0019610285944388,-0.00034187812209234,165857.00706945,-165857.00706945
57.013,0,-0.0004296869,2.296,29647736.262292,12.1,29647736.262292,16827576.452049,0.5675619608087,4.4082799305109e-05,44.082799305109,5204864685964.6,51.760780001398,8.0053816391268e-05,-8.1291269519529e-05,2.5921450841021e-05,0.00010597526723229,-7.3616217469088e-06,-8.8652891266437e-05,-0.10884726382402,0.034192940454531,0,0,0.00030535383665245,-5.2680443703229e-06,-5.2680443703229e-06,6.8010361055713e-08,0.00030936047033035,0.0052680443703229,0.30936047780611,-29647736.262292,-1071.6535064834,18828569.605111,52.00507377087,59.167072537019,50.20507377087,50.348340320479,55.367926114424,1.2997298177866e-07,0,0,41.096952855868,15.362808878489,0,0.00020155865528753,2.3388955112325e-10,0,1.4033373067395e-05,0,0.0052680443703229,-5.2680443703229e-06,0.0041766659494274,0.0083333333333333,8.3333333333333e-16,14936664.610248,0.5675619608087,1.1655629137884e-07,0.11655629137884,-2.3388955112325e-10,-4.4032685749039e-10,3000000,14936664.610248,16827576.452049,8.6573195865626e-05,83.386436525812,0,-5.2680443703229e-06,0,0,3.2416884738837e-06,0,3000000,-3.3593109214588e-09,-9.6747891212942e-10,-0.038096205333844,0.30936047780611,0.2159159055625,20.870332920732,18828569.635608,68.435294684304,80205073.77087,83.348340320479,24.837147656446,24.125906379111,0,0,-24837147.656446,-24125906.379111,-68435294.684304,-80205073.77087,0.0019610285944388,-0.00034311370413437,163523.18641548,-163523.18641548
57.7906,0,-0.0004296869,2.296,29751198.514701,12.1,29751198.514701,16830724.613354,0.56569548607989,4.4102918898511e-05,44.102918898511,5277635060327.6,51.742427484037,8.1052793357357e-05,-7.9984028443256e-05,2.6090735201141e-05,0.0001071435285585,-7.3008654714215e-06,-8.7284893914677e-05,-0.10911559562054,0.032569723815492,0,0,0.0003084223376171,-5.4242320032157e-06,-5.4242320032157e-06,6.7757575524705e-08,0.00031235187725891,0.0054242320032157,0.31235188460813,-29751198.514701,-1462.9216385906,18391915.882894,50.972610315073,57.919515665925,49.172610315073,49.229565363189,54.124722418869,1.216893051284e-07,0,0,40.850370885572,4.4066063859493,0,0.00015825771348351,4.8785289140211e-10,0,2.9271173484127e-05,0,0.0054242320032157,-5.4242320032157e-06,0.0041766659494274,0.0083333333333333,8.3333333333333e-16,14578175.584754,0.56569548607989,1.168936743894e-07,0.1168936743894,4.8785289140211e-10,-2.7861174269893e-10,3000000,14578175.584754,16830724.613354,8.5411134052102e-05,82.267150207645,0,-5.4242320032157e-06,0,0,3.0350832336941e-06,0,3000000,-2.6376285580585e-09,-8.0484608967128e-10,-0.037584844455679,0.31235188460813,0.21359423387608,20.406579683319,18391915.941076,67.422568029316,79172610.315073,82.229565363189,25.047887896204,24.304443191923,0,0,-25047887.896204,-24304443.191923,-67422568.029316,-79172610.315073,0.0019610285944388,-0.0003442757659479,161328.23394019,-161328.23394019
58.72372,0,-0.0004296869,2.296,29837413.804065,12.1,29837413.804065,16831130.011956,0.56407590434305,4.4119500917117e-05,44.119500917117,5338771235559,51.727174981647,8.2018651761362e-05,-7.8799157263928e-05,2.6236058179309e-05,0.00010825470994067,-7.2448717850963e-06,-8.6044029049024e-05,-0.10941213464914,0.031070101605499,0,0,0.00031118701435047,-5.5926069043095e-06,-5.5926069043095e-06,6.7439041530357e-08,0.00031504161231085,0.0055926069043095,0.31504161952898,-29837413.804065,-1970.6954571729,18000820.73432,50.026369763407,56.782412161332,48.226369763407,48.217482254903,52.987813488347,1.0941143946469e-07,0,0,40.627304177367,1.7925246626334,0,0.00013889556637204,8.2897248399505e-10,0,4.9738349039703e-05,0,0.0055926069043095,-5.5926069043095e-06,0.0041766659494274,0.0083333333333333,8.3333333333333e-16,14260070.663208,0.56407590434305,1.1721511786939e-07,0.11721511786939,8.2897248399505e-10,-1.7507116226413e-10,3000000,14260070.663208,16831130.011956,8.4359892133798e-05,81.254604504353,0,-5.5926069043095e-06,0,0,2.7288579316256e-06,0,3000000,-2.3149261062007e-09,-6.9409471924438e-10,-0.03712224945069,0.31504161952898,0.21154647999496,19.98705222166,18000820.842194,66.497358350363,78226369.763407,81.217482254903,25.23855627506,24.458363150433,0,0,-25238556.27506,-24458363.150433,-66497358.350363,-78226369.763407,0.0019610285944388,-0.0003453270078662,159342.60286286,-159342.60286286
59.843464,0,-0.0004296869,2.296,29903310.944702,12.1,29903310.944702,16827975.643405,0.5627286879988,4.4132070507595e-05,44.132070507595,5385772971469.6,51.715539931655,8.2928508611883e-05,-7.7776283581844e-05,2.635110350754e-05,0.00010927961211942,-7.1952175781247e-06,-8.4971501159968e-05,-0.10973528045909,0.029739805832578,0,0,0.00031356809490462,-5.772290376784e-06,-5.772290376784e-06,6.7063266407714e-08,0.00031735266526646,0.005772290376784,0.3173526723524,-29903310.944702,-2600.7112864639,17665413.248638,49.193421055174,55.788774147502,47.393421055174,47.340477559062,51.989290698268,9.4005278290284e-08,0,0,40.434009230559,1.9675146252866,0,0.00014200932718059,7.97577238376e-10,0,4.785463430256e-05,0,0.005772290376784,-5.772290376784e-06,0.0041766659494274,0.0083333333333333,8.3333333333333e-16,13992255.15388,0.5627286879988,1.1751066818891e-07,0.11751066818891,7.97577238376e-10,-1.2823695023239e-10,3000000,13992255.15388,16827975.643405,8.3448954987166e-05,80.377198954089,0,-5.772290376784e-06,0,0,2.3446090329512e-06,0,3000000,-2.3668221196764e-09,-6.3283700433498e-10,-0.036721395026376,0.3173526723524,0.20981651197839,19.623517299581,17665413.440077,65.686142886668,77393421.055174,80.340477559062,25.404130356906,24.583155031944,0,0,-25404130.356906,-24583155.031944,-65686142.886668,-77393421.055174,0.0019610285944388,-0.00034623794501283,157621.98548987,-157621.98548987
61.1871568,0,-0.0004296869,2.296,29947660.916642,12.1,29947660.916642,16820864.729328,0.56165904992492,4.4140489409091e-05,44.140489409091,5417492218437,51.707717697413,8.3764435943373e-05,-7.6941079581178e-05,2.6432075411914e-05,0.00011019651135529,-7.1529335684734e-06,-8.4094013149651e-05,-0.1100812559568,0.028609920359954,0,0,0.00031551942041628,-5.9611581013885e-06,-5.9611581013885e-06,6.6650334286482e-08,0.00031924116676829,0.0059611581013885,0.31924117372583,-29947660.916642,-3350.8203038619,17391072.541764,48.491044790193,54.959071598772,46.691044790193,46.615070643136,51.149070142772,7.6818602718951e-08,0,0,40.274126972353,5.3744340717943,0,0.00016438138802065,4.2979341687237e-10,0,2.5787605012342e-05,0,0.0059611581013885,-5.9611581013885e-06,0.0041766659494274,0.0083333333333333,8.3333333333333e-16,13780044.680965,0.56165904992492,1.1777387336956e-07,0.11777387336956,4.2979341687237e-10,-1.3329952188046e-10,3000000,13780044.680965,16820864.729328,8.2695481135457e-05,79.651460474861,0,-5.9611581013885e-06,0,0,1.9159518817377e-06,0,3000000,-2.7396898003441e-09,-6.1590755550733e-10,-0.036389831725714,0.31924117372583,0.20842268918529,19.322822505233,17391072.864573,65.005457650736,76691044.790193,79.615070643136,25.541974647421,24.676877035302,0,0,-25541974.647421,-24676877.035302,-65005457.650736,-76691044.790193,0.0019610285944388,-0.00034699141886454,156198.79158002,-156198.79158002
62.79958816,0,-0.0004296869,2.296,29971193.261657,12.1,29971193.261657,16809865.549623,0.56085204850594,4.4144959222248e-05,44.144959222248,5434274765002.8,51.703565447637,8.4515984159134e-05,-7.6301404289329e-05,2.6478270888646e-05,0.00011099425504778,-7.1183534963311e-06,-8.341975778566e-05,-0.11044452428588,0.027692290085443,0,0,0.00031703524177239,-6.1559106971611e-06,-6.1559106971611e-06,6.6227556529595e-08,0.00032070286821051,0.0061559106971611,0.32070287504876,-29971193.261657,-4213.014229944,17177590.481077,47.924335975597,54.298403938903,46.124335975597,46.043488315586,50.472038336723,5.946236512578e-08,0,0,40.148148199236,16.919702477153,0,0.00020128866207748,2.1073327466008e-10,0,1.2643996479605e-05,0,0.0061559106971611,-6.1559106971611e-06,0.0041766659494274,0.0083333333333333,8.3333333333333e-16,13623446.60551,0.56085204850594,1.1800231329333e-07,0.11800231329333,-2.1073327466008e-10,-1.8221429073189e-10,3000000,13623446.60551,16809865.549623,8.2101783545247e-05,79.079616892947,0,-6.1559106971611e-06,0,0,1.4830656419529e-06,0,3000000,-3.3548110346247e-09,-6.3562220839465e-10,-0.036128577360742,0.32070287504876,0.20735585121867,19.08589089256,17177590.997724,64.459495096121,76124335.975597,79.043488315586,25.652297638874,24.740492558853,0,0,-25652297.638874,-24740492.558853,-64459495.096121,-76124335.975597,0.0019610285944388,-0.00034758511645475,155077.38996434,-155077.38996434
64.734505792,0,-0.0004296869,2.296,29976384.489124,12.1,29976384.489124,16795479.109259,0.56027579865187,4.4145976061016e-05,44.145976061016,5437826733337.4,51.702640753154,8.51811302785e-05,-7.5847100880403e-05,2.6492011840575e-05,0.00011167314211907,-7.0911039993002e-06,-8.2938204879703e-05,-0.11081853091951,0.026978896795964,0,0,0.00031814885788274,-6.3524036966144e-06,-6.3524036966144e-06,6.5822790603663e-08,0.00032177163451779,0.0063524036966144,0.32177164125026,-29976384.489124,-5171.0993452586,17019470.623065,47.48624084182,53.796705579485,45.68624084182,45.614113978578,49.948190813242,4.3485902571898e-08,0,0,40.053512571826,4.9568199254138,0,0.00024719707883653,1.041227903115e-09,0,6.24736741869e-05,0,0.0063524036966144,-6.3524036966144e-06,0.0041766659494274,0.0083333333333333,8.3333333333333e-16,13517441.229441,0.56027579865187,1.181979151234e-07,0.1181979151234,-1.041227903115e-09,-2.6460713401449e-10,3000000,13517441.229441,16795479.109259,8.1655796157442e-05,78.650046300887,0,-6.3524036966144e-06,0,0,1.0845927146906e-06,0,3000000,-4.1199513139422e-09,-6.8264479687947e-10,-0.035932322308327,0.32177164125026,0.20658220284319,18.907907163525,17019471.408644,64.04021809794,75686240.84182,78.614113978578,25.738050028578,24.777637086238,0,0,-25738050.028578,-24777637.086238,-64040218.09794,-75686240.84182,0.0019610285944388,-0.00034803110384256,154234.98974998,-154234.98974998
67.0564069504,0,-0.0004296869,2.296,29967012.353557,12.1,29967012.353557,16778571.641752,0.55988744440302,4.4144252083605e-05,44.144252083605,5430879296927.6,51.704278852699,8.5765216427293e-05,-7.5553794927048e-05,2.6477913066422e-05,0.00011224312949372,-7.0702491194828e-06,-8.2624044046531e-05,-0.11119654957431,0.026445711173402,0,0,0.00031892280039915,-6.5462182676469e-06,-6.5462182676469e-06,6.545798061828e-08,0.0003225096895209,0.0065462182676469,0.32250969616372,-29967012.353557,-6197.0076996775,16907385.38412,47.160214202658,53.432077993019,45.360214202658,45.304918086003,49.55596549278,3.004161943869e-08,0,0,39.985364699993,3.5059696674996,0,0.0002966304341149,1.9728253828046e-09,0,0.00011836952296828,0,0.0065462182676469,-6.5462182676469e-06,0.0041766659494274,0.0083333333333333,8.3333333333333e-16,13453106.317267,0.55988744440302,1.1836611365076e-07,0.11836611365076,-1.9728253828046e-09,-3.6908457658021e-10,3000000,13453106.317267,16778571.641752,8.133463707418e-05,78.340709083479,0,-6.5462182676469e-06,0,0,7.4927550432788e-07,0,3000000,-4.9438405685816e-09,-7.4714382163764e-10,-0.035790997476099,0.32250969616372,0.20605088818645,18.779739657413,16907386.519804,63.730183124031,75360214.202658,78.304918086003,25.804248709879,24.793847710848,0,0,-25804248.709879,-24793847.710848,-63730183.124031,-75360214.202658,0.0019610285944388,-0.00034835226292582,153628.37062132,-153628.37062132
69.84268834048,0,-0.0004296869,2.296,29947508.162935,12.1,29947508.162935,16760248.462443,0.55964070209819,4.4140608312837e-05,44.140608312837,5416675703110.1,51.707703193532,8.6278177333497e-05,-7.5389521603966e-05,2.6441734345514e-05,0.00011271991167901,-7.0545458341163e-06,-8.2444067438082e-05,-0.11157234551796,0.026059845879932,0,0,0.00031943345716328,-6.7333327892425e-06,-6.7333327892425e-06,6.514463392674e-08,0.00032299248511324,0.0067333327892425,0.32299249168278,-29947508.162935,-7254.7517255085,16830356.22071,46.924701837489,53.176357294525,45.124701837489,45.088855188966,49.267775243264,1.966652663217e-08,0,0,39.937743670838,2.9666752025222,0,0.0003449218536066,2.9230538691581e-09,0,0.00017538323214949,0,0.0067333327892425,-6.7333327892425e-06,0.0041766659494274,0.0083333333333333,8.3333333333333e-16,13419425.761726,0.55964070209819,1.185127217295e-07,0.1185127217295,-2.9230538691581e-09,-4.8448457534406e-10,3000000,13419425.761726,16760248.462443,8.111021442302e-05,78.124547430109,0,-6.7333327892425e-06,0,0,4.9050773347188e-07,0,3000000,-5.74869756011e-09,-8.1989255494848e-10,-0.035692241142641,0.32299249168278,0.20570438853844,18.690177527573,16830357.784296,63.507237043902,75124701.837489,78.088855188966,25.856926594225,24.795467820835,0,0,-25856926.594225,-24795467.820835,-63507237.043902,-75124701.837489,0.0019610285944388,-0.00034857668557698,153204.47143804,-153204.47143804
73.186226008576,0,-0.0004296869,2.296,29922263.128212,12.1,29922263.128212,16741695.40471,0.55949314076436,4.4135859393726e-05,44.135859393726,5398422631090,51.712143897647,8.6731323514581e-05,-7.5321914969333e-05,2.6389144827121e-05,0.0001131204683417,-7.042719757123e-06,-8.2364634726456e-05,-0.11194071045535,0.025787413518819,0,0,0.00031975502884787,-6.9106988380217e-06,-6.9106988380217e-06,6.4884201918363e-08,0.00032329299507335,0.0069106988380217,0.32329300158441,-29922263.128212,-8304.2452641901,16777920.556457,46.757994367191,53.001186290517,44.957994367191,44.939505842975,49.055951576766,1.2259217382627e-08,0,0,39.904826545051,2.6935359335172,0,0.00038863295340948,3.8246698885839e-09,0,0.00022948019331503,0,0.0069106988380217,-6.9106988380217e-06,0.0041766659494274,0.0083333333333333,8.3333333333333e-16,13405319.87221,0.55949314076436,1.1864271035748e-07,0.11864271035748,-3.8246698885839e-09,-6.0090946900231e-10,3000000,13405319.87221,16741695.40471,8.0955086556848e-05,77.975129820691,0,-6.9106988380217e-06,0,0,3.0576019065081e-07,0,3000000,-6.477215890158e-09,-8.9304049468447e-10,-0.035623977715645,0.32329300158441,0.20548885286629,18.628269417942,16777922.611553,63.349508266792,74957994.367191,77.939505842975,25.902042790425,24.788579209019,0,0,-25902042.790425,-24788579.209019,-63349508.266792,-74957994.367191,0.0019610285944388,-0.00034873181344315,152911.45923346,-152911.45923346
77.198471210291,0,-0.0004296869,2.296,29895261.442705,12.1,29895261.442705,16724134.657687,0.55941127681391,4.4130748548025e-05,44.130748548026,5379016771324.3,51.716901494288,8.7134708691339e-05,-7.5323755524778e-05,2.632479119567e-05,0.00011345949988701,-7.0336761808059e-06,-8.2357431705584e-05,-0.1122977425146,0.025599660763481,0,0,0.00031994760989636,-7.0765903685236e-06,-7.0765903685236e-06,6.4672308358996e-08,0.00032347008229799,0.0070765903685236,0.32347008876305,-29895261.442705,-9307.1254658536,16741751.542979,46.641962467743,52.882556009596,44.841962467743,44.835276348266,48.897285690692,7.2453739242834e-09,0,0,39.881853994583,2.5319354296825,0,0.00042562172993969,4.6305447093582e-09,0,0.00027783268256149,0,0.0070765903685236,-7.0765903685236e-06,0.0041766659494274,0.0083333333333333,8.3333333333333e-16,13400989.236422,0.55941127681391,1.1876046942263e-07,0.11876046942263,-4.6305447093582e-09,-7.1049125214468e-10,3000000,13400989.236422,16724134.657687,8.0846824287609e-05,77.870852685582,0,-7.0765903685236e-06,0,0,1.8070867358668e-07,0,3000000,-7.0936954989948e-09,-9.6050980038531e-10,-0.035576337316101,0.32347008876305,0.20536155382438,18.5850643343,16741754.130001,63.239181987916,74841962.467743,77.835276348266,25.944676777051,24.778256688076,0,0,-25944676.777051,-24778256.688076,-63239181.987916,-74841962.467743,0.0019610285944388,-0.00034884007571239,152706.96878976,-152706.96878976
82.013165452349,0,-0.0004296869,2.296,29869812.524302,12.1,29869812.524302,16708736.151577,0.55937249589705,4.4125901616922e-05,44.125901616922,5360836474584.9,51.721392959722,8.7495682457868e-05,-7.5375590846539e-05,2.6251920444574e-05,0.00011374760290244,-7.0265986866399e-06,-8.2402189533178e-05,-0.11264079864236,0.025475961717757,0,0,0.00032005210514494,-7.2306408585041e-06,-7.2306408585041e-06,6.4503312815984e-08,0.00032356358688368,0.0072306408585041,0.32356359331313,-29869812.524302,-10235.631381661,16716271.354683,46.563774790465,52.803025354921,44.763774790465,44.761203862786,48.775091474768,3.8512690143138e-09,0,0,39.865528155954,2.4268272091842,0,0.00045485165357926,5.3130896608863e-09,0,0.00031878537965318,0,0.0072306408585041,-7.2306408585041e-06,0.0041766659494274,0.0083333333333333,8.3333333333333e-16,13398750.940759,0.55937249589705,1.1886690649236e-07,0.11886690649236,-5.3130896608863e-09,-8.0759794571649e-10,3000000,13398750.940759,16708736.151577,8.0769885841455e-05,77.796746343632,0,-7.2306408585041e-06,0,0,9.6055458715674e-08,0,3000000,-7.5808608929877e-09,-1.0180544409029e-09,-0.035542480845777,0.32356359331313,0.20529381280294,18.554359897523,16716274.4884,63.164190450533,74763774.790465,77.761203862786,25.988683315698,24.768271633895,0,0,-25988683.315698,-24768271.633895,-63164190.450533,-74763774.790465,0.0019610285944388,-0.00034891701415854,152561.64413417,-152561.64413417
87.013165452349,0,-0.0004296869,2.296,29851144.109889,12.1,29851144.109889,16698114.558334,0.55936657922768,4.4122324055699e-05,44.122324055699,5347582248977.5,51.724693267551,8.7808020406869e-05,-7.5463809958231e-05,2.6176956407394e-05,0.00011398497681426,-7.0210761808207e-06,-8.2484886139051e-05,-0.11295799304682,0.025407220785035,0,0,0.00032008381546494,-7.374422710975e-06,-7.374422710975e-06,6.4386503812172e-08,0.00032358857736781,0.007374422710975,0.32358858377351,-29851144.109889,-11015.571031761,16699755.093214,46.519308187631,52.754519556793,44.719308187631,44.713541380568,48.688896459218,1.0682397157306e-09,0,0,39.855023175754,2.3605579948467,0,0.0004740305614375,5.8068155765621e-09,0,0.00034840893459372,0,0.007374422710975,-7.374422710975e-06,0.0041766659494274,0.0083333333333333,8.3333333333333e-16,13392018.948604,0.55936657922768,1.1895958641057e-07,0.11895958641057,-5.8068155765621e-09,-8.8097947501219e-10,3000000,13392018.948604,16698114.558334,8.0720379235893e-05,77.74906207622,0,-7.374422710975e-06,0,0,2.6643232532004e-08,0,3000000,-7.9005093572916e-09,-1.058870314208e-09,-0.035520695652281,0.32358858377351,0.20527483322348,18.534602903243,16699758.726285,63.120117784392,74719308.187631,77.713541380568,26.030411728413,24.761540421088,0,0,-26030411.728413,-24761540.421088,-63120117.784392,-74719308.187631,0.0019610285944388,-0.00034896652076411,152468.13392227,-152468.13392227
92.013165452349,0,-0.0004296869,2.296,29839309.298131,12.1,29839309.298131,16691563.427573,0.55936904263798,4.4120042400244e-05,44.120042400244,5339228525110.5,51.726788863792,8.8096676343825e-05,-7.5558501605597e-05,2.6102524381522e-05,0.00011419920072535,-7.015554883239e-06,-8.2574056488836e-05,-0.11325731614719,0.025355312793311,0,0,0.00032009118727138,-7.5080957236386e-06,-7.5080957236386e-06,6.4300866483772e-08,0.00032359196560356,0.0075080957236386,0.32359197199216,-29839309.298131,-11738.976943901,16682655.498335,46.49047983772,52.717566676592,44.69047983772,44.675794097831,48.619385459597,2.0441850659327e-10,0,0,39.846703540702,2.3130595369296,0,0.0004849193722284,6.1550823171649e-09,0,0.00036930493902989,0,0.0075080957236386,-7.5080957236386e-06,0.0041766659494274,0.0083333333333333,8.3333333333333e-16,13378478.064786,0.55936904263798,1.1904358601184e-07,0.11904358601184,-6.1550823171649e-09,-9.343601706206e-10,3000000,13378478.064786,16691563.427573,8.0681171461759e-05,77.711297540252,0,-7.5080957236386e-06,0,0,5.0984528315314e-09,0,3000000,-8.0819895371399e-09,-1.0838370384918e-09,-0.035503442420506,0.32359197199216,0.20527115331873,18.518955945418,16682659.62848,63.084010343258,74690479.83772,77.675794097831,26.071094378123,24.757846505578,0,0,-26071094.378123,-24757846.505578,-63084010.343258,-74690479.83772,0.0019610285944388,-0.00034900572853824,152394.07658738,-152394.07658738
97.013165452349,0,-0.0004296869,2.296,29832201.253822,12.1,29832201.253822,16687661.938274,0.55937173665266,4.4118663470222e-05,44.118663470222,5334241554644.5,51.728049596322,8.836622118429e-05,-7.5649332364285e-05,2.6031095493371e-05,0.00011439731667766,-7.0100476559598e-06,-8.2659380020245e-05,-0.11353795257348,0.025308967955558,0,0,0.00032009316463303,-7.632527352809e-06,-7.632527352809e-06,6.4239912884907e-08,0.00032359118454643,0.007632527352809,0.32359119092294,-29832201.253822,-12298.68714396,16666308.691405,46.468697674395,52.684089490682,44.668697674395,44.641252665909,48.557094281122,3.422609019139e-11,0,0,39.839090486544,2.2769669682905,0,0.00049023177021515,6.3983875123442e-09,0,0.00038390325074065,0,0.007632527352809,-7.632527352809e-06,0.0041766659494274,0.0083333333333333,8.3333333333333e-16,13358986.360478,0.55937173665266,1.1912007802789e-07,0.11912007802789,-6.3983875123442e-09,-9.7235994540215e-10,3000000,13358986.360478,16687661.938274,8.0645293576971e-05,77.676740320402,0,-7.632527352809e-06,0,0,8.5364143070935e-10,0,3000000,-8.1705295035859e-09,-1.0976125586443e-09,-0.035487654493835,0.32359119092294,0.20527052422615,18.504637872981,16666313.229233,63.051490141579,74668697.674395,77.641252665909,26.111603393273,24.757178458437,0,0,-26111603.393273,-24757178.458437,-63051490.141579,-74668697.674395,0.0019610285944388,-0.00034904160642303,152326.30889111,-152326.30889111
102.01316545235,0,-0.0004296869,2.296,29828894.284044,12.1,29828894.284044,16685844.868868,0.55937304348207,4.4118011441688e-05,44.118011441688,5331959487053.6,51.728638752839,8.861504958205e-05,-7.5735424196933e-05,2.5963896168543e-05,0.00011457894575059,-7.0046277696284e-06,-8.2740051966561e-05,-0.11379807267553,0.025268164675198,0,0,0.00032009399546496,-7.7488583302713e-06,-7.7488583302713e-06,6.4195193432881e-08,0.00032358995417833,0.0077488583302713,0.32358996054599,-29828894.284044,-12720.273707097,16650289.366831,46.450947518278,52.651836052009,44.650947518278,44.608321634875,48.498963660024,1.4897939888128e-11,0,0,39.831832370456,2.2513034318743,0,0.00049267823340175,6.5622004070825e-09,0,0.00039373202442495,0,0.0077488583302713,-7.7488583302713e-06,0.0041766659494274,0.0083333333333333,8.3333333333333e-16,13334814.222886,0.55937304348207,1.191875568238e-07,0.1191875568238,-6.5622004070825e-09,-9.9858163303194e-10,3000000,13334814.222886,16685844.868868,8.0611088401574e-05,77.643794237512,0,-7.7488583302713e-06,0,0,3.715732252094e-10,0,3000000,-8.2113038900291e-09,-1.104765401206e-09,-0.035472602636631,0.32358996054599,0.20527024824508,18.490987341966,16650294.225766,63.022655185778,74650947.518278,77.608321634875,26.151983858254,24.759369333362,0,0,-26151983.858254,-24759369.333362,-63022655.185778,-74650947.518278,0.0019610285944388,-0.00034907581159843,152261.70068049,-152261.70068049
107.01316545235,0,-0.0004296869,2.296,29828596.584206,12.1,29828596.584206,16685674.577404,0.55937314098845,4.4117931986746e-05,44.117931986746,5331828283359.2,51.728696918948,8.8843797807843e-05,-7.581643668551e-05,2.5900885422346e-05,0.00011474468323019,-6.9992670232812e-06,-8.2815703708791e-05,-0.11403807843048,0.025232303669931,0,0,0.00032009446750726,-7.8581360414655e-06,-7.8581360414655e-06,6.4162560833898e-08,0.00032358863174667,0.0078581360414655,0.32358863810788,-29828596.584206,-13032.350570914,16635080.591015,46.435800335325,52.620133775585,44.635800335325,44.57662315156,48.443682362682,7.9567410846407e-12,0,0,39.824845912259,2.2320641450113,0,0.00049287102373125,6.6672803485503e-09,0,0.00040003682091302,0,0.0078581360414656,-7.8581360414656e-06,0.0041766659494274,0.0083333333333333,8.3333333333333e-16,13307222.400434,0.55937314098845,1.1924588753774e-07,0.11924588753774,-6.6672803485503e-09,-1.0159856403315e-09,3000000,13307222.400434,16685674.577404,8.0578163462767e-05,77.612081265703,0,-7.8581360414655e-06,0,0,1.9845105893222e-10,0,3000000,-8.2145170621875e-09,-1.1068865517823e-09,-0.035458114142642,0.32358863810788,0.20527010083736,18.477847725135,16635085.695954,62.997315623254,74635800.335325,77.57662315156,26.192117972642,24.763998748775,0,0,-26192117.972642,-24763998.748775,-62997315.623254,-74635800.335325,0.0019610285944388,-0.00034910873653723,152199.51063595,-152199.51063595
112.01316545235,0,-0.0004296869,2.296,29830723.604339,12.1,29830723.604339,16686830.463312,0.55937224382895,4.4118313829927e-05,44.118313829927,5333429427087.6,51.728327226598,8.9053896239952e-05,-7.5892447433066e-05,2.5841629631642e-05,0.00011489552587159,-6.9939642776386e-06,-8.2886411710705e-05,-0.11425926921982,0.025200781937256,0,0,0.00032009474476408,-7.9612425386774e-06,-7.9612425386774e-06,6.413847872842e-08,0.00032358728972835,0.0079612425386774,0.32358729608482,-29830723.604339,-13265.978701649,16620694.252479,46.422427809743,52.588740077488,44.622427809743,44.546003000849,48.390528132357,3.8738329239563e-12,0,0,39.818097122394,2.2163475640176,0,0.00049133212004095,6.7323427197909e-09,0,0.00040394056318745,0,0.0079612425386774,-7.9612425386774e-06,0.0041766659494274,0.0083333333333333,8.3333333333333e-16,13277187.112907,0.55937224382895,1.1929616099762e-07,0.11929616099762,-6.7323427197909e-09,-1.0270779583833e-09,3000000,13277187.112907,16686830.463312,8.0546358578653e-05,77.581447119373,0,-7.9612425386774e-06,0,0,9.6618230713732e-11,0,3000000,-8.1888686673492e-09,-1.1051847344257e-09,-0.03544411852441,0.32358729608482,0.20527002905865,18.465155097427,16620699.546667,62.975067242842,74622427.809743,77.546003000849,26.231899677386,24.770603153146,0,0,-26231899.677386,-24770603.153146,-62975067.242842,-74622427.809743,0.0019610285944388,-0.00034914054142135,152139.43619904,-152139.43619904
117.01316545235,0,-0.0004296869,2.296,29834852.385748,12.1,29834852.385748,16689080.687085,0.55937051351418,4.4119077404334e-05,44.119077404334,5336456669406.2,51.727604063461,8.9246696454807e-05,-7.5963370760657e-05,2.5785787143764e-05,0.00011503248359857,-6.9887037278654e-06,-8.2952074488522e-05,-0.11446279819087,0.025172889300456,0,0,0.00032009495739452,-8.0589284287127e-06,-8.0589284287127e-06,6.4120598671703e-08,0.0003235859628999,0.0080589284287127,0.32358596925285,-29834852.385748,-13442.032591845,16607068.529454,46.410276809185,52.557509214329,44.610276809185,44.516317707991,48.339013906725,1.4331644115141e-12,0,0,39.811554378517,2.202460307795,0,0.0004885122000328,6.7710093611962e-09,0,0.00040626056167177,0,0.0080589284287127,-8.0589284287127e-06,0.0041766659494274,0.0083333333333333,8.3333333333333e-16,13245387.341906,0.55937051351418,1.1933802677088e-07,0.11933802677088,-6.7710093611962e-09,-1.0337792788625e-09,3000000,13245387.341906,16689080.687085,8.0515524723258e-05,77.551748258195,0,-8.0589284287127e-06,0,0,3.5744910138412e-11,0,3000000,-8.1418700005466e-09,-1.1006343137099e-09,-0.03543055020377,0.32358596925285,0.20527000249148,18.452849985861,16607073.969553,62.955469129325,74610276.809185,77.516317707991,26.271262902461,24.778824909496,0,0,-26271262.902461,-24778824.909496,-62955469.129325,-74610276.809185,0.0019610285944388,-0.00034917137527674,152081.19588304,-152081.19588304
122.01316545235,0,-0.0004296869,2.296,29840642.76806,12.1,29840642.76806,16692238.603801,0.55936807950138,4.4120159091572e-05,44.120159091572,5340661977782.8,51.726587152099,8.942336918373e-05,-7.6029709042455e-05,2.573326306764e-05,0.00011515663225137,-6.9834398092454e-06,-8.30131488517e-05,-0.11464993488843,0.025148519704535,0,0,0.00032009519253934,-8.1518357341256e-06,-8.1518357341256e-06,6.4104166796897e-08,0.00032358468457337,0.0081518357341256,0.32358469092309,-29840642.76806,-13605.432899279,16594169.129854,46.398919956469,52.526268523097,44.598919956469,44.487434541561,48.288745584923,4.6564587047124e-13,0,0,39.80518842615,2.1888432263969,0,0.00048472391544746,6.7954560742283e-09,0,0.0004077273644537,0,0.0081518357341256,-8.1518357341256e-06,0.0041766659494274,0.0083333333333333,8.3333333333333e-16,13212247.611047,0.55936807950138,1.1937058043525e-07,0.11937058043525,-6.7954560742283e-09,-1.0377514575824e-09,3000000,13212247.611047,16692238.603801,8.0485524029603e-05,77.522851890073,0,-8.1518357341256e-06,0,0,1.1613789501331e-11,0,3000000,-8.0787319241243e-09,-1.0939666509984e-09,-0.035417348512652,0.32358469092309,0.20526999385244,18.440877370768,16594174.707348,62.939234700222,74598919.956469,77.487434541561,26.310174371546,24.788681719918,0,0,-26310174.371546,-24788681.719918,-62939234.700222,-74598919.956469,0.0019610285944388,-0.0003492013759704,152024.52927888,-152024.52927888
127.01316545235,0,-0.0004296869,2.296,29848005.189218,12.1,29848005.189218,16696255.310542,0.55936497185897,4.4121538579485e-05,44.121538579485,5345993741034.2,51.725293122741,8.9586420279749e-05,-7.6091966993474e-05,2.5683541269576e-05,0.00011526996154932,-6.9782046305254e-06,-8.3070171624e-05,-0.11482312879873,0.025126942359662,0,0,0.00032009540764035,-8.2405485268516e-06,-8.2405485268516e-06,6.4091413025259e-08,0.00032358344241724,0.0082405485268516,0.32358344876446,-29848005.189218,-13732.970615652,16581747.568594,46.388131874799,52.495038546285,44.588131874799,44.459296131199,48.239536921559,0,0,0,39.798986620664,2.1770606311017,0,0.00048027495496338,6.8004845045501e-09,0,0.00040802907027301,0,0.0082405485268516,-8.2405485268516e-06,0.0041766659494274,0.0083333333333333,8.3333333333333e-16,13178177.78581,0.55936497185897,1.1939516966622e-07,0.11939516966622,-6.8004845045501e-09,-1.039005296386e-09,3000000,13178177.78581,16696255.310542,8.0456296907596e-05,77.494700618428,0,-8.2405485268516e-06,0,0,0,0,3000000,-8.004582582723e-09,-1.0858342656086e-09,-0.035404487228888,0.32358344876446,0.20526999385244,18.429213471057,16581753.255403,62.925145401772,74588131.874799,77.459296131199,26.34859495324,24.799734551395,0,0,-26348594.95324,-24799734.551395,-62925145.401772,-74588131.874799,0.0019610285944388,-0.0003492306030924,151969.32383021,-151969.32383021
132.01316545235,0,-0.0004296869,2.296,29856777.16334,12.1,29856777.16334,16701041.922787,0.55936125345072,4.4123184968883e-05,44.123184968883,5352336025918.3,51.723750649304,8.9736889440987e-05,-7.6150417303822e-05,2.5636268267823e-05,0.00011537315770881,-6.9730026623496e-06,-8.3123419966171e-05,-0.11498342594099,0.025107909928207,0,0,0.00032009559354739,-8.3255849414339e-06,-8.3255849414339e-06,6.4081874888414e-08,0.00032358224254645,0.0083255849414339,0.3235822488918,-29856777.16334,-13828.35198411,16569748.860659,46.377737815402,52.463794816786,44.577737815402,44.431831552539,48.19122828867,0,0,0,39.792933330076,2.1667448944355,0,0.00047554562909494,6.7930534967116e-09,0,0.0004075832098027,0,0.0083255849414339,-8.3255849414339e-06,0.0041766659494274,0.0083333333333333,8.3333333333333e-16,13143428.335641,0.55936125345072,1.194118201407e-07,0.1194118201407,-6.7930534967116e-09,-1.0383287216942e-09,3000000,13143428.335641,16701041.922787,8.0427769688716e-05,77.467223486474,0,-8.3255849414339e-06,0,0,0,0,3000000,-7.9257604849156e-09,-1.0769693634863e-09,-0.035391933934704,0.3235822488918,0.20526999385244,18.417828887246,16569754.630912,62.912549816957,74577737.815402,77.431831552539,26.386509526731,24.811685767123,0,0,-26386509.526731,-24811685.767123,-62912549.816957,-74577737.815402,0.0019610285944388,-0.00034925913031128,151915.44038876,-151915.44038876
137.01316545235,0,-0.0004296869,2.296,29866865.341442,12.1,29866865.341442,16706547.477924,0.55935696485798,4.4125079553213e-05,44.125079553213,5359625365244.3,51.721976433266,8.9875892367175e-05,-7.6205001311352e-05,2.559124973176e-05,0.00011546714209894,-6.9678198211453e-06,-8.3172821132498e-05,-0.11513178387939,0.025090846825275,0,0,0.00032009580558588,-8.4074137554952e-06,-8.4074137554952e-06,6.4074430965819e-08,0.00032358108509712,0.0084074137554952,0.32358109144102,-29866865.341442,-13902.791210058,16558174.367426,46.367557727407,52.432448186747,44.567557727407,44.404952564992,48.143642754864,0,0,0,39.787009105847,2.1572674297066,0,0.00047048981810615,6.7758728597621e-09,0,0.00040655237158573,0,0.0084074137554952,-8.4074137554952e-06,0.0041766659494274,0.0083333333333333,8.3333333333333e-16,13108150.765568,0.55935696485798,1.1942104092312e-07,0.11942104092312,-6.7758728597621e-09,-1.0361541378846e-09,3000000,13108150.765568,16706547.477924,8.0399850718228e-05,77.44033221329,0,-8.4074137554952e-06,0,0,0,0,3000000,-7.8414969684358e-09,-1.067475708176e-09,-0.035379648298033,0.32358109144102,0.20526999385244,18.406687041951,16558180.204046,62.901542925892,74567557.727407,77.404952564992,26.423914972543,24.824478653875,0,0,-26423914.972543,-24824478.653875,-62901542.925892,-74567557.727407,0.0019610285944388,-0.00034928704928177,151862.7058331,-151862.7058331
142.01316545235,0,-0.0004296869,2.296,29878207.013102,12.1,29878207.013102,16712737.802064,0.55935213278322,4.412720906047e-05,44.12720906047,5367821818575.1,51.719981873197,9.000527397487e-05,-7.6256396466309e-05,2.554819788179e-05,0.00011555347185666,-6.9626693639051e-06,-8.3219065830215e-05,-0.11527014962218,0.025075485068069,0,0,0.00032009598835354,-8.4864623479977e-06,-8.4864623479977e-06,6.4069064596085e-08,0.00032357996060394,0.0084864623479977,0.3235799669468,-29878207.013102,-13956.454907395,16546929.435574,46.357503937381,52.400996661071,44.557503937381,44.378619085938,48.096699110467,0,0,0,39.781205113625,2.1484748759003,0,0.00046524888358039,6.7516915018229e-09,0,0.00040510149010937,0,0.0084864623479977,-8.4864623479977e-06,0.0041766659494274,0.0083333333333333,8.3333333333333e-16,13072487.872817,0.55935213278322,1.1942399224691e-07,0.11942399224691,-6.7516915018229e-09,-1.032962725063e-09,3000000,13072487.872817,16712737.802064,8.0372498362666e-05,77.413986697936,0,-8.4864623479977e-06,0,0,0,0,3000000,-7.7541480596732e-09,-1.057644314362e-09,-0.035367611998097,0.3235799669468,0.20526999385244,18.395771320175,16546935.321337,62.891607775871,74557503.937381,77.378619085938,26.460804826914,24.837911545359,0,0,-26460804.826914,-24837911.545359,-62891607.775871,-74557503.937381,0.0019610285944388,-0.00034931440163733,151811.04152416,-151811.04152416
147.01316545235,0,-0.0004296869,2.296,29890761.091301,12.1,29890761.091301,16719590.546682,0.55934677447897,4.4129564056697e-05,44.129564056697,5376901902086.4,51.717774620687,9.0126001670341e-05,-7.6304891507313e-05,2.5506883821635e-05,0.00011563288549198,-6.9575452133097e-06,-8.3262436720623e-05,-0.11539951289297,0.025061625427925,0,0,0.00032009617186983,-8.5631230212072e-06,-8.5631230212072e-06,6.4066073203129e-08,0.00032357886568026,0.0085631230212072,0.32357887202255,-29890761.091301,-13986.368836952,16535980.198832,46.34749067433,52.369394273959,44.54749067433,44.35276578608,48.050306718393,0,0,0,39.775506954602,2.1407829993578,0,0.00045993446370459,6.7195727841242e-09,0,0.00040317436704745,0,0.0085631230212072,-8.5631230212072e-06,0.0041766659494274,0.0083333333333333,8.3333333333333e-16,13036505.999381,0.55934677447897,1.1942137683153e-07,0.11942137683153,-6.7195727841242e-09,-1.0287432001089e-09,3000000,13036505.999381,16719590.546682,8.0345644765056e-05,77.388121581254,0,-8.5631230212072e-06,0,0,0,0,3000000,-7.6655743950764e-09,-1.0476951130646e-09,-0.035355795174723,0.32357887202255,0.20526999385244,18.385054641697,16535986.113766,62.882780571983,74547490.67433,77.35276578608,26.497183955937,24.851943002527,0,0,-26497183.955937,-24851943.002527,-62882780.571983,-74547490.67433,0.0019610285944388,-0.00034934125523494,151760.31929075,-151760.31929075
152.01316545235,0,-0.0004296869,2.296,29904460.61676,12.1,29904460.61676,16727069.185704,0.5593409186719,4.4132130985873e-05,44.132130985873,5386820589060.2,51.715366689639,9.0238212013569e-05,-7.6350244998467e-05,2.5467020381618e-05,0.00011570523239519,-6.9524513162867e-06,-8.3302696314754e-05,-0.11551988091979,0.025048990618571,0,0,0.00032009633309049,-8.6377509832331e-06,-8.6377509832331e-06,6.4066011709089e-08,0.00032357779473567,0.0086377509832331,0.32357780107797,-29904460.61676,-13986.983777356,16525270.752935,46.337465029517,52.337619007613,44.537465029517,44.327349597171,48.004407059996,0,0,0,39.769905136383,2.1338627570232,0,0.00045467111949309,6.6832180037788e-09,0,0.00040099308022673,0,0.0086377509832331,-8.6377509832331e-06,0.0041766659494274,0.0083333333333333,8.3333333333333e-16,13000256.630159,0.5593409186719,1.1941403775326e-07,0.11941403775326,-6.6832180037788e-09,-1.0239800420855e-09,3000000,13000256.630159,16727069.185704,8.0319245190786e-05,77.362693775314,0,-8.6377509832331e-06,0,0,0,0,3000000,-7.5778519915515e-09,-1.0378638381388e-09,-0.035344178142552,0.32357780107797,0.20526999385244,18.374519153919,16525276.672223,62.874662157321,74537465.029517,77.327349597171,26.533057969521,24.866424747951,0,0,-26533057.969521,-24866424.747951,-62874662.157321,-74537465.029517,0.0019610285944388,-0.00034936765480921,151710.45463621,-151710.45463621
157.01316545235,0,-0.0004296869,2.296,29919259.189284,12.1,29919259.189284,16735148.37013,0.55933458604964,4.4134900038291e-05,44.134900038291,5397547862454.7,51.712766499494,9.03441661107e-05,-7.6392601273951e-05,2.5428444512367e-05,0.00011577261062307,-6.94738694875e-06,-8.3339988222701e-05,-0.11563331790165,0.025036646554489,0,0,0.00032009648650305,-8.7106703199907e-06,-8.7106703199907e-06,6.4068147643558e-08,0.00032357674444614,0.0087106703199907,0.32357675078888,-29919259.189284,-13965.624432668,16514767.857581,46.327362153292,52.305624854145,44.527362153293,44.30232056645,47.958926492667,0,0,0,39.764388649203,2.1272343190878,0,0.00044934341575654,6.6437446078967e-09,0,0.0003986246764738,0,0.0087106703199907,-8.7106703199907e-06,0.0041766659494274,0.0083333333333333,8.3333333333333e-16,12963771.168087,0.55933458604964,1.1940261002962e-07,0.11940261002962,-6.6437446078967e-09,-1.018839887658e-09,3000000,12963771.168087,16735148.37013,8.0293247754358e-05,77.33765330452,0,-8.7106703199907e-06,0,0,0,0,3000000,-7.4890569292757e-09,-1.0280201479667e-09,-0.035332738069584,0.32357675078888,0.20526999385244,18.364144150483,16514773.762557,62.867091144848,74527362.153293,77.30232056645,26.568435660625,24.881289227477,0,0,-26568435.660625,-24881289.227477,-62867091.144848,-74527362.153293,0.0019610285944388,-0.00034939365224564,151661.34955696,-151661.34955696
162.01316545235,0,-0.0004296869,2.296,29935073.088912,12.1,29935073.088912,16743782.308269,0.55932781398419,4.4137855013704e-05,44.137855013704,5409024261666.1,51.709988873096,9.044480012352e-05,-7.6433142727777e-05,2.5391061777185e-05,0.00011583586190071,-6.9423492642265e-06,-8.3375491992003e-05,-0.11574120552072,0.025025197726287,0,0,0.00032009661969762,-8.7821694719941e-06,-8.7821694719941e-06,6.4071543439955e-08,0.00032357571354605,0.0087821694719941,0.32357571988948,-29935073.088912,-13931.666468696,16504458.856655,46.317150142585,52.273391988454,44.517150142585,44.277638496605,47.913820782033,0,0,0,39.75894863343,2.120726424947,0,0.00044406771218173,6.6038672521817e-09,0,0.0003962320351309,0,0.0087821694719941,-8.7821694719941e-06,0.0041766659494274,0.0083333333333333,8.3333333333333e-16,12927069.743115,0.55932781398419,1.1938755371894e-07,0.11938755371894,-6.6038672521817e-09,-1.0136438218395e-09,3000000,12927069.743115,16743782.308269,8.0267610703171e-05,77.312959953188,0,-8.7821694719941e-06,0,0,0,0,3000000,-7.4011285363622e-09,-1.0183411253197e-09,-0.035321456582764,0.32357571988948,0.20526999385244,18.353912968847,16504464.736621,62.860045653724,74517150.142585,77.277638496605,26.603329360552,24.896499166232,0,0,-26603329.360552,-24896499.166232,-62860045.653724,-74517150.142585,0.0019610285944388,-0.00034941928929683,151612.92518891,-151612.92518891
167.01316545235,0,-0.0004296869,2.296,29951845.317149,12.1,29951845.317149,16752939.854351,0.5593206279084,4.414098404955e-05,44.14098404955,5421212286387,51.707044107783,9.0541022104233e-05,-7.6472177366568e-05,2.5354739665384e-05,0.00011589576176962,-6.9373350296104e-06,-8.3409512396178e-05,-0.11584449013984,0.025014489782986,0,0,0.00032009674187734,-8.8525077107629e-06,-8.8525077107629e-06,6.4076301565643e-08,0.00032357470008388,0.0088525077107629,0.32357470642828,-29951845.317149,-13884.085211818,16494324.235019,46.306796149791,52.240897413541,44.506796149791,44.253261637173,47.869044499507,0,0,0,39.753575887116,2.1146139488497,0,0.00043885962112005,6.5622066063468e-09,0,0.00039373239638081,0,0.0088525077107629,-8.8525077107629e-06,0.0041766659494274,0.0083333333333333,8.3333333333333e-16,12890168.772917,0.5593206279084,1.1936924468312e-07,0.11936924468312,-6.5622066063468e-09,-1.0083070846386e-09,3000000,12890168.772917,16752939.854351,8.0242290671386e-05,77.288571951773,0,-8.8525077107629e-06,0,0,0,0,3000000,-7.3143270186675e-09,-1.0088592440589e-09,-0.035310314599101,0.32357470642828,0.20526999385244,18.343808302663,16494330.078477,62.85349083412,74506796.149791,77.253261637173,26.637751650284,24.912035985746,0,0,-26637751.650284,-24912035.985746,-62853490.83412,-74506796.149791,0.0019610285944388,-0.00034944460932861,151565.09962077,-151565.09962077
172.01316545235,0,-0.0004296869,2.296,29969539.135474,12.1,29969539.135474,16762600.951485,0.55931304438313,4.4144278677307e-05,44.144278677307,5434090666463.1,51.703939042486,9.063357797225e-05,-7.6509923660577e-05,2.5319322541717e-05,0.00011595290051397,-6.9323437657234e-06,-8.34422674263e-05,-0.11594393293235,0.025004365434418,0,0,0.00032009685734989,-8.9219202830052e-06,-8.9219202830052e-06,6.408269817332e-08,0.00032357370132362,0.0089219202830052,0.32357370766931,-29969539.135474,-13820.119135047,16484336.632417,46.296274015085,52.208123605234,44.496274015085,44.229155474353,47.824560363849,0,0,0,39.748262803295,2.1089411967705,0,0.00043370968381914,6.5183751414141e-09,0,0.00039110250848485,0,0.0089219202830052,-8.9219202830052e-06,0.0041766659494274,0.0083333333333333,8.3333333333333e-16,12853082.650248,0.55931304438313,1.1934811262734e-07,0.11934811262734,-6.5183751414141e-09,-1.002799885633e-09,3000000,12853082.650248,16762600.951485,8.0217251809816e-05,77.264454770697,0,-8.9219202830052e-06,0,0,0,0,3000000,-7.228494730319e-09,-9.9955707648085e-10,-0.035299296343467,0.32357370766931,0.20526999385244,18.333815845309,16484342.425664,62.847342347627,74496274.015085,77.229155474353,26.671713651235,24.927865170425,0,0,-26671713.651235,-24927865.170425,-62847342.347627,-74496274.015085,0.0019610285944388,-0.00034946964819018,151517.80513906,-151517.80513906
177.01316545235,0,-0.0004296869,2.296,29988099.521395,12.1,29988099.521395,16772735.522823,0.55930508809173,4.4147727509223e-05,44.147727509223,5447622959338.2,51.700683601475,9.0723051991147e-05,-7.6546550259029e-05,2.5284704059011e-05,0.00011600775605016,-6.9273738259129e-06,-8.3473924084942e-05,-0.11604012894837,0.024994699293875,0,0,0.00032009696597457,-8.9906169328734e-06,-8.9906169328734e-06,6.4090313036385e-08,0.00032357271557101,0.0089906169328734,0.32357272191822,-29988099.521395,-13743.970504395,16474479.106281,46.285565713303,52.175055130434,44.485565713303,44.205289380478,47.780337363439,0,0,0,39.743002631522,2.1035788797265,0,0.00042864592176618,6.4735732328199e-09,0,0.00038841439396919,0,0.0089906169328734,-8.9906169328734e-06,0.0041766659494274,0.0083333333333333,8.3333333333333e-16,12815815.695217,0.55930508809173,1.1932457550881e-07,0.11932457550881,-6.4735732328199e-09,-9.9724022811085e-10,3000000,12815815.695217,16772735.522823,8.019246230577e-05,77.240577768295,0,-8.9906169328734e-06,0,0,0,0,3000000,-7.1440986961031e-09,-9.9047460929315e-10,-0.03528838781655,0.32357272191822,0.20526999385244,18.323922901042,16474484.839291,62.841545792569,74485565.713303,77.205289380478,26.705228349865,24.94395507806,0,0,-26705228.349865,-24943955.07806,-62841545.792569,-74485565.713303,0.0019610285944388,-0.00034949443769423,151470.9816546,-151470.9816546
182.01316545235,0,-0.0004296869,2.296,30007471.365405,12.1,30007471.365405,16783313.42654,0.55929678390762,4.4151319343453e-05,44.151319343453,5461771887664.3,51.697287673155,9.0809942009949e-05,-7.6582193910152e-05,2.5250785538177e-05,0.00011606072754813,-6.9224243459571e-06,-8.3504618256109e-05,-0.11613358196191,0.024985378376917,0,0,0.00032009706452595,-9.0587836180248e-06,-9.0587836180248e-06,6.4098895612717e-08,0.0003235717411562,0.0090587836180248,0.32357174750513,-30007471.365405,-13658.144741071,16464734.958159,46.27465845823,52.141685383835,44.47465845823,44.181636261969,47.736349374602,0,0,0,39.737789400275,2.0984127900894,0,0.00042368429449985,6.4287351458793e-09,0,0.00038572410875276,0,0.0090587836180248,-9.0587836180248e-06,0.0041766659494274,0.0083333333333333,8.3333333333333e-16,12778378.209342,0.55929678390762,1.1929936942301e-07,0.11929936942301,-6.4287351458793e-09,-9.9174205550857e-10,3000000,12778378.209342,16783313.42654,8.0167894017384e-05,77.216913838604,0,-9.0587836180248e-06,0,0,0,0,3000000,-7.0614049083308e-09,-9.816402933382e-10,-0.035277576634783,0.32357174750513,0.20526999385244,18.314118239066,16464740.623142,62.83599211228,74474658.45823,77.181636261969,26.738309083629,24.960265287506,0,0,-26738309.083629,-24960265.287506,-62835992.11228,-74474658.45823,0.0019610285944388,-0.00034951900598262,151424.57601182,-151424.57601182
187.01316545235,0,-0.0004296869,2.296,30027606.190799,12.1,30027606.190799,16794308.152503,0.55928815385194,4.4155043965176e-05,44.155043965176,5476505971440.1,51.69376004548,9.0894647769986e-05,-7.6616968106543e-05,2.5217487688971e-05,0.00011611213545896,-6.9174932664524e-06,-8.3534461372996e-05,-0.11622469820516,0.024976315224373,0,0,0.00032009715470014,-9.1265849238388e-06,-9.1265849238388e-06,6.410823094066e-08,0.00032357077698,0.0091265849238388,0.32357078333079,-30027606.190799,-13564.791461645,16455093.196163,46.263541012299,52.108003514174,44.463541012299,44.158170183183,47.692571673979,0,0,0,39.732617393247,2.0934668319717,0,0.00041883802962155,6.3839465660232e-09,0,0.00038303679396139,0,0.0091265849238388,-9.1265849238388e-06,0.0041766659494274,0.0083333333333333,8.3333333333333e-16,12740770.836459,0.55928815385194,1.1927278793732e-07,0.11927278793732,-6.3839465660232e-09,-9.8632200840165e-10,3000000,12740770.836459,16794308.152503,8.014352000553e-05,77.193437034127,0,-9.1265849238388e-06,0,0,0,0,3000000,-6.9806338270259e-09,-9.7307898099231e-10,-0.035266850943628,0.32357078333079,0.20526999385244,18.304391108569,16455098.787244,62.830634638197,74463541.012299,77.158170183183,26.77096933832,24.976774773311,0,0,-26770969.33832,-24976774.773311,-62830634.638197,-74463541.012299,0.0019610285944388,-0.00034954337999447,151378.53732694,-151378.53732694
192.01316545235,0,-0.0004296869,2.296,30048447.477796,12.1,30048447.477796,16805688.808526,0.55927922317044,4.4158889817374e-05,44.158889817374,5491787418301.2,51.69011088222,9.0976159473275e-05,-7.6650258442657e-05,2.5184734274397e-05,0.00011616089374767,-6.9125769072936e-06,-8.356283534995e-05,-0.11631229763349,0.024967441419781,0,0,0.00032009724003594,-9.1941640035506e-06,-9.1941640035506e-06,6.411827437778e-08,0.00032356982253452,0.0091941640035506,0.32356982888732,-30048447.477796,-13464.357090449,16445548.74137,46.252206590961,52.074000661162,44.452206590961,44.13486607719,47.648982988062,0,0,0,39.727481085597,2.0888461615852,0,0.00041415622249405,6.3393746075067e-09,0,0.0003803624764504,0,0.0091941640035506,-9.1941640035506e-06,0.0041766659494274,0.0083333333333333,8.3333333333333e-16,12702990.117001,0.55927922317044,1.1924482718447e-07,0.11924482718447,-6.3393746075067e-09,-9.8100180540272e-10,3000000,12702990.117001,16805688.808526,8.0119314233407e-05,77.170122276475,0,-9.1941640035506e-06,0,0,0,0,3000000,-6.9026037082342e-09,-9.6486067346155e-10,-0.03525619928574,0.32356982888732,0.20526999385244,18.294731118838,16445554.253162,62.825432578054,74452206.590961,77.13486607719,26.8032236029,24.993464264001,0,0,-26803223.6029,-24993464.264001,-62825432.578054,-74452206.590961,0.0019610285944388,-0.00034956758576659,151332.81642051,-151332.81642051
197.01316545235,0,-0.0004296869,2.296,30069942.94591,12.1,30069942.94591,16817426.808611,0.55927001537502,4.4162846215103e-05,44.162846215103,5507581229425.6,51.686349583014,9.1054820451416e-05,-7.6682211568513e-05,2.515246839719e-05,0.00011620728884861,-6.9076734984747e-06,-8.3589885066987e-05,-0.11639675223873,0.024958725263002,0,0,0.00032009732273262,-9.2616447362598e-06,-9.2616447362598e-06,6.4128936977933e-08,0.00032356887710182,0.0092616447362598,0.32356888345676,-30069942.94591,-13357.731088916,16436094.414427,46.240646414877,52.039670471354,44.440646414877,44.11170218798,47.60556146283,0,0,0,39.722375682223,2.0844775925065,0,0.00040961577032243,6.2951319165528e-09,0,0.00037770791499317,0,0.0092616447362598,-9.2616447362598e-06,0.0041766659494274,0.0083333333333333,8.3333333333333e-16,12665040.094128,0.55927001537502,1.1921556443695e-07,0.11921556443695,-6.2951319165528e-09,-9.7579261715718e-10,3000000,12665040.094128,16817426.808611,8.0095254103237e-05,77.146947799697,0,-9.2616447362598e-06,0,0,0,0,3000000,-6.8269295053739e-09,-9.5696114366872e-10,-0.035245611716931,0.32356888345676,0.20526999385244,18.285129251597,16436099.842387,62.820346509367,74440646.414877,77.11170218798,26.835084952047,25.010316098122,0,0,-26835084.952047,-25010316.098122,-62820346.509367,-74440646.414877,0.0019610285944388,-0.00034959164589676,151287.37060889,-151287.37060889
202.01316545235,0,-0.0004296869,2.296,30092051.11393,12.1,30092051.11393,16829499.457485,0.55926054947534,4.4166904419785e-05,44.166904419785,5523860521116.7,51.682483669037,9.1131891849066e-05,-7.6713445665534e-05,2.5120641841032e-05,0.0001162525336901,-6.9027830315867e-06,-8.361622869712e-05,-0.1164794657641,0.024950120504281,0,0,0.00032009740031693,-9.3291348297403e-06,-9.3291348297403e-06,6.413991546727e-08,0.00032356793947725,0.0093291348297403,0.32356794583439,-30092051.11393,-13247.946195549,16426718.168738,46.228853843028,52.00501360592,44.428853843028,44.088662603661,47.5622893341,0,0,0,39.717297676089,2.080215360608,0,0.00040516048262708,6.2512300386566e-09,0,0.0003750738023194,0,0.0093291348297403,-9.3291348297403e-06,0.0041766659494274,0.0083333333333333,8.3333333333333e-16,12626932.938153,0.55926054947534,1.1918529096406e-07,0.11918529096406,-6.2512300386566e-09,-9.7069170992119e-10,3000000,12626932.938153,16829499.457485,8.0071323087476e-05,77.123897684626,0,-9.3291348297403e-06,0,0,0,0,3000000,-6.7526747104513e-09,-9.492807545076e-10,-0.035235080964654,0.32356794583439,0.20526999385244,18.275578911069,16426723.51089,62.815351087975,74428853.843028,77.088662603661,26.866564508928,25.027315725779,0,0,-26866564.508928,-25027315.725779,-62815351.087975,-74428853.843028,0.0019610285944388,-0.00034961557691252,151242.16867413,-151242.16867413
207.01316545235,0,-0.0004296869,2.296,30114733.828779,12.1,30114733.828779,16841885.884482,0.55925084294274,4.4171056322305e-05,44.171056322305,5540600889893.4,51.678520077615,9.1207722552609e-05,-7.6744064893519e-05,2.5089206516092e-05,0.0001162969290687,-6.897903996617e-06,-8.3641968890136e-05,-0.11656079515807,0.024941555319027,0,0,0.00032009747405355,-9.3967274201849e-06,-9.3967274201849e-06,6.4151060495019e-08,0.00032356700890582,0.0093967274201849,0.32356701526518,-30114733.828779,-13136.495918059,16417412.454378,46.216828879776,51.97003398648,44.416828879776,44.065731523402,47.519154716198,0,0,0,39.712243584634,2.0761147555699,0,0.00040081110355924,6.2076883759326e-09,0,0.00037246130255596,0,0.0093967274201849,-9.3967274201849e-06,0.0041766659494274,0.0083333333333333,8.3333333333333e-16,12588675.177841,0.55925084294274,1.1915438325753e-07,0.11915438325753,-6.2076883759326e-09,-9.6569747462483e-10,3000000,12588675.177841,16841885.884482,8.0047504773937e-05,77.100956123209,0,-9.3967274201849e-06,0,0,0,0,3000000,-6.6801850593206e-09,-9.418317351636e-10,-0.035224599806511,0.32356701526518,0.20526999385244,18.266073547512,16417417.710002,62.810419138051,74416828.879776,77.065731523402,26.897674163578,25.044449979877,0,0,-26897674.163578,-25044449.979877,-62810419.138051,-74416828.879776,0.0019610285944388,-0.00034963939522606,151197.17961619,-151197.17961619
212.01316545235,0,-0.0004296869,2.296,30137953.375091,12.1,30137953.375091,16854565.467976,0.55924091285524,4.4175294000562e-05,44.175294000562,5557777973090.9,51.674465646008,9.1282454771989e-05,-7.6774082272085e-05,2.505811998867e-05,0.00011634057476066,-6.8930348493212e-06,-8.3667117121406e-05,-0.11664087209691,0.024932974439352,0,0,0.000320097545607,-9.4645021335142e-06,-9.4645021335142e-06,6.4162306354948e-08,0.00032356608481786,0.0094645021335142,0.32356609117947,-30137953.375091,-13024.037318769,16408171.574842,46.20457223373,51.934734256794,44.40457223373,44.042894445327,47.476146658427,0,0,0,39.707210211594,2.0722002917857,0,0.00039658153338263,6.1646058797796e-09,0,0.00036987635278678,0,0.0094645021335142,-9.4645021335142e-06,0.0041766659494274,0.0083333333333333,8.3333333333333e-16,12550270.038439,0.55924091285524,1.1912296961369e-07,0.11912296961369,-6.1646058797796e-09,-9.6081712764807e-10,3000000,12550270.038439,16854565.467976,8.0023784099649e-05,77.078108606941,0,-9.4645021335142e-06,0,0,0,0,3000000,-6.6096922230438e-09,-9.34631588778e-10,-0.035214161613879,0.32356609117947,0.20526999385244,18.256607149626,16408176.743776,62.805523883166,74404572.23373,77.042894445327,26.928425575304,25.061706087295,0,0,-26928425.575304,-25061706.087295,-62805523.883166,-74404572.23373,0.0019610285944388,-0.00034966311590035,151152.37498347,-151152.37498347
217.01316545235,0,-0.0004296869,2.296,30161678.436359,12.1,30161678.436359,16867521.086789,0.55923077348643,4.4179610663649e-05,44.179610663649,5575372369524.4,51.670326105903,9.1356532660837e-05,-7.6802909227433e-05,2.50273433704e-05,0.00011638387603124,-6.8881737881825e-06,-8.3691083015615e-05,-0.11671981242633,0.024923649667941,0,0,0.00032009761892691,-9.5325270271868e-06,-9.5325270271868e-06,6.4173523572071e-08,0.00032356516664774,0.0095325270271868,0.32356517301159,-30161678.436359,-12911.865147533,16398989.873579,46.192082679647,51.899113699241,44.392082679647,44.020138308472,47.433252575691,0,0,0,39.702194678287,2.0684241059765,0,0.00039245401353687,6.1220073461714e-09,0,0.00036732044077029,0,0.0095325270271868,-9.5325270271868e-06,0.0041766659494274,0.0083333333333333,8.3333333333333e-16,12511718.365989,0.55923077348643,1.1909130029599e-07,0.11909130029599,-6.1220073461714e-09,-9.5605074845648e-10,3000000,12511718.365989,16867521.086789,8.0000147498301e-05,77.055342068889,0,-9.5325270271868e-06,0,0,0,0,3000000,-6.5409002256145e-09,-9.2764640961836e-10,-0.035203760417389,0.32356517301159,0.20526999385244,18.247174303396,16398994.956704,62.800634194389,74392082.679647,77.020138308472,26.958830103956,25.079071534785,0,0,-26958830.103956,-25079071.534785,-62800634.194389,-74392082.679647,0.0019610285944388,-0.0003496867525017,151107.72915136,-151107.72915136
222.01316545235,0,-0.0004296869,2.296,30185872.529765,12.1,30185872.529765,16880732.79156,0.55922044128376,4.4183998836394e-05,44.183998836394,5593359932771.7,51.666108027374,9.1429946697093e-05,-7.6831338528135e-05,2.4996847208522e-05,0.00011642679390561,-6.8833210180508e-06,-8.3714659546186e-05,-0.11679797992115,0.024914285448232,0,0,0.0003200976903227,-9.6008586000394e-06,-9.6008586000394e-06,6.4184624963236e-08,0.00032356425378248,0.0096008586000394,0.32356426014855,-30185872.529765,-12800.851235886,16389861.220974,46.179364768502,51.863180563779,44.379364768502,43.997454518819,47.390467473192,0,0,0,39.697195090559,2.0647813105202,0,0.00038843005076795,6.0799660132116e-09,0,0.0003647979607927,0,0.0096008586000394,-9.6008586000394e-06,0.0041766659494274,0.0083333333333333,8.3333333333333e-16,12473026.325461,0.55922044128376,1.1905925586343e-07,0.11905925586343,-6.0799660132116e-09,-9.514026699046e-10,3000000,12473026.325461,16880732.79156,7.9976586043364e-05,77.032647911108,0,-9.6008586000394e-06,0,0,0,0,3000000,-6.4738341794658e-09,-9.2087105061311e-10,-0.035193392288903,0.32356426014855,0.20526999385244,18.237771446441,16389866.21985,62.795745414634,74379364.768503,76.997454518819,26.988897295311,25.09653601626,0,0,-26988897.295311,-25096536.01626,-62795745.414634,-74379364.768503,0.0019610285944388,-0.00034971031395664,151063.22525902,-151063.22525902
227.01316545235,0,-0.0004296869,2.296,30210501.974963,12.1,30210501.974963,16894182.16436,0.55920993146666,4.4188451584013e-05,44.188451584013,5611718545874.5,51.661817485716,9.1502765769076e-05,-7.6859344000793e-05,2.4966601842715e-05,0.00011646936761179,-6.878475623803e-06,-8.3737819624596e-05,-0.11687542311849,0.024904826329377,0,0,0.00032009776049608,-9.6695430261978e-06,-9.6695430261978e-06,6.4195572025957e-08,0.00032356334578568,0.0096695430261978,0.32356335215394,-30210501.974963,-12691.380608672,16380781.25296,46.166422766657,51.826942371029,44.366422766657,43.97483393861,47.347785507776,0,0,0,39.692209434417,2.0612784846341,0,0.00038451087340704,6.0384853264913e-09,0,0.00036230911958948,0,0.0096695430261978,-9.6695430261978e-06,0.0041766659494274,0.0083333333333333,8.3333333333333e-16,12434199.34062,0.55920993146666,1.1902699737037e-07,0.11902699737037,-6.0384853264913e-09,-9.4687241822188e-10,3000000,12434199.34062,16894182.16436,7.9953090243526e-05,77.010016991661,0,-9.6695430261978e-06,0,0,0,0,3000000,-6.4085145567841e-09,-9.1430521027444e-10,-0.035183053051654,0.32356335215394,0.20526999385244,18.228394790988,16380786.169427,62.790839365623,74366422.766657,76.97483393861,27.018637258881,25.114089086578,0,0,-27018637.258881,-25114089.086578,-62790839.365623,-74366422.766657,0.0019610285944388,-0.00034973380975647,151018.84537887,-151018.84537887
232.01316545235,0,-0.0004296869,2.296,30235532.212107,12.1,30235532.212107,16907850.303454,0.55919925961186,4.419296195017e-05,44.19296195017,5630424969289.4,51.657460676222,9.1575162695792e-05,-7.6887053569104e-05,2.4936582543782e-05,0.00011651174523957,-6.8736372504242e-06,-8.3760690819528e-05,-0.116952354665,0.02489530412769,0,0,0.0003200978284451,-9.7386167530014e-06,-9.7386167530014e-06,6.4206300758277e-08,0.0003235624422116,0.0097386167530014,0.32356244858201,-30235532.212107,-12584.093285472,16371745.512185,46.153261115881,51.790410303998,44.353261115881,43.952269809013,47.305202044533,0,0,0,39.687236220191,2.0579113620481,0,0.00038068940945327,5.9975000916939e-09,0,0.00035985000550164,0,0.0097386167530014,-9.7386167530014e-06,0.0041766659494274,0.0083333333333333,8.3333333333333e-16,12395248.646862,0.55919925961186,1.1899447446574e-07,0.11899447446574,-5.9975000916939e-09,-9.424467277355e-10,3000000,12395248.646862,16907850.303454,7.9929653078447e-05,76.98744254863,0,-9.7386167530014e-06,0,0,0,0,3000000,-6.3448234908878e-09,-9.0793428162229e-10,-0.0351727396163,0.32356244858201,0.20526999385244,18.219041535374,16371750.348547,62.785905772298,74353261.115881,76.952269809013,27.048059071348,25.131720769331,0,0,-27048059.071348,-25131720.769331,-62785905.772298,-74353261.115881,0.0019610285944388,-0.00034975724692155,150974.57625058,-150974.57625058
237.01316545235,0,-0.0004296869,2.296,30260935.661167,12.1,30260935.661167,16921722.134165,0.55918843815376,4.4197524124726e-05,44.197524124726,5649461729411.8,51.653042610911,9.1647047929552e-05,-7.6914364165331e-05,2.4906767747389e-05,0.00011655381567694,-6.8688049728775e-06,-8.3783169138209e-05,-0.11702864710741,0.024885669879854,0,0,0.00032009789646612,-9.8081082308104e-06,-9.8081082308104e-06,6.4216784640485e-08,0.00032356154284091,0.0098081082308104,0.32356154921342,-30260935.661167,-12479.254463399,16362751.805312,46.139884749179,51.753590762922,44.339884749179,43.929754850217,47.262712645745,0,0,0,39.682273843383,2.0547109917514,0,0.00037697268821534,5.9569665871114e-09,0,0.00035741799522668,0,0.0098081082308104,-9.8081082308104e-06,0.0041766659494274,0.0083333333333333,8.3333333333333e-16,12356176.689572,0.55918843815376,1.1896186414547e-07,0.11896186414547,-5.9569665871114e-09,-9.3811661214388e-10,3000000,12356176.689572,16921722.134165,7.9906266986652e-05,76.964917298873,0,-9.8081082308104e-06,0,0,0,0,3000000,-6.2828781369224e-09,-9.0176744784821e-10,-0.035162448655626,0.32356154921342,0.20526999385244,18.209708661981,16362756.56404,62.780928468711,74339884.749179,76.929754850217,27.077172103434,25.149422159589,0,0,-27077172.103434,-25149422.159589,-62780928.468711,-74339884.749179,0.0019610285944388,-0.00034978063301335,150930.40359171,-150930.40359171
242.01316545235,0,-0.0004296869,2.296,30286684.930752,12.1,30286684.930752,16935782.685894,0.55917747933249,4.4202132512305e-05,44.202132512305,5668810879235.9,51.648568225249,9.1718420880358e-05,-7.6941367533438e-05,2.4877138641556e-05,0.00011659555952191,-6.8639786716022e-06,-8.380534620504e-05,-0.11710434299594,0.024876004867967,0,0,0.00032009796243628,-9.8780386075891e-06,-9.8780386075891e-06,6.4227024405078e-08,0.00032356064730561,0.0098780386075891,0.32356065368016,-30286684.930752,-12376.856817464,16353796.45228,46.126299198044,51.716494131946,44.326299198044,43.907284650929,47.22031434429,0,0,0,39.67732133173,2.0516659685493,0,0.00037335683930064,5.9169110482178e-09,0,0.00035501466289307,0,0.0098780386075891,-9.8780386075891e-06,0.0041766659494274,0.0083333333333333,8.3333333333333e-16,12316991.556503,0.55917747933249,1.189293689904e-07,0.1189293689904,-5.9169110482178e-09,-9.3388317214075e-10,3000000,12316991.556503,16935782.685894,7.9882927386167e-05,76.942436829082,0,-9.8780386075891e-06,0,0,0,0,3000000,-6.222613988344e-09,-8.9579338716255e-10,-0.035152178153268,0.32356065368016,0.20526999385244,18.200394342245,16353801.135797,62.775908219206,74326299.198044,76.907284650929,27.105984853754,25.167187933822,0,0,-27105984.853754,-25167187.933822,-62775908.219206,-74326299.198044,0.0019610285944388,-0.00034980397261383,150886.31874763,-150886.31874763
247.01316545235,0,-0.0004296869,2.296,30312752.308019,12.1,30312752.308019,16950016.800401,0.55916639562041,4.420678161555e-05,44.20678161555,5688453641146.6,51.644042471351,9.1789585261743e-05,-7.6968151504144e-05,2.4847680043683e-05,0.00011663726530543,-6.8591580413951e-06,-8.3827309545539e-05,-0.11717975172777,0.024866244057086,0,0,0.00032009802768784,-9.9484222650661e-06,-9.9484222650661e-06,6.4237014254349e-08,0.00032355975533318,0.0099484222650661,0.32355976170973,-30312752.308019,-12276.958324755,16344876.72795,46.112510191382,51.679133422834,44.312510191382,43.884854662962,47.178004694571,0,0,0,39.672377682794,2.0487666350979,0,0.00036983491840791,5.8772992012883e-09,0,0.0003526379520773,0,0.0099484222650661,-9.9484222650661e-06,0.0041766659494274,0.0083333333333333,8.3333333333333e-16,12277705.385754,0.55916639562041,1.1889701904234e-07,0.11889701904234,-5.8772992012883e-09,-9.2973884191917e-10,3000000,12277705.385754,16950016.800401,7.9859629552832e-05,76.919996588993,0,-9.9484222650661e-06,0,0,0,0,3000000,-6.1639153067985e-09,-8.8999817490265e-10,-0.03514192603042,0.32355976170973,0.20526999385244,18.191096690857,16344881.338682,62.770833497548,74312510.191382,76.884854662962,27.134505496811,25.185009511409,0,0,-27134505.496811,-25185009.511409,-62770833.497548,-74312510.191382,0.0019610285944388,-0.00034982727044717,150842.31279515,-150842.31279515
252.01316545235,0,-0.0004296869,2.296,30339114.249355,12.1,30339114.249355,16964411.602078,0.55915519764657,4.4211466653173e-05,44.211466653173,5708374561526.4,51.639469586562,9.1860626869816e-05,-7.6994738741212e-05,2.4818377869773e-05,0.00011667900473959,-6.8543428890663e-06,-8.3849081630279e-05,-0.11725495969634,0.024856367179291,0,0,0.00032009809234897,-1.0019267940777e-05,-1.0019267940777e-05,6.4246717170338e-08,0.00032355886667777,0.010019267940777,0.32355887305627,-30339114.249355,-12179.929164862,16335990.173872,46.098523967206,51.641520238876,44.298523967206,43.862461831453,47.135782314773,0,0,0,39.667442223274,2.0460156597395,0,0.00036640271687716,5.8380693358584e-09,0,0.00035028416015151,0,0.010019267940777,-1.0019267940777e-05,0.0041766659494274,0.0083333333333333,8.3333333333333e-16,12238327.119451,0.55915519764657,1.1886475201055e-07,0.11886475201055,-5.8380693358584e-09,-9.2567273928708e-10,3000000,12238327.119451,16964411.602078,7.9836370313587e-05,76.897593522344,0,-1.0019267940777e-05,0,0,0,0,3000000,-6.1067119479527e-09,-8.8437079178187e-10,-0.035131690890651,0.32355887305627,0.20526999385244,18.181814441518,16335994.71448,62.765699444312,74298523.967206,76.862461831453,27.162741652433,25.202879672077,0,0,-27162741.652433,-25202879.672077,-62765699.444312,-74298523.967206,0.0019610285944388,-0.00034985052968641,150798.37974085,-150798.37974085
257.01316545235,0,-0.0004296869,2.296,30365748.475317,12.1,30365748.475317,16978954.911583,0.55914389539242,4.4216183113413e-05,44.216183113413,5728559047484.5,51.634853579634,9.1931595868039e-05,-7.7021144916973e-05,2.4789220938447e-05,0.00011672081680649,-6.8495329843844e-06,-8.3870677901358e-05,-0.11733001855109,0.024846364522111,0,0,0.00032009815727598,-1.0090579336245e-05,-1.0090579336245e-05,6.4256117304198e-08,0.00032355798118601,0.010090579336245,0.3235579875664,-30365748.475317,-12085.927826264,16327135.256308,46.084347249152,51.603665897332,44.284347249152,43.840103496229,47.093646487868,0,0,0,39.662514366857,2.0434214453345,0,0.00036305875425105,5.7991708571579e-09,0,0.00034795025142948,0,0.010090579336245,-1.0090579336245e-05,0.0041766659494274,0.0083333333333333,8.3333333333333e-16,12198864.413633,0.55914389539242,1.1883267840208e-07,0.11883267840208,-5.7991708571579e-09,-9.2167602058127e-10,3000000,12198864.413633,16978954.911583,7.9813146905333e-05,76.875224967747,0,-1.0090579336245e-05,0,0,0,0,3000000,-6.0509792375175e-09,-8.7891062308381e-10,-0.035121471518323,0.3235579875664,0.20526999385244,18.172546491538,16327139.729525,62.760503458203,74284347.249152,76.840103496229,27.190700761284,25.220792918537,0,0,-27190700.761284,-25220792.918537,-62760503.458203,-74284347.249152,0.0019610285944388,-0.00034987375309467,150754.51436567,-150754.51436567
262.01316545235,0,-0.0004296869,2.296,30392631.476418,12.1,30392631.476418,16993633.880671,0.55913249925815,4.4220926383675e-05,44.220926383675,5748991185394.2,51.630198644413,9.2002529127692e-05,-7.7047381973763e-05,2.476019927295e-05,0.00011676272840064,-6.8447283758224e-06,-8.3892110349585e-05,-0.11740496645401,0.024836229319984,0,0,0.00032009822261047,-1.0162355318309e-05,-1.0162355318309e-05,6.4265206788106e-08,0.00032355709869522,0.010162355318309,0.32355710507742,-30392631.476418,-11995.032987186,16318310.348371,46.069987367166,51.565583096448,44.269987367166,43.817778077789,47.051597723228,0,0,0,39.657593765417,2.0409689266071,0,0.000359797243712,5.7606145344594e-09,0,0.00034563687206757,0,0.010162355318309,-1.0162355318309e-05,0.0041766659494274,0.0083333333333333,8.3333333333333e-16,12159326.215469,0.55913249925815,1.1880064151514e-07,0.11880064151514,-5.7606145344594e-09,-9.177472116072e-10,3000000,12159326.215469,16993633.880671,7.9789957687456e-05,76.85288934498,0,-1.0162355318309e-05,0,0,0,0,3000000,-5.9966207285334e-09,-8.7360399116188e-10,-0.035111267191198,0.32355710507742,0.20526999385244,18.163292186183,16318314.75694,62.755242525811,74269987.367166,76.817778077789,27.218389643938,25.238742104048,0,0,-27218389.643938,-25238742.104048,-62755242.525811,-74269987.367166,0.0019610285944388,-0.00034989694231254,150710.71357075,-150710.71357075
267.01316545235,0,-0.0004296869,2.296,30419741.844688,12.1,30419741.844688,17008436.809763,0.5591210187161,4.422569226077e-05,44.22569226077,5769656558890.9,51.625508602359,9.2073450337647e-05,-7.7073459708247e-05,2.4731305424584e-05,0.00011680475576223,-6.8399290771966e-06,-8.3913388785443e-05,-0.11747982892039,0.024825959101602,0,0,0.00032009828911146,-1.0234590618605e-05,-1.0234590618605e-05,6.4273985824025e-08,0.00032355621911757,0.010234590618605,0.32355622550154,-30419741.844688,-11907.242627995,16309514.571914,46.055451624308,51.52728432538,44.255451624308,43.795484431169,47.009636775338,0,0,0,39.652680166598,2.0386480662044,0,0.0003566112199563,5.7223621031952e-09,0,0.00034334172619171,0,0.010234590618605,-1.0234590618605e-05,0.0041766659494274,0.0083333333333333,8.3333333333333e-16,12119721.168454,0.5591210187161,1.1876858602371e-07,0.11876858602371,-5.7223621031952e-09,-9.1387933745679e-10,3000000,12119721.168454,17008436.809763,7.9766801470691e-05,76.830585508555,0,-1.0234590618605e-05,0,0,0,0,3000000,-5.943520332605e-09,-8.6843279824101e-10,-0.03510107738623,0.32355622550154,0.20526999385244,18.154051050844,16309518.918531,62.74991608254,74255451.624308,76.795484431169,27.24581484897,25.256721742612,0,0,-27245814.84897,-25256721.742612,-62749916.08254,-74255451.624308,0.0019610285944388,-0.00034992009852931,150666.97510976,-150666.97510976
272.01316545235,0,-0.0004296869,2.296,30447059.714953,12.1,30447059.714953,17023352.841019,0.55910946256502,4.423047686991e-05,44.23047686991,5790541744803,51.620786994499,9.2144475121837e-05,-7.7099236906463e-05,2.4702530971076e-05,0.00011684700609291,-6.8351353030077e-06,-8.393437220947e-05,-0.11755464174415,0.024815374900287,0,0,0.00032009835745431,-1.0307276410084e-05,-1.0307276410084e-05,6.4282440826803e-08,0.00032355534228793,0.010307276410084,0.32355534867359,-30447059.714953,-11822.692600218,16300746.275459,46.040747315659,51.488782071906,44.240747315659,43.773221977426,46.967764619872,0,0,0,39.6477734428,2.0364255574171,0,0.00035349298565852,5.6844890776888e-09,0,0.00034106934466133,0,0.010307276410084,-1.0307276410084e-05,0.0041766659494274,0.0083333333333333,8.3333333333333e-16,12080057.927078,0.55910946256502,1.1873655579362e-07,0.11873655579362,-5.6844890776888e-09,-9.1007920034584e-10,3000000,12080057.927078,17023352.841019,7.9743677653697e-05,76.808312879264,0,-1.0307276410084e-05,0,0,0,0,3000000,-5.8915497609753e-09,-8.6338095941526e-10,-0.035090901838487,0.32355534867359,0.20526999385244,18.144822845539,16300750.562871,62.744511867667,74240747.315659,76.773221977426,27.272982695787,25.274723059851,0,0,-27272982.695787,-25274723.059851,-62744511.867667,-74240747.315659,0.0019610285944388,-0.0003499432223463,150623.29784684,-150623.29784684
277.01316545235,0,-0.0004296869,2.296,30474569.309703,12.1,30474569.309703,17038373.349928,0.55909783785364,4.4235277056488e-05,44.235277056488,5811636475663.3,51.616036655521,9.2215611864303e-05,-7.7124735046671e-05,2.4673870790118e-05,0.00011688948265442,-6.8303473052192e-06,-8.395508235189e-05,-0.11762942241141,0.024804491744149,0,0,0.00032009842807492,-1.0380401240714e-05,-1.0380401240714e-05,6.4290566551106e-08,0.00032355446813123,0.010380401240714,0.32355447451853,-30474569.309703,-11741.435357188,16292004.708479,46.025881833014,51.450087467036,44.225881833014,43.750990611826,46.925982570811,0,0,0,39.642873570939,2.0343148092063,0,0.00035044381495089,5.6469560304021e-09,0,0.00033881736182412,0,0.010380401240714,-1.0380401240714e-05,0.0041766659494274,0.0083333333333333,8.3333333333333e-16,12040342.723369,0.55909783785364,1.187047019953e-07,0.1187047019953,-5.6469560304021e-09,-9.0634174613095e-10,3000000,12040342.723369,17038373.349928,7.9720586127686e-05,76.786071352326,0,-1.0380401240714e-05,0,0,0,0,3000000,-5.8407302491815e-09,-8.584493171906e-10,-0.03508074050032,0.32355447451853,0.20526999385244,18.135607526853,16292008.939428,62.739029471408,74225881.833014,76.750990611826,27.299899262203,25.292741453896,0,0,-27299899.262203,-25292741.453896,-62739029.471408,-74225881.833014,0.0019610285944388,-0.00034996631387231,150579.68157653,-150579.68157653
282.01316545235,0,-0.0004296869,2.296,30502255.732638,12.1,30502255.732638,17053490.207962,0.55908615102652,4.4240089847864e-05,44.240089847864,5832931156613.4,51.611260263495,9.2286787958727e-05,-7.7150083690806e-05,2.4645322670242e-05,0.00011693211062897,-6.8255654746143e-06,-8.3975649165421e-05,-0.11770416764022,0.024793458116189,0,0,0.00032009850089057,-1.0453951372943e-05,-1.0453951372943e-05,6.4298384327432e-08,0.00032355359664649,0.010453951372943,0.32355360303536,-30502255.732638,-11663.257593922,16283289.861119,46.010863078242,51.411210586269,44.210863078242,43.728790800479,46.884292800075,0,0,0,39.637980653747,2.0323169137054,0,0.00034746311587449,5.6097617450199e-09,0,0.00033658570470119,0,0.010453951372943,-1.0453951372943e-05,0.0041766659494274,0.0083333333333333,8.3333333333333e-16,12000579.180046,0.55908615102652,1.1867308866592e-07,0.11867308866592,-5.6097617450199e-09,-9.0266569142705e-10,3000000,12000579.180046,17053490.207962,7.9697527376804e-05,76.763861394063,0,-1.0453951372943e-05,0,0,0,0,3000000,-5.7910519312416e-09,-8.5363457219333e-10,-0.035070593584791,0.32355360303536,0.20526999385244,18.126405287998,16283294.038149,62.73347747307,74210863.078242,76.728790800479,27.326570278167,25.310775133381,0,0,-27326570.278167,-25310775.133381,-62733477.47307,-74210863.078242,0.0019610285944388,-0.0003499893726232,150536.1272133,-150536.1272133
287.01316545235,0,-0.0004296869,2.296,30530099.783896,12.1,30530099.783896,17068692.918986,0.55907441046734,4.4244911773306e-05,44.244911773306,5854411847760.2,51.606461173493,9.2357999341575e-05,-7.7175299320161e-05,2.4616882482974e-05,0.00011697488182455,-6.8207904939906e-06,-8.3996089814152e-05,-0.11777888158022,0.024782290476236,0,0,0.00032009857456567,-1.0527910422743e-05,-1.0527910422743e-05,6.430589165282e-08,0.00032355272770063,0.010527910422743,0.32355273409101,-30530099.783896,-11588.184340049,16274600.402482,45.995699422049,51.372166345545,44.195699422049,43.706623846803,46.842698330981,0,0,0,39.633094978503,2.0304034967756,0,0.00034454533375535,5.5729840273501e-09,0,0.000334379041641,0,0.010527910422743,-1.0527910422743e-05,0.0041766659494274,0.0083333333333333,8.3333333333333e-16,11960778.205826,0.55907441046734,1.1864170114162e-07,0.11864170114162,-5.5729840273501e-09,-8.9905794966336e-10,3000000,11960778.205826,17068692.918986,7.9674502754898e-05,76.74168430849,0,-1.0527910422743e-05,0,0,0,0,3000000,-5.7424222292558e-09,-8.4892580676617e-10,-0.035060461687578,0.32355273409101,0.20526999385244,18.117216669265,16274604.528113,62.72785684565,74195699.422049,76.706623846803,27.353001091068,25.328818550402,0,0,-27353001.091068,-25328818.550402,-62727856.84565,-74195699.422049,0.0019610285944388,-0.0003500123972451,150492.63731435,-150492.63731435
292.01316545235,0,-0.0004296869,2.296,30558088.823552,12.1,30558088.823552,17083974.580063,0.55906262169324,4.4249740379877e-05,44.249740379877,5876070219456.1,51.601641642442,9.2429244819045e-05,-7.7200386290885e-05,2.458854766571e-05,0.00011701779248476,-6.8160229912403e-06,-8.4016409282126e-05,-0.1178535652224,0.024770993231,0,0,0.00032009864869945,-1.0602260536187e-05,-1.0602260536187e-05,6.4313088280221e-08,0.00032355186122394,0.010602260536187,0.32355186761577,-30558088.823552,-11516.218066039,16265935.635608,45.980398750605,51.332965659922,44.180398750605,43.684490967605,46.801201761424,0,0,0,39.628216813394,2.0285661561311,0,0.00034168725034683,5.5366273446144e-09,0,0.00033219764067687,0,0.010602260536187,-1.0602260536187e-05,0.0041766659494274,0.0083333333333333,8.3333333333333e-16,11920944.848862,0.55906262169324,1.1861066751273e-07,0.11861066751273,-5.5366273446144e-09,-8.9551719982845e-10,3000000,11920944.848862,17083974.580063,7.9651513525856e-05,76.719541312969,0,-1.0602260536187e-05,0,0,0,0,3000000,-5.6947875057804e-09,-8.4431616894769e-10,-0.035050345364809,0.32355186761577,0.20526999385244,18.108042175043,16265939.712326,62.722169263955,74180398.750605,76.684490967605,27.379196989181,25.346868023208,0,0,-27379196.989181,-25346868.023208,-62722169.263955,-74180398.750605,0.0019610285944388,-0.00035003538647414,150449.21426697,-150449.21426697
297.01316545235,0,-0.0004296869,2.296,30586208.605783,12.1,30586208.605783,17099327.405193,0.55905079097443,4.4254572971598e-05,44.254572971598,5897896560225.4,51.596804194906,9.2500517517935e-05,-7.7225347869198e-05,2.456031763774e-05,0.00011706083515567,-6.8112633342751e-06,-8.4036611203473e-05,-0.1179282140315,0.024759572491153,0,0,0.00032009872424772,-1.0676982234607e-05,-1.0676982234607e-05,6.4319989607199e-08,0.00032355099726207,0.010676982234607,0.32355100365528,-30586208.605783,-11447.204796252,16257296.016899,45.964968571692,51.293619252144,44.164968571692,43.662393359181,46.759805685071,0,0,0,39.623346422089,2.0268198908899,0,0.00033888712551302,5.5005934425902e-09,0,0.00033003560655541,0,0.010676982234607,-1.0676982234607e-05,0.0041766659494274,0.0083333333333333,8.3333333333333e-16,11881084.46742,0.55905079097443,1.1857982993345e-07,0.11857982993345,-5.5005934425902e-09,-8.920315623581e-10,3000000,11881084.46742,17099327.405193,7.9628560932261e-05,76.697433604344,0,-1.0676982234607e-05,0,0,0,0,3000000,-5.6481187585504e-09,-8.3980150644877e-10,-0.035040245163387,0.32355100365528,0.20526999385244,18.098882301219,16257300.047043,62.716417350457,74164968.571692,76.662393359181,27.405162886621,25.364919138702,0,0,-27405162.886621,-25364919.138702,-62716417.350457,-74164968.571692,0.0019610285944388,-0.00035005833906774,150405.86041819,-150405.86041819
302.01316545235,0,-0.0004296869,2.296,30614442.375657,12.1,30614442.375657,17114742.230665,0.55903892564425,4.4259406610629e-05,44.259406610629,5919878445045.1,51.591951737983,9.2571813126831e-05,-7.7250187159997e-05,2.4532191053124e-05,0.00011710400417996,-6.8065121503424e-06,-8.4056699310339e-05,-0.11800282565843,0.024748033022244,0,0,0.00032009880073528,-1.0752054270215e-05,-1.0752054270215e-05,6.4326599726633e-08,0.00032355013575914,0.010752054270215,0.32355014215369,-30614442.375657,-11381.103601917,16248680.987617,45.949416683564,51.254142410775,44.149416683564,43.640332839217,46.718513133234,0,0,0,39.618484205213,2.0251660021961,0,0.00033614448049405,5.4648788549689e-09,0,0.00032789273129813,0,0.010752054270215,-1.0752054270215e-05,0.0041766659494274,0.0083333333333333,8.3333333333333e-16,11841209.545351,0.55903892564425,1.1854928137255e-07,0.11854928137255,-5.4648788549689e-09,-8.8859697720438e-10,3000000,11841209.545351,17114742.230665,7.9605646862125e-05,76.675363001131,0,-1.0752054270215e-05,0,0,0,0,3000000,-5.6024080082342e-09,-8.3538079111193e-10,-0.03503016191398,0.32355014215369,0.20526999385244,18.089737801259,16248684.973464,62.710603536531,74149416.683564,76.640332839217,27.430903550331,25.382968236481,0,0,-27430903.550331,-25382968.236481,-62710603.536531,-74149416.683564,0.0019610285944388,-0.00035008125313787,150362.5793342,-150362.5793342
307.01316545235,0,-0.0004296869,2.296,30642779.110665,12.1,30642779.110665,17130213.031404,0.55902703056532,4.4264239223122e-05,44.264239223122,5942008447329.8,51.587086225539,9.2643123608422e-05,-7.72749065207e-05,2.450416777794e-05,0.00011714729138636,-6.8017699253796e-06,-8.4076676446079e-05,-0.11807739411339,0.024736380679038,0,0,0.00032009887853159,-1.082745459624e-05,-1.082745459624e-05,6.4332930355269e-08,0.00032354927671768,0.01082745459624,0.3235492831135,-30642779.110665,-11317.797315558,16240090.572948,45.933750483236,51.214546992599,44.133750483236,43.618311080959,46.677326833544,0,0,0,39.613630531554,2.0236185791186,0,0.00033346051285811,5.4294395663344e-09,0,0.00032576637398007,0,0.01082745459624,-1.082745459624e-05,0.0041766659494274,0.0083333333333333,8.3333333333333e-16,11801327.515606,0.55902703056532,1.1851913452534e-07,0.11851913452534,-5.4294395663344e-09,-8.8520719919662e-10,3000000,11801327.515606,17130213.031404,7.9582773053438e-05,76.653331177341,0,-1.082745459624e-05,0,0,0,0,3000000,-5.5576752143018e-09,-8.3105689704013e-10,-0.035020096381515,0.3235492831135,0.20526999385244,18.080609368755,16240094.516661,62.704730728546,74133750.483236,76.618311080959,27.456423649692,25.40101237686,0,0,-27456423.649692,-25401012.37686,-62704730.728546,-74133750.483236,0.0019610285944388,-0.00035010412694656,150319.37429776,-150319.37429776
312.01316545235,0,-0.0004296869,2.296,30671208.678947,12.1,30671208.678947,17145734.271277,0.55901511017531,4.4269068908734e-05,44.269068908734,5964279783866.1,51.582209453788,9.2714448895214e-05,-7.7299494590131e-05,2.4476248141789e-05,0.000117190697037,-6.7970371742418e-06,-8.4096531764373e-05,-0.11815191400306,0.024724605461899,0,0,0.00032009895805118,-1.0903160588378e-05,-1.0903160588378e-05,6.4338984686007e-08,0.00032354842016993,0.010903160588378,0.32354842656697,-30671208.678947,-11257.254008179,16231525.095532,45.917977300124,51.174843130189,44.117977300124,43.596330000397,46.636249777491,0,0,0,39.608785823403,2.0221746498254,0,0.00033083248766802,5.3942589902898e-09,0,0.00032365553941739,0,0.010903160588378,-1.0903160588378e-05,0.0041766659494274,0.0083333333333333,8.3333333333333e-16,11761443.050108,0.55901511017531,1.1848929853012e-07,0.11848929853012,-5.3942589902898e-09,-8.8185976326874e-10,3000000,11761443.050108,17145734.271277,7.9559941496318e-05,76.631340049839,0,-1.0903160588378e-05,0,0,0,0,3000000,-5.5138747944669e-09,-8.2682402198351e-10,-0.035010049441865,0.32354842656697,0.20526999385244,18.071497797919,16231528.999224,62.698801375397,74117977.300124,76.596330000397,27.481727522634,25.419048011606,0,0,-27481727.522634,-25419048.011606,-62698801.375397,-74117977.300124,0.0019610285944388,-0.00035012695850368,150276.2490679,-150276.2490679
317.01316545235,0,-0.0004296869,2.296,30699719.081864,12.1,30699719.081864,17161299.397956,0.55900316959934,4.4273893542643e-05,44.273893542643,5986683866609.1,51.577323515924,9.2785786698014e-05,-7.7323937536279e-05,2.444843361507e-05,0.00011723422031308,-6.7923143242939e-06,-8.4116251860573e-05,-0.11822637681245,0.024712696232597,0,0,0.00032009904051418,-1.0979148854958e-05,-1.0979148854958e-05,6.4344765737161e-08,0.00032354756618488,0.010979148854958,0.32354757258309,-30699719.081864,-11199.443496634,16222985.24498,45.902104102479,51.135041734167,44.10210410248,43.574391325818,46.59528464879,0,0,0,39.603950461682,2.0208294480874,0,0.00032825696056501,5.3593177126701e-09,0,0.00032155906276021,0,0.010979148854958,-1.0979148854958e-05,0.0041766659494274,0.0083333333333333,8.3333333333333e-16,11721562.71948,0.55900316959934,1.1845980787305e-07,0.11845980787305,-5.3593177126701e-09,-8.7855159932911e-10,3000000,11721562.71948,17161299.397956,7.9537153985925e-05,76.609391347703,0,-1.0979148854958e-05,0,0,0,0,3000000,-5.4709493427502e-09,-8.226744469149e-10,-0.0350000218845,0.32354757258309,0.20526999385244,18.06240380516,16222989.110714,62.692818683756,74102104.10248,76.574391325818,27.50681945369,25.437072640341,0,0,-27506819.45369,-25437072.640341,-62692818.683756,-74102104.10248,0.0019610285944388,-0.00035014974601408,150233.2070354,-150233.2070354
322.01316545235,0,-0.0004296869,2.296,30728299.496049,12.1,30728299.496049,17176902.500126,0.55899121346417,4.4278711227347e-05,44.278711227347,6009212929978.4,51.572430296677,9.2857109292967e-05,-7.7348259886607e-05,2.4420725443766e-05,0.00011727783473673,-6.7876019988776e-06,-8.4135861885484e-05,-0.1183007695778,0.024700687663157,0,0,0.000320099125493,-1.1055395510309e-05,-1.1055395510309e-05,6.4350286271855e-08,0.00032354671479701,0.011055395510309,0.32354672119633,-30728299.496049,-11144.238149693,16214471.366318,45.886138273758,51.095154177394,44.086138273758,43.552497471347,46.554434877944,0,0,0,39.599124978471,2.0195823374643,0,0.00032573305407151,5.3246158108492e-09,0,0.00031947694865095,0,0.011055395510309,-1.1055395510309e-05,0.0041766659494274,0.0083333333333333,8.3333333333333e-16,11681693.172727,0.55899121346417,1.1843064651677e-07,0.11843064651677,-5.3246158108492e-09,-8.7528163347639e-10,3000000,11681693.172727,17176902.500126,7.9514413029787e-05,76.587487486161,0,-1.1055395510309e-05,0,0,0,0,3000000,-5.4288842345252e-09,-8.1860587697459e-10,-0.034990014813431,0.32354672119633,0.20526999385244,18.053328391178,16214475.196046,62.686792550552,74086138.273758,76.552497471347,27.531703395814,25.455084668594,0,0,-27531703.395814,-25455084.668594,-62686792.550552,-74086138.273758,0.0019610285944388,-0.00035017248697021,150190.25293659,-150190.25293659
327.01316545235,0,-0.0004296869,2.296,30756941.030584,12.1,30756941.030584,17192538.725746,0.55897924553314,4.4283520378906e-05,44.283520378906,6031860817922.4,51.567531353985,9.2928404499785e-05,-7.7372468309333e-05,2.4393123752182e-05,0.00011732152825197,-6.7829010430122e-06,-8.4155369352346e-05,-0.11837508467509,0.024688591359566,0,0,0.00032009921171259,-1.1131876517958e-05,-1.1131876517958e-05,6.4355561545439e-08,0.00032354586596945,0.011131876517958,0.32354587236984,-30756941.030584,-11091.485413852,16205983.090731,45.870087416421,51.055190632534,44.070087416421,43.530651154287,46.51370423604,0,0,0,39.594309972674,2.0184069107714,0,0.00032325733514553,5.2902451814122e-09,0,0.00031741471088473,0,0.011131876517958,-1.1131876517958e-05,0.0041766659494274,0.0083333333333333,8.3333333333333e-16,11641838.693523,0.55897924553314,1.1840189139815e-07,0.11840189139815,-5.2902451814122e-09,-8.7206061191646e-10,3000000,11641838.693523,17192538.725746,7.9491721450344e-05,76.565631183757,0,-1.1131876517958e-05,0,0,0,0,3000000,-5.3876222524254e-09,-8.1461531374292e-10,-0.034980029470191,0.32354587236984,0.20526999385244,18.044272682345,16205986.886275,62.680723961649,74070087.416421,76.530651154287,27.55638318038,25.473080628093,0,0,-27556383.18038,-25473080.628093,-62680723.961649,-74070087.416421,0.0019610285944388,-0.00035019517854966,150147.39210261,-150147.39210261
332.01316545235,0,-0.0004296869,2.296,30785631.596281,12.1,30785631.596281,17208201.465156,0.55896727098162,4.4288319041017e-05,44.288319041017,6054618125450.2,51.562628748725,9.2999660648546e-05,-7.7396564382858e-05,2.4365629521673e-05,0.00011736529017022,-6.778212139102e-06,-8.417477652196e-05,-0.11844931254141,0.024676414194165,0,0,0.0003200992986609,-1.1208567327322e-05,-1.1208567327322e-05,6.4360609037827e-08,0.0003235450197031,0.011208567327322,0.32354502610451,-30785631.596281,-11041.010489978,16197520.427159,45.853958680826,51.015164128478,44.053958680826,43.50885488706,46.473096147237,0,0,0,39.589505998039,2.0173068449645,0,0.00032082917354077,5.2561849149187e-09,0,0.00031537109489512,0,0.011208567327322,-1.1208567327322e-05,0.0041766659494274,0.0083333333333333,8.3333333333333e-16,11602009.079419,0.55896727098162,1.1837358647921e-07,0.11837358647921,-5.2561849149187e-09,-8.6888373355756e-10,3000000,11602009.079419,17208201.465156,7.9469081857228e-05,76.543824954064,0,-1.1208567327322e-05,0,0,0,0,3000000,-5.3471528923462e-09,-8.1069968427457e-10,-0.034970067003385,0.32354502610451,0.20526999385244,18.035237720109,16197524.190201,62.674615635409,74053958.680826,76.50885488706,27.58086253359,25.491057515204,0,0,-27580862.53359,-25491057.515204,-62674615.635409,-74053958.680826,0.0019610285944388,-0.00035021781814277,150104.62946264,-150104.62946264
337.01316545235,0,-0.0004296869,2.296,30814361.74334,12.1,30814361.74334,17223885.556841,0.55895529381024,4.4293105642469e-05,44.293105642469,6077477816619.7,51.55772410654,9.3070864742617e-05,-7.7420548485387e-05,2.4338244329978e-05,0.0001174091090726,-6.7735360026292e-06,-8.4194084488016e-05,-0.11852344187897,0.024664162602439,0,0,0.00032009938604688,-1.1285443289637e-05,-1.1285443289637e-05,6.436542588801e-08,0.00032354417602317,0.011285443289637,0.32354418242556,-30814361.74334,-10992.841988149,16189083.627922,45.837759098955,50.975085606876,44.037759098955,43.487111327545,46.432614290064,0,0,0,39.58471364037,2.0162723729926,0,0.0003184435905461,5.2224121375454e-09,0,0.00031334472825272,0,0.011285443289637,-1.1285443289637e-05,0.0041766659494274,0.0083333333333333,8.3333333333333e-16,11562210.846535,0.55895529381024,1.1834550076677e-07,0.11834550076677,-5.2224121375454e-09,-8.6575104992948e-10,3000000,11562210.846535,17223885.556841,7.9446497011153e-05,76.522071456172,0,-1.1285443289637e-05,0,0,0,0,3000000,-5.3073931757684e-09,-8.0684791471178e-10,-0.034960128627787,0.32354418242556,0.20526999385244,18.026224606209,16189087.360146,62.6684706164,74037759.098955,76.487111327545,27.605144808891,25.509011760849,0,0,-27605144.808891,-25509011.760849,-62668470.6164,-74037759.098955,0.0019610285944388,-0.00035024040298885,150061.97023125,-150061.97023125
342.01316545235,0,-0.0004296869,2.296,30843122.546687,12.1,30843122.546687,17239586.126689,0.55894331779216,4.4297878692756e-05,44.297878692756,6100433313591.5,51.552818965522,9.3142001184793e-05,-7.7444420930773e-05,2.4310970604643e-05,0.00011745297178944,-6.7688732105538e-06,-8.4213294141327e-05,-0.11859745906359,0.02465184418395,0,0,0.00032009947430627,-1.1362479744561e-05,-1.1362479744561e-05,6.4370013284268e-08,0.00032354333501665,0.011362479744561,0.32354334141996,-30843122.546687,-10946.968025567,16180673.562663,45.821495333348,50.934965217589,44.021495333348,43.465422922353,46.392262022401,0,0,0,39.579933438909,2.0152975487508,0,0.00031609549027486,5.1888810110193e-09,0,0.00031133286066116,0,0.011362479744561,-1.1362479744561e-05,0.0041766659494274,0.0083333333333333,8.3333333333333e-16,11522449.807068,0.55894331779216,1.1831756257094e-07,0.11831756257094,-5.1888810110193e-09,-8.6265397490083e-10,3000000,11522449.807068,17239586.126689,7.9423969453395e-05,76.500373137815,0,-1.1362479744561e-05,0,0,0,0,3000000,-5.2682581712477e-09,-8.0304979765365e-10,-0.034950215461805,0.32354334141996,0.20526999385244,18.017234354813,16180677.265725,62.662293090548,74021495.333348,76.465422922353,27.629233310947,25.526940887368,0,0,-27629233.310947,-25526940.887368,-62662293.090548,-74021495.333348,0.0019610285944388,-0.00035026293054661,150019.4192085,-150019.4192085
347.01316545235,0,-0.0004296869,2.296,30871906.59424,12.1,30871906.59424,17255299.129492,0.55893134603309,4.4302636943832e-05,44.302636943832,6123479307156.6,51.547914608573,9.3213056559699e-05,-7.7468181954088e-05,2.4283810151527e-05,0.00011749686671123,-6.764224449579e-06,-8.4232406403667e-05,-0.11867135236058,0.024639465444387,0,0,0.00032009956313421,-1.1439652263325e-05,-1.1439652263325e-05,6.4374388455509e-08,0.00032354249672804,0.011439652263325,0.32354250313224,-30871906.59424,-10903.216313158,16172290.676549,45.805174100453,50.894812294449,44.005174100453,43.443792357386,46.352042892177,0,0,0,39.575165985639,2.0143760675883,0,0.00031378273512838,5.15559506897e-09,0,0.0003093357041382,0,0.011439652263325,-1.1439652263325e-05,0.0041766659494274,0.0083333333333333,8.3333333333333e-16,11482730.323327,0.55893134603309,1.1828978833169e-07,0.11828978833169,-5.15559506897e-09,-8.5958921693459e-10,3000000,11482730.323327,17255299.129492,7.9401501973773e-05,76.478732686119,0,-1.1439652263325e-05,0,0,0,0,3000000,-5.2297122521397e-09,-7.9930104297746e-10,-0.034940328732873,0.32354250313224,0.20526999385244,18.008268079276,16172294.351975,62.656086617458,74005174.100453,76.443792357386,27.653131208276,25.544842411833,0,0,-27653131.208276,-25544842.411833,-62656086.617458,-74005174.100453,0.0019610285944388,-0.00035028539802623,149976.98166392,-149976.98166392
352.01316545235,0,-0.0004296869,2.296,30900705.411974,12.1,30900705.411974,17271019.935978,0.55891938209806,4.4307379052218e-05,44.307379052218,6146609289637.4,51.543012478096,9.3284017362021e-05,-7.7491831688518e-05,2.4256764881621e-05,0.00011754078224364,-6.7595903867823e-06,-8.4251422075301e-05,-0.11874510990796,0.024627032841712,0,0,0.0003200996522522,-1.151693653941e-05,-1.151693653941e-05,6.4378551238929e-08,0.00032354166119556,0.01151693653941,0.32354166760061,-30900705.411974,-10861.58847896,16163935.351812,45.788801943241,50.854637000327,43.988801943241,43.42222231443,46.311960405901,0,0,0,39.570411871636,2.013506338963,0,0.00031150406227338,5.122547508223e-09,0,0.00030735285049338,0,0.01151693653941,-1.151693653941e-05,0.0041766659494274,0.0083333333333333,8.3333333333333e-16,11443058.428477,0.55891938209806,1.1826217410983e-07,0.11826217410983,-5.122547508223e-09,-8.5655494884753e-10,3000000,11443058.428477,17271019.935978,7.9379097357839e-05,76.457152784097,0,-1.151693653941e-05,0,0,0,0,3000000,-5.1917343712229e-09,-7.9559915085348e-10,-0.03493046966689,0.32354166760061,0.20526999385244,17.99932689125,16163939.001112,62.649854690013,73988801.943241,76.42222231443,27.67684153734,25.56271379171,0,0,-27676841.53734,-25562713.79171,-62649854.690013,-73988801.943241,0.0019610285944388,-0.00035030780264216,149934.66285899,-149934.66285899
357.01316545235,0,-0.0004296869,2.296,30929515.131561,12.1,30929515.131561,17286746.434829,0.55890742761554,4.4312104379187e-05,44.312104379187,6169820708242,51.538113247351,9.3354926662091e-05,-7.7515294632433e-05,2.4229837165353e-05,0.00011758476382744,-6.7549714432781e-06,-8.4270266075711e-05,-0.11881873428871,0.024614459491643,0,0,0.00032009974313947,-1.159430908596e-05,-1.159430908596e-05,6.4382496255975e-08,0.00032354082849358,0.01159430908596,0.32354083489943,-30929515.131561,-10822.1383085,16155608.332005,45.772384406924,50.814446443783,43.972384406924,43.400714693004,46.272016831949,0,0,0,39.565671515559,2.0126894144528,0,0.0003092592656119,5.0897353324433e-09,0,0.0003053841199466,0,0.01159430908596,-1.159430908596e-05,0.0041766659494274,0.0083333333333333,8.3333333333333e-16,11403436.728099,0.55890742761554,1.1823494652429e-07,0.11823494652429,-5.0897353324433e-09,-8.5355094852776e-10,3000000,11403436.728099,17286746.434829,7.9356757578604e-05,76.435635332136,0,-1.159430908596e-05,0,0,0,0,3000000,-5.1543210935317e-09,-7.9194499485833e-10,-0.034920639132181,0.32354083489943,0.20526999385244,17.990411578121,16155611.956711,62.64359766878,73972384.406924,76.400714693004,27.700367574975,25.580553660335,0,0,-27700367.574975,-25580553.660335,-62643597.66878,-73972384.406924,0.0019610285944388,-0.0003503301424214,149892.46652042,-149892.46652042
362.01316545235,0,-0.0004296869,2.296,30958329.650849,12.1,30958329.650849,17302475.293299,0.55889548510454,4.4316812032178e-05,44.316812032178,6193108725942.6,51.533217939484,9.3425722196291e-05,-7.75386292109e-05,2.420303012122e-05,0.00011762875231751,-6.7503682184975e-06,-8.4288997429398e-05,-0.11889219795624,0.024601826211452,0,0,0.00032009983558767,-1.1671746932768e-05,-1.1671746932768e-05,6.4386241215726e-08,0.00032353999870813,0.011671746932768,0.32354000511474,-30958329.650849,-10784.68871099,16147310.477501,45.755927454541,50.774249502599,43.955927454541,43.379271963773,46.232215205632,0,0,0,39.560945461952,2.0119407379093,0,0.00030705236745706,5.0571533153123e-09,0,0.00030342919891874,0,0.011671746932768,-1.1671746932768e-05,0.0041766659494274,0.0083333333333333,8.3333333333333e-16,11363870.080097,0.55889548510454,1.1820811325413e-07,0.11820811325413,-5.0571533153123e-09,-8.5057509197339e-10,3000000,11363870.080097,17302475.293299,7.9334485202328e-05,76.41418280203,0,-1.1671746932768e-05,0,0,0,0,3000000,-5.1175394576176e-09,-7.8834602890854e-10,-0.03491083825773,0.32354000511474,0.20526999385244,17.981523164026,16147314.079014,62.637323907219,73955927.454541,76.379271963773,27.723712248909,25.598361447993,0,0,-27723712.248909,-25598361.447993,-62637323.907219,-73955927.454541,0.0019610285944388,-0.00035035241479767,149850.39749546,-149850.39749546
367.01316545235,0,-0.0004296869,2.296,30987140.600739,12.1,30987140.600739,17318201.944883,0.55888355797984,4.4321500733284e-05,44.321500733284,6216466753316.5,51.528327967063,9.3496378152686e-05,-7.7561848143519e-05,2.417634644248e-05,0.00011767272459517,-6.7457812991413e-06,-8.4307629442661e-05,-0.11896548409144,0.024589156349848,0,0,0.00032009992976759,-1.1749227209932e-05,-1.1749227209932e-05,6.438977358788e-08,0.00032353917194371,0.011749227209932,0.32353917835104,-30987140.600739,-10749.364989446,16139042.833337,45.739437302447,50.734054516255,43.939437302447,43.357896411126,46.192559025609,0,0,0,39.556234214302,2.0112530121954,0,0.00030488185426784,5.0248198784258e-09,0,0.00030148919270555,0,0.011749227209932,-1.1749227209932e-05,0.0041766659494274,0.0083333333333333,8.3333333333333e-16,11324362.023013,0.55888355797984,1.1818145199294e-07,0.11818145199294,-5.0248198784258e-09,-8.476272936529e-10,3000000,11324362.023013,17318201.944883,7.9312282601785e-05,76.392797479214,0,-1.1749227209932e-05,0,0,0,0,3000000,-5.0813642377973e-09,-7.8480034356726e-10,-0.034901068087834,0.32353917835104,0.20526999385244,17.972662595886,16139046.413129,62.631034326992,73939437.302447,76.357896411126,27.746878276839,25.616133635667,0,0,-27746878.276839,-25616133.635667,-62631034.326992,-73939437.302447,0.0019610285944388,-0.00035037461739821,149808.46026591,-149808.46026591
372.01316545235,0,-0.0004296869,2.296,31015941.164891,12.1,31015941.164891,17333922.666556,0.55887164904283,4.4326169508296e-05,44.326169508296,6239889224058,51.523444465112,9.3566878899176e-05,-7.7584953744236e-05,2.4149788062139e-05,0.00011771666696132,-6.7412113496222e-06,-8.4326165093858e-05,-0.11903857997833,0.02457645928875,0,0,0.0003201000250061,-1.1826727445539e-05,-1.1826727445539e-05,6.4393110806665e-08,0.00032353834820933,0.011826727445539,0.32353835461734,-31015941.164891,-10715.992801597,16130805.489529,45.722919329784,50.693870855841,43.922919329784,43.336590740564,46.153051043442,0,0,0,39.551538368912,2.0106019536001,0,0.00030273948022622,4.9927253611534e-09,0,0.0002995635216692,0,0.011826727445539,-1.1826727445539e-05,0.0041766659494274,0.0083333333333333,8.3333333333333e-16,11284919.210094,0.55887164904283,1.1815500158015e-07,0.11815500158015,-4.9927253611534e-09,-8.4470632444381e-10,3000000,11284919.210094,17333922.666556,7.9290152587157e-05,76.371482070423,0,-1.1826727445539e-05,0,0,0,0,3000000,-5.0456580037704e-09,-7.8129136501583e-10,-0.03489132985915,0.32353835461734,0.20526999385244,17.963830995184,16130809.048944,62.624734877777,73922919.329784,76.336590740564,27.769868286342,25.633869165378,0,0,-27769868.286342,-25633869.165378,-62624734.877777,-73922919.329784,0.0019610285944388,-0.00035039674741284,149766.66013977,-149766.66013977
377.01316545235,0,-0.0004296869,2.296,31044725.995902,12.1,31044725.995902,17349634.540856,0.55885976046521,4.433081756763e-05,44.33081756763,6263372016276.5,51.51856833422,9.3637209491049e-05,-7.7607946042711e-05,2.4123357507693e-05,0.00011776056699874,-6.7366589130242e-06,-8.4344604955735e-05,-0.11911147243542,0.024563742070465,0,0,0.00032010012143282,-1.1904225726402e-05,-1.1904225726402e-05,6.4396255485622e-08,0.00032353752757654,0.011904225726402,0.32353753398519,-31044725.995902,-10684.546012026,16122599.161588,45.706379093715,50.653706714503,43.906379093715,43.315357294073,46.113694237423,0,0,0,39.546858441964,2.0099853242383,0,0.00030062420669353,4.9608675736657e-09,0,0.00029765205441994,0,0.011904225726402,-1.1904225726402e-05,0.0041766659494274,0.0083333333333333,8.3333333333333e-16,11245546.034646,0.55885976046521,1.1812874925856e-07,0.11812874925856,-4.9608675736657e-09,-8.4181379077421e-10,3000000,11245546.034646,17349634.540856,7.9268097591042e-05,76.350238918715,0,-1.1904225726402e-05,0,0,0,0,3000000,-5.0104034448922e-09,-7.778161140345e-10,-0.034881624642082,0.32353753398519,0.20526999385244,17.955029332716,16122602.701945,62.618429943071,73906379.093715,76.315357294073,27.792684856292,25.651566629579,0,0,-27792684.856292,-25651566.629579,-62618429.943071,-73906379.093715,0.0019610285944388,-0.00035041880240896,149725.00171184,-149725.00171184
382.01316545235,0,-0.0004296869,2.296,31073487.836535,12.1,31073487.836535,17365333.604333,0.5588478952178,4.433544388293e-05,44.33544388293,6286909131470.1,51.513700779469,9.3707354191327e-05,-7.7630822544229e-05,2.4097057687978e-05,0.0001178044118793,-6.7321244562699e-06,-8.4362947000499e-05,-0.1191841463966,0.024551009880353,0,0,0.00032010021975377,-1.1981700425772e-05,-1.1981700425772e-05,6.439924808756e-08,0.00032353671015495,0.011981700425772,0.32353671656421,-31073487.836535,-10654.619992645,16114424.94571,45.689822064532,50.613570828753,43.889822064532,43.294198030173,46.074491552351,0,0,0,39.542194865122,2.009415592827,0,0.00029853828304841,4.9292264614931e-09,0,0.00029575358768958,0,0.011981700425772,-1.1981700425772e-05,0.0041766659494274,0.0083333333333333,8.3333333333333e-16,11206247.940368,0.5588478952178,1.1810262070628e-07,0.11810262070628,-4.9292264614931e-09,-8.3894540073269e-10,3000000,11206247.940368,17365333.604333,7.9246119647738e-05,76.329069983505,0,-1.1981700425772e-05,0,0,0,0,3000000,-4.9756380508068e-09,-7.7437998497928e-10,-0.034871953331731,0.32353671656421,0.20526999385244,17.946258420326,16114428.468048,62.612120925223,73889822.064532,76.294198030173,27.815330512181,25.669223643669,0,0,-27815330.512181,-25669223.643669,-62612120.925223,-73889822.064532,0.0019610285944388,-0.00035044078035226,149683.48882458,-149683.48882458
387.01316545235,0,-0.0004296869,2.296,31102223.210661,12.1,31102223.210661,17381017.963051,0.55883605463969,4.4340048015186e-05,44.340048015186,6310497777215.1,51.508842371751,9.3777301583316e-05,-7.7653583462697e-05,2.4070889809639e-05,0.00011784819139296,-6.7276087110304e-06,-8.4381192173727e-05,-0.11925659188195,0.024538268267094,0,0,0.00032010031876653,-1.2059130775495e-05,-1.2059130775495e-05,6.4402080956393e-08,0.00032353589591977,0.012059130775495,0.32353590232961,-31102223.210661,-10626.291304316,16106282.59385,45.673253249446,50.573470478567,43.873253249446,43.273115584112,46.035445572234,0,0,0,39.537548219204,2.0088688937592,0,0.0002964770706589,4.8978460348495e-09,0,0.00029387076209097,0,0.012059130775495,-1.2059130775495e-05,0.0041766659494274,0.0083333333333333,8.3333333333333e-16,11167028.715203,0.55883605463969,1.1807677076589e-07,0.11807677076589,-4.8978460348495e-09,-8.3610338876533e-10,3000000,11167028.715203,17381017.963051,7.9224221494456e-05,76.307977901245,0,-1.2059130775495e-05,0,0,0,0,3000000,-4.9412845109817e-09,-7.7097399165619e-10,-0.034862317132777,0.32353590232961,0.20526999385244,17.937519350373,16106286.099254,62.605812574548,73873253.249446,76.273115584112,27.837807677211,25.686839443241,0,0,-27837807.677211,-25686839.443241,-62605812.574548,-73873253.249446,0.0019610285944388,-0.00035046267850554,149642.12664815,-149642.12664815
392.01316545235,0,-0.0004296869,2.296,31130930.179144,12.1,31130930.179144,17396686.556604,0.55882423951737,4.4344629768336e-05,44.344629768336,6334136411952,51.503993422308,9.3847044231668e-05,-7.7676220938757e-05,2.4044856038496e-05,0.00011789190027016,-6.7231121450713e-06,-8.4399333083828e-05,-0.1193287986367,0.024525513781976,0,0,0.0003201004190482,-1.2136497057442e-05,-1.2136497057442e-05,6.4404742785086e-08,0.00032353508491298,0.012136497057442,0.32353509132337,-31130930.179144,-10599.673017383,16098172.526041,45.656677273289,50.533411866984,43.856677273289,43.252111788792,45.996558346664,0,0,0,39.532918908188,2.0083467898883,0,0.00029444197823188,4.8667446091717e-09,0,0.0002920046765503,0,0.012136497057442,-1.2136497057442e-05,0.0041766659494274,0.0083333333333333,8.3333333333333e-16,11127890.989491,0.55882423951737,1.1805138787234e-07,0.11805138787234,-4.8667446091717e-09,-8.3328842228348e-10,3000000,11127890.989491,17396686.556604,7.9202405035014e-05,76.286964505675,0,-1.2136497057442e-05,0,0,0,0,3000000,-4.9073663038647e-09,-7.6760045454398e-10,-0.034852716882796,0.32353509132337,0.20526999385244,17.92881288263,16098176.015662,62.599506952924,73856677.273289,76.252111788792,27.860118926625,25.704413210872,0,0,-27860118.926625,-25704413.210872,-62599506.952924,-73856677.273289,0.0019610285944388,-0.00035048449496499,149600.91877857,-149600.91877857
397.01316545235,0,-0.0004296869,2.296,31159601.856357,12.1,31159601.856357,17412335.623436,0.55881245265143,4.4349188227244e-05,44.349188227244,6357819093790.3,51.499155058506,9.3916567727344e-05,-7.7698736603766e-05,2.4018958862584e-05,0.00011793552658993,-6.7186351613777e-06,-8.4417371765144e-05,-0.11940075470429,0.024512754630032,0,0,0.00032010052093088,-1.2213779821438e-05,-1.2213779821438e-05,6.4407241827841e-08,0.00032353427722424,0.012213779821438,0.32353428363514,-31159601.856357,-10574.682589833,16090095.638556,45.640098847168,50.493402879446,43.840098847168,43.231188703998,45.957832447544,0,0,0,39.528307386059,2.0078718701894,0,0.0002924348659066,4.8358472698131e-09,0,0.00029015083618878,0,0.012213779821438,-1.2213779821438e-05,0.0041766659494274,0.0083333333333333,8.3333333333333e-16,11088840.053795,0.55881245265143,1.1802618031522e-07,0.11802618031522,-4.8358472698131e-09,-8.3049319348803e-10,3000000,11088840.053795,17412335.623436,7.9180672408893e-05,76.266031857521,0,-1.2213779821438e-05,0,0,0,0,3000000,-4.8739144317767e-09,-7.6426319550574e-10,-0.03484315352344,0.32353428363514,0.20526999385244,17.920139870916,16090099.113486,62.593207900571,73840098.847168,76.231188703998,27.882266399624,25.721942669869,0,0,-27882266.399624,-25721942.669869,-62593207.900571,-73840098.847168,0.0019610285944388,-0.00035050622759111,149559.86925698,-149559.86925698
402.01316545235,0,-0.0004296869,2.296,31188233.635714,12.1,31188233.635714,17427962.650829,0.55880069586095,4.4353722792935e-05,44.353722792935,6381541989790.8,51.49432803603,9.3985858915669e-05,-7.7721135845372e-05,2.3993199678865e-05,0.00011797905859453,-6.7141783130201e-06,-8.4435314158392e-05,-0.11947245099919,0.024500001744019,0,0,0.00032010062355819,-1.2290960185344e-05,-1.2290960185344e-05,6.440958870661e-08,0.00032353347287815,0.012290960185344,0.32353347928954,-31188233.635714,-10551.21380215,16082052.177715,45.623522867881,50.453450833992,43.823522867881,43.210348633242,45.919270615634,0,0,0,39.523714160518,2.0074390208044,0,0.00029045379502551,4.8051509657558e-09,0,0.00028830905794535,0,0.012290960185344,-1.2290960185344e-05,0.0041766659494274,0.0083333333333333,8.3333333333333e-16,11049879.943518,0.55880069586095,1.1800116515963e-07,0.11800116515963,-4.8051509657558e-09,-8.2771575819801e-10,3000000,11049879.943518,17427962.650829,7.9159026008731e-05,76.24518226135,0,-1.2290960185344e-05,0,0,0,0,3000000,-4.8408965837585e-09,-7.6095845911955e-10,-0.034833628107407,0.32353347928954,0.20526999385244,17.91150127008,16082055.638968,62.586920687031,73823522.867881,76.210348633242,27.904252252247,25.73942702162,0,0,-27904252.252247,-25739427.02162,-62586920.687031,-73823522.867881,0.0019610285944388,-0.00035052787399127,149518.98260271,-149518.98260271
407.01316545235,0,-0.0004296869,2.296,31216822.813612,12.1,31216822.813612,17443566.169307,0.55878897013324,4.4358233139495e-05,44.358233139495,6405302991456.9,51.48951279784,9.4054906479936e-05,-7.7743419388006e-05,2.39675802982e-05,0.00011802248677814,-6.7097420665446e-06,-8.4453161454551e-05,-0.11954387786944,0.024487261076446,0,0,0.00032010072665122,-1.2368020074032e-05,-1.2368020074032e-05,6.441178491549e-08,0.00032353267192743,0.012368020074032,0.32353267833926,-31216822.813612,-10529.251713344,16074042.670448,45.606953908284,50.413560856489,43.806953908284,43.189593615553,45.880875312368,0,0,0,39.519139680975,2.0070400464281,0,0.00028849651919915,4.7746614814778e-09,0,0.00028647968888867,0,0.012368020074032,-1.2368020074032e-05,0.0041766659494274,0.0083333333333333,8.3333333333333e-16,11011011.580343,0.55878897013324,1.1797632803311e-07,0.11797632803311,-4.7746614814778e-09,-8.2495700599508e-10,3000000,11011011.580343,17443566.169307,7.913746795245e-05,76.22441775712,0,-1.2368020074032e-05,0,0,0,0,3000000,-4.8082753199858e-09,-7.5768211572825e-10,-0.034824141566787,0.32353267833926,0.20526999385244,17.902897925339,16074046.119024,62.580650853256,73806953.908284,76.189593615553,27.926078595916,25.756865702615,0,0,-27926078.595916,-25756865.702615,-62580650.853256,-73806953.908284,0.0019610285944388,-0.00035054943204755,149478.26281616,-149478.26281616
412.01316545235,0,-0.0004296869,2.296,31245363.878998,12.1,31245363.878998,17459143.168377,0.55877727766808,4.4362718607908e-05,44.362718607908,6429097119259.1,51.48471022892,9.4123705561094e-05,-7.7765581992793e-05,2.3942101991826e-05,0.00011806580755292,-6.7053269235204e-06,-8.4470908916314e-05,-0.11961502856524,0.024474530282845,0,0,0.00032010082979314,-1.2444941837869e-05,-1.2444941837869e-05,6.4413838382685e-08,0.00032353187439239,0.012444941837869,0.32353188080465,-31245363.878998,-10508.717041399,16066067.32011,45.590396395778,50.373740504682,43.790396395778,43.168925647117,45.842648903606,0,0,0,39.514584387397,2.0066605669973,0,0.00028656093576488,4.7444151014354e-09,0,0.00028466490608612,0,0.012444941837869,-1.2444941837869e-05,0.0041766659494274,0.0083333333333333,8.3333333333333e-16,10972240.181506,0.55877727766808,1.1795168000415e-07,0.11795168000415,-4.7444151014354e-09,-8.222198535464e-10,3000000,10972240.181506,17459143.168377,7.911600031347e-05,76.203740341931,0,-1.2444941837869e-05,0,0,0,0,3000000,-4.7760155960813e-09,-7.544305730279e-10,-0.034814694814003,0.32353188080465,0.20526999385244,17.894330664148,16066070.756953,62.574397591254,73790396.395778,76.168925647117,27.947747492172,25.774256538987,0,0,-27947747.492172,-25774256.538987,-62574397.591254,-73790396.395778,0.0019610285944388,-0.00035057089968653,149437.71381372,-149437.71381372
417.01316545235,0,-0.0004296869,2.296,31273854.313891,12.1,31273854.313891,17474692.27418,0.55876561942289,4.4367178961566e-05,44.367178961566,6452922115724.1,51.479920723808,9.4192251459209e-05,-7.7787616057336e-05,2.3916766645301e-05,0.00011810901810451,-6.7009332473479e-06,-8.4488549304684e-05,-0.1196858953677,0.024461804857183,0,0,0.00032010093337758,-1.252170864959e-05,-1.252170864959e-05,6.4415747888281e-08,0.00032353108033165,0.01252170864959,0.32353108674431,-31273854.313891,-10489.621985436,16058126.712733,45.573854202289,50.33399564007,43.773854202289,43.148346299505,45.804593116178,0,0,0,39.510048626162,2.0063044465421,0,0.00028464719457544,4.7143982379213e-09,0,0.00028286389427528,0,0.01252170864959,-1.252170864959e-05,0.0041766659494274,0.0083333333333333,8.3333333333333e-16,10933569.062968,0.55876561942289,1.1792732816988e-07,0.11792732816988,-4.7143982379213e-09,-8.1950263973967e-10,3000000,10933569.062968,17474692.27418,7.9094624724169e-05,76.183151588072,0,-1.252170864959e-05,0,0,0,0,3000000,-4.7441199095906e-09,-7.5120468861821e-10,-0.034805288567227,0.32353108674431,0.20526999385244,17.885800137953,16058130.138791,62.568163070516,73773854.202289,76.148346299505,27.969261086111,25.791599007791,0,0,-27969261.086111,-25791599.007791,-62568163.070516,-73773854.202289,0.0019610285944388,-0.00035059227527583,149397.33867868,-149397.33867868
422.01316545235,0,-0.0004296869,2.296,31302291.374048,12.1,31302291.374048,17490211.993293,0.55875399637742,4.437161395004e-05,44.37161395004,6476775449119.6,51.475144709457,9.4260526065539e-05,-7.7809530335895e-05,2.3891576219704e-05,0.00011815210228524,-6.696561454585e-06,-8.450609179048e-05,-0.11975646639761,0.024449101030553,0,0,0.00032010103729872,-1.2598304441139e-05,-1.2598304441139e-05,6.4417524426931e-08,0.0003235302897948,0.012598304441139,0.32353029620783,-31302291.374048,-10471.856598931,16050221.344217,45.557331188529,50.294331764343,43.757331188529,43.127857224699,45.766709777427,0,0,0,39.505532761374,2.0059704633633,0,0.00028275601396543,4.6846308160991e-09,0,0.00028107784896595,0,0.012598304441139,-1.2598304441139e-05,0.0041766659494274,0.0083333333333333,8.3333333333333e-16,10895000.95969,0.55875399637742,1.1790330054139e-07,0.11790330054139,-4.6846308160991e-09,-8.1681147726936e-10,3000000,10895000.95969,17490211.993293,7.9073342900447e-05,76.162653148281,0,-1.2598304441139e-05,0,0,0,0,3000000,-4.7126002327572e-09,-7.4800572539907e-10,-0.034795923581754,0.32353029620783,0.20526999385244,17.877307031533,16050224.760362,62.561951433943,73757331.188529,76.127857224699,27.990621411102,25.808892763129,0,0,-27990621.411102,-25808892.763129,-62561951.433943,-73757331.188529,0.0019610285944388,-0.00035061355709955,149357.14065211,-149357.14065211
427.01316545235,0,-0.0004296869,2.296,31330674.18726,12.1,31330674.18726,17505701.853337,0.55874240879096,4.4376023556615e-05,44.376023556615,6500656415221.3,51.470382314003,9.4328536797894e-05,-7.7831304967561e-05,2.386653234612e-05,0.00011819506914401,-6.6922118303805e-06,-8.4523516797942e-05,-0.11982673888039,0.024436397784363,0,0,0.00032010114222095,-1.2674714091826e-05,-1.2674714091826e-05,6.4419164819995e-08,0.00032352950284384,0.012674714091826,0.32352950925721,-31330674.18726,-10455.452668294,16042351.834556,45.540830804736,50.254752280563,43.740830804736,43.107459749002,45.729000324539,0,0,0,39.501037085355,2.0056578359299,0,0.00028088661252635,4.6551057177185e-09,0,0.00027930634306311,0,0.012674714091826,-1.2674714091826e-05,0.0041766659494274,0.0083333333333333,8.3333333333333e-16,10856535.793046,0.55874240879096,1.1787958598803e-07,0.11787958598803,-4.6551057177185e-09,-8.1414232723955e-10,3000000,10856535.793046,17505701.853337,7.9052156219921e-05,76.142246349466,0,-1.2674714091826e-05,0,0,0,0,3000000,-4.6814435421058e-09,-7.4483447537506e-10,-0.034786600463562,0.32352950925721,0.20526999385244,17.868851894664,16042355.241677,62.555763284726,73740830.804736,76.107459749002,28.011830480196,25.826136489692,0,0,-28011830.480196,-25826136.489692,-62555763.284726,-73740830.804736,0.0019610285944388,-0.00035063474378008,149317.12233611,-149317.12233611
432.01316545235,0,-0.0004296869,2.296,31358996.80902,12.1,31358996.80902,17521158.603635,0.55873085905417,4.4380407118013e-05,44.380407118013,6524559336043.5,51.465634476653,9.4396264075689e-05,-7.7852952143325e-05,2.3841636398535e-05,0.00011823790047422,-6.6878847342687e-06,-8.4540836877594e-05,-0.11989670125073,0.024423715075147,0,0,0.00032010124783282,-1.2750922724925e-05,-1.2750922724925e-05,6.4420682993145e-08,0.00032352871951466,0.012750922724925,0.32352872592835,-31358996.80902,-10440.270936796,16034518.542786,45.524356668993,50.215264238436,43.724356668993,43.087155481706,45.691466531082,0,0,0,39.496561952798,2.0053789994899,0,0.00027904022128684,4.6257882421855e-09,0,0.00027754729453113,0,0.012750922724925,-1.2750922724925e-05,0.0041766659494274,0.0083333333333333,8.3333333333333e-16,10818179.282407,0.55873085905417,1.1785613559021e-07,0.11785613559021,-4.6257882421855e-09,-8.1148736203368e-10,3000000,10818179.282407,17521158.603635,7.9031066354151e-05,76.121932801654,0,-1.2750922724925e-05,0,0,0,0,3000000,-4.6506703547807e-09,-7.4169266088188e-10,-0.034777319948475,0.32352872592835,0.20526999385244,17.860435394428,16034521.94168,62.549601733257,73724356.668993,76.087155481706,28.032890137911,25.843329086654,0,0,-28032890.137911,-25843329.086654,-62549601.733257,-73724356.668993,0.0019610285944388,-0.00035065583364585,149277.286888,-149277.286888
437.01316545235,0,-0.0004296869,2.296,31387255.345396,12.1,31387255.345396,17536580.121342,0.55871934863832,4.4384764215901e-05,44.384764215901,6548480630289.8,51.460901813379,9.4463720574248e-05,-7.7874451829355e-05,2.3816889223404e-05,0.00011828060979765,-6.6835805324599e-06,-8.4558032361814e-05,-0.11996635529495,0.024411029263375,0,0,0.00032010135381754,-1.2826915937982e-05,-1.2826915937982e-05,6.4422075216497e-08,0.00032352793982493,0.012826915937982,0.32352794623891,-31387255.345396,-10426.348703273,16026721.645539,45.50791234551,50.17587326568,43.70791234551,43.066946010272,45.654110221558,0,0,0,39.492107713585,2.0051247326026,0,0.0002772141313465,4.5966787728704e-09,0,0.00027580072637223,0,0.012826915937982,-1.2826915937982e-05,0.0041766659494274,0.0083333333333333,8.3333333333333e-16,10779934.866949,0.55871934863832,1.1783285083283e-07,0.11783285083283,-4.5966787728704e-09,-8.0884492192171e-10,3000000,10779934.866949,17536580.121342,7.9010074952017e-05,76.101714093034,0,-1.2826915937982e-05,0,0,0,0,3000000,-4.6202355224417e-09,-7.3857403990508e-10,-0.034768082761829,0.32352794623891,0.20526999385244,17.852058188857,16026725.037023,62.543468009815,73707912.34551,76.066946010272,28.053802123952,25.860468919265,0,0,-28053802.123952,-25860468.919265,-62543468.009815,-73707912.34551,0.0019610285944388,-0.00035067682504798,149237.63742225,-149237.63742225
442.01316545235,0,-0.0004296869,2.296,31415446.188437,12.1,31415446.188437,17551964.438982,0.5587078789105,4.4389094472171e-05,44.389094472171,6572416966513.2,51.45618489302,9.4530888100877e-05,-7.7895814444292e-05,2.3792292052163e-05,0.00011832318015304,-6.6792995334197e-06,-8.4575113977711e-05,-0.12003568984113,0.024398358089116,0,0,0.00032010145993686,-1.290267981458e-05,-1.290267981458e-05,6.4423345014695e-08,0.00032352716382218,0.01290267981458,0.32352717023643,-31415446.188437,-10413.650721292,16018961.617969,45.491501248761,50.13658468954,43.691501248761,43.046832840411,45.616933126211,0,0,0,39.487674699581,2.004895491347,0,0.00027540691701317,4.5677538839388e-09,0,0.00027406523303633,0,0.01290267981458,-1.290267981458e-05,0.0041766659494274,0.0083333333333333,8.3333333333333e-16,10741805.734632,0.5587078789105,1.1780967034543e-07,0.11780967034543,-4.5677538839388e-09,-8.0621265080503e-10,3000000,10741805.734632,17551964.438982,7.8989183577491e-05,76.081591730004,0,-1.290267981458e-05,0,0,0,0,3000000,-4.5901152835528e-09,-7.3547551528714e-10,-0.034758889592055,0.32352717023643,0.20526999385244,17.843720902099,16018965.002836,62.537365052161,73691501.248761,76.046832840411,28.07456812255,25.877554875827,0,0,-28074568.12255,-25877554.875827,-62537365.052161,-73691501.248761,0.0019610285944388,-0.00035069771642251,149198.17689296,-149198.17689296
447.01316545235,0,-0.0004296869,2.296,31443566.411089,12.1,31443566.411089,17567309.961395,0.5586964509455,4.4393397620123e-05,44.393397620123,6596365557237.5,51.451484168508,9.4597741357503e-05,-7.7917058344647e-05,2.3767846315345e-05,0.00011836558767285,-6.6750420090067e-06,-8.4592100353654e-05,-0.12010469117024,0.024385729636933,0,0,0.00032010156602972,-1.2978201006589e-05,-1.2978201006589e-05,6.4424502651324e-08,0.00032352639156738,0.012978201006589,0.32352639798188,-31443566.411089,-10402.074355003,16011239.070043,45.475126638705,50.097403565189,43.675126638705,43.026817359469,45.579936829591,0,0,0,39.483263216561,2.0046958303305,0,0.00027361832030948,4.5389910068514e-09,0,0.00027233946041108,0,0.012978201006589,-1.2978201006589e-05,0.0041766659494274,0.0083333333333333,8.3333333333333e-16,10703794.877473,0.5586964509455,1.1778659551759e-07,0.11778659551759,-4.5389910068514e-09,-8.0358779571864e-10,3000000,10703794.877473,17567309.961395,7.8968393671593e-05,76.061567100542,0,-1.2978201006589e-05,0,0,0,0,3000000,-4.5603053384914e-09,-7.3239663321657e-10,-0.034749741072986,0.32352639798188,0.20526999385244,17.835424109232,16011242.449017,62.531297227766,73675126.638705,76.026817359469,28.095189809114,25.89458673591,0,0,-28095189.809114,-25894586.73591,-62531297.227766,-73675126.638705,0.0019610285944388,-0.00035071850632841,149158.90802199,-149158.90802199
452.01316545235,0,-0.0004296869,2.296,31471615.010891,12.1,31471615.010891,17582616.145624,0.55868506501299,4.4397673678589e-05,44.397673678589,6620325300055.8,51.446799773555,9.4664271375063e-05,-7.7938184690848e-05,2.3743553418455e-05,0.00011840782479352,-6.670808190372e-06,-8.460899288122e-05,-0.12017335190786,0.02437314914214,0,0,0.00032010167225479,-1.3053466985597e-05,-1.3053466985597e-05,6.4425553416374e-08,0.00032352562311473,0.013053466985597,0.32352562952945,-31471615.010891,-10391.56670451,16003554.54347,45.458791434872,50.058333928119,43.658791434872,43.006900671897,45.543122456336,0,0,0,39.47887350795,2.00451929308,0,0.00027184805100991,4.5104169540369e-09,0,0.00027062501724222,0,0.013053466985597,-1.3053466985597e-05,0.0041766659494274,0.0083333333333333,8.3333333333333e-16,10665904.155412,0.55868506501299,1.1776376954255e-07,0.11776376954255,-4.5104169540369e-09,-8.0097491578732e-10,3000000,10665904.155412,17582616.145624,7.894770638151e-05,76.041641309607,0,-1.3053466985597e-05,0,0,0,0,3000000,-4.5308008501652e-09,-7.2933746741524e-10,-0.034740637709788,0.32352562952945,0.20526999385244,17.827168268073,16003557.91724,62.525266749686,73658791.434872,76.006900671897,28.115668978535,25.911564734405,0,0,-28115668.978535,-25911564.734405,-62525266.749686,-73658791.434872,0.0019610285944388,-0.00035073919361849,149119.8329762,-149119.8329762
457.01316545235,0,-0.0004296869,2.296,31499591.023977,12.1,31499591.023977,17597882.46837,0.55867372138264,4.4401922679828e-05,44.401922679828,6644295076640.1,51.442131832977,9.4730472443314e-05,-7.7959193934641e-05,2.3719413900528e-05,0.00011844988634384,-6.6665983691595e-06,-8.46257923038e-05,-0.12024166722424,0.024360619684405,0,0,0.00032010177821435,-1.3128466007159e-05,-1.3128466007159e-05,6.4426500330808e-08,0.00032352485846919,0.013128466007159,0.32352486488411,-31499591.023977,-10382.097560166,15995908.088064,45.442498528832,50.019379270018,43.642498528832,42.987083955883,45.506491161161,0,0,0,39.474505833426,2.004365550359,0,0.00027009785120398,4.4820641765246e-09,0,0.00026892385059148,0,0.013128466007159,-1.3128466007159e-05,0.0041766659494274,0.0083333333333333,8.3333333333333e-16,10628134.568644,0.55867372138264,1.1774130108518e-07,0.11774130108518,-4.4820641765246e-09,-7.9837686566004e-10,3000000,10628134.568644,17597882.46837,7.8927122931014e-05,76.021815535923,0,-1.3128466007159e-05,0,0,0,0,3000000,-4.5016308533997e-09,-7.2629923023467e-10,-0.03473158004067,0.32352486488411,0.20526999385244,17.818953867002,15995911.457299,62.519275485266,73642498.528832,75.987083955883,28.136007367671,25.928488421695,0,0,-28136007.367671,-25928488.421695,-62519275.485266,-73642498.528832,0.0019610285944388,-0.00035075977706899,149080.9540671,-149080.9540671
462.01316545235,0,-0.0004296869,2.296,31527492.872521,12.1,31527492.872521,17613108.070229,0.55866242058359,4.4406144571007e-05,44.406144571007,6668273190497.9,51.4374805714,9.4796336843026e-05,-7.798008581337e-05,2.3695429118249e-05,0.00011849176596127,-6.6624126337245e-06,-8.4642498447094e-05,-0.12030963018037,0.024348144655774,0,0,0.00032010188420239,-1.3203186978658e-05,-1.3203186978658e-05,6.4427329476388e-08,0.00032352409769486,0.013203186978658,0.32352410410996,-31527492.872521,-10373.806104365,15988300.344803,45.426250405423,49.980542508412,43.626250405423,42.967368028874,45.470043669415,0,0,0,39.470160373156,2.0042427554745,0,0.00026836991972122,4.4539350380879e-09,0,0.00026723610228528,0,0.013203186978658,-1.3203186978658e-05,0.0041766659494274,0.0083333333333333,8.3333333333333e-16,10590486.838315,0.55866242058359,1.1771923189621e-07,0.11771923189621,-4.4539350380879e-09,-7.9579320772835e-10,3000000,10590486.838315,17613108.070229,7.8906644169181e-05,76.002090597313,0,-1.3203186978658e-05,0,0,0,0,3000000,-4.4728319953537e-09,-7.2328730097097e-10,-0.03472256843952,0.32352410410996,0.20526999385244,17.810781244868,15988303.710259,62.513327538136,73626250.405423,75.967368028874,28.156206736008,25.945357983172,0,0,-28156206.736008,-25945357.983172,-62513327.538136,-73626250.405423,0.0019610285944388,-0.00035078025583082,149042.27289846,-149042.27289846
467.01316545235,0,-0.0004296869,2.296,31555315.703031,12.1,31555315.703031,17628290.299155,0.55865116450447,4.4410338870989e-05,44.410338870989,6692254773589.5,51.432846739965,9.4861854656042e-05,-7.800085917472e-05,2.3671601268186e-05,0.00011853345592423,-6.6582509448646e-06,-8.4659110119584e-05,-0.12037723147808,0.024335727695107,0,0,0.00032010199095702,-1.3277618991903e-05,-1.3277618991903e-05,6.4427996040224e-08,0.00032352334090817,0.013277618991903,0.32352334732342,-31555315.703031,-10367.140466002,15980732.47787,45.410049339861,49.941828286439,43.610049339861,42.947753578028,45.433780695354,0,0,0,39.465837278592,2.0041457270186,0,0.00026666268294281,4.42602894128e-09,0,0.0002655617364768,0,0.013277618991903,-1.3277618991903e-05,0.0041766659494274,0.0083333333333333,8.3333333333333e-16,10552964.910964,0.55865116450447,1.1769732014656e-07,0.11769732014656,-4.42602894128e-09,-7.9322398177073e-10,3000000,10552964.910964,17628290.299155,7.8886270809755e-05,75.982467181248,0,-1.3277618991903e-05,0,0,0,0,3000000,-4.4443780490469e-09,-7.2030170916464e-10,-0.034713603220183,0.32352334732342,0.20526999385244,17.80265068651,15980735.840594,62.507428386061,73610049.339861,75.947753578028,28.176268644507,25.962173330836,0,0,-28176268.644507,-25962173.330836,-62507428.386061,-73610049.339861,0.0019610285944388,-0.00035080062919025,149003.79081844,-149003.79081844
472.01316545235,0,-0.0004296869,2.296,31583059.138908,12.1,31583059.138908,17643428.953264,0.55863995316351,4.4414505698728e-05,44.414505698728,6716239200392.9,51.428230365507,9.4927023583296e-05,-7.8021514903643e-05,2.3647929744138e-05,0.00011857495332743,-6.6541137068993e-06,-8.4675628610542e-05,-0.12044446950287,0.024323370663115,0,0,0.00032010209769833,-1.3351751912144e-05,-1.3351751912144e-05,6.4428555838288e-08,0.00032352258806431,0.013351751912144,0.32352259447969,-31583059.138908,-10361.542485365,15973204.039323,45.393897972967,49.903240314888,43.593897972967,42.928241778341,45.397703354792,0,0,0,39.461536808708,2.0040829287448,0,0.00026497416254998,4.3982781860661e-09,0,0.00026389669116397,0,0.013351751912144,-1.3351751912144e-05,0.0041766659494274,0.0083333333333333,8.3333333333333e-16,10515570.569869,0.55863995316351,1.176756680323e-07,0.1176756680323,-4.3982781860661e-09,-7.9066045166625e-10,3000000,10515570.569869,17643428.953264,7.8866004073195e-05,75.96294646326,0,-1.3351751912144e-05,0,0,0,0,3000000,-4.4162360424997e-09,-7.1733930250053e-10,-0.034704684919916,0.32352259447969,0.20526999385244,17.794562678986,15973207.4,62.501574287738,73593897.972967,75.928241778341,28.196194618175,25.978933061011,0,0,-28196194.618175,-25978933.061011,-62501574.287738,-73593897.972967,0.0019610285944388,-0.00035082089592681,148965.51013228,-148965.51013228
477.01316545235,0,-0.0004296869,2.296,31610722.099946,12.1,31610722.099946,17658523.448471,0.5586287868296,4.4418645080953e-05,44.418645080953,6740225171664.8,51.423631588126,9.4991839813115e-05,-7.8042052618676e-05,2.362441470521e-05,0.00011861625451832,-6.6500011710733e-06,-8.4692053789749e-05,-0.12051134071014,0.024311075012459,0,0,0.00032010220414464,-1.3425576239449e-05,-1.3425576239449e-05,6.4429017394914e-08,0.00032352183915694,0.013425576239449,0.32352184557242,-31610722.099946,-10356.926919103,15965714.965556,45.377798738976,49.864781267403,43.577798738976,42.908833570345,45.361812604991,0,0,0,39.4572591708,2.0040408046149,0,0.0002633029095282,4.3707205975092e-09,0,0.00026224323585055,0,0.013425576239449,-1.3425576239449e-05,0.0041766659494274,0.0083333333333333,8.3333333333333e-16,10478304.214044,0.5586287868296,1.1765425083346e-07,0.11765425083346,-4.3707205975092e-09,-7.8810623290222e-10,3000000,10478304.214044,17658523.448471,7.8845844936423e-05,75.943529384314,0,-1.3425576239449e-05,0,0,0,0,3000000,-4.3883818254701e-09,-7.1439685495076e-10,-0.034695813968526,0.32352184557242,0.20526999385244,17.786517612164,15965718.324815,62.495765423519,73577798.738976,75.908833570345,28.215986133985,25.995636016487,0,0,-28215986.133985,-25995636.016487,-62495765.423519,-73577798.738976,0.0019610285944388,-0.00035084105506358,148927.43268525,-148927.43268525
482.01316545235,0,-0.0004296869,2.296,31638301.300291,12.1,31638301.300291,17673571.990745,0.5586176667175,4.4422756773161e-05,44.422756773161,6764209151390,51.419050897229,9.5056294149095e-05,-7.8062473044687e-05,2.3601057928928e-05,0.00011865735207802,-6.6459133162395e-06,-8.4708386360927e-05,-0.12057783732025,0.024298845700611,0,0,0.00032010231086926,-1.3499082799376e-05,-1.3499082799376e-05,6.4429411316576e-08,0.00032352109428485,0.013499082799376,0.32352110070043,-31638301.300291,-10352.987702491,15958266.24468,45.361753579067,49.826454840594,43.561753579067,42.889529476755,45.326108835506,0,0,0,39.453004480077,2.0040125969229,0,0.00026164804723464,4.3433725837793e-09,0,0.00026060235502676,0,0.013499082799376,-1.3499082799376e-05,0.0041766659494274,0.0083333333333333,8.3333333333333e-16,10441168.769211,0.5586176667175,1.1763305018731e-07,0.11763305018731,-4.3433725837793e-09,-7.8556290891941e-10,3000000,10441168.769211,17673571.990745,7.8825793942379e-05,75.92421646736,0,-1.3499082799376e-05,0,0,0,0,3000000,-4.360800787244e-09,-7.1147129363184e-10,-0.034686990604953,0.32352110070043,0.20526999385244,17.778515702719,15958269.60295,62.490007295644,73561753.579067,75.889529476755,28.235644743562,26.012282863075,0,0,-28235644.743562,-26012282.863075,-62490007.295644,-73561753.579067,0.0019610285944388,-0.00035086110605762,148889.55950286,-148889.55950286
487.01316545235,0,-0.0004296869,2.296,31665794.695547,12.1,31665794.695547,17688573.46737,0.55860659351271,4.4426840670753e-05,44.426840670753,6788188908874.9,51.414488588735,9.5120381691691e-05,-7.8082776195262e-05,2.3577859961802e-05,0.00011869824165349,-6.6418502774362e-06,-8.4724626472698e-05,-0.12064395501355,0.02428668503976,0,0,0.00032010241750625,-1.3572262863351e-05,-1.3572262863351e-05,6.4429766667982e-08,0.00032352035346476,0.013572262863351,0.32352035988042,-31665794.695547,-10349.43418843,15950858.043793,45.345764667814,49.788264035966,43.545764667814,42.870330270707,45.290592783482,0,0,0,39.44877290694,2.003985353176,0,0.00026000836244289,4.3162708436662e-09,0,0.00025897625061997,0,0.013572262863351,-1.3572262863351e-05,0.0041766659494274,0.0083333333333333,8.3333333333333e-16,10404165.613587,0.55860659351271,1.1761203517538e-07,0.11761203517538,-4.3162708436662e-09,-7.830367024784e-10,3000000,10404165.613587,17688573.46737,7.8805851894112e-05,75.90500848589,0,-1.3572262863351e-05,0,0,0,0,3000000,-4.3334727073816e-09,-7.0856043322824e-10,-0.034678215182481,0.32352035988042,0.20526999385244,17.77055727113,15950861.401317,62.484303166248,73545764.667814,75.870330270707,28.255171884332,26.028873446957,0,0,-28255171.884332,-26028873.446957,-62484303.166248,-73545764.667814,0.0019610285944388,-0.00035088104810589,148851.89210195,-148851.89210195
492.01316545235,0,-0.0004296869,2.296,31693201.003023,12.1,31693201.003023,17703527.182178,0.5585955675837,4.4430896776455e-05,44.430896776455,6812162900385.5,51.409944833606,9.5184101197962e-05,-7.8102962330041e-05,2.3554820135726e-05,0.00011873892133369,-6.637812367134e-06,-8.4740774697175e-05,-0.12070969281447,0.024274593842683,0,0,0.00032010252356879,-1.3645108229241e-05,-1.3645108229241e-05,6.4430047394045e-08,0.00032351961663928,0.013645108229241,0.32351962305501,-31693201.003023,-10346.626927796,15943489.788948,45.329834236288,49.750212487588,43.529834236288,42.851236843711,45.255265378876,0,0,0,39.444564647882,2.0039750543804,0,0.00025838324942862,4.2893371420815e-09,0,0.00025736022852489,0,0.013645108229241,-1.3645108229241e-05,0.0041766659494274,0.0083333333333333,8.3333333333333e-16,10367297.085499,0.5585955675837,1.1759116947183e-07,0.11759116947183,-4.2893371420815e-09,-7.8051687924321e-10,3000000,10367297.085499,17703527.182178,7.8786019717626e-05,75.88590633182,0,-1.3645108229241e-05,0,0,0,0,3000000,-4.3063874904771e-09,-7.0566349129118e-10,-0.034669488108648,0.32351962305501,0.20526999385244,17.762642686946,15943493.146202,62.478649066078,73529834.236288,75.851236843711,28.274568857412,26.045405675317,0,0,-28274568.857412,-26045405.675317,-62478649.066078,-73529834.236288,0.0019610285944388,-0.00035090088028237,148814.43223161,-148814.43223161
497.01316545235,0,-0.0004296869,2.296,31720519.812465,12.1,31720519.812465,17718432.91556,0.55858458893377,4.4434925231825e-05,44.434925231825,6836130292411.9,51.405419655267,9.5247449126324e-05,-7.8123031596908e-05,2.3531938612608e-05,0.00011877938773893,-6.6337997477654e-06,-8.4756831344674e-05,-0.12077504766541,0.024262573902627,0,0,0.00032010262897726,-1.3717611328599e-05,-1.3717611328599e-05,6.4430248177424e-08,0.00032351888380579,0.013717611328599,0.32351889022158,-31720519.812465,-10344.61909401,15936161.454137,45.313964126354,49.712303027154,43.513964126354,42.832249738891,45.220126964795,0,0,0,39.440379822608,2.0039795604851,0,0.0002567733955424,4.2625933443359e-09,0,0.00025575560066016,0,0.013717611328599,-1.3717611328599e-05,0.0041766659494274,0.0083333333333333,8.3333333333333e-16,10330564.834667,0.55858458893377,1.1757062252534e-07,0.11757062252534,-4.2625933443359e-09,-7.7800658648437e-10,3000000,10330564.834667,17718432.91556,7.8766297977058e-05,75.866910548523,0,-1.3717611328599e-05,0,0,0,0,3000000,-4.2795565923733e-09,-7.0278249661815e-10,-0.034660809631802,0.32351889022158,0.20526999385244,17.754772175301,15936164.811631,62.473046360071,73513964.126354,75.832249738891,28.293837161559,26.061879959366,0,0,-28293837.161559,-26061879.959366,-62473046.360071,-73513964.126354,0.0019610285944388,-0.00035092060202294,148777.18095739,-148777.18095739
502.01316545235,0,-0.0004296869,2.296,31747751.920414,12.1,31747751.920414,17733291.109675,0.55857365704891,4.4438926331109e-05,44.438926331109,6860091440157.5,51.40091288441,9.5310420501923e-05,-7.8142983906828e-05,2.3509216104727e-05,0.00011881963660665,-6.629812488775e-06,-8.4772796395603e-05,-0.12084001513204,0.02425062747653,0,0,0.00032010273419783,-1.378976534133e-05,-1.378976534133e-05,6.4430371519623e-08,0.00032351815500578,0.01378976534133,0.3235181614216,-31747751.920414,-10343.385672019,15928873.453976,45.298155903675,49.674536897496,43.498155903675,42.813369250391,45.185177641209,0,0,0,39.43621849595,2.003995959187,0,0.00025517926423496,4.2360606119306e-09,0,0.00025416363671584,0,0.01378976534133,-1.378976534133e-05,0.0041766659494274,0.0083333333333333,8.3333333333333e-16,10293968.323035,0.55857365704891,1.1755043631246e-07,0.11755043631246,-4.2360606119306e-09,-7.7550986619284e-10,3000000,10293968.323035,17733291.109675,7.8746686977935e-05,75.848021430277,0,-1.378976534133e-05,0,0,0,0,3000000,-4.2529877372494e-09,-6.9991677565915e-10,-0.034652179886308,0.3235181614216,0.20526999385244,17.746945858123,15928876.812205,62.46749853034,73498155.903675,75.813369250391,28.312978262466,26.078296979133,0,0,-28312978.262466,-26078296.979133,-62467498.53034,-73498155.903675,0.0019610285944388,-0.00035094021302207,148740.13885638,-148740.13885638
507.01316545235,0,-0.0004296869,2.296,31774894.614819,12.1,31774894.614819,17748100.282124,0.55856277293913,4.4442899903456e-05,44.442899903456,6884043303310.7,51.39642491681,9.5373012512216e-05,-7.8162819452304e-05,2.3486652606336e-05,0.00011885966511855,-6.6258506727856e-06,-8.478867012509e-05,-0.12090459282139,0.024238756054771,0,0,0.00032010283922792,-1.3861563685694e-05,-1.3861563685694e-05,6.4430425164182e-08,0.00032351743025518,0.013861563685694,0.32351743667103,-31774894.614819,-10342.849226426,15921625.947962,45.282411256985,49.636916921226,43.482411256985,42.79459588551,45.150417850284,0,0,0,39.432080779717,2.0040245292845,0,0.00025360074118383,4.2097368106561e-09,0,0.00025258420863937,0,0.013861563685694,-1.3861563685694e-05,0.0041766659494274,0.0083333333333333,8.3333333333333e-16,10257509.440401,0.55856277293913,1.1753044294624e-07,0.11753044294624,-4.2097368106561e-09,-7.7302351660313e-10,3000000,10257509.440401,17748100.282124,7.8727187247183e-05,75.829239484614,0,-1.3861563685694e-05,0,0,0,0,3000000,-4.2266790197306e-09,-6.9706878347466e-10,-0.03464359910393,0.32351743667103,0.20526999385244,17.739163945699,15921629.307371,62.462004015266,73482411.256985,75.79459588551,28.331993406701,26.094654747379,0,0,-28331993.406701,-26094654.747379,-62462004.015266,-73482411.256985,0.0019610285944388,-0.00035095971275282,148703.30692388,-148703.30692388
512.01316545235,0,-0.0004296869,2.296,31801945.707373,12.1,31801945.707373,17762859.238081,0.55855193738359,4.4446845845243e-05,44.446845845243,6907983348513,51.391956064209,9.5435224128711e-05,-7.818253827648e-05,2.3464247582445e-05,0.00011889947171116,-6.6219144358887e-06,-8.4804452712369e-05,-0.12096877984562,0.024226960158292,0,0,0.00032010294370191,-1.3933000071233e-05,-1.3933000071233e-05,6.4430410618407e-08,0.00032351670953587,0.013933000071233,0.32351671595174,-31801945.707373,-10342.99468418,15914418.754928,45.26673190954,49.599446052921,43.46673190954,42.775930205563,45.115848075085,0,0,0,39.427966797626,2.0040690308926,0,0.00025203696721609,4.1835929513073e-09,0,0.00025101557707844,0,0.013933000071233,-1.3933000071233e-05,0.0041766659494274,0.0083333333333333,8.3333333333333e-16,10221190.238967,0.55855193738359,1.1751060880091e-07,0.11751060880091,-4.1835929513073e-09,-7.7054259325839e-10,3000000,10221190.238967,17762859.238081,7.8707799367834e-05,75.810565273104,0,-1.3933000071233e-05,0,0,0,0,3000000,-4.2006161202682e-09,-6.9423685598069e-10,-0.034635067541558,0.32351671595174,0.20526999385244,17.731426670702,15914422.115953,62.456562275735,73466731.90954,75.775930205563,28.350883834455,26.11095223819,0,0,-28350883.834455,-26110952.23819,-62456562.275735,-73466731.90954,0.0019610285944388,-0.00035097910063217,148666.68626113,-148666.68626113
517.01316545235,0,-0.0004296869,2.296,31828904.3705,12.1,31828904.3705,17777567.5277,0.55854115059259,4.4450764229516e-05,44.450764229516,6931910357877.4,51.387506419731,9.5497053083012e-05,-7.8202141054149e-05,2.3442000843188e-05,0.0001189390539262,-6.6180038347692e-06,-8.4820144888918e-05,-0.12103257451866,0.024215241447846,0,0,0.00032010304739332,-1.4004068657963e-05,-1.4004068657963e-05,6.4430334064594e-08,0.00032351599285402,0.014004068657963,0.32351599926988,-31828904.3705,-10343.760222302,15907251.93635,45.251119351434,49.562126424517,43.451119351434,42.75737263252,45.08146850664,0,0,0,39.42387664268,2.004136379374,0,0.00025048857994228,4.1576122043377e-09,0,0.00024945673226026,0,0.014004068657963,-1.4004068657963e-05,0.0041766659494274,0.0083333333333333,8.3333333333333e-16,10185011.788471,0.55854115059259,1.1749099053954e-07,0.11749099053954,-4.1576122043377e-09,-7.6806486516215e-10,3000000,10185011.788471,17777567.5277,7.8688523778187e-05,75.791999217912,0,-1.4004068657963e-05,0,0,0,0,3000000,-4.1748096657046e-09,-6.9142188678815e-10,-0.034626585391564,0.32351599926988,0.20526999385244,17.723734208048,15907255.299388,62.451174812073,73451119.351434,75.75737263252,28.369650844794,26.127189444273,0,0,-28369650.844794,-26127189.444273,-62451174.812073,-73451119.351434,0.0019610285944388,-0.00035099837622181,148630.27769601,-148630.27769601
522.01316545235,0,-0.0004296869,2.296,31855769.749821,12.1,31855769.749821,17792224.689107,0.5585304127494,4.4454655125453e-05,44.454655125453,6955823091113.9,51.3830760809,9.5558496750046e-05,-7.8221627776951e-05,2.3419912450327e-05,0.00011897840920037,-6.614118897523e-06,-8.4835746674474e-05,-0.12109597451877,0.024203601148452,0,0,0.00032010315048355,-1.4074764025475e-05,-1.4074764025475e-05,6.4430194588715e-08,0.00032351528023164,0.014074764025475,0.32351528664748,-31855769.749821,-10345.154981098,15900125.712556,45.235574951282,49.524959710287,43.435574951282,42.738923424869,45.047279270068,0,0,0,39.419810371851,2.0042229457601,0,0.00024895476560755,4.1317977357294e-09,0,0.00024790786414376,0,0.014074764025475,-1.4074764025475e-05,0.0041766659494274,0.0083333333333333,8.3333333333333e-16,10148974.598342,0.5585304127494,1.1747155808865e-07,0.11747155808865,-4.1317977357294e-09,-7.6559168094782e-10,3000000,10148974.598342,17792224.689107,7.8669360746729e-05,75.773541577642,0,-1.4074764025475e-05,0,0,0,0,3000000,-4.1492460934592e-09,-6.8862194205281e-10,-0.034618152772566,0.32351528664748,0.20526999385244,17.716086664885,15900129.078008,62.445842256287,73435574.951282,75.738923424869,28.388295681214,26.143366117358,0,0,-28388295.681214,-26143366.117358,-62445842.256287,-73435574.951282,0.0019610285944388,-0.00035101753925327,148594.08173566,-148594.08173566
527.01316545235,0,-0.0004296869,2.296,31882539.96607,12.1,31882539.96607,17806829.703405,0.55851972440779,4.4458518466167e-05,44.458518466167,6979719333766.7,51.378665310713,9.5619552100282e-05,-7.824099723737e-05,2.3397983226457e-05,0.00011901753532674,-6.6102596043653e-06,-8.4851256841736e-05,-0.12115897660415,0.024192039616212,0,0,0.00032010325388553,-1.4145081011699e-05,-1.4145081011699e-05,6.4429909287467e-08,0.00032351457178675,0.014145081011699,0.32351457820256,-31882539.96607,-10348.007993576,15893041.263689,45.220100301575,49.487947318019,43.420100301575,42.720582356719,45.013280580425,0,0,0,39.415767935352,2.0043363643839,0,0.00024743942089952,4.1061844363818e-09,0,0.00024637106618291,0,0.014145081011699,-1.4145081011699e-05,0.0041766659494274,0.0083333333333333,8.3333333333333e-16,10113078.36074,0.55851972440779,1.1745233351291e-07,0.11745233351291,-4.1061844363818e-09,-7.6312552501644e-10,3000000,10113078.36074,17806829.703405,7.865031003883e-05,75.7551921263,0,-1.4145081011699e-05,0,0,0,0,3000000,-4.1239903483254e-09,-6.8584643968319e-10,-0.034609769580982,0.32351457820256,0.20526999385244,17.708483947576,15893044.632499,62.44056187922,73420100.301575,75.720582356719,28.406819721149,26.159481543716,0,0,-28406819.721149,-26159481.543716,-62440561.87922,-73420100.301575,0.0019610285944388,-0.00035103658996117,148558.09793688,-148558.09793688
532.01316545235,0,-0.0004296869,2.296,31909214.583628,12.1,31909214.583628,17821382.335656,0.55850908559113,4.4462354402719e-05,44.462354402719,7003598083907.8,51.374274130912,9.5680216063277e-05,-7.8260250976993e-05,2.3376212577464e-05,0.00011905642864074,-6.6064260527067e-06,-8.48666770297e-05,-0.12122157878748,0.024180559653753,0,0,0.00032010335679511,-1.421501491535e-05,-1.421501491535e-05,6.4429536494351e-08,0.00032351386746362,0.01421501491535,0.32351387387937,-31909214.583628,-10351.735924739,15885998.032438,45.20469599799,49.451090803547,43.40469599799,42.702349942326,44.979471868515,0,0,0,39.411749446527,2.004439578069,0,0.00024593445069403,4.080790523455e-09,0,0.0002448474314073,0,0.01421501491535,-1.421501491535e-05,0.0041766659494274,0.0083333333333333,8.3333333333333e-16,10077324.675929,0.55850908559113,1.1743333810261e-07,0.11743333810261,-4.080790523455e-09,-7.6066963410121e-10,3000000,10077324.675929,17821382.335656,7.8631372188643e-05,75.736951378379,0,-1.421501491535e-05,0,0,0,0,3000000,-4.0989075115671e-09,-6.8307799071589e-10,-0.034601436052142,0.32351387387937,0.20526999385244,17.700926269291,15886001.40517,62.435338017491,73404695.99799,75.702349942326,28.425224129474,26.175536310627,0,0,-28425224.129474,-26175536.310627,-62435338.017491,-73404695.99799,0.0019610285944388,-0.00035105552781136,148522.32730862,-148522.32730862
537.01316545235,0,-0.0004296869,2.296,31935793.869786,12.1,31935793.869786,17835882.736273,0.55849849603093,4.446616316256e-05,44.46616316256,7027459091795.1,51.369902454446,9.5740487216826e-05,-7.8279389168115e-05,2.3354600114046e-05,0.00011909508733087,-6.602618294718e-06,-8.4882007462833e-05,-0.12128377989392,0.024169162080889,0,0,0.00032010345901129,-1.4284561544672e-05,-1.4284561544672e-05,6.4429095049454e-08,0.00032351316723929,0.014284561544672,0.32351317365496,-31935793.869786,-10356.150373703,15878995.789073,45.189363225969,49.414391298195,43.389363225969,42.684226428228,44.945853148862,0,0,0,39.407754959712,2.0045322951441,0,0.00024443962788225,4.055612564903e-09,0,0.00024333675389418,0,0.014284561544672,-1.4284561544672e-05,0.0041766659494274,0.0083333333333333,8.3333333333333e-16,10041713.45371,0.55849849603093,1.1741457433667e-07,0.11741457433667,-4.055612564903e-09,-7.5822517155202e-10,3000000,10041713.45371,17835882.736273,7.8612547452243e-05,75.718819580526,0,-1.4284561544672e-05,0,0,0,0,3000000,-4.0739937980374e-09,-6.8031529503277e-10,-0.034593152298555,0.32351317365496,0.20526999385244,17.693413732224,15878999.166171,62.430171632506,73389363.225969,75.684226428228,28.443510077107,26.191530217885,0,0,-28443510.077107,-26191530.217885,-62430171.632506,-73389363.225969,0.0019610285944388,-0.00035107435254776,148486.77033457,-148486.77033457
542.01316545235,0,-0.0004296869,2.296,31962276.143103,12.1,31962276.143103,17850329.987868,0.55848795627098,4.4469944741707e-05,44.469944741707,7051300081175.3,51.365550500386,9.5800339643839e-05,-7.8298343814654e-05,2.3333145756962e-05,0.0001191334854008,-6.5988362266794e-06,-8.4897180041333e-05,-0.12134552511781,0.024157799027977,0,0,0.00032010356149866,-1.4353716955428e-05,-1.4353716955428e-05,6.4428591510226e-08,0.00032351247113294,0.014353716955428,0.32351247754852,-31962276.143103,-10361.185765982,15872034.725573,45.174102833552,49.377850808627,43.374102833552,42.666211482218,44.912423938933,0,0,0,39.40378440169,2.0046208782291,0,0.00024295642641601,4.0306486370642e-09,0,0.00024183891822385,0,0.014353716955428,-1.4353716955428e-05,0.0041766659494274,0.0083333333333333,8.3333333333333e-16,10006246.625126,0.55848795627098,1.1739610243365e-07,0.11739610243365,-4.0306486370642e-09,-7.5578947894688e-10,3000000,10006246.625126,17850329.987868,7.8593835484574e-05,75.700796400386,0,-1.4353716955428e-05,0,0,0,0,3000000,-4.0492737736002e-09,-6.7756140613636e-10,-0.034584918168463,0.32351247754852,0.20526999385244,17.685946198669,15872038.107438,62.425060803335,73374102.833552,75.666211482218,28.461678894619,26.20746297268,0,0,-28461678.894619,-26207462.97268,-62425060.803335,-73374102.833552,0.0019610285944388,-0.00035109306451543,148451.42636295,-148451.42636295
547.01316545235,0,-0.0004296869,2.296,31988658.84449,12.1,31988658.84449,17864722.694875,0.55847746721239,4.4473698984039e-05,44.473698984039,7075118112286.6,51.361218639395,9.585964492081e-05,-7.8317036188252e-05,2.3311849148936e-05,0.00011917149406975,-6.5950797581321e-06,-8.4912115946384e-05,-0.1214066641072,0.024146461273189,0,0,0.00032010366433117,-1.4422477283919e-05,-1.4422477283919e-05,6.4428050896341e-08,0.00032351177917904,0.014422477283919,0.32351178559453,-31988658.84449,-10366.591904838,15865115.186626,45.158915852025,49.341471125463,43.358915852025,42.648305053394,44.879184175551,0,0,0,39.39983776124,2.0047262961919,0,0.00024148849240789,4.0058752538409e-09,0,0.00024035251523046,0,0.014422477283919,-1.4422477283919e-05,0.0041766659494274,0.0083333333333333,8.3333333333333e-16,9970925.4557304,0.55847746721239,1.1737770729536e-07,0.11737770729536,-4.0058752538409e-09,-7.5336018373879e-10,3000000,9970925.4557304,17864722.694875,7.857523623276e-05,75.682881787032,0,-1.4422477283919e-05,0,0,0,0,3000000,-4.0248082067982e-09,-6.748251697544e-10,-0.03457673363846,0.32351178559453,0.20526999385244,17.678523647526,15865118.573497,62.420005043773,73358915.852025,75.648305053394,28.479731676474,26.223333105833,0,0,-28479731.676474,-26223333.105833,-62420005.043773,-73358915.852025,0.0019610285944388,-0.00035111166376724,148416.29529391,-148416.29529391
552.01316545235,0,-0.0004296869,2.296,32014941.158356,12.1,32014941.158356,17879060.414063,0.55846702905912,4.4477425959828e-05,44.477425959828,7098911927755,51.356906961965,9.5918520779949e-05,-7.8335595166811e-05,2.329071046422e-05,0.00011920923124417,-6.5913490063441e-06,-8.4926944173155e-05,-0.12146736131797,0.024135207337034,0,0,0.00032010376722887,-1.4490838968537e-05,-1.4490838968537e-05,6.4427503164156e-08,0.00032351109138205,0.014490838968537,0.32351109779744,-32014941.158356,-10372.069226682,15858237.216664,45.143803395274,49.30525398874,43.343803395274,42.63050738006,44.846133960495,0,0,0,39.395915090887,2.0048480064723,0,0.00024003374292558,3.9812612020176e-09,0,0.00023887567212105,0,0.014490838968537,-1.4490838968537e-05,0.0041766659494274,0.0083333333333333,8.3333333333333e-16,9935750.9891105,0.55846702905912,1.1735939287977e-07,0.11735939287977,-3.9812612020176e-09,-7.5093280697438e-10,3000000,9935750.9891105,17879060.414063,7.8556749944329e-05,75.665075978878,0,-1.4490838968537e-05,0,0,0,0,3000000,-4.000562382093e-09,-6.7210360195938e-10,-0.034568598817586,0.32351109779744,0.20526999385244,17.671146177577,15858240.608586,62.415004584027,73343803.395274,75.63050738006,28.497669434779,26.239140228198,0,0,-28497669.434779,-26239140.228198,-62415004.584027,-73343803.395274,0.0019610285944388,-0.00035113015005567,148381.37759497,-148381.37759497
557.01316545235,0,-0.0004296869,2.296,32041123.153517,12.1,32041123.153517,17893343.187273,0.55845664161594,4.4481125880532e-05,44.481125880532,7122680993005.2,51.352615409026,9.5976979468271e-05,-7.8354031924256e-05,2.3269729220217e-05,0.00011924670868849,-6.5876440094246e-06,-8.494167593368e-05,-0.12152763280944,0.024124041335875,0,0,0.00032010386983729,-1.4558798872829e-05,-1.4558798872829e-05,6.4426942715626e-08,0.00032351040772222,0.014558798872829,0.32351041413752,-32041123.153517,-10377.673711984,15851400.618425,45.128766233766,49.269200703187,43.328766233766,42.612818539055,44.813272884356,0,0,0,39.392016407564,2.0049707477194,0,0.00023859003437517,3.9568321584915e-09,0,0.00023740992950949,0,0.014558798872829,-1.4558798872829e-05,0.0041766659494274,0.0083333333333333,8.3333333333333e-16,9900724.1157003,0.55845664161594,1.1734132764093e-07,0.11734132764093,-3.9568321584915e-09,-7.4850930075257e-10,3000000,9900724.1157003,17893343.187273,7.853837669909e-05,75.647379052796,0,-1.4558798872829e-05,0,0,0,0,3000000,-3.9765005729195e-09,-6.69391681398e-10,-0.034560513740971,0.32351041413752,0.20526999385244,17.663813820673,15851404.015478,62.410061342164,73328766.233766,75.612818539055,28.515493349411,26.254885338105,0,0,-28515493.349411,-26254885.338105,-62410061.342164,-73328766.233766,0.0019610285944388,-0.00035114852330091,148346.67341689,-148346.67341689
562.01316545235,0,-0.0004296869,2.296,32067207.332372,12.1,32067207.332372,17907572.387029,0.55844630369793,4.4484799269094e-05,44.484799269094,7146427154512.4,51.348343531943,9.6035042500616e-05,-7.837233464178e-05,2.3248904762718e-05,0.00011928394726333,-6.5839647687664e-06,-8.4956299410546e-05,-0.12158749202948,0.02411294273372,0,0,0.0003201039721855,-1.4626354571471e-05,-1.4626354571471e-05,6.4426346407509e-08,0.00032350972816599,0.014626354571471,0.32350973458118,-32067207.332372,-10383.636793155,15844605.056109,45.113804756089,49.233310956366,43.313804756089,42.59523843487,44.780600115107,0,0,0,39.388141690223,2.005066233651,0,0.00023715445359593,3.9326505002968e-09,0,0.0002359590300178,0,0.014626354571471,-1.4626354571471e-05,0.0041766659494274,0.0083333333333333,8.3333333333333e-16,9865843.6671291,0.55844630369793,1.1732366230367e-07,0.11732366230367,-3.9326505002968e-09,-7.461025099042e-10,3000000,9865843.6671291,17907572.387029,7.852011639784e-05,75.629790913235,0,-1.4626354571471e-05,0,0,0,0,3000000,-3.9525742265989e-09,-6.6668331850126e-10,-0.034552478364901,0.32350973458118,0.20526999385244,17.656526537224,15844608.458526,62.405176604979,73313804.756089,75.59523843487,28.533204640982,26.270569494423,0,0,-28533204.640982,-26270569.494423,-62405176.604979,-73313804.756089,0.0019610285944388,-0.00035116678360216,148312.18257229,-148312.18257229
567.01316545235,0,-0.0004296869,2.296,32093192.949457,12.1,32093192.949457,17921747.608403,0.5584360154746,4.4488446213529e-05,44.488446213529,7170149146548.9,51.344091406647,9.6092701488404e-05,-7.839051742421e-05,2.3228236403497e-05,0.0001193209378919,-6.5803112763891e-06,-8.4970828700599e-05,-0.12164693819324,0.024101927922593,0,0,0.00032010407388148,-1.4693503872676e-05,-1.4693503872676e-05,6.4425708937219e-08,0.00032350905269872,0.014693503872676,0.3235090591138,-32093192.949457,-10390.011496058,15837850.383361,45.098919965112,49.197585295175,43.298919965112,42.577767202227,44.748115732174,0,0,0,39.384290968556,2.0051505956194,0,0.00023572974446904,3.9086969570592e-09,0,0.00023452181742355,0,0.014693503872676,-1.4693503872676e-05,0.0041766659494274,0.0083333333333333,8.3333333333333e-16,9831108.8834372,0.5584360154746,1.1730618240605e-07,0.11730618240605,-3.9086969570592e-09,-7.43709794991e-10,3000000,9831108.8834372,17921747.608403,7.8501969180512e-05,75.612311694978,0,-1.4693503872676e-05,0,0,0,0,3000000,-3.928829074484e-09,-6.6398360834303e-10,-0.03454449275101,0.3235090591138,0.20526999385244,17.649284383074,15837853.791409,62.400351117641,73298919.965112,75.577767202227,28.550804232938,26.28619135635,0,0,-28550804.232938,-26286191.35635,-62400351.117641,-73298919.965112,0.0019610285944388,-0.00035118493081949,148277.90532547,-148277.90532547
572.01316545235,0,-0.0004296869,2.296,32119078.639396,12.1,32119078.639396,17935868.106222,0.55842577738251,4.4492066726596e-05,44.492066726596,7193845056431.2,51.339859206661,9.6149965290783e-05,-7.8408573650313e-05,2.3207723644809e-05,0.00011935768893559,-6.5766834373052e-06,-8.4985257087619e-05,-0.12170597601439,0.024090986897173,0,0,0.00032010417560527,-1.4760244728921e-05,-1.4760244728921e-05,6.4425033132524e-08,0.00032350838132934,0.014760244728921,0.3235083877443,-32119078.639396,-10396.769543008,15831136.689594,45.084112502265,49.162024735551,43.284112502265,42.560404542618,44.715819334862,0,0,0,39.380464176771,2.0052312456414,0,0.00023431459803071,3.8849203279789e-09,0,0.00023309521967874,0,0.014760244728921,-1.4760244728921e-05,0.0041766659494274,0.0083333333333333,8.3333333333333e-16,9796520.3888097,0.55842577738251,1.1728884492769e-07,0.11728884492769,-3.8849203279789e-09,-7.4132184361187e-10,3000000,9796520.3888097,17935868.106222,7.8483934737052e-05,75.594941099381,0,-1.4760244728921e-05,0,0,0,0,3000000,-3.9052433005118e-09,-6.6129160730222e-10,-0.03453655676276,0.3235083877443,0.20526999385244,17.642087234486,15831140.103525,62.395582490664,73284112.502265,75.560404542618,28.568293167403,26.30175021554,0,0,-28568293.167403,-26301750.21554,-62395582.490664,-73284112.502265,0.0019610285944388,-0.00035120296526295,148243.84109081,-148243.84109081
577.01316545235,0,-0.0004296869,2.296,32144861.161106,12.1,32144861.161106,17949932.109246,0.55841559062713,4.4495660579746e-05,44.495660579746,7217511119573.8,51.335647405554,9.620682784075e-05,-7.8426505867097e-05,2.3187369194477e-05,0.00011939419703523,-6.5730808833048e-06,-8.4999586750401e-05,-0.12176460133185,0.024080124754619,0,0,0.00032010427759738,-1.4826574986987e-05,-1.4826574986987e-05,6.4424291448365e-08,0.00032350771414814,0.014826574986987,0.32350772056297,-32144861.161106,-10404.186384592,15824464.877642,45.069382743086,49.126630813575,43.269382743086,42.543150104212,44.683710179077,0,0,0,39.376661237323,2.0053093212602,0,0.0002329102188373,3.8613359077936e-09,0,0.00023168015446762,0,0.014826574986987,-1.4826574986987e-05,0.0041766659494274,0.0083333333333333,8.3333333333333e-16,9762080.1174817,0.55841559062713,1.1727158355582e-07,0.11727158355582,-3.8613359077936e-09,-7.3894007154146e-10,3000000,9762080.1174817,17949932.109246,7.8466012702013e-05,75.577678774452,0,-1.4826574986987e-05,0,0,0,0,3000000,-3.8818369806216e-09,-6.5860854873524e-10,-0.034528670239396,0.32350772056297,0.20526999385244,17.63493494562,15824468.297887,62.39087226266,73269382.743086,75.543150104212,28.585672564009,26.317246251477,0,0,-28585672.564009,-26317246.251477,-62390872.26266,-73269382.743086,0.0019610285944388,-0.00035122088729799,148209.98917801,-148209.98917801
582.01316545235,0,-0.0004296869,2.296,32170539.446896,12.1,32170539.446896,17963939.037108,0.55840545550318,4.4499227809326e-05,44.499227809326,7241145781773.1,51.331456133129,9.6263283891426e-05,-7.8444318258239e-05,2.3167173675904e-05,0.00011943045756733,-6.5695034019019e-06,-8.5013821660141e-05,-0.121822811477,0.024069347652162,0,0,0.00032010438003769,-1.4892492659194e-05,-1.4892492659194e-05,6.4423484200667e-08,0.00032350705119154,0.014892492659194,0.32350705760621,-32170539.446896,-10412.258861574,15817835.311546,45.054731147373,49.091404567339,43.254731147373,42.526003590714,44.651787680163,0,0,0,39.372882084908,2.0053920059554,0,0.00023151632335856,3.8379113484619e-09,0,0.00023027468090771,0,0.014892492659194,-1.4892492659194e-05,0.0041766659494274,0.0083333333333333,8.3333333333333e-16,9727789.0332766,0.55840545550318,1.1725438914795e-07,0.11725438914795,-3.8379113484619e-09,-7.3656116636724e-10,3000000,9727789.0332766,17963939.037108,7.8448202767636e-05,75.560524423759,0,-1.4892492659194e-05,0,0,0,0,3000000,-3.8586053893093e-09,-6.5593418101803e-10,-0.034520833045633,0.32350705760621,0.20526999385244,17.627827393656,15817838.738535,62.386220673345,73254731.147373,75.526003590714,28.60294346721,26.332679631455,0,0,-28602943.46721,-26332679.631455,-62386220.673345,-73254731.147373,0.0019610285944388,-0.00035123869723236,148176.34900579,-148176.34900579
587.01316545235,0,-0.0004296869,2.296,32196113.791279,12.1,32196113.791279,17977889.055107,0.55839537173397,4.4502768634618e-05,44.502768634618,7264748777354.3,51.327285298666,9.6319336475855e-05,-7.8462014082195e-05,2.3147133698792e-05,0.00011946647017465,-6.5659511384882e-06,-8.5027965220683e-05,-0.12188061065762,0.024058657042918,0,0,0.00032010448274696,-1.4957996096405e-05,-1.4957996096405e-05,6.442264625702e-08,0.00032350639238282,0.014957996096405,0.32350639879734,-32196113.791279,-10420.638298044,15811247.224412,45.040158475926,49.056347438569,43.240158475926,42.50896503133,44.620051761217,0,0,0,39.369126725962,2.0054926974457,0,0.00023013261883413,3.8145912516115e-09,0,0.00022887547509669,0,0.014957996096405,-1.4957996096405e-05,0.0041766659494274,0.0083333333333333,8.3333333333333e-16,9693648.2710718,0.55839537173397,1.172372746028e-07,0.1172372746028,-3.8145912516115e-09,-7.3417834146772e-10,3000000,9693648.2710718,17977889.055107,7.8430504964259e-05,75.543478076524,0,-1.4957996096405e-05,0,0,0,0,3000000,-3.8355436472355e-09,-6.5326822772883e-10,-0.034513045194586,0.32350639879734,0.20526999385244,17.6207645907,15811250.65835,62.381626573095,73240158.475926,75.50896503133,28.620106714709,26.348049751266,0,0,-28620106.714709,-26348049.751266,-62381626.573095,-73240158.475926,0.0019610285944388,-0.00035125639503574,148142.92063143,-148142.92063143
592.01316545235,0,-0.0004296869,2.296,32221583.723126,12.1,32221583.723126,17991781.909053,0.55838533936263,4.4506283181294e-05,44.506283181294,7288319049826.9,51.323134932287,9.6374987235505e-05,-7.8479597101639e-05,2.3127247424996e-05,0.0001195022346605,-6.5624241556168e-06,-8.5042021257255e-05,-0.12193800208951,0.024048055478507,0,0,0.00032010458496615,-1.5023083874104e-05,-1.5023083874104e-05,6.4421787771513e-08,0.00032350573765906,0.015023083874104,0.32350574407343,-32221583.723126,-10429.223153117,15804699.986819,45.025665531081,49.021460689809,43.225665531081,42.492034550173,44.58850236072,0,0,0,39.365395187841,2.0056044782814,0,0.00022875940176039,3.7914078331498e-09,0,0.00022748446998899,0,0.015023083874104,-1.5023083874104e-05,0.0041766659494274,0.0083333333333333,8.3333333333333e-16,9659658.5978804,0.55838533936263,1.1722024523592e-07,0.11722024523592,-3.7914078331498e-09,-7.3179386523232e-10,3000000,9659658.5978804,17991781.909053,7.8412919420796e-05,75.526539856916,0,-1.5023083874104e-05,0,0,0,0,3000000,-3.8126566960065e-09,-6.5061112165786e-10,-0.034505306743171,0.32350574407343,0.20526999385244,17.6137465882,15804703.427842,62.377090425126,73225665.531081,75.492034550173,28.637163170361,26.363356088147,0,0,-28637163.170361,-26363356.088147,-62377090.425126,-73225665.531081,0.0019610285944388,-0.0003512739805792,148109.70429844,-148109.70429844
597.01316545235,0,-0.0004296869,2.296,32246950.11377,12.1,32246950.11377,18005618.079171,0.55837535788456,4.4509771741486e-05,44.509771741486,7311856885690.8,51.319004850784,9.6430238283474e-05,-7.8497067899806e-05,2.3107513720912e-05,0.00011953775200439,-6.5589224171077e-06,-8.5055990316914e-05,-0.12199498791224,0.024037542481859,0,0,0.00032010468657146,-1.5087754945377e-05,-1.5087754945377e-05,6.4420910677697e-08,0.00032350508699772,0.015087754945377,0.32350509341192,-32246950.11377,-10437.994091279,15798193.3734,45.011252809864,48.986744485634,43.211252809864,42.475211962731,44.557138997767,0,0,0,39.361687429878,2.005722911198,0,0.00022739652021644,3.76837592284e-09,0,0.0002261025553704,0,0.015087754945377,-1.5087754945377e-05,0.0041766659494274,0.0083333333333333,8.3333333333333e-16,9625819.4596171,0.55837535788456,1.1720338375391e-07,0.11720338375391,-3.76837592284e-09,-7.2941101341059e-10,3000000,9625819.4596171,18005618.079171,7.8395445945595e-05,75.509709580338,0,-1.5087754945377e-05,0,0,0,0,3000000,-3.7899420036073e-09,-6.4796323926614e-10,-0.034497617606888,0.32350509341192,0.20526999385244,17.606773309672,15798196.821633,62.372612570112,73211252.809864,75.475211962731,28.654113812097,26.378598976798,0,0,-28654113.812097,-26378598.976798,-62372612.570112,-73211252.809864,0.0019610285944388,-0.00035129145405441,148076.69964481,-148076.69964481
600,0,-0.0004296869,2.296,32263384.157064,12.1,32263384.157064,18014582.167539,0.55836889626765,4.4512021635679e-05,44.512021635679,7327163246890.5,51.31633212719,9.6483058234743e-05,-7.8510650195718e-05,2.308895317654e-05,0.00011957201141128,-6.5559107708898e-06,-8.5066560966608e-05,-0.12204800166275,0.024024737472271,0,0,0.00032010479422692,-1.5150795646595e-05,-1.5150795646595e-05,6.4420710315157e-08,0.00032350455594816,0.015150795646595,0.32350456236233,-32263384.157064,-10439.997716674,15792882.877807,44.99920303222,48.960113613872,43.19920303222,42.461198910647,44.534455829253,0,0,0,39.358598903477,2.0053581017398,0,0.00022706041871238,3.7641714980204e-09,0,0.00022585028988123,0,0.015150795646595,-1.5150795646595e-05,0.0041766659494274,0.0083333333333333,8.3333333333333e-16,9601517.6360865,0.55836889626765,1.1718674484541e-07,0.11718674484541,-3.7641714980204e-09,-7.3024527910647e-10,3000000,9601517.6360865,18014582.167539,7.8380890710325e-05,75.495690123278,0,-1.5150795646595e-05,0,0,0,0,3000000,-3.784340311873e-09,-6.4790917721932e-10,-0.034491212630925,0.32350456236233,0.20526999385244,17.60096463633,15792886.328524,62.364909370815,73199203.03222,75.461198910647,28.664747202967,26.388165980064,0,0,-28664747.202967,-26388165.980064,-62364909.370815,-73199203.03222,0.0019610285944388,-0.00035130600928967,148049.20708864,-148049.20708864
